# Original Crosshair weapon, centimeters, X forward / Z up
mtllib Crosshair.mtl
usemtl Paint
v -4.120000 0.752000 0.000000
v -4.120000 0.745567 0.147234
v -4.120000 0.726376 0.291948
v -4.120000 0.694757 0.431667
v -4.120000 0.651251 0.564000
v -4.120000 0.596602 0.686683
v -4.120000 0.531744 0.797616
v -4.120000 0.457789 0.894903
v -4.120000 0.376000 0.976877
v -4.120000 0.287778 1.042136
v -4.120000 0.194632 1.089564
v -4.120000 0.098156 1.118350
v -4.120000 0.000000 1.128000
v -4.120000 -0.098156 1.118350
v -4.120000 -0.194632 1.089564
v -4.120000 -0.287778 1.042136
v -4.120000 -0.376000 0.976877
v -4.120000 -0.457789 0.894903
v -4.120000 -0.531744 0.797616
v -4.120000 -0.596602 0.686683
v -4.120000 -0.651251 0.564000
v -4.120000 -0.694757 0.431667
v -4.120000 -0.726376 0.291948
v -4.120000 -0.745567 0.147234
v -4.120000 -0.752000 0.000000
v -4.120000 -0.745567 -0.147234
v -4.120000 -0.726376 -0.291948
v -4.120000 -0.694757 -0.431667
v -4.120000 -0.651251 -0.564000
v -4.120000 -0.596602 -0.686683
v -4.120000 -0.531744 -0.797616
v -4.120000 -0.457789 -0.894903
v -4.120000 -0.376000 -0.976877
v -4.120000 -0.287778 -1.042136
v -4.120000 -0.194632 -1.089564
v -4.120000 -0.098156 -1.118350
v -4.120000 -0.000000 -1.128000
v -4.120000 0.098156 -1.118350
v -4.120000 0.194632 -1.089564
v -4.120000 0.287778 -1.042136
v -4.120000 0.376000 -0.976877
v -4.120000 0.457789 -0.894903
v -4.120000 0.531744 -0.797616
v -4.120000 0.596602 -0.686683
v -4.120000 0.651251 -0.564000
v -4.120000 0.694757 -0.431667
v -4.120000 0.726376 -0.291948
v -4.120000 0.745567 -0.147234
v -4.000000 0.800000 0.000000
v -4.000000 0.793156 0.156631
v -4.000000 0.772741 0.310583
v -4.000000 0.739104 0.459220
v -4.000000 0.692820 0.600000
v -4.000000 0.634683 0.730514
v -4.000000 0.565685 0.848528
v -4.000000 0.487009 0.952024
v -4.000000 0.400000 1.039230
v -4.000000 0.306147 1.108655
v -4.000000 0.207055 1.159111
v -4.000000 0.104421 1.189734
v -4.000000 0.000000 1.200000
v -4.000000 -0.104421 1.189734
v -4.000000 -0.207055 1.159111
v -4.000000 -0.306147 1.108655
v -4.000000 -0.400000 1.039230
v -4.000000 -0.487009 0.952024
v -4.000000 -0.565685 0.848528
v -4.000000 -0.634683 0.730514
v -4.000000 -0.692820 0.600000
v -4.000000 -0.739104 0.459220
v -4.000000 -0.772741 0.310583
v -4.000000 -0.793156 0.156631
v -4.000000 -0.800000 0.000000
v -4.000000 -0.793156 -0.156631
v -4.000000 -0.772741 -0.310583
v -4.000000 -0.739104 -0.459220
v -4.000000 -0.692820 -0.600000
v -4.000000 -0.634683 -0.730514
v -4.000000 -0.565685 -0.848528
v -4.000000 -0.487009 -0.952024
v -4.000000 -0.400000 -1.039230
v -4.000000 -0.306147 -1.108655
v -4.000000 -0.207055 -1.159111
v -4.000000 -0.104421 -1.189734
v -4.000000 -0.000000 -1.200000
v -4.000000 0.104421 -1.189734
v -4.000000 0.207055 -1.159111
v -4.000000 0.306147 -1.108655
v -4.000000 0.400000 -1.039230
v -4.000000 0.487009 -0.952024
v -4.000000 0.565685 -0.848528
v -4.000000 0.634683 -0.730514
v -4.000000 0.692820 -0.600000
v -4.000000 0.739104 -0.459220
v -4.000000 0.772741 -0.310583
v -4.000000 0.793156 -0.156631
v -3.000000 2.800000 0.000000
v -3.000000 2.776046 0.496000
v -3.000000 2.704592 0.983512
v -3.000000 2.586863 1.454197
v -3.000000 2.424871 1.900000
v -3.000000 2.221389 2.313293
v -3.000000 1.979899 2.687006
v -3.000000 1.704532 3.014743
v -3.000000 1.400000 3.290897
v -3.000000 1.071514 3.510742
v -3.000000 0.724693 3.670518
v -3.000000 0.365473 3.767490
v -3.000000 0.000000 3.800000
v -3.000000 -0.365473 3.767490
v -3.000000 -0.724693 3.670518
v -3.000000 -1.071514 3.510742
v -3.000000 -1.400000 3.290897
v -3.000000 -1.704532 3.014743
v -3.000000 -1.979899 2.687006
v -3.000000 -2.221389 2.313293
v -3.000000 -2.424871 1.900000
v -3.000000 -2.586863 1.454197
v -3.000000 -2.704592 0.983512
v -3.000000 -2.776046 0.496000
v -3.000000 -2.800000 0.000000
v -3.000000 -2.776046 -0.496000
v -3.000000 -2.704592 -0.983512
v -3.000000 -2.586863 -1.454197
v -3.000000 -2.424871 -1.900000
v -3.000000 -2.221389 -2.313293
v -3.000000 -1.979899 -2.687006
v -3.000000 -1.704532 -3.014743
v -3.000000 -1.400000 -3.290897
v -3.000000 -1.071514 -3.510742
v -3.000000 -0.724693 -3.670518
v -3.000000 -0.365473 -3.767490
v -3.000000 -0.000000 -3.800000
v -3.000000 0.365473 -3.767490
v -3.000000 0.724693 -3.670518
v -3.000000 1.071514 -3.510742
v -3.000000 1.400000 -3.290897
v -3.000000 1.704532 -3.014743
v -3.000000 1.979899 -2.687006
v -3.000000 2.221389 -2.313293
v -3.000000 2.424871 -1.900000
v -3.000000 2.586863 -1.454197
v -3.000000 2.704592 -0.983512
v -3.000000 2.776046 -0.496000
v -1.000000 4.000000 0.000000
v -1.000000 3.965779 0.652631
v -1.000000 3.863703 1.294095
v -1.000000 3.695518 1.913417
v -1.000000 3.464102 2.500000
v -1.000000 3.173413 3.043807
v -1.000000 2.828427 3.535534
v -1.000000 2.435046 3.966767
v -1.000000 2.000000 4.330127
v -1.000000 1.530734 4.619398
v -1.000000 1.035276 4.829629
v -1.000000 0.522105 4.957224
v -1.000000 0.000000 5.000000
v -1.000000 -0.522105 4.957224
v -1.000000 -1.035276 4.829629
v -1.000000 -1.530734 4.619398
v -1.000000 -2.000000 4.330127
v -1.000000 -2.435046 3.966767
v -1.000000 -2.828427 3.535534
v -1.000000 -3.173413 3.043807
v -1.000000 -3.464102 2.500000
v -1.000000 -3.695518 1.913417
v -1.000000 -3.863703 1.294095
v -1.000000 -3.965779 0.652631
v -1.000000 -4.000000 0.000000
v -1.000000 -3.965779 -0.652631
v -1.000000 -3.863703 -1.294095
v -1.000000 -3.695518 -1.913417
v -1.000000 -3.464102 -2.500000
v -1.000000 -3.173413 -3.043807
v -1.000000 -2.828427 -3.535534
v -1.000000 -2.435046 -3.966767
v -1.000000 -2.000000 -4.330127
v -1.000000 -1.530734 -4.619398
v -1.000000 -1.035276 -4.829629
v -1.000000 -0.522105 -4.957224
v -1.000000 -0.000000 -5.000000
v -1.000000 0.522105 -4.957224
v -1.000000 1.035276 -4.829629
v -1.000000 1.530734 -4.619398
v -1.000000 2.000000 -4.330127
v -1.000000 2.435046 -3.966767
v -1.000000 2.828427 -3.535534
v -1.000000 3.173413 -3.043807
v -1.000000 3.464102 -2.500000
v -1.000000 3.695518 -1.913417
v -1.000000 3.863703 -1.294095
v -1.000000 3.965779 -0.652631
v 1.000000 4.000000 0.000000
v 1.000000 3.965779 0.652631
v 1.000000 3.863703 1.294095
v 1.000000 3.695518 1.913417
v 1.000000 3.464102 2.500000
v 1.000000 3.173413 3.043807
v 1.000000 2.828427 3.535534
v 1.000000 2.435046 3.966767
v 1.000000 2.000000 4.330127
v 1.000000 1.530734 4.619398
v 1.000000 1.035276 4.829629
v 1.000000 0.522105 4.957224
v 1.000000 0.000000 5.000000
v 1.000000 -0.522105 4.957224
v 1.000000 -1.035276 4.829629
v 1.000000 -1.530734 4.619398
v 1.000000 -2.000000 4.330127
v 1.000000 -2.435046 3.966767
v 1.000000 -2.828427 3.535534
v 1.000000 -3.173413 3.043807
v 1.000000 -3.464102 2.500000
v 1.000000 -3.695518 1.913417
v 1.000000 -3.863703 1.294095
v 1.000000 -3.965779 0.652631
v 1.000000 -4.000000 0.000000
v 1.000000 -3.965779 -0.652631
v 1.000000 -3.863703 -1.294095
v 1.000000 -3.695518 -1.913417
v 1.000000 -3.464102 -2.500000
v 1.000000 -3.173413 -3.043807
v 1.000000 -2.828427 -3.535534
v 1.000000 -2.435046 -3.966767
v 1.000000 -2.000000 -4.330127
v 1.000000 -1.530734 -4.619398
v 1.000000 -1.035276 -4.829629
v 1.000000 -0.522105 -4.957224
v 1.000000 -0.000000 -5.000000
v 1.000000 0.522105 -4.957224
v 1.000000 1.035276 -4.829629
v 1.000000 1.530734 -4.619398
v 1.000000 2.000000 -4.330127
v 1.000000 2.435046 -3.966767
v 1.000000 2.828427 -3.535534
v 1.000000 3.173413 -3.043807
v 1.000000 3.464102 -2.500000
v 1.000000 3.695518 -1.913417
v 1.000000 3.863703 -1.294095
v 1.000000 3.965779 -0.652631
v 3.000000 2.800000 0.000000
v 3.000000 2.776046 0.496000
v 3.000000 2.704592 0.983512
v 3.000000 2.586863 1.454197
v 3.000000 2.424871 1.900000
v 3.000000 2.221389 2.313293
v 3.000000 1.979899 2.687006
v 3.000000 1.704532 3.014743
v 3.000000 1.400000 3.290897
v 3.000000 1.071514 3.510742
v 3.000000 0.724693 3.670518
v 3.000000 0.365473 3.767490
v 3.000000 0.000000 3.800000
v 3.000000 -0.365473 3.767490
v 3.000000 -0.724693 3.670518
v 3.000000 -1.071514 3.510742
v 3.000000 -1.400000 3.290897
v 3.000000 -1.704532 3.014743
v 3.000000 -1.979899 2.687006
v 3.000000 -2.221389 2.313293
v 3.000000 -2.424871 1.900000
v 3.000000 -2.586863 1.454197
v 3.000000 -2.704592 0.983512
v 3.000000 -2.776046 0.496000
v 3.000000 -2.800000 0.000000
v 3.000000 -2.776046 -0.496000
v 3.000000 -2.704592 -0.983512
v 3.000000 -2.586863 -1.454197
v 3.000000 -2.424871 -1.900000
v 3.000000 -2.221389 -2.313293
v 3.000000 -1.979899 -2.687006
v 3.000000 -1.704532 -3.014743
v 3.000000 -1.400000 -3.290897
v 3.000000 -1.071514 -3.510742
v 3.000000 -0.724693 -3.670518
v 3.000000 -0.365473 -3.767490
v 3.000000 -0.000000 -3.800000
v 3.000000 0.365473 -3.767490
v 3.000000 0.724693 -3.670518
v 3.000000 1.071514 -3.510742
v 3.000000 1.400000 -3.290897
v 3.000000 1.704532 -3.014743
v 3.000000 1.979899 -2.687006
v 3.000000 2.221389 -2.313293
v 3.000000 2.424871 -1.900000
v 3.000000 2.586863 -1.454197
v 3.000000 2.704592 -0.983512
v 3.000000 2.776046 -0.496000
v 4.000000 0.800000 0.000000
v 4.000000 0.793156 0.156631
v 4.000000 0.772741 0.310583
v 4.000000 0.739104 0.459220
v 4.000000 0.692820 0.600000
v 4.000000 0.634683 0.730514
v 4.000000 0.565685 0.848528
v 4.000000 0.487009 0.952024
v 4.000000 0.400000 1.039230
v 4.000000 0.306147 1.108655
v 4.000000 0.207055 1.159111
v 4.000000 0.104421 1.189734
v 4.000000 0.000000 1.200000
v 4.000000 -0.104421 1.189734
v 4.000000 -0.207055 1.159111
v 4.000000 -0.306147 1.108655
v 4.000000 -0.400000 1.039230
v 4.000000 -0.487009 0.952024
v 4.000000 -0.565685 0.848528
v 4.000000 -0.634683 0.730514
v 4.000000 -0.692820 0.600000
v 4.000000 -0.739104 0.459220
v 4.000000 -0.772741 0.310583
v 4.000000 -0.793156 0.156631
v 4.000000 -0.800000 0.000000
v 4.000000 -0.793156 -0.156631
v 4.000000 -0.772741 -0.310583
v 4.000000 -0.739104 -0.459220
v 4.000000 -0.692820 -0.600000
v 4.000000 -0.634683 -0.730514
v 4.000000 -0.565685 -0.848528
v 4.000000 -0.487009 -0.952024
v 4.000000 -0.400000 -1.039230
v 4.000000 -0.306147 -1.108655
v 4.000000 -0.207055 -1.159111
v 4.000000 -0.104421 -1.189734
v 4.000000 -0.000000 -1.200000
v 4.000000 0.104421 -1.189734
v 4.000000 0.207055 -1.159111
v 4.000000 0.306147 -1.108655
v 4.000000 0.400000 -1.039230
v 4.000000 0.487009 -0.952024
v 4.000000 0.565685 -0.848528
v 4.000000 0.634683 -0.730514
v 4.000000 0.692820 -0.600000
v 4.000000 0.739104 -0.459220
v 4.000000 0.772741 -0.310583
v 4.000000 0.793156 -0.156631
v 4.120000 0.752000 0.000000
v 4.120000 0.745567 0.147234
v 4.120000 0.726376 0.291948
v 4.120000 0.694757 0.431667
v 4.120000 0.651251 0.564000
v 4.120000 0.596602 0.686683
v 4.120000 0.531744 0.797616
v 4.120000 0.457789 0.894903
v 4.120000 0.376000 0.976877
v 4.120000 0.287778 1.042136
v 4.120000 0.194632 1.089564
v 4.120000 0.098156 1.118350
v 4.120000 0.000000 1.128000
v 4.120000 -0.098156 1.118350
v 4.120000 -0.194632 1.089564
v 4.120000 -0.287778 1.042136
v 4.120000 -0.376000 0.976877
v 4.120000 -0.457789 0.894903
v 4.120000 -0.531744 0.797616
v 4.120000 -0.596602 0.686683
v 4.120000 -0.651251 0.564000
v 4.120000 -0.694757 0.431667
v 4.120000 -0.726376 0.291948
v 4.120000 -0.745567 0.147234
v 4.120000 -0.752000 0.000000
v 4.120000 -0.745567 -0.147234
v 4.120000 -0.726376 -0.291948
v 4.120000 -0.694757 -0.431667
v 4.120000 -0.651251 -0.564000
v 4.120000 -0.596602 -0.686683
v 4.120000 -0.531744 -0.797616
v 4.120000 -0.457789 -0.894903
v 4.120000 -0.376000 -0.976877
v 4.120000 -0.287778 -1.042136
v 4.120000 -0.194632 -1.089564
v 4.120000 -0.098156 -1.118350
v 4.120000 -0.000000 -1.128000
v 4.120000 0.098156 -1.118350
v 4.120000 0.194632 -1.089564
v 4.120000 0.287778 -1.042136
v 4.120000 0.376000 -0.976877
v 4.120000 0.457789 -0.894903
v 4.120000 0.531744 -0.797616
v 4.120000 0.596602 -0.686683
v 4.120000 0.651251 -0.564000
v 4.120000 0.694757 -0.431667
v 4.120000 0.726376 -0.291948
v 4.120000 0.745567 -0.147234
vt 0.062131 -0.012269
vn -1.000000 0.000000 0.000000
vt 0.060531 -0.024329
vn -1.000000 0.000000 0.000000
vt 0.057896 -0.035972
vn -1.000000 0.000000 0.000000
vt 0.054271 -0.047000
vn -1.000000 0.000000 0.000000
vt 0.049717 -0.057224
vn -1.000000 0.000000 0.000000
vt 0.044312 -0.066468
vn -1.000000 0.000000 0.000000
vt 0.038149 -0.074575
vn -1.000000 0.000000 0.000000
vt 0.031333 -0.081406
vn -1.000000 0.000000 0.000000
vt 0.023981 -0.086845
vn -1.000000 0.000000 0.000000
vt 0.016219 -0.090797
vn -1.000000 0.000000 0.000000
vt 0.008180 -0.093196
vn -1.000000 0.000000 0.000000
vt -0.000000 -0.094000
vn -1.000000 0.000000 0.000000
vt -0.008180 -0.093196
vn -1.000000 0.000000 0.000000
vt -0.016219 -0.090797
vn -1.000000 0.000000 0.000000
vt -0.023981 -0.086845
vn -1.000000 0.000000 0.000000
vt -0.031333 -0.081406
vn -1.000000 0.000000 0.000000
vt -0.038149 -0.074575
vn -1.000000 0.000000 0.000000
vt -0.044312 -0.066468
vn -1.000000 0.000000 0.000000
vt -0.049717 -0.057224
vn -1.000000 0.000000 0.000000
vt -0.054271 -0.047000
vn -1.000000 0.000000 0.000000
vt -0.057896 -0.035972
vn -1.000000 0.000000 0.000000
vt -0.060531 -0.024329
vn -1.000000 0.000000 0.000000
vt -0.062131 -0.012269
vn -1.000000 0.000000 0.000000
vt -0.062667 0.000000
vn -1.000000 0.000000 0.000000
vt -0.062131 0.012269
vn -1.000000 0.000000 0.000000
vt -0.060531 0.024329
vn -1.000000 0.000000 0.000000
vt -0.057896 0.035972
vn -1.000000 0.000000 0.000000
vt -0.054271 0.047000
vn -1.000000 0.000000 0.000000
vt -0.049717 0.057224
vn -1.000000 0.000000 0.000000
vt -0.044312 0.066468
vn -1.000000 0.000000 0.000000
vt -0.038149 0.074575
vn -1.000000 0.000000 0.000000
vt -0.031333 0.081406
vn -1.000000 0.000000 0.000000
vt -0.023981 0.086845
vn -1.000000 0.000000 0.000000
vt -0.016219 0.090797
vn -1.000000 0.000000 0.000000
vt -0.008180 0.093196
vn -1.000000 0.000000 0.000000
vt 0.000000 0.094000
vn -1.000000 0.000000 0.000000
vt 0.008180 0.093196
vn -1.000000 0.000000 0.000000
vt 0.016219 0.090797
vn -1.000000 0.000000 0.000000
vt 0.023981 0.086845
vn -1.000000 0.000000 0.000000
vt 0.031333 0.081406
vn -1.000000 0.000000 0.000000
vt 0.038149 0.074575
vn -1.000000 0.000000 0.000000
vt 0.044312 0.066468
vn -1.000000 0.000000 0.000000
vt 0.049717 0.057224
vn -1.000000 0.000000 0.000000
vt 0.054271 0.047000
vn -1.000000 0.000000 0.000000
vt 0.057896 0.035972
vn -1.000000 0.000000 0.000000
vt 0.060531 0.024329
vn -1.000000 0.000000 0.000000
vt 0.062131 0.012269
vn -1.000000 0.000000 0.000000
vt 0.062667 0.000000
vn -1.000000 0.000000 0.000000
f 48/1/1 47/2/2 46/3/3 45/4/4 44/5/5 43/6/6 42/7/7 41/8/8 40/9/9 39/10/10 38/11/11 37/12/12 36/13/13 35/14/14 34/15/15 33/16/16 32/17/17 31/18/18 30/19/19 29/20/20 28/21/21 27/22/22 26/23/23 25/24/24 24/25/25 23/26/26 22/27/27 21/28/28 20/29/29 19/30/30 18/31/31 17/32/32 16/33/33 15/34/34 14/35/35 13/36/36 12/37/37 11/38/38 10/39/39 9/40/40 8/41/41 7/42/42 6/43/43 5/44/44 4/45/45 3/46/46 2/47/47 1/48/48
vt 0.062667 0.000000
vn 1.000000 0.000000 0.000000
vt 0.062131 0.012269
vn 1.000000 0.000000 0.000000
vt 0.060531 0.024329
vn 1.000000 0.000000 0.000000
vt 0.057896 0.035972
vn 1.000000 0.000000 0.000000
vt 0.054271 0.047000
vn 1.000000 0.000000 0.000000
vt 0.049717 0.057224
vn 1.000000 0.000000 0.000000
vt 0.044312 0.066468
vn 1.000000 0.000000 0.000000
vt 0.038149 0.074575
vn 1.000000 0.000000 0.000000
vt 0.031333 0.081406
vn 1.000000 0.000000 0.000000
vt 0.023981 0.086845
vn 1.000000 0.000000 0.000000
vt 0.016219 0.090797
vn 1.000000 0.000000 0.000000
vt 0.008180 0.093196
vn 1.000000 0.000000 0.000000
vt 0.000000 0.094000
vn 1.000000 0.000000 0.000000
vt -0.008180 0.093196
vn 1.000000 0.000000 0.000000
vt -0.016219 0.090797
vn 1.000000 0.000000 0.000000
vt -0.023981 0.086845
vn 1.000000 0.000000 0.000000
vt -0.031333 0.081406
vn 1.000000 0.000000 0.000000
vt -0.038149 0.074575
vn 1.000000 0.000000 0.000000
vt -0.044312 0.066468
vn 1.000000 0.000000 0.000000
vt -0.049717 0.057224
vn 1.000000 0.000000 0.000000
vt -0.054271 0.047000
vn 1.000000 0.000000 0.000000
vt -0.057896 0.035972
vn 1.000000 0.000000 0.000000
vt -0.060531 0.024329
vn 1.000000 0.000000 0.000000
vt -0.062131 0.012269
vn 1.000000 0.000000 0.000000
vt -0.062667 0.000000
vn 1.000000 0.000000 0.000000
vt -0.062131 -0.012269
vn 1.000000 0.000000 0.000000
vt -0.060531 -0.024329
vn 1.000000 0.000000 0.000000
vt -0.057896 -0.035972
vn 1.000000 0.000000 0.000000
vt -0.054271 -0.047000
vn 1.000000 0.000000 0.000000
vt -0.049717 -0.057224
vn 1.000000 0.000000 0.000000
vt -0.044312 -0.066468
vn 1.000000 0.000000 0.000000
vt -0.038149 -0.074575
vn 1.000000 0.000000 0.000000
vt -0.031333 -0.081406
vn 1.000000 0.000000 0.000000
vt -0.023981 -0.086845
vn 1.000000 0.000000 0.000000
vt -0.016219 -0.090797
vn 1.000000 0.000000 0.000000
vt -0.008180 -0.093196
vn 1.000000 0.000000 0.000000
vt -0.000000 -0.094000
vn 1.000000 0.000000 0.000000
vt 0.008180 -0.093196
vn 1.000000 0.000000 0.000000
vt 0.016219 -0.090797
vn 1.000000 0.000000 0.000000
vt 0.023981 -0.086845
vn 1.000000 0.000000 0.000000
vt 0.031333 -0.081406
vn 1.000000 0.000000 0.000000
vt 0.038149 -0.074575
vn 1.000000 0.000000 0.000000
vt 0.044312 -0.066468
vn 1.000000 0.000000 0.000000
vt 0.049717 -0.057224
vn 1.000000 0.000000 0.000000
vt 0.054271 -0.047000
vn 1.000000 0.000000 0.000000
vt 0.057896 -0.035972
vn 1.000000 0.000000 0.000000
vt 0.060531 -0.024329
vn 1.000000 0.000000 0.000000
vt 0.062131 -0.012269
vn 1.000000 0.000000 0.000000
f 337/49/49 338/50/50 339/51/51 340/52/52 341/53/53 342/54/54 343/55/55 344/56/56 345/57/57 346/58/58 347/59/59 348/60/60 349/61/61 350/62/62 351/63/63 352/64/64 353/65/65 354/66/66 355/67/67 356/68/68 357/69/69 358/70/70 359/71/71 360/72/72 361/73/73 362/74/74 363/75/75 364/76/76 365/77/77 366/78/78 367/79/79 368/80/80 369/81/81 370/82/82 371/83/83 372/84/84 373/85/85 374/86/86 375/87/87 376/88/88 377/89/89 378/90/90 379/91/91 380/92/92 381/93/93 382/94/94 383/95/95 384/96/96
vt -0.343333 0.000000
vn -0.371391 0.928477 0.000000
vt -0.343333 0.012269
vn -0.372921 0.924295 0.081292
vt -0.333333 0.013053
vn -0.677925 0.732305 0.064397
vt -0.333333 0.000000
vn -0.677114 0.735878 0.000005
f 1/97/97 2/98/98 50/99/99 49/100/100
vt -0.343333 0.012269
vn -0.372921 0.924295 0.081292
vt -0.343333 0.024329
vn -0.377520 0.911512 0.163171
vt -0.333333 0.025882
vn -0.680705 0.721099 0.129060
vt -0.333333 0.013053
vn -0.677925 0.732305 0.064397
f 2/101/101 3/102/102 51/103/103 50/104/104
vt -0.343333 0.024329
vn -0.377520 0.911512 0.163171
vt -0.343333 0.035972
vn -0.385197 0.889402 0.246144
vt -0.333333 0.038268
vn -0.685471 0.701734 0.194163
vt -0.333333 0.025882
vn -0.680705 0.721099 0.129060
f 3/105/105 4/106/106 52/107/107 51/108/108
vt -0.343333 0.035972
vn -0.385197 0.889402 0.246144
vt -0.343333 0.047000
vn -0.395938 0.856730 0.330525
vt -0.333333 0.050000
vn -0.692215 0.673343 0.259707
vt -0.333333 0.038268
vn -0.685471 0.701734 0.194163
f 4/109/109 5/110/110 53/111/111 52/112/112
vt -0.343333 0.047000
vn -0.395938 0.856730 0.330525
vt -0.343333 0.057224
vn -0.409644 0.811729 0.416278
vt -0.333333 0.060876
vn -0.700863 0.634741 0.325415
vt -0.333333 0.050000
vn -0.692215 0.673343 0.259707
f 5/113/113 6/114/114 54/115/115 53/116/116
vt -0.343333 0.057224
vn -0.409644 0.811729 0.416278
vt -0.343333 0.066468
vn -0.426045 0.752132 0.502776
vt -0.333333 0.070711
vn -0.711213 0.584489 0.390575
vt -0.333333 0.060876
vn -0.700863 0.634741 0.325415
f 6/117/117 7/118/118 55/119/119 54/120/120
vt -0.343333 0.066468
vn -0.426045 0.752132 0.502776
vt -0.343333 0.074575
vn -0.444563 0.675332 0.588465
vt -0.333333 0.079335
vn -0.722848 0.521063 0.453854
vt -0.333333 0.070711
vn -0.711213 0.584489 0.390575
f 7/121/121 8/122/122 56/123/123 55/124/124
vt -0.343333 0.074575
vn -0.444563 0.675332 0.588465
vt -0.343333 0.081406
vn -0.464154 0.578802 0.670484
vt -0.333333 0.086603
vn -0.735062 0.443163 0.513118
vt -0.333333 0.079335
vn -0.722848 0.521063 0.453854
f 8/125/125 9/126/126 57/127/127 56/128/128
vt -0.343333 0.031333
vn -0.464154 0.578802 0.670484
vt -0.343333 0.023981
vn -0.483183 0.460900 0.744382
vt -0.333333 0.025512
vn -0.746811 0.350232 0.565342
vt -0.333333 0.033333
vn -0.735062 0.443163 0.513118
f 9/129/129 10/130/130 58/131/131 57/132/132
vt -0.343333 0.023981
vn -0.483183 0.460900 0.744382
vt -0.343333 0.016219
vn -0.499453 0.322055 0.804256
vt -0.333333 0.017255
vn -0.756766 0.243129 0.606789
vt -0.333333 0.025512
vn -0.746811 0.350232 0.565342
f 10/133/133 11/134/134 59/135/135 58/136/136
vt -0.343333 0.016219
vn -0.499453 0.322055 0.804256
vt -0.343333 0.008180
vn -0.510544 0.165966 0.843682
vt -0.333333 0.008702
vn -0.763535 0.124727 0.633607
vt -0.333333 0.017255
vn -0.756766 0.243129 0.606789
f 11/137/137 12/138/138 60/139/139 59/140/140
vt -0.343333 0.008180
vn -0.510544 0.165966 0.843682
vt -0.343333 0.000000
vn -0.514496 0.000000 0.857493
vt -0.333333 0.000000
vn -0.766025 0.000011 0.642811
vt -0.333333 0.008702
vn -0.763535 0.124727 0.633607
f 12/141/141 13/142/142 61/143/143 60/144/144
vt -0.343333 0.000000
vn -0.514496 0.000000 0.857493
vt -0.343333 -0.008180
vn -0.510544 -0.165966 0.843682
vt -0.333333 -0.008702
vn -0.763816 -0.124643 0.633284
vt -0.333333 0.000000
vn -0.766025 0.000011 0.642811
f 13/145/145 14/146/146 62/147/147 61/148/148
vt -0.343333 -0.008180
vn -0.510544 -0.165966 0.843682
vt -0.343333 -0.016219
vn -0.499453 -0.322055 0.804256
vt -0.333333 -0.017255
vn -0.757321 -0.242874 0.606199
vt -0.333333 -0.008702
vn -0.763816 -0.124643 0.633284
f 14/149/149 15/150/150 63/151/151 62/152/152
vt -0.343333 -0.016219
vn -0.499453 -0.322055 0.804256
vt -0.343333 -0.023981
vn -0.483183 -0.460900 0.744382
vt -0.333333 -0.025512
vn -0.747618 -0.349744 0.564577
vt -0.333333 -0.017255
vn -0.757321 -0.242874 0.606199
f 15/153/153 16/154/154 64/155/155 63/156/156
vt -0.343333 -0.023981
vn -0.483183 -0.460900 0.744382
vt -0.343333 -0.031333
vn -0.464154 -0.578802 0.670484
vt -0.333333 -0.033333
vn -0.736079 -0.442435 0.512287
vt -0.333333 -0.025512
vn -0.747618 -0.349744 0.564577
f 16/157/157 17/158/158 65/159/159 64/160/160
vt -0.343333 0.081406
vn -0.464154 -0.578802 0.670484
vt -0.343333 0.074575
vn -0.444563 -0.675332 0.588465
vt -0.333333 0.079335
vn -0.724012 -0.520141 0.453056
vt -0.333333 0.086603
vn -0.736079 -0.442435 0.512287
f 17/161/161 18/162/162 66/163/163 65/164/164
vt -0.343333 0.074575
vn -0.444563 -0.675332 0.588465
vt -0.343333 0.066468
vn -0.426045 -0.752132 0.502776
vt -0.333333 0.070711
vn -0.712443 -0.583453 0.389881
vt -0.333333 0.079335
vn -0.724012 -0.520141 0.453056
f 18/165/165 19/166/166 67/167/167 66/168/168
vt -0.343333 0.066468
vn -0.426045 -0.752132 0.502776
vt -0.343333 0.057224
vn -0.409644 -0.811729 0.416278
vt -0.333333 0.060876
vn -0.702070 -0.633685 0.324870
vt -0.333333 0.070711
vn -0.712443 -0.583453 0.389881
f 19/169/169 20/170/170 68/171/171 67/172/172
vt -0.343333 0.057224
vn -0.409644 -0.811729 0.416278
vt -0.343333 0.047000
vn -0.395938 -0.856730 0.330525
vt -0.333333 0.050000
vn -0.693308 -0.672366 0.259323
vt -0.333333 0.060876
vn -0.702070 -0.633685 0.324870
f 20/173/173 21/174/174 69/175/175 68/176/176
vt -0.343333 0.047000
vn -0.395938 -0.856730 0.330525
vt -0.343333 0.035972
vn -0.385197 -0.889402 0.246144
vt -0.333333 0.038268
vn -0.686369 -0.700920 0.193929
vt -0.333333 0.050000
vn -0.693308 -0.672366 0.259323
f 21/177/177 22/178/178 70/179/179 69/180/180
vt -0.343333 0.035972
vn -0.385197 -0.889402 0.246144
vt -0.343333 0.024329
vn -0.377520 -0.911512 0.163171
vt -0.333333 0.025882
vn -0.681342 -0.720517 0.128947
vt -0.333333 0.038268
vn -0.686369 -0.700920 0.193929
f 22/181/181 23/182/182 71/183/183 70/184/184
vt -0.343333 0.024329
vn -0.377520 -0.911512 0.163171
vt -0.343333 0.012269
vn -0.372921 -0.924295 0.081292
vt -0.333333 0.013053
vn -0.678255 -0.732002 0.064361
vt -0.333333 0.025882
vn -0.681342 -0.720517 0.128947
f 23/185/185 24/186/186 72/187/187 71/188/188
vt -0.343333 0.012269
vn -0.372921 -0.924295 0.081292
vt -0.343333 0.000000
vn -0.371391 -0.928477 0.000000
vt -0.333333 0.000000
vn -0.677114 -0.735878 -0.000005
vt -0.333333 0.013053
vn -0.678255 -0.732002 0.064361
f 24/189/189 25/190/190 73/191/191 72/192/192
vt -0.343333 0.000000
vn -0.371391 -0.928477 0.000000
vt -0.343333 -0.012269
vn -0.372921 -0.924295 -0.081292
vt -0.333333 -0.013053
vn -0.677925 -0.732305 -0.064397
vt -0.333333 0.000000
vn -0.677114 -0.735878 -0.000005
f 25/193/193 26/194/194 74/195/195 73/196/196
vt -0.343333 -0.012269
vn -0.372921 -0.924295 -0.081292
vt -0.343333 -0.024329
vn -0.377520 -0.911512 -0.163171
vt -0.333333 -0.025882
vn -0.680705 -0.721099 -0.129060
vt -0.333333 -0.013053
vn -0.677925 -0.732305 -0.064397
f 26/197/197 27/198/198 75/199/199 74/200/200
vt -0.343333 -0.024329
vn -0.377520 -0.911512 -0.163171
vt -0.343333 -0.035972
vn -0.385197 -0.889402 -0.246144
vt -0.333333 -0.038268
vn -0.685471 -0.701734 -0.194163
vt -0.333333 -0.025882
vn -0.680705 -0.721099 -0.129060
f 27/201/201 28/202/202 76/203/203 75/204/204
vt -0.343333 -0.035972
vn -0.385197 -0.889402 -0.246144
vt -0.343333 -0.047000
vn -0.395938 -0.856730 -0.330525
vt -0.333333 -0.050000
vn -0.692215 -0.673343 -0.259707
vt -0.333333 -0.038268
vn -0.685471 -0.701734 -0.194163
f 28/205/205 29/206/206 77/207/207 76/208/208
vt -0.343333 -0.047000
vn -0.395938 -0.856730 -0.330525
vt -0.343333 -0.057224
vn -0.409644 -0.811729 -0.416278
vt -0.333333 -0.060876
vn -0.700863 -0.634741 -0.325415
vt -0.333333 -0.050000
vn -0.692215 -0.673343 -0.259707
f 29/209/209 30/210/210 78/211/211 77/212/212
vt -0.343333 -0.057224
vn -0.409644 -0.811729 -0.416278
vt -0.343333 -0.066468
vn -0.426045 -0.752132 -0.502776
vt -0.333333 -0.070711
vn -0.711213 -0.584489 -0.390575
vt -0.333333 -0.060876
vn -0.700863 -0.634741 -0.325415
f 30/213/213 31/214/214 79/215/215 78/216/216
vt -0.343333 -0.066468
vn -0.426045 -0.752132 -0.502776
vt -0.343333 -0.074575
vn -0.444563 -0.675332 -0.588465
vt -0.333333 -0.079335
vn -0.722848 -0.521063 -0.453854
vt -0.333333 -0.070711
vn -0.711213 -0.584489 -0.390575
f 31/217/217 32/218/218 80/219/219 79/220/220
vt -0.343333 -0.074575
vn -0.444563 -0.675332 -0.588465
vt -0.343333 -0.081406
vn -0.464154 -0.578802 -0.670484
vt -0.333333 -0.086603
vn -0.735062 -0.443163 -0.513118
vt -0.333333 -0.079335
vn -0.722848 -0.521063 -0.453854
f 32/221/221 33/222/222 81/223/223 80/224/224
vt -0.343333 -0.031333
vn -0.464154 -0.578802 -0.670484
vt -0.343333 -0.023981
vn -0.483183 -0.460900 -0.744382
vt -0.333333 -0.025512
vn -0.746811 -0.350232 -0.565342
vt -0.333333 -0.033333
vn -0.735062 -0.443163 -0.513118
f 33/225/225 34/226/226 82/227/227 81/228/228
vt -0.343333 -0.023981
vn -0.483183 -0.460900 -0.744382
vt -0.343333 -0.016219
vn -0.499453 -0.322055 -0.804256
vt -0.333333 -0.017255
vn -0.756766 -0.243129 -0.606789
vt -0.333333 -0.025512
vn -0.746811 -0.350232 -0.565342
f 34/229/229 35/230/230 83/231/231 82/232/232
vt -0.343333 -0.016219
vn -0.499453 -0.322055 -0.804256
vt -0.343333 -0.008180
vn -0.510544 -0.165966 -0.843682
vt -0.333333 -0.008702
vn -0.763535 -0.124727 -0.633607
vt -0.333333 -0.017255
vn -0.756766 -0.243129 -0.606789
f 35/233/233 36/234/234 84/235/235 83/236/236
vt -0.343333 -0.008180
vn -0.510544 -0.165966 -0.843682
vt -0.343333 -0.000000
vn -0.514496 -0.000000 -0.857493
vt -0.333333 -0.000000
vn -0.766025 -0.000011 -0.642811
vt -0.333333 -0.008702
vn -0.763535 -0.124727 -0.633607
f 36/237/237 37/238/238 85/239/239 84/240/240
vt -0.343333 -0.000000
vn -0.514496 -0.000000 -0.857493
vt -0.343333 0.008180
vn -0.510544 0.165966 -0.843682
vt -0.333333 0.008702
vn -0.763816 0.124643 -0.633284
vt -0.333333 -0.000000
vn -0.766025 -0.000011 -0.642811
f 37/241/241 38/242/242 86/243/243 85/244/244
vt -0.343333 0.008180
vn -0.510544 0.165966 -0.843682
vt -0.343333 0.016219
vn -0.499453 0.322055 -0.804256
vt -0.333333 0.017255
vn -0.757321 0.242874 -0.606199
vt -0.333333 0.008702
vn -0.763816 0.124643 -0.633284
f 38/245/245 39/246/246 87/247/247 86/248/248
vt -0.343333 0.016219
vn -0.499453 0.322055 -0.804256
vt -0.343333 0.023981
vn -0.483183 0.460900 -0.744382
vt -0.333333 0.025512
vn -0.747618 0.349744 -0.564577
vt -0.333333 0.017255
vn -0.757321 0.242874 -0.606199
f 39/249/249 40/250/250 88/251/251 87/252/252
vt -0.343333 0.023981
vn -0.483183 0.460900 -0.744382
vt -0.343333 0.031333
vn -0.464154 0.578802 -0.670484
vt -0.333333 0.033333
vn -0.736079 0.442435 -0.512287
vt -0.333333 0.025512
vn -0.747618 0.349744 -0.564577
f 40/253/253 41/254/254 89/255/255 88/256/256
vt -0.343333 -0.081406
vn -0.464154 0.578802 -0.670484
vt -0.343333 -0.074575
vn -0.444563 0.675332 -0.588465
vt -0.333333 -0.079335
vn -0.724012 0.520141 -0.453056
vt -0.333333 -0.086603
vn -0.736079 0.442435 -0.512287
f 41/257/257 42/258/258 90/259/259 89/260/260
vt -0.343333 -0.074575
vn -0.444563 0.675332 -0.588465
vt -0.343333 -0.066468
vn -0.426045 0.752132 -0.502776
vt -0.333333 -0.070711
vn -0.712443 0.583453 -0.389881
vt -0.333333 -0.079335
vn -0.724012 0.520141 -0.453056
f 42/261/261 43/262/262 91/263/263 90/264/264
vt -0.343333 -0.066468
vn -0.426045 0.752132 -0.502776
vt -0.343333 -0.057224
vn -0.409644 0.811729 -0.416278
vt -0.333333 -0.060876
vn -0.702070 0.633685 -0.324870
vt -0.333333 -0.070711
vn -0.712443 0.583453 -0.389881
f 43/265/265 44/266/266 92/267/267 91/268/268
vt -0.343333 -0.057224
vn -0.409644 0.811729 -0.416278
vt -0.343333 -0.047000
vn -0.395938 0.856730 -0.330525
vt -0.333333 -0.050000
vn -0.693308 0.672366 -0.259323
vt -0.333333 -0.060876
vn -0.702070 0.633685 -0.324870
f 44/269/269 45/270/270 93/271/271 92/272/272
vt -0.343333 -0.047000
vn -0.395938 0.856730 -0.330525
vt -0.343333 -0.035972
vn -0.385197 0.889402 -0.246144
vt -0.333333 -0.038268
vn -0.686369 0.700920 -0.193929
vt -0.333333 -0.050000
vn -0.693308 0.672366 -0.259323
f 45/273/273 46/274/274 94/275/275 93/276/276
vt -0.343333 -0.035972
vn -0.385197 0.889402 -0.246144
vt -0.343333 -0.024329
vn -0.377520 0.911512 -0.163171
vt -0.333333 -0.025882
vn -0.681342 0.720517 -0.128947
vt -0.333333 -0.038268
vn -0.686369 0.700920 -0.193929
f 46/277/277 47/278/278 95/279/279 94/280/280
vt -0.343333 -0.024329
vn -0.377520 0.911512 -0.163171
vt -0.343333 -0.012269
vn -0.372921 0.924295 -0.081292
vt -0.333333 -0.013053
vn -0.678255 0.732002 -0.064361
vt -0.333333 -0.025882
vn -0.681342 0.720517 -0.128947
f 47/281/281 48/282/282 96/283/283 95/284/284
vt -0.343333 -0.012269
vn -0.372921 0.924295 -0.081292
vt -0.343333 0.000000
vn -0.371391 0.928477 0.000000
vt -0.333333 0.000000
vn -0.677114 0.735878 0.000005
vt -0.333333 -0.013053
vn -0.678255 0.732002 -0.064361
f 48/285/285 1/286/286 49/287/287 96/288/288
vt 0.066667 0.000000
vn -0.677114 0.735878 0.000005
vt 0.066096 0.013053
vn -0.677925 0.732305 0.064397
vt 0.231337 0.041333
vn -0.733317 0.676901 0.063649
vt 0.233333 0.000000
vn -0.733542 0.679644 0.000011
f 49/289/289 50/290/290 98/291/291 97/292/292
vt 0.066096 0.013053
vn -0.677925 0.732305 0.064397
vt 0.064395 0.025882
vn -0.680705 0.721099 0.129060
vt 0.225383 0.081959
vn -0.733661 0.667403 0.127728
vt 0.231337 0.041333
vn -0.733317 0.676901 0.063649
f 50/293/293 51/294/294 99/295/295 98/296/296
vt 0.064395 0.025882
vn -0.680705 0.721099 0.129060
vt 0.061592 0.038268
vn -0.685471 0.701734 0.194163
vt 0.215572 0.121183
vn -0.734657 0.650557 0.192498
vt 0.225383 0.081959
vn -0.733661 0.667403 0.127728
f 51/297/297 52/298/298 100/299/299 99/300/300
vt 0.061592 0.038268
vn -0.685471 0.701734 0.194163
vt 0.057735 0.050000
vn -0.692215 0.673343 0.259707
vt 0.202073 0.158333
vn -0.736407 0.625409 0.258007
vt 0.215572 0.121183
vn -0.734657 0.650557 0.192498
f 52/301/301 53/302/302 101/303/303 100/304/304
vt 0.057735 0.050000
vn -0.692215 0.673343 0.259707
vt 0.052890 0.060876
vn -0.700863 0.634741 0.325415
vt 0.185116 0.192774
vn -0.739006 0.590685 0.323977
vt 0.202073 0.158333
vn -0.736407 0.625409 0.258007
f 53/305/305 54/306/306 102/307/307 101/308/308
vt 0.052890 0.060876
vn -0.700863 0.634741 0.325415
vt 0.047140 0.070711
vn -0.711213 0.584489 0.390575
vt 0.164992 0.223917
vn -0.742495 0.544875 0.389632
vt 0.185116 0.192774
vn -0.739006 0.590685 0.323977
f 54/309/309 55/310/310 103/311/311 102/312/312
vt 0.047140 0.070711
vn -0.711213 0.584489 0.390575
vt 0.040584 0.079335
vn -0.722848 0.521063 0.453854
vt 0.142044 0.251229
vn -0.746804 0.486422 0.453517
vt 0.164992 0.223917
vn -0.742495 0.544875 0.389632
f 55/313/313 56/314/314 104/315/315 103/316/316
vt 0.040584 0.079335
vn -0.722848 0.521063 0.453854
vt 0.033333 0.086603
vn -0.735062 0.443163 0.513118
vt 0.116667 0.274241
vn -0.751695 0.414060 0.513331
vt 0.142044 0.251229
vn -0.746804 0.486422 0.453517
f 56/317/317 57/318/318 105/319/319 104/320/320
vt 0.033333 0.086603
vn -0.735062 0.443163 0.513118
vt 0.025512 0.092388
vn -0.746811 0.350232 0.565342
vt 0.089293 0.292562
vn -0.756723 0.327325 0.565887
vt 0.116667 0.274241
vn -0.751695 0.414060 0.513331
f 57/321/321 58/322/322 106/323/323 105/324/324
vt 0.025512 0.092388
vn -0.746811 0.350232 0.565342
vt 0.017255 0.096593
vn -0.756766 0.243129 0.606789
vt 0.060391 0.305877
vn -0.761258 0.227174 0.607354
vt 0.089293 0.292562
vn -0.756723 0.327325 0.565887
f 58/325/325 59/326/326 107/327/327 106/328/328
vt 0.017255 0.096593
vn -0.756766 0.243129 0.606789
vt 0.008702 0.099144
vn -0.763535 0.124727 0.633607
vt 0.030456 0.313958
vn -0.764598 0.116477 0.633895
vt 0.060391 0.305877
vn -0.761258 0.227174 0.607354
f 59/329/329 60/330/330 108/331/331 107/332/332
vt 0.008702 0.099144
vn -0.763535 0.124727 0.633607
vt 0.000000 0.100000
vn -0.766025 0.000011 0.642811
vt 0.000000 0.316667
vn -0.766170 0.000027 0.642638
vt 0.030456 0.313958
vn -0.764598 0.116477 0.633895
f 60/333/333 61/334/334 109/335/335 108/336/336
vt 0.000000 0.100000
vn -0.766025 0.000011 0.642811
vt -0.008702 0.099144
vn -0.763816 -0.124643 0.633284
vt -0.030456 0.313958
vn -0.765721 -0.116185 0.632592
vt 0.000000 0.316667
vn -0.766170 0.000027 0.642638
f 61/337/337 62/338/338 110/339/339 109/340/340
vt -0.008702 0.099144
vn -0.763816 -0.124643 0.633284
vt -0.017255 0.096593
vn -0.757321 -0.242874 0.606199
vt -0.060391 0.305877
vn -0.763414 -0.226241 0.604992
vt -0.030456 0.313958
vn -0.765721 -0.116185 0.632592
f 62/341/341 63/342/342 111/343/343 110/344/344
vt -0.017255 0.096593
vn -0.757321 -0.242874 0.606199
vt -0.025512 0.092388
vn -0.747618 -0.349744 0.564577
vt -0.089293 0.292562
vn -0.759740 -0.325534 0.562870
vt -0.060391 0.305877
vn -0.763414 -0.226241 0.604992
f 63/345/345 64/346/346 112/347/347 111/348/348
vt -0.025512 0.092388
vn -0.747618 -0.349744 0.564577
vt -0.033333 0.086603
vn -0.736079 -0.442435 0.512287
vt -0.116667 0.274241
vn -0.755336 -0.411416 0.510102
vt -0.089293 0.292562
vn -0.759740 -0.325534 0.562870
f 64/349/349 65/350/350 113/351/351 112/352/352
vt -0.033333 0.086603
vn -0.736079 -0.442435 0.512287
vt -0.040584 0.079335
vn -0.724012 -0.520141 0.453056
vt -0.142044 0.251229
vn -0.750794 -0.483109 0.450459
vt -0.116667 0.274241
vn -0.755336 -0.411416 0.510102
f 65/353/353 66/354/354 114/355/355 113/356/356
vt -0.040584 0.079335
vn -0.724012 -0.520141 0.453056
vt -0.047140 0.070711
vn -0.712443 -0.583453 0.389881
vt -0.164992 0.223917
vn -0.746546 -0.541192 0.387014
vt -0.142044 0.251229
vn -0.750794 -0.483109 0.450459
f 66/357/357 67/358/358 115/359/359 114/360/360
vt -0.047140 0.070711
vn -0.712443 -0.583453 0.389881
vt -0.052890 0.060876
vn -0.702070 -0.633685 0.324870
vt -0.185116 0.192774
vn -0.742843 -0.586972 0.321945
vt -0.164992 0.223917
vn -0.746546 -0.541192 0.387014
f 67/361/361 68/362/362 116/363/363 115/364/364
vt -0.052890 0.060876
vn -0.702070 -0.633685 0.324870
vt -0.057735 0.050000
vn -0.693308 -0.672366 0.259323
vt -0.202073 0.158333
vn -0.739783 -0.621997 0.256595
vt -0.185116 0.192774
vn -0.742843 -0.586972 0.321945
f 68/365/365 69/366/366 117/367/367 116/368/368
vt -0.057735 0.050000
vn -0.693308 -0.672366 0.259323
vt -0.061592 0.038268
vn -0.686369 -0.700920 0.193929
vt -0.215572 0.121183
vn -0.737369 -0.647732 0.191650
vt -0.202073 0.158333
vn -0.739783 -0.621997 0.256595
f 69/369/369 70/370/370 118/371/371 117/372/372
vt -0.061592 0.038268
vn -0.686369 -0.700920 0.193929
vt -0.064395 0.025882
vn -0.681342 -0.720517 0.128947
vt -0.225383 0.081959
vn -0.735555 -0.665392 0.127326
vt -0.215572 0.121183
vn -0.737369 -0.647732 0.191650
f 70/373/373 71/374/374 119/375/375 118/376/376
vt -0.064395 0.025882
vn -0.681342 -0.720517 0.128947
vt -0.066096 0.013053
vn -0.678255 -0.732002 0.064361
vt -0.231337 0.041333
vn -0.734290 -0.675857 0.063530
vt -0.225383 0.081959
vn -0.735555 -0.665392 0.127326
f 71/377/377 72/378/378 120/379/379 119/380/380
vt -0.066096 0.013053
vn -0.678255 -0.732002 0.064361
vt -0.066667 0.000000
vn -0.677114 -0.735878 -0.000005
vt -0.233333 0.000000
vn -0.733542 -0.679644 -0.000011
vt -0.231337 0.041333
vn -0.734290 -0.675857 0.063530
f 72/381/381 73/382/382 121/383/383 120/384/384
vt -0.066667 0.000000
vn -0.677114 -0.735878 -0.000005
vt -0.066096 -0.013053
vn -0.677925 -0.732305 -0.064397
vt -0.231337 -0.041333
vn -0.733317 -0.676901 -0.063649
vt -0.233333 0.000000
vn -0.733542 -0.679644 -0.000011
f 73/385/385 74/386/386 122/387/387 121/388/388
vt -0.066096 -0.013053
vn -0.677925 -0.732305 -0.064397
vt -0.064395 -0.025882
vn -0.680705 -0.721099 -0.129060
vt -0.225383 -0.081959
vn -0.733661 -0.667403 -0.127728
vt -0.231337 -0.041333
vn -0.733317 -0.676901 -0.063649
f 74/389/389 75/390/390 123/391/391 122/392/392
vt -0.064395 -0.025882
vn -0.680705 -0.721099 -0.129060
vt -0.061592 -0.038268
vn -0.685471 -0.701734 -0.194163
vt -0.215572 -0.121183
vn -0.734657 -0.650557 -0.192498
vt -0.225383 -0.081959
vn -0.733661 -0.667403 -0.127728
f 75/393/393 76/394/394 124/395/395 123/396/396
vt -0.061592 -0.038268
vn -0.685471 -0.701734 -0.194163
vt -0.057735 -0.050000
vn -0.692215 -0.673343 -0.259707
vt -0.202073 -0.158333
vn -0.736407 -0.625409 -0.258007
vt -0.215572 -0.121183
vn -0.734657 -0.650557 -0.192498
f 76/397/397 77/398/398 125/399/399 124/400/400
vt -0.057735 -0.050000
vn -0.692215 -0.673343 -0.259707
vt -0.052890 -0.060876
vn -0.700863 -0.634741 -0.325415
vt -0.185116 -0.192774
vn -0.739006 -0.590685 -0.323977
vt -0.202073 -0.158333
vn -0.736407 -0.625409 -0.258007
f 77/401/401 78/402/402 126/403/403 125/404/404
vt -0.052890 -0.060876
vn -0.700863 -0.634741 -0.325415
vt -0.047140 -0.070711
vn -0.711213 -0.584489 -0.390575
vt -0.164992 -0.223917
vn -0.742495 -0.544875 -0.389632
vt -0.185116 -0.192774
vn -0.739006 -0.590685 -0.323977
f 78/405/405 79/406/406 127/407/407 126/408/408
vt -0.047140 -0.070711
vn -0.711213 -0.584489 -0.390575
vt -0.040584 -0.079335
vn -0.722848 -0.521063 -0.453854
vt -0.142044 -0.251229
vn -0.746804 -0.486422 -0.453517
vt -0.164992 -0.223917
vn -0.742495 -0.544875 -0.389632
f 79/409/409 80/410/410 128/411/411 127/412/412
vt -0.040584 -0.079335
vn -0.722848 -0.521063 -0.453854
vt -0.033333 -0.086603
vn -0.735062 -0.443163 -0.513118
vt -0.116667 -0.274241
vn -0.751695 -0.414060 -0.513331
vt -0.142044 -0.251229
vn -0.746804 -0.486422 -0.453517
f 80/413/413 81/414/414 129/415/415 128/416/416
vt -0.033333 -0.086603
vn -0.735062 -0.443163 -0.513118
vt -0.025512 -0.092388
vn -0.746811 -0.350232 -0.565342
vt -0.089293 -0.292562
vn -0.756723 -0.327325 -0.565887
vt -0.116667 -0.274241
vn -0.751695 -0.414060 -0.513331
f 81/417/417 82/418/418 130/419/419 129/420/420
vt -0.025512 -0.092388
vn -0.746811 -0.350232 -0.565342
vt -0.017255 -0.096593
vn -0.756766 -0.243129 -0.606789
vt -0.060391 -0.305877
vn -0.761258 -0.227174 -0.607354
vt -0.089293 -0.292562
vn -0.756723 -0.327325 -0.565887
f 82/421/421 83/422/422 131/423/423 130/424/424
vt -0.017255 -0.096593
vn -0.756766 -0.243129 -0.606789
vt -0.008702 -0.099144
vn -0.763535 -0.124727 -0.633607
vt -0.030456 -0.313958
vn -0.764598 -0.116477 -0.633895
vt -0.060391 -0.305877
vn -0.761258 -0.227174 -0.607354
f 83/425/425 84/426/426 132/427/427 131/428/428
vt -0.008702 -0.099144
vn -0.763535 -0.124727 -0.633607
vt -0.000000 -0.100000
vn -0.766025 -0.000011 -0.642811
vt -0.000000 -0.316667
vn -0.766170 -0.000027 -0.642638
vt -0.030456 -0.313958
vn -0.764598 -0.116477 -0.633895
f 84/429/429 85/430/430 133/431/431 132/432/432
vt -0.000000 -0.100000
vn -0.766025 -0.000011 -0.642811
vt 0.008702 -0.099144
vn -0.763816 0.124643 -0.633284
vt 0.030456 -0.313958
vn -0.765721 0.116185 -0.632592
vt -0.000000 -0.316667
vn -0.766170 -0.000027 -0.642638
f 85/433/433 86/434/434 134/435/435 133/436/436
vt 0.008702 -0.099144
vn -0.763816 0.124643 -0.633284
vt 0.017255 -0.096593
vn -0.757321 0.242874 -0.606199
vt 0.060391 -0.305877
vn -0.763414 0.226241 -0.604992
vt 0.030456 -0.313958
vn -0.765721 0.116185 -0.632592
f 86/437/437 87/438/438 135/439/439 134/440/440
vt 0.017255 -0.096593
vn -0.757321 0.242874 -0.606199
vt 0.025512 -0.092388
vn -0.747618 0.349744 -0.564577
vt 0.089293 -0.292562
vn -0.759740 0.325534 -0.562870
vt 0.060391 -0.305877
vn -0.763414 0.226241 -0.604992
f 87/441/441 88/442/442 136/443/443 135/444/444
vt 0.025512 -0.092388
vn -0.747618 0.349744 -0.564577
vt 0.033333 -0.086603
vn -0.736079 0.442435 -0.512287
vt 0.116667 -0.274241
vn -0.755336 0.411416 -0.510102
vt 0.089293 -0.292562
vn -0.759740 0.325534 -0.562870
f 88/445/445 89/446/446 137/447/447 136/448/448
vt 0.033333 -0.086603
vn -0.736079 0.442435 -0.512287
vt 0.040584 -0.079335
vn -0.724012 0.520141 -0.453056
vt 0.142044 -0.251229
vn -0.750794 0.483109 -0.450459
vt 0.116667 -0.274241
vn -0.755336 0.411416 -0.510102
f 89/449/449 90/450/450 138/451/451 137/452/452
vt 0.040584 -0.079335
vn -0.724012 0.520141 -0.453056
vt 0.047140 -0.070711
vn -0.712443 0.583453 -0.389881
vt 0.164992 -0.223917
vn -0.746546 0.541192 -0.387014
vt 0.142044 -0.251229
vn -0.750794 0.483109 -0.450459
f 90/453/453 91/454/454 139/455/455 138/456/456
vt 0.047140 -0.070711
vn -0.712443 0.583453 -0.389881
vt 0.052890 -0.060876
vn -0.702070 0.633685 -0.324870
vt 0.185116 -0.192774
vn -0.742843 0.586972 -0.321945
vt 0.164992 -0.223917
vn -0.746546 0.541192 -0.387014
f 91/457/457 92/458/458 140/459/459 139/460/460
vt 0.052890 -0.060876
vn -0.702070 0.633685 -0.324870
vt 0.057735 -0.050000
vn -0.693308 0.672366 -0.259323
vt 0.202073 -0.158333
vn -0.739783 0.621997 -0.256595
vt 0.185116 -0.192774
vn -0.742843 0.586972 -0.321945
f 92/461/461 93/462/462 141/463/463 140/464/464
vt 0.057735 -0.050000
vn -0.693308 0.672366 -0.259323
vt 0.061592 -0.038268
vn -0.686369 0.700920 -0.193929
vt 0.215572 -0.121183
vn -0.737369 0.647732 -0.191650
vt 0.202073 -0.158333
vn -0.739783 0.621997 -0.256595
f 93/465/465 94/466/466 142/467/467 141/468/468
vt 0.061592 -0.038268
vn -0.686369 0.700920 -0.193929
vt 0.064395 -0.025882
vn -0.681342 0.720517 -0.128947
vt 0.225383 -0.081959
vn -0.735555 0.665392 -0.127326
vt 0.215572 -0.121183
vn -0.737369 0.647732 -0.191650
f 94/469/469 95/470/470 143/471/471 142/472/472
vt 0.064395 -0.025882
vn -0.681342 0.720517 -0.128947
vt 0.066096 -0.013053
vn -0.678255 0.732002 -0.064361
vt 0.231337 -0.041333
vn -0.734290 0.675857 -0.063530
vt 0.225383 -0.081959
vn -0.735555 0.665392 -0.127326
f 95/473/473 96/474/474 144/475/475 143/476/476
vt 0.066096 -0.013053
vn -0.678255 0.732002 -0.064361
vt 0.066667 0.000000
vn -0.677114 0.735878 0.000005
vt 0.233333 0.000000
vn -0.733542 0.679644 0.000011
vt 0.231337 -0.041333
vn -0.734290 0.675857 -0.063530
f 96/477/477 49/478/478 97/479/479 144/480/480
vt -0.250000 0.000000
vn -0.733542 0.679644 0.000011
vt -0.250000 0.041333
vn -0.733317 0.676901 0.063649
vt -0.083333 0.054386
vn -0.266173 0.958982 0.097495
vt -0.083333 0.000000
vn -0.266763 0.963762 0.000006
f 97/481/481 98/482/482 146/483/483 145/484/484
vt -0.250000 0.041333
vn -0.733317 0.676901 0.063649
vt -0.250000 0.081959
vn -0.733661 0.667403 0.127728
vt -0.083333 0.107841
vn -0.265395 0.944143 0.195345
vt -0.083333 0.054386
vn -0.266173 0.958982 0.097495
f 98/485/485 99/486/486 147/487/487 146/488/488
vt -0.250000 0.081959
vn -0.733661 0.667403 0.127728
vt -0.250000 0.121183
vn -0.734657 0.650557 0.192498
vt -0.083333 0.159451
vn -0.264513 0.918548 0.293773
vt -0.083333 0.107841
vn -0.265395 0.944143 0.195345
f 99/489/489 100/490/490 148/491/491 147/492/492
vt -0.250000 0.121183
vn -0.734657 0.650557 0.192498
vt -0.250000 0.158333
vn -0.736407 0.625409 0.258007
vt -0.083333 0.208333
vn -0.263649 0.881051 0.392732
vt -0.083333 0.159451
vn -0.264513 0.918548 0.293773
f 100/493/493 101/494/494 149/495/495 148/496/496
vt -0.250000 0.158333
vn -0.736407 0.625409 0.258007
vt -0.250000 0.192774
vn -0.739006 0.590685 0.323977
vt -0.083333 0.253651
vn -0.262947 0.830093 0.491736
vt -0.083333 0.208333
vn -0.263649 0.881051 0.392732
f 101/497/497 102/498/498 150/499/499 149/500/500
vt -0.250000 0.192774
vn -0.739006 0.590685 0.323977
vt -0.250000 0.223917
vn -0.742495 0.544875 0.389632
vt -0.083333 0.294628
vn -0.262559 0.763809 0.589626
vt -0.083333 0.253651
vn -0.262947 0.830093 0.491736
f 102/501/501 103/502/502 151/503/503 150/504/504
vt -0.250000 0.223917
vn -0.742495 0.544875 0.389632
vt -0.250000 0.251229
vn -0.746804 0.486422 0.453517
vt -0.083333 0.330564
vn -0.262605 0.680261 0.684313
vt -0.083333 0.294628
vn -0.262559 0.763809 0.589626
f 103/505/505 104/506/506 152/507/507 151/508/508
vt -0.250000 0.142044
vn -0.746804 0.486422 0.453517
vt -0.250000 0.116667
vn -0.751695 0.414060 0.513331
vt -0.083333 0.166667
vn -0.263136 0.577872 0.772544
vt -0.083333 0.202920
vn -0.262605 0.680261 0.684313
f 104/509/509 105/510/510 153/511/511 152/512/512
vt -0.250000 0.116667
vn -0.751695 0.414060 0.513331
vt -0.250000 0.089293
vn -0.756723 0.327325 0.565887
vt -0.083333 0.127561
vn -0.264094 0.456096 0.849842
vt -0.083333 0.166667
vn -0.263136 0.577872 0.772544
f 105/513/513 106/514/514 154/515/515 153/516/516
vt -0.250000 0.089293
vn -0.756723 0.327325 0.565887
vt -0.250000 0.060391
vn -0.761258 0.227174 0.607354
vt -0.083333 0.086273
vn -0.265292 0.316233 0.910833
vt -0.083333 0.127561
vn -0.264094 0.456096 0.849842
f 106/517/517 107/518/518 155/519/519 154/520/520
vt -0.250000 0.060391
vn -0.761258 0.227174 0.607354
vt -0.250000 0.030456
vn -0.764598 0.116477 0.633895
vt -0.083333 0.043509
vn -0.266457 0.162088 0.950120
vt -0.083333 0.086273
vn -0.265292 0.316233 0.910833
f 107/521/521 108/522/522 156/523/523 155/524/524
vt -0.250000 0.030456
vn -0.764598 0.116477 0.633895
vt -0.250000 0.000000
vn -0.766170 0.000027 0.642638
vt -0.083333 0.000000
vn -0.267318 0.000016 0.963608
vt -0.083333 0.043509
vn -0.266457 0.162088 0.950120
f 108/525/525 109/526/526 157/527/527 156/528/528
vt -0.250000 0.000000
vn -0.766170 0.000027 0.642638
vt -0.250000 -0.030456
vn -0.765721 -0.116185 0.632592
vt -0.083333 -0.043509
vn -0.267722 -0.161995 0.949780
vt -0.083333 0.000000
vn -0.267318 0.000016 0.963608
f 109/529/529 110/530/530 158/531/531 157/532/532
vt -0.250000 -0.030456
vn -0.765721 -0.116185 0.632592
vt -0.250000 -0.060391
vn -0.763414 -0.226241 0.604992
vt -0.083333 -0.086273
vn -0.267692 -0.315976 0.910220
vt -0.083333 -0.043509
vn -0.267722 -0.161995 0.949780
f 110/533/533 111/534/534 159/535/535 158/536/536
vt -0.250000 -0.060391
vn -0.763414 -0.226241 0.604992
vt -0.250000 -0.089293
vn -0.759740 -0.325534 0.562870
vt -0.083333 -0.127561
vn -0.267395 -0.455623 0.849063
vt -0.083333 -0.086273
vn -0.267692 -0.315976 0.910220
f 111/537/537 112/538/538 160/539/539 159/540/540
vt -0.250000 -0.089293
vn -0.759740 -0.325534 0.562870
vt -0.250000 -0.116667
vn -0.755336 -0.411416 0.510102
vt -0.083333 -0.166667
vn -0.267041 -0.577186 0.771716
vt -0.083333 -0.127561
vn -0.267395 -0.455623 0.849063
f 112/541/541 113/542/542 161/543/543 160/544/544
vt -0.250000 -0.116667
vn -0.755336 -0.411416 0.510102
vt -0.250000 -0.142044
vn -0.750794 -0.483109 0.450459
vt -0.083333 -0.202920
vn -0.266796 -0.679412 0.683534
vt -0.083333 -0.166667
vn -0.267041 -0.577186 0.771716
f 113/545/545 114/546/546 162/547/547 161/548/548
vt -0.250000 0.251229
vn -0.750794 -0.483109 0.450459
vt -0.250000 0.223917
vn -0.746546 -0.541192 0.387014
vt -0.083333 0.294628
vn -0.266731 -0.762875 0.588962
vt -0.083333 0.330564
vn -0.266796 -0.679412 0.683534
f 114/549/549 115/550/550 163/551/551 162/552/552
vt -0.250000 0.223917
vn -0.746546 -0.541192 0.387014
vt -0.250000 0.192774
vn -0.742843 -0.586972 0.321945
vt -0.083333 0.253651
vn -0.266830 -0.829158 0.491222
vt -0.083333 0.294628
vn -0.266731 -0.762875 0.588962
f 115/553/553 116/554/554 164/555/555 163/556/556
vt -0.250000 0.192774
vn -0.742843 -0.586972 0.321945
vt -0.250000 0.158333
vn -0.739783 -0.621997 0.256595
vt -0.083333 0.208333
vn -0.267017 -0.880196 0.392374
vt -0.083333 0.253651
vn -0.266830 -0.829158 0.491222
f 116/557/557 117/558/558 165/559/559 164/560/560
vt -0.250000 0.158333
vn -0.739783 -0.621997 0.256595
vt -0.250000 0.121183
vn -0.737369 -0.647732 0.191650
vt -0.083333 0.159451
vn -0.267190 -0.917843 0.293555
vt -0.083333 0.208333
vn -0.267017 -0.880196 0.392374
f 117/561/561 118/562/562 166/563/563 165/564/564
vt -0.250000 0.121183
vn -0.737369 -0.647732 0.191650
vt -0.250000 0.081959
vn -0.735555 -0.665392 0.127326
vt -0.083333 0.107841
vn -0.267250 -0.943642 0.195238
vt -0.083333 0.159451
vn -0.267190 -0.917843 0.293555
f 118/565/565 119/566/566 167/567/567 166/568/568
vt -0.250000 0.081959
vn -0.735555 -0.665392 0.127326
vt -0.250000 0.041333
vn -0.734290 -0.675857 0.063530
vt -0.083333 0.054386
vn -0.267121 -0.958722 0.097458
vt -0.083333 0.107841
vn -0.267250 -0.943642 0.195238
f 119/569/569 120/570/570 168/571/571 167/572/572
vt -0.250000 0.041333
vn -0.734290 -0.675857 0.063530
vt -0.250000 0.000000
vn -0.733542 -0.679644 -0.000011
vt -0.083333 0.000000
vn -0.266763 -0.963762 -0.000006
vt -0.083333 0.054386
vn -0.267121 -0.958722 0.097458
f 120/573/573 121/574/574 169/575/575 168/576/576
vt -0.250000 0.000000
vn -0.733542 -0.679644 -0.000011
vt -0.250000 -0.041333
vn -0.733317 -0.676901 -0.063649
vt -0.083333 -0.054386
vn -0.266173 -0.958982 -0.097495
vt -0.083333 0.000000
vn -0.266763 -0.963762 -0.000006
f 121/577/577 122/578/578 170/579/579 169/580/580
vt -0.250000 -0.041333
vn -0.733317 -0.676901 -0.063649
vt -0.250000 -0.081959
vn -0.733661 -0.667403 -0.127728
vt -0.083333 -0.107841
vn -0.265395 -0.944143 -0.195345
vt -0.083333 -0.054386
vn -0.266173 -0.958982 -0.097495
f 122/581/581 123/582/582 171/583/583 170/584/584
vt -0.250000 -0.081959
vn -0.733661 -0.667403 -0.127728
vt -0.250000 -0.121183
vn -0.734657 -0.650557 -0.192498
vt -0.083333 -0.159451
vn -0.264513 -0.918548 -0.293773
vt -0.083333 -0.107841
vn -0.265395 -0.944143 -0.195345
f 123/585/585 124/586/586 172/587/587 171/588/588
vt -0.250000 -0.121183
vn -0.734657 -0.650557 -0.192498
vt -0.250000 -0.158333
vn -0.736407 -0.625409 -0.258007
vt -0.083333 -0.208333
vn -0.263649 -0.881051 -0.392732
vt -0.083333 -0.159451
vn -0.264513 -0.918548 -0.293773
f 124/589/589 125/590/590 173/591/591 172/592/592
vt -0.250000 -0.158333
vn -0.736407 -0.625409 -0.258007
vt -0.250000 -0.192774
vn -0.739006 -0.590685 -0.323977
vt -0.083333 -0.253651
vn -0.262947 -0.830093 -0.491736
vt -0.083333 -0.208333
vn -0.263649 -0.881051 -0.392732
f 125/593/593 126/594/594 174/595/595 173/596/596
vt -0.250000 -0.192774
vn -0.739006 -0.590685 -0.323977
vt -0.250000 -0.223917
vn -0.742495 -0.544875 -0.389632
vt -0.083333 -0.294628
vn -0.262559 -0.763809 -0.589626
vt -0.083333 -0.253651
vn -0.262947 -0.830093 -0.491736
f 126/597/597 127/598/598 175/599/599 174/600/600
vt -0.250000 -0.223917
vn -0.742495 -0.544875 -0.389632
vt -0.250000 -0.251229
vn -0.746804 -0.486422 -0.453517
vt -0.083333 -0.330564
vn -0.262605 -0.680261 -0.684313
vt -0.083333 -0.294628
vn -0.262559 -0.763809 -0.589626
f 127/601/601 128/602/602 176/603/603 175/604/604
vt -0.250000 -0.142044
vn -0.746804 -0.486422 -0.453517
vt -0.250000 -0.116667
vn -0.751695 -0.414060 -0.513331
vt -0.083333 -0.166667
vn -0.263136 -0.577872 -0.772544
vt -0.083333 -0.202920
vn -0.262605 -0.680261 -0.684313
f 128/605/605 129/606/606 177/607/607 176/608/608
vt -0.250000 -0.116667
vn -0.751695 -0.414060 -0.513331
vt -0.250000 -0.089293
vn -0.756723 -0.327325 -0.565887
vt -0.083333 -0.127561
vn -0.264094 -0.456096 -0.849842
vt -0.083333 -0.166667
vn -0.263136 -0.577872 -0.772544
f 129/609/609 130/610/610 178/611/611 177/612/612
vt -0.250000 -0.089293
vn -0.756723 -0.327325 -0.565887
vt -0.250000 -0.060391
vn -0.761258 -0.227174 -0.607354
vt -0.083333 -0.086273
vn -0.265292 -0.316233 -0.910833
vt -0.083333 -0.127561
vn -0.264094 -0.456096 -0.849842
f 130/613/613 131/614/614 179/615/615 178/616/616
vt -0.250000 -0.060391
vn -0.761258 -0.227174 -0.607354
vt -0.250000 -0.030456
vn -0.764598 -0.116477 -0.633895
vt -0.083333 -0.043509
vn -0.266457 -0.162088 -0.950120
vt -0.083333 -0.086273
vn -0.265292 -0.316233 -0.910833
f 131/617/617 132/618/618 180/619/619 179/620/620
vt -0.250000 -0.030456
vn -0.764598 -0.116477 -0.633895
vt -0.250000 -0.000000
vn -0.766170 -0.000027 -0.642638
vt -0.083333 -0.000000
vn -0.267318 -0.000016 -0.963608
vt -0.083333 -0.043509
vn -0.266457 -0.162088 -0.950120
f 132/621/621 133/622/622 181/623/623 180/624/624
vt -0.250000 -0.000000
vn -0.766170 -0.000027 -0.642638
vt -0.250000 0.030456
vn -0.765721 0.116185 -0.632592
vt -0.083333 0.043509
vn -0.267722 0.161995 -0.949780
vt -0.083333 -0.000000
vn -0.267318 -0.000016 -0.963608
f 133/625/625 134/626/626 182/627/627 181/628/628
vt -0.250000 0.030456
vn -0.765721 0.116185 -0.632592
vt -0.250000 0.060391
vn -0.763414 0.226241 -0.604992
vt -0.083333 0.086273
vn -0.267692 0.315976 -0.910220
vt -0.083333 0.043509
vn -0.267722 0.161995 -0.949780
f 134/629/629 135/630/630 183/631/631 182/632/632
vt -0.250000 0.060391
vn -0.763414 0.226241 -0.604992
vt -0.250000 0.089293
vn -0.759740 0.325534 -0.562870
vt -0.083333 0.127561
vn -0.267395 0.455623 -0.849063
vt -0.083333 0.086273
vn -0.267692 0.315976 -0.910220
f 135/633/633 136/634/634 184/635/635 183/636/636
vt -0.250000 0.089293
vn -0.759740 0.325534 -0.562870
vt -0.250000 0.116667
vn -0.755336 0.411416 -0.510102
vt -0.083333 0.166667
vn -0.267041 0.577186 -0.771716
vt -0.083333 0.127561
vn -0.267395 0.455623 -0.849063
f 136/637/637 137/638/638 185/639/639 184/640/640
vt -0.250000 0.116667
vn -0.755336 0.411416 -0.510102
vt -0.250000 0.142044
vn -0.750794 0.483109 -0.450459
vt -0.083333 0.202920
vn -0.266796 0.679412 -0.683534
vt -0.083333 0.166667
vn -0.267041 0.577186 -0.771716
f 137/641/641 138/642/642 186/643/643 185/644/644
vt -0.250000 -0.251229
vn -0.750794 0.483109 -0.450459
vt -0.250000 -0.223917
vn -0.746546 0.541192 -0.387014
vt -0.083333 -0.294628
vn -0.266731 0.762875 -0.588962
vt -0.083333 -0.330564
vn -0.266796 0.679412 -0.683534
f 138/645/645 139/646/646 187/647/647 186/648/648
vt -0.250000 -0.223917
vn -0.746546 0.541192 -0.387014
vt -0.250000 -0.192774
vn -0.742843 0.586972 -0.321945
vt -0.083333 -0.253651
vn -0.266830 0.829158 -0.491222
vt -0.083333 -0.294628
vn -0.266731 0.762875 -0.588962
f 139/649/649 140/650/650 188/651/651 187/652/652
vt -0.250000 -0.192774
vn -0.742843 0.586972 -0.321945
vt -0.250000 -0.158333
vn -0.739783 0.621997 -0.256595
vt -0.083333 -0.208333
vn -0.267017 0.880196 -0.392374
vt -0.083333 -0.253651
vn -0.266830 0.829158 -0.491222
f 140/653/653 141/654/654 189/655/655 188/656/656
vt -0.250000 -0.158333
vn -0.739783 0.621997 -0.256595
vt -0.250000 -0.121183
vn -0.737369 0.647732 -0.191650
vt -0.083333 -0.159451
vn -0.267190 0.917843 -0.293555
vt -0.083333 -0.208333
vn -0.267017 0.880196 -0.392374
f 141/657/657 142/658/658 190/659/659 189/660/660
vt -0.250000 -0.121183
vn -0.737369 0.647732 -0.191650
vt -0.250000 -0.081959
vn -0.735555 0.665392 -0.127326
vt -0.083333 -0.107841
vn -0.267250 0.943642 -0.195238
vt -0.083333 -0.159451
vn -0.267190 0.917843 -0.293555
f 142/661/661 143/662/662 191/663/663 190/664/664
vt -0.250000 -0.081959
vn -0.735555 0.665392 -0.127326
vt -0.250000 -0.041333
vn -0.734290 0.675857 -0.063530
vt -0.083333 -0.054386
vn -0.267121 0.958722 -0.097458
vt -0.083333 -0.107841
vn -0.267250 0.943642 -0.195238
f 143/665/665 144/666/666 192/667/667 191/668/668
vt -0.250000 -0.041333
vn -0.734290 0.675857 -0.063530
vt -0.250000 0.000000
vn -0.733542 0.679644 0.000011
vt -0.083333 0.000000
vn -0.266763 0.963762 0.000006
vt -0.083333 -0.054386
vn -0.267121 0.958722 -0.097458
f 144/669/669 97/670/670 145/671/671 192/672/672
vt -0.083333 0.000000
vn -0.266763 0.963762 0.000006
vt -0.083333 0.054386
vn -0.266173 0.958982 0.097495
vt 0.083333 0.054386
vn 0.266374 0.958551 0.101120
vt 0.083333 0.000000
vn 0.266800 0.963752 0.000005
f 145/673/673 146/674/674 194/675/675 193/676/676
vt -0.083333 0.054386
vn -0.266173 0.958982 0.097495
vt -0.083333 0.107841
vn -0.265395 0.944143 0.195345
vt 0.083333 0.107841
vn 0.265849 0.942534 0.202369
vt 0.083333 0.054386
vn 0.266374 0.958551 0.101120
f 146/677/677 147/678/678 195/679/679 194/680/680
vt -0.083333 0.107841
vn -0.265395 0.944143 0.195345
vt -0.083333 0.159451
vn -0.264513 0.918548 0.293773
vt 0.083333 0.159451
vn 0.265282 0.915080 0.303734
vt 0.083333 0.107841
vn 0.265849 0.942534 0.202369
f 147/681/681 148/682/682 196/683/683 195/684/684
vt -0.083333 0.159451
vn -0.264513 0.918548 0.293773
vt -0.083333 0.208333
vn -0.263649 0.881051 0.392732
vt 0.083333 0.208333
vn 0.264754 0.875182 0.404923
vt 0.083333 0.159451
vn 0.265282 0.915080 0.303734
f 148/685/685 149/686/686 197/687/687 196/688/688
vt -0.083333 0.208333
vn -0.263649 0.881051 0.392732
vt -0.083333 0.253651
vn -0.262947 0.830093 0.491736
vt 0.083333 0.253651
vn 0.264353 0.821516 0.505202
vt 0.083333 0.208333
vn 0.264754 0.875182 0.404923
f 149/689/689 150/690/690 198/691/691 197/692/692
vt -0.083333 0.253651
vn -0.262947 0.830093 0.491736
vt -0.083333 0.294628
vn -0.262559 0.763809 0.589626
vt 0.083333 0.294628
vn 0.264166 0.752576 0.603196
vt 0.083333 0.253651
vn 0.264353 0.821516 0.505202
f 150/693/693 151/694/694 199/695/695 198/696/696
vt -0.083333 0.294628
vn -0.262559 0.763809 0.589626
vt -0.083333 0.330564
vn -0.262605 0.680261 0.684313
vt 0.083333 0.330564
vn 0.264253 0.666920 0.696698
vt 0.083333 0.294628
vn 0.264166 0.752576 0.603196
f 151/697/697 152/698/698 200/699/699 199/700/700
vt -0.083333 0.202920
vn -0.262605 0.680261 0.684313
vt -0.083333 0.166667
vn -0.263136 0.577872 0.772544
vt 0.083333 0.166667
vn 0.264629 0.563568 0.782536
vt 0.083333 0.202920
vn 0.264253 0.666920 0.696698
f 152/701/701 153/702/702 201/703/703 200/704/704
vt -0.083333 0.166667
vn -0.263136 0.577872 0.772544
vt -0.083333 0.127561
vn -0.264094 0.456096 0.849842
vt 0.083333 0.127561
vn 0.265244 0.442558 0.856615
vt 0.083333 0.166667
vn 0.264629 0.563568 0.782536
f 153/705/705 154/706/706 202/707/707 201/708/708
vt -0.083333 0.127561
vn -0.264094 0.456096 0.849842
vt -0.083333 0.086273
vn -0.265292 0.316233 0.910833
vt 0.083333 0.086273
vn 0.265989 0.305532 0.914276
vt 0.083333 0.127561
vn 0.265244 0.442558 0.856615
f 154/709/709 155/710/710 203/711/711 202/712/712
vt -0.083333 0.086273
vn -0.265292 0.316233 0.910833
vt -0.083333 0.043509
vn -0.266457 0.162088 0.950120
vt 0.083333 0.043509
vn 0.266714 0.156151 0.951042
vt 0.083333 0.086273
vn 0.265989 0.305532 0.914276
f 155/713/713 156/714/714 204/715/715 203/716/716
vt -0.083333 0.043509
vn -0.266457 0.162088 0.950120
vt -0.083333 0.000000
vn -0.267318 0.000016 0.963608
vt 0.083333 0.000000
vn 0.267279 0.000010 0.963619
vt 0.083333 0.043509
vn 0.266714 0.156151 0.951042
f 156/717/717 157/718/718 205/719/719 204/720/720
vt -0.083333 0.000000
vn -0.267318 0.000016 0.963608
vt -0.083333 -0.043509
vn -0.267722 -0.161995 0.949780
vt 0.083333 -0.043509
vn 0.267602 -0.156092 0.950802
vt 0.083333 0.000000
vn 0.267279 0.000010 0.963619
f 157/721/721 158/722/722 206/723/723 205/724/724
vt -0.083333 -0.043509
vn -0.267722 -0.161995 0.949780
vt -0.083333 -0.086273
vn -0.267692 -0.315976 0.910220
vt 0.083333 -0.086273
vn 0.267684 -0.305368 0.913836
vt 0.083333 -0.043509
vn 0.267602 -0.156092 0.950802
f 158/725/725 159/726/726 207/727/727 206/728/728
vt -0.083333 -0.086273
vn -0.267692 -0.315976 0.910220
vt -0.083333 -0.127561
vn -0.267395 -0.455623 0.849063
vt 0.083333 -0.127561
vn 0.267595 -0.442249 0.856043
vt 0.083333 -0.086273
vn 0.267684 -0.305368 0.913836
f 159/729/729 160/730/730 208/731/731 207/732/732
vt -0.083333 -0.127561
vn -0.267395 -0.455623 0.849063
vt -0.083333 -0.166667
vn -0.267041 -0.577186 0.771716
vt 0.083333 -0.166667
vn 0.267437 -0.563109 0.781911
vt 0.083333 -0.127561
vn 0.267595 -0.442249 0.856043
f 160/733/733 161/734/734 209/735/735 208/736/736
vt -0.083333 -0.166667
vn -0.267041 -0.577186 0.771716
vt -0.083333 -0.202920
vn -0.266796 -0.679412 0.683534
vt 0.083333 -0.202920
vn 0.267300 -0.666337 0.696093
vt 0.083333 -0.166667
vn 0.267437 -0.563109 0.781911
f 161/737/737 162/738/738 210/739/739 209/740/740
vt -0.083333 0.330564
vn -0.266796 -0.679412 0.683534
vt -0.083333 0.294628
vn -0.266731 -0.762875 0.588962
vt 0.083333 0.294628
vn 0.267231 -0.751918 0.602666
vt 0.083333 0.330564
vn 0.267300 -0.666337 0.696093
f 162/741/741 163/742/742 211/743/743 210/744/744
vt -0.083333 0.294628
vn -0.266731 -0.762875 0.588962
vt -0.083333 0.253651
vn -0.266830 -0.829158 0.491222
vt 0.083333 0.253651
vn 0.267233 -0.820842 0.504782
vt 0.083333 0.294628
vn 0.267231 -0.751918 0.602666
f 163/745/745 164/746/746 212/747/747 211/748/748
vt -0.083333 0.253651
vn -0.266830 -0.829158 0.491222
vt -0.083333 0.208333
vn -0.267017 -0.880196 0.392374
vt 0.083333 0.208333
vn 0.267273 -0.874554 0.404625
vt 0.083333 0.253651
vn 0.267233 -0.820842 0.504782
f 164/749/749 165/750/750 213/751/751 212/752/752
vt -0.083333 0.208333
vn -0.267017 -0.880196 0.392374
vt -0.083333 0.159451
vn -0.267190 -0.917843 0.293555
vt 0.083333 0.159451
vn 0.267297 -0.914554 0.303550
vt 0.083333 0.208333
vn 0.267273 -0.874554 0.404625
f 165/753/753 166/754/754 214/755/755 213/756/756
vt -0.083333 0.159451
vn -0.267190 -0.917843 0.293555
vt -0.083333 0.107841
vn -0.267250 -0.943642 0.195238
vt 0.083333 0.107841
vn 0.267252 -0.942157 0.202278
vt 0.083333 0.159451
vn 0.267297 -0.914554 0.303550
f 166/757/757 167/758/758 215/759/759 214/760/760
vt -0.083333 0.107841
vn -0.267250 -0.943642 0.195238
vt -0.083333 0.054386
vn -0.267121 -0.958722 0.097458
vt 0.083333 0.054386
vn 0.267094 -0.958354 0.101089
vt 0.083333 0.107841
vn 0.267252 -0.942157 0.202278
f 167/761/761 168/762/762 216/763/763 215/764/764
vt -0.083333 0.054386
vn -0.267121 -0.958722 0.097458
vt -0.083333 0.000000
vn -0.266763 -0.963762 -0.000006
vt 0.083333 0.000000
vn 0.266800 -0.963752 -0.000005
vt 0.083333 0.054386
vn 0.267094 -0.958354 0.101089
f 168/765/765 169/766/766 217/767/767 216/768/768
vt -0.083333 0.000000
vn -0.266763 -0.963762 -0.000006
vt -0.083333 -0.054386
vn -0.266173 -0.958982 -0.097495
vt 0.083333 -0.054386
vn 0.266374 -0.958551 -0.101120
vt 0.083333 0.000000
vn 0.266800 -0.963752 -0.000005
f 169/769/769 170/770/770 218/771/771 217/772/772
vt -0.083333 -0.054386
vn -0.266173 -0.958982 -0.097495
vt -0.083333 -0.107841
vn -0.265395 -0.944143 -0.195345
vt 0.083333 -0.107841
vn 0.265849 -0.942534 -0.202369
vt 0.083333 -0.054386
vn 0.266374 -0.958551 -0.101120
f 170/773/773 171/774/774 219/775/775 218/776/776
vt -0.083333 -0.107841
vn -0.265395 -0.944143 -0.195345
vt -0.083333 -0.159451
vn -0.264513 -0.918548 -0.293773
vt 0.083333 -0.159451
vn 0.265282 -0.915080 -0.303734
vt 0.083333 -0.107841
vn 0.265849 -0.942534 -0.202369
f 171/777/777 172/778/778 220/779/779 219/780/780
vt -0.083333 -0.159451
vn -0.264513 -0.918548 -0.293773
vt -0.083333 -0.208333
vn -0.263649 -0.881051 -0.392732
vt 0.083333 -0.208333
vn 0.264754 -0.875182 -0.404923
vt 0.083333 -0.159451
vn 0.265282 -0.915080 -0.303734
f 172/781/781 173/782/782 221/783/783 220/784/784
vt -0.083333 -0.208333
vn -0.263649 -0.881051 -0.392732
vt -0.083333 -0.253651
vn -0.262947 -0.830093 -0.491736
vt 0.083333 -0.253651
vn 0.264353 -0.821516 -0.505202
vt 0.083333 -0.208333
vn 0.264754 -0.875182 -0.404923
f 173/785/785 174/786/786 222/787/787 221/788/788
vt -0.083333 -0.253651
vn -0.262947 -0.830093 -0.491736
vt -0.083333 -0.294628
vn -0.262559 -0.763809 -0.589626
vt 0.083333 -0.294628
vn 0.264166 -0.752576 -0.603196
vt 0.083333 -0.253651
vn 0.264353 -0.821516 -0.505202
f 174/789/789 175/790/790 223/791/791 222/792/792
vt -0.083333 -0.294628
vn -0.262559 -0.763809 -0.589626
vt -0.083333 -0.330564
vn -0.262605 -0.680261 -0.684313
vt 0.083333 -0.330564
vn 0.264253 -0.666920 -0.696698
vt 0.083333 -0.294628
vn 0.264166 -0.752576 -0.603196
f 175/793/793 176/794/794 224/795/795 223/796/796
vt -0.083333 -0.202920
vn -0.262605 -0.680261 -0.684313
vt -0.083333 -0.166667
vn -0.263136 -0.577872 -0.772544
vt 0.083333 -0.166667
vn 0.264629 -0.563568 -0.782536
vt 0.083333 -0.202920
vn 0.264253 -0.666920 -0.696698
f 176/797/797 177/798/798 225/799/799 224/800/800
vt -0.083333 -0.166667
vn -0.263136 -0.577872 -0.772544
vt -0.083333 -0.127561
vn -0.264094 -0.456096 -0.849842
vt 0.083333 -0.127561
vn 0.265244 -0.442558 -0.856615
vt 0.083333 -0.166667
vn 0.264629 -0.563568 -0.782536
f 177/801/801 178/802/802 226/803/803 225/804/804
vt -0.083333 -0.127561
vn -0.264094 -0.456096 -0.849842
vt -0.083333 -0.086273
vn -0.265292 -0.316233 -0.910833
vt 0.083333 -0.086273
vn 0.265989 -0.305532 -0.914276
vt 0.083333 -0.127561
vn 0.265244 -0.442558 -0.856615
f 178/805/805 179/806/806 227/807/807 226/808/808
vt -0.083333 -0.086273
vn -0.265292 -0.316233 -0.910833
vt -0.083333 -0.043509
vn -0.266457 -0.162088 -0.950120
vt 0.083333 -0.043509
vn 0.266714 -0.156151 -0.951042
vt 0.083333 -0.086273
vn 0.265989 -0.305532 -0.914276
f 179/809/809 180/810/810 228/811/811 227/812/812
vt -0.083333 -0.043509
vn -0.266457 -0.162088 -0.950120
vt -0.083333 -0.000000
vn -0.267318 -0.000016 -0.963608
vt 0.083333 -0.000000
vn 0.267279 -0.000010 -0.963619
vt 0.083333 -0.043509
vn 0.266714 -0.156151 -0.951042
f 180/813/813 181/814/814 229/815/815 228/816/816
vt -0.083333 -0.000000
vn -0.267318 -0.000016 -0.963608
vt -0.083333 0.043509
vn -0.267722 0.161995 -0.949780
vt 0.083333 0.043509
vn 0.267602 0.156092 -0.950802
vt 0.083333 -0.000000
vn 0.267279 -0.000010 -0.963619
f 181/817/817 182/818/818 230/819/819 229/820/820
vt -0.083333 0.043509
vn -0.267722 0.161995 -0.949780
vt -0.083333 0.086273
vn -0.267692 0.315976 -0.910220
vt 0.083333 0.086273
vn 0.267684 0.305368 -0.913836
vt 0.083333 0.043509
vn 0.267602 0.156092 -0.950802
f 182/821/821 183/822/822 231/823/823 230/824/824
vt -0.083333 0.086273
vn -0.267692 0.315976 -0.910220
vt -0.083333 0.127561
vn -0.267395 0.455623 -0.849063
vt 0.083333 0.127561
vn 0.267595 0.442249 -0.856043
vt 0.083333 0.086273
vn 0.267684 0.305368 -0.913836
f 183/825/825 184/826/826 232/827/827 231/828/828
vt -0.083333 0.127561
vn -0.267395 0.455623 -0.849063
vt -0.083333 0.166667
vn -0.267041 0.577186 -0.771716
vt 0.083333 0.166667
vn 0.267437 0.563109 -0.781911
vt 0.083333 0.127561
vn 0.267595 0.442249 -0.856043
f 184/829/829 185/830/830 233/831/831 232/832/832
vt -0.083333 0.166667
vn -0.267041 0.577186 -0.771716
vt -0.083333 0.202920
vn -0.266796 0.679412 -0.683534
vt 0.083333 0.202920
vn 0.267300 0.666337 -0.696093
vt 0.083333 0.166667
vn 0.267437 0.563109 -0.781911
f 185/833/833 186/834/834 234/835/835 233/836/836
vt -0.083333 -0.330564
vn -0.266796 0.679412 -0.683534
vt -0.083333 -0.294628
vn -0.266731 0.762875 -0.588962
vt 0.083333 -0.294628
vn 0.267231 0.751918 -0.602666
vt 0.083333 -0.330564
vn 0.267300 0.666337 -0.696093
f 186/837/837 187/838/838 235/839/839 234/840/840
vt -0.083333 -0.294628
vn -0.266731 0.762875 -0.588962
vt -0.083333 -0.253651
vn -0.266830 0.829158 -0.491222
vt 0.083333 -0.253651
vn 0.267233 0.820842 -0.504782
vt 0.083333 -0.294628
vn 0.267231 0.751918 -0.602666
f 187/841/841 188/842/842 236/843/843 235/844/844
vt -0.083333 -0.253651
vn -0.266830 0.829158 -0.491222
vt -0.083333 -0.208333
vn -0.267017 0.880196 -0.392374
vt 0.083333 -0.208333
vn 0.267273 0.874554 -0.404625
vt 0.083333 -0.253651
vn 0.267233 0.820842 -0.504782
f 188/845/845 189/846/846 237/847/847 236/848/848
vt -0.083333 -0.208333
vn -0.267017 0.880196 -0.392374
vt -0.083333 -0.159451
vn -0.267190 0.917843 -0.293555
vt 0.083333 -0.159451
vn 0.267297 0.914554 -0.303550
vt 0.083333 -0.208333
vn 0.267273 0.874554 -0.404625
f 189/849/849 190/850/850 238/851/851 237/852/852
vt -0.083333 -0.159451
vn -0.267190 0.917843 -0.293555
vt -0.083333 -0.107841
vn -0.267250 0.943642 -0.195238
vt 0.083333 -0.107841
vn 0.267252 0.942157 -0.202278
vt 0.083333 -0.159451
vn 0.267297 0.914554 -0.303550
f 190/853/853 191/854/854 239/855/855 238/856/856
vt -0.083333 -0.107841
vn -0.267250 0.943642 -0.195238
vt -0.083333 -0.054386
vn -0.267121 0.958722 -0.097458
vt 0.083333 -0.054386
vn 0.267094 0.958354 -0.101089
vt 0.083333 -0.107841
vn 0.267252 0.942157 -0.202278
f 191/857/857 192/858/858 240/859/859 239/860/860
vt -0.083333 -0.054386
vn -0.267121 0.958722 -0.097458
vt -0.083333 0.000000
vn -0.266763 0.963762 0.000006
vt 0.083333 0.000000
vn 0.266800 0.963752 0.000005
vt 0.083333 -0.054386
vn 0.267094 0.958354 -0.101089
f 192/861/861 145/862/862 193/863/863 240/864/864
vt 0.083333 0.000000
vn 0.266800 0.963752 0.000005
vt 0.083333 0.054386
vn 0.266374 0.958551 0.101120
vt 0.250000 0.041333
vn 0.733737 0.675885 0.069358
vt 0.250000 0.000000
vn 0.733646 0.679531 0.000007
f 193/865/865 194/866/866 242/867/867 241/868/868
vt 0.083333 0.054386
vn 0.266374 0.958551 0.101120
vt 0.083333 0.107841
vn 0.265849 0.942534 0.202369
vt 0.250000 0.081959
vn 0.734625 0.664141 0.138719
vt 0.250000 0.041333
vn 0.733737 0.675885 0.069358
f 194/869/869 195/870/870 243/871/871 242/872/872
vt 0.083333 0.107841
vn 0.265849 0.942534 0.202369
vt 0.083333 0.159451
vn 0.265282 0.915080 0.303734
vt 0.250000 0.121183
vn 0.736317 0.643893 0.207940
vt 0.250000 0.081959
vn 0.734625 0.664141 0.138719
f 195/873/873 196/874/874 244/875/875 243/876/876
vt 0.083333 0.159451
vn 0.265282 0.915080 0.303734
vt 0.083333 0.208333
vn 0.264754 0.875182 0.404923
vt 0.250000 0.158333
vn 0.738799 0.614512 0.276680
vt 0.250000 0.121183
vn 0.736317 0.643893 0.207940
f 196/877/877 197/878/878 245/879/879 244/880/880
vt 0.083333 0.208333
vn 0.264754 0.875182 0.404923
vt 0.083333 0.253651
vn 0.264353 0.821516 0.505202
vt 0.250000 0.192774
vn 0.742020 0.575203 0.344307
vt 0.250000 0.158333
vn 0.738799 0.614512 0.276680
f 197/881/881 198/882/882 246/883/883 245/884/884
vt 0.083333 0.253651
vn 0.264353 0.821516 0.505202
vt 0.083333 0.294628
vn 0.264166 0.752576 0.603196
vt 0.250000 0.223917
vn 0.745873 0.525117 0.409787
vt 0.250000 0.192774
vn 0.742020 0.575203 0.344307
f 198/885/885 199/886/886 247/887/887 246/888/888
vt 0.083333 0.294628
vn 0.264166 0.752576 0.603196
vt 0.083333 0.330564
vn 0.264253 0.666920 0.696698
vt 0.250000 0.251229
vn 0.750167 0.463525 0.471587
vt 0.250000 0.223917
vn 0.745873 0.525117 0.409787
f 199/889/889 200/890/890 248/891/891 247/892/892
vt 0.083333 0.202920
vn 0.264253 0.666920 0.696698
vt 0.083333 0.166667
vn 0.264629 0.563568 0.782536
vt 0.250000 0.116667
vn 0.754616 0.390068 0.527638
vt 0.250000 0.142044
vn 0.750167 0.463525 0.471587
f 200/893/893 201/894/894 249/895/895 248/896/896
vt 0.083333 0.166667
vn 0.264629 0.563568 0.782536
vt 0.083333 0.127561
vn 0.265244 0.442558 0.856615
vt 0.250000 0.089293
vn 0.758845 0.305076 0.575398
vt 0.250000 0.116667
vn 0.754616 0.390068 0.527638
f 201/897/897 202/898/898 250/899/899 249/900/900
vt 0.083333 0.127561
vn 0.265244 0.442558 0.856615
vt 0.083333 0.086273
vn 0.265989 0.305532 0.914276
vt 0.250000 0.060391
vn 0.762419 0.209883 0.612100
vt 0.250000 0.089293
vn 0.758845 0.305076 0.575398
f 202/901/901 203/902/902 251/903/903 250/904/904
vt 0.083333 0.086273
vn 0.265989 0.305532 0.914276
vt 0.083333 0.043509
vn 0.266714 0.156151 0.951042
vt 0.250000 0.030456
vn 0.764917 0.106998 0.635180
vt 0.250000 0.060391
vn 0.762419 0.209883 0.612100
f 203/905/905 204/906/906 252/907/907 251/908/908
vt 0.083333 0.043509
vn 0.266714 0.156151 0.951042
vt 0.083333 0.000000
vn 0.267279 0.000010 0.963619
vt 0.250000 0.000000
vn 0.766018 0.000013 0.642819
vt 0.250000 0.030456
vn 0.764917 0.106998 0.635180
f 204/909/909 205/910/910 253/911/911 252/912/912
vt 0.083333 0.000000
vn 0.267279 0.000010 0.963619
vt 0.083333 -0.043509
vn 0.267602 -0.156092 0.950802
vt 0.250000 -0.030456
vn 0.765589 -0.106841 0.634397
vt 0.250000 0.000000
vn 0.766018 0.000013 0.642819
f 205/913/913 206/914/914 254/915/915 253/916/916
vt 0.083333 -0.043509
vn 0.267602 -0.156092 0.950802
vt 0.083333 -0.086273
vn 0.267684 -0.305368 0.913836
vt 0.250000 -0.060391
vn 0.763710 -0.209371 0.610664
vt 0.250000 -0.030456
vn 0.765589 -0.106841 0.634397
f 206/917/917 207/918/918 255/919/919 254/920/920
vt 0.083333 -0.086273
vn 0.267684 -0.305368 0.913836
vt 0.083333 -0.127561
vn 0.267595 -0.442249 0.856043
vt 0.250000 -0.089293
vn 0.760654 -0.304078 0.573535
vt 0.250000 -0.060391
vn 0.763710 -0.209371 0.610664
f 207/921/921 208/922/922 256/923/923 255/924/924
vt 0.083333 -0.127561
vn 0.267595 -0.442249 0.856043
vt 0.083333 -0.166667
vn 0.267437 -0.563109 0.781911
vt 0.250000 -0.116667
vn 0.756805 -0.388565 0.525607
vt 0.250000 -0.089293
vn 0.760654 -0.304078 0.573535
f 208/925/925 209/926/926 257/927/927 256/928/928
vt 0.083333 -0.166667
vn 0.267437 -0.563109 0.781911
vt 0.083333 -0.202920
vn 0.267300 -0.666337 0.696093
vt 0.250000 -0.142044
vn 0.752575 -0.461607 0.469628
vt 0.250000 -0.116667
vn 0.756805 -0.388565 0.525607
f 209/929/929 210/930/930 258/931/931 257/932/932
vt 0.083333 0.330564
vn 0.267300 -0.666337 0.696093
vt 0.083333 0.294628
vn 0.267231 -0.751918 0.602666
vt 0.250000 0.223917
vn 0.748329 -0.522947 0.408080
vt 0.250000 0.251229
vn 0.752575 -0.461607 0.469628
f 210/933/933 211/934/934 259/935/935 258/936/936
vt 0.083333 0.294628
vn 0.267231 -0.751918 0.602666
vt 0.083333 0.253651
vn 0.267233 -0.820842 0.504782
vt 0.250000 0.192774
vn 0.744358 -0.572981 0.342962
vt 0.250000 0.223917
vn 0.748329 -0.522947 0.408080
f 211/937/937 212/938/938 260/939/939 259/940/940
vt 0.083333 0.253651
vn 0.267233 -0.820842 0.504782
vt 0.083333 0.208333
vn 0.267273 -0.874554 0.404625
vt 0.250000 0.158333
vn 0.740867 -0.612444 0.275733
vt 0.250000 0.192774
vn 0.744358 -0.572981 0.342962
f 212/941/941 213/942/942 261/943/943 260/944/944
vt 0.083333 0.208333
vn 0.267273 -0.874554 0.404625
vt 0.083333 0.159451
vn 0.267297 -0.914554 0.303550
vt 0.250000 0.121183
vn 0.737986 -0.642165 0.207366
vt 0.250000 0.158333
vn 0.740867 -0.612444 0.275733
f 213/945/945 214/946/946 262/947/947 261/948/948
vt 0.083333 0.159451
vn 0.267297 -0.914554 0.303550
vt 0.083333 0.107841
vn 0.267252 -0.942157 0.202278
vt 0.250000 0.081959
vn 0.735795 -0.662902 0.138445
vt 0.250000 0.121183
vn 0.737986 -0.642165 0.207366
f 214/949/949 215/950/950 263/951/951 262/952/952
vt 0.083333 0.107841
vn 0.267252 -0.942157 0.202278
vt 0.083333 0.054386
vn 0.267094 -0.958354 0.101089
vt 0.250000 0.041333
vn 0.734339 -0.675238 0.069277
vt 0.250000 0.081959
vn 0.735795 -0.662902 0.138445
f 215/953/953 216/954/954 264/955/955 263/956/956
vt 0.083333 0.054386
vn 0.267094 -0.958354 0.101089
vt 0.083333 0.000000
vn 0.266800 -0.963752 -0.000005
vt 0.250000 0.000000
vn 0.733646 -0.679531 -0.000007
vt 0.250000 0.041333
vn 0.734339 -0.675238 0.069277
f 216/957/957 217/958/958 265/959/959 264/960/960
vt 0.083333 0.000000
vn 0.266800 -0.963752 -0.000005
vt 0.083333 -0.054386
vn 0.266374 -0.958551 -0.101120
vt 0.250000 -0.041333
vn 0.733737 -0.675885 -0.069358
vt 0.250000 0.000000
vn 0.733646 -0.679531 -0.000007
f 217/961/961 218/962/962 266/963/963 265/964/964
vt 0.083333 -0.054386
vn 0.266374 -0.958551 -0.101120
vt 0.083333 -0.107841
vn 0.265849 -0.942534 -0.202369
vt 0.250000 -0.081959
vn 0.734625 -0.664141 -0.138719
vt 0.250000 -0.041333
vn 0.733737 -0.675885 -0.069358
f 218/965/965 219/966/966 267/967/967 266/968/968
vt 0.083333 -0.107841
vn 0.265849 -0.942534 -0.202369
vt 0.083333 -0.159451
vn 0.265282 -0.915080 -0.303734
vt 0.250000 -0.121183
vn 0.736317 -0.643893 -0.207940
vt 0.250000 -0.081959
vn 0.734625 -0.664141 -0.138719
f 219/969/969 220/970/970 268/971/971 267/972/972
vt 0.083333 -0.159451
vn 0.265282 -0.915080 -0.303734
vt 0.083333 -0.208333
vn 0.264754 -0.875182 -0.404923
vt 0.250000 -0.158333
vn 0.738799 -0.614512 -0.276680
vt 0.250000 -0.121183
vn 0.736317 -0.643893 -0.207940
f 220/973/973 221/974/974 269/975/975 268/976/976
vt 0.083333 -0.208333
vn 0.264754 -0.875182 -0.404923
vt 0.083333 -0.253651
vn 0.264353 -0.821516 -0.505202
vt 0.250000 -0.192774
vn 0.742020 -0.575203 -0.344307
vt 0.250000 -0.158333
vn 0.738799 -0.614512 -0.276680
f 221/977/977 222/978/978 270/979/979 269/980/980
vt 0.083333 -0.253651
vn 0.264353 -0.821516 -0.505202
vt 0.083333 -0.294628
vn 0.264166 -0.752576 -0.603196
vt 0.250000 -0.223917
vn 0.745873 -0.525117 -0.409787
vt 0.250000 -0.192774
vn 0.742020 -0.575203 -0.344307
f 222/981/981 223/982/982 271/983/983 270/984/984
vt 0.083333 -0.294628
vn 0.264166 -0.752576 -0.603196
vt 0.083333 -0.330564
vn 0.264253 -0.666920 -0.696698
vt 0.250000 -0.251229
vn 0.750167 -0.463525 -0.471587
vt 0.250000 -0.223917
vn 0.745873 -0.525117 -0.409787
f 223/985/985 224/986/986 272/987/987 271/988/988
vt 0.083333 -0.202920
vn 0.264253 -0.666920 -0.696698
vt 0.083333 -0.166667
vn 0.264629 -0.563568 -0.782536
vt 0.250000 -0.116667
vn 0.754616 -0.390068 -0.527638
vt 0.250000 -0.142044
vn 0.750167 -0.463525 -0.471587
f 224/989/989 225/990/990 273/991/991 272/992/992
vt 0.083333 -0.166667
vn 0.264629 -0.563568 -0.782536
vt 0.083333 -0.127561
vn 0.265244 -0.442558 -0.856615
vt 0.250000 -0.089293
vn 0.758845 -0.305076 -0.575398
vt 0.250000 -0.116667
vn 0.754616 -0.390068 -0.527638
f 225/993/993 226/994/994 274/995/995 273/996/996
vt 0.083333 -0.127561
vn 0.265244 -0.442558 -0.856615
vt 0.083333 -0.086273
vn 0.265989 -0.305532 -0.914276
vt 0.250000 -0.060391
vn 0.762419 -0.209883 -0.612100
vt 0.250000 -0.089293
vn 0.758845 -0.305076 -0.575398
f 226/997/997 227/998/998 275/999/999 274/1000/1000
vt 0.083333 -0.086273
vn 0.265989 -0.305532 -0.914276
vt 0.083333 -0.043509
vn 0.266714 -0.156151 -0.951042
vt 0.250000 -0.030456
vn 0.764917 -0.106998 -0.635180
vt 0.250000 -0.060391
vn 0.762419 -0.209883 -0.612100
f 227/1001/1001 228/1002/1002 276/1003/1003 275/1004/1004
vt 0.083333 -0.043509
vn 0.266714 -0.156151 -0.951042
vt 0.083333 -0.000000
vn 0.267279 -0.000010 -0.963619
vt 0.250000 -0.000000
vn 0.766018 -0.000013 -0.642819
vt 0.250000 -0.030456
vn 0.764917 -0.106998 -0.635180
f 228/1005/1005 229/1006/1006 277/1007/1007 276/1008/1008
vt 0.083333 -0.000000
vn 0.267279 -0.000010 -0.963619
vt 0.083333 0.043509
vn 0.267602 0.156092 -0.950802
vt 0.250000 0.030456
vn 0.765589 0.106841 -0.634397
vt 0.250000 -0.000000
vn 0.766018 -0.000013 -0.642819
f 229/1009/1009 230/1010/1010 278/1011/1011 277/1012/1012
vt 0.083333 0.043509
vn 0.267602 0.156092 -0.950802
vt 0.083333 0.086273
vn 0.267684 0.305368 -0.913836
vt 0.250000 0.060391
vn 0.763710 0.209371 -0.610664
vt 0.250000 0.030456
vn 0.765589 0.106841 -0.634397
f 230/1013/1013 231/1014/1014 279/1015/1015 278/1016/1016
vt 0.083333 0.086273
vn 0.267684 0.305368 -0.913836
vt 0.083333 0.127561
vn 0.267595 0.442249 -0.856043
vt 0.250000 0.089293
vn 0.760654 0.304078 -0.573535
vt 0.250000 0.060391
vn 0.763710 0.209371 -0.610664
f 231/1017/1017 232/1018/1018 280/1019/1019 279/1020/1020
vt 0.083333 0.127561
vn 0.267595 0.442249 -0.856043
vt 0.083333 0.166667
vn 0.267437 0.563109 -0.781911
vt 0.250000 0.116667
vn 0.756805 0.388565 -0.525607
vt 0.250000 0.089293
vn 0.760654 0.304078 -0.573535
f 232/1021/1021 233/1022/1022 281/1023/1023 280/1024/1024
vt 0.083333 0.166667
vn 0.267437 0.563109 -0.781911
vt 0.083333 0.202920
vn 0.267300 0.666337 -0.696093
vt 0.250000 0.142044
vn 0.752575 0.461607 -0.469628
vt 0.250000 0.116667
vn 0.756805 0.388565 -0.525607
f 233/1025/1025 234/1026/1026 282/1027/1027 281/1028/1028
vt 0.083333 -0.330564
vn 0.267300 0.666337 -0.696093
vt 0.083333 -0.294628
vn 0.267231 0.751918 -0.602666
vt 0.250000 -0.223917
vn 0.748329 0.522947 -0.408080
vt 0.250000 -0.251229
vn 0.752575 0.461607 -0.469628
f 234/1029/1029 235/1030/1030 283/1031/1031 282/1032/1032
vt 0.083333 -0.294628
vn 0.267231 0.751918 -0.602666
vt 0.083333 -0.253651
vn 0.267233 0.820842 -0.504782
vt 0.250000 -0.192774
vn 0.744358 0.572981 -0.342962
vt 0.250000 -0.223917
vn 0.748329 0.522947 -0.408080
f 235/1033/1033 236/1034/1034 284/1035/1035 283/1036/1036
vt 0.083333 -0.253651
vn 0.267233 0.820842 -0.504782
vt 0.083333 -0.208333
vn 0.267273 0.874554 -0.404625
vt 0.250000 -0.158333
vn 0.740867 0.612444 -0.275733
vt 0.250000 -0.192774
vn 0.744358 0.572981 -0.342962
f 236/1037/1037 237/1038/1038 285/1039/1039 284/1040/1040
vt 0.083333 -0.208333
vn 0.267273 0.874554 -0.404625
vt 0.083333 -0.159451
vn 0.267297 0.914554 -0.303550
vt 0.250000 -0.121183
vn 0.737986 0.642165 -0.207366
vt 0.250000 -0.158333
vn 0.740867 0.612444 -0.275733
f 237/1041/1041 238/1042/1042 286/1043/1043 285/1044/1044
vt 0.083333 -0.159451
vn 0.267297 0.914554 -0.303550
vt 0.083333 -0.107841
vn 0.267252 0.942157 -0.202278
vt 0.250000 -0.081959
vn 0.735795 0.662902 -0.138445
vt 0.250000 -0.121183
vn 0.737986 0.642165 -0.207366
f 238/1045/1045 239/1046/1046 287/1047/1047 286/1048/1048
vt 0.083333 -0.107841
vn 0.267252 0.942157 -0.202278
vt 0.083333 -0.054386
vn 0.267094 0.958354 -0.101089
vt 0.250000 -0.041333
vn 0.734339 0.675238 -0.069277
vt 0.250000 -0.081959
vn 0.735795 0.662902 -0.138445
f 239/1049/1049 240/1050/1050 288/1051/1051 287/1052/1052
vt 0.083333 -0.054386
vn 0.267094 0.958354 -0.101089
vt 0.083333 0.000000
vn 0.266800 0.963752 0.000005
vt 0.250000 0.000000
vn 0.733646 0.679531 0.000007
vt 0.250000 -0.041333
vn 0.734339 0.675238 -0.069277
f 240/1053/1053 193/1054/1054 241/1055/1055 288/1056/1056
vt 0.233333 0.000000
vn 0.733646 0.679531 0.000007
vt 0.231337 0.041333
vn 0.733737 0.675885 0.069358
vt 0.066096 0.013053
vn 0.678195 0.731863 0.066537
vt 0.066667 0.000000
vn 0.677165 0.735831 0.000002
f 241/1057/1057 242/1058/1058 290/1059/1059 289/1060/1060
vt 0.231337 0.041333
vn 0.733737 0.675885 0.069358
vt 0.225383 0.081959
vn 0.734625 0.664141 0.138719
vt 0.064395 0.025882
vn 0.681377 0.719718 0.133154
vt 0.066096 0.013053
vn 0.678195 0.731863 0.066537
f 242/1061/1061 243/1062/1062 291/1063/1063 290/1064/1064
vt 0.225383 0.081959
vn 0.734625 0.664141 0.138719
vt 0.215572 0.121183
vn 0.736317 0.643893 0.207940
vt 0.061592 0.038268
vn 0.686664 0.698964 0.199855
vt 0.064395 0.025882
vn 0.681377 0.719718 0.133154
f 243/1065/1065 244/1066/1066 292/1067/1067 291/1068/1068
vt 0.215572 0.121183
vn 0.736317 0.643893 0.207940
vt 0.202073 0.158333
vn 0.738799 0.614512 0.276680
vt 0.057735 0.050000
vn 0.693952 0.668887 0.266495
vt 0.061592 0.038268
vn 0.686664 0.698964 0.199855
f 244/1069/1069 245/1070/1070 293/1071/1071 292/1072/1072
vt 0.202073 0.158333
vn 0.738799 0.614512 0.276680
vt 0.185116 0.192774
vn 0.742020 0.575203 0.344307
vt 0.052890 0.060876
vn 0.703054 0.628522 0.332680
vt 0.057735 0.050000
vn 0.693952 0.668887 0.266495
f 245/1073/1073 246/1074/1074 294/1075/1075 293/1076/1076
vt 0.185116 0.192774
vn 0.742020 0.575203 0.344307
vt 0.164992 0.223917
vn 0.745873 0.525117 0.409787
vt 0.047140 0.070711
vn 0.713653 0.576705 0.397633
vt 0.052890 0.060876
vn 0.703054 0.628522 0.332680
f 246/1077/1077 247/1078/1078 295/1079/1079 294/1080/1080
vt 0.164992 0.223917
vn 0.745873 0.525117 0.409787
vt 0.142044 0.251229
vn 0.750167 0.463525 0.471587
vt 0.040584 0.079335
vn 0.725252 0.512222 0.460042
vt 0.047140 0.070711
vn 0.713653 0.576705 0.397633
f 247/1081/1081 248/1082/1082 296/1083/1083 295/1084/1084
vt 0.142044 0.251229
vn 0.750167 0.463525 0.471587
vt 0.116667 0.274241
vn 0.754616 0.390068 0.527638
vt 0.033333 0.086603
vn 0.737123 0.434084 0.517900
vt 0.040584 0.079335
vn 0.725252 0.512222 0.460042
f 248/1085/1085 249/1086/1086 297/1087/1087 296/1088/1088
vt 0.116667 0.274241
vn 0.754616 0.390068 0.527638
vt 0.089293 0.292562
vn 0.758845 0.305076 0.575398
vt 0.025512 0.092388
vn 0.748287 0.341968 0.568440
vt 0.033333 0.086603
vn 0.737123 0.434084 0.517900
f 249/1089/1089 250/1090/1090 298/1091/1091 297/1092/1092
vt 0.089293 0.292562
vn 0.758845 0.305076 0.575398
vt 0.060391 0.305877
vn 0.762419 0.209883 0.612100
vt 0.017255 0.096593
vn 0.757568 0.236804 0.608288
vt 0.025512 0.092388
vn 0.748287 0.341968 0.568440
f 250/1093/1093 251/1094/1094 299/1095/1095 298/1096/1096
vt 0.060391 0.305877
vn 0.762419 0.209883 0.612100
vt 0.030456 0.313958
vn 0.764917 0.106998 0.635180
vt 0.008702 0.099144
vn 0.763775 0.121293 0.633985
vt 0.017255 0.096593
vn 0.757568 0.236804 0.608288
f 251/1097/1097 252/1098/1098 300/1099/1099 299/1100/1100
vt 0.030456 0.313958
vn 0.764917 0.106998 0.635180
vt 0.000000 0.316667
vn 0.766018 0.000013 0.642819
vt 0.000000 0.100000
vn 0.765986 0.000003 0.642857
vt 0.008702 0.099144
vn 0.763775 0.121293 0.633985
f 252/1101/1101 253/1102/1102 301/1103/1103 300/1104/1104
vt 0.000000 0.316667
vn 0.766018 0.000013 0.642819
vt -0.030456 0.313958
vn 0.765589 -0.106841 0.634397
vt -0.008702 0.099144
vn 0.763855 -0.121272 0.633892
vt 0.000000 0.100000
vn 0.765986 0.000003 0.642857
f 253/1105/1105 254/1106/1106 302/1107/1107 301/1108/1108
vt -0.030456 0.313958
vn 0.765589 -0.106841 0.634397
vt -0.060391 0.305877
vn 0.763710 -0.209371 0.610664
vt -0.017255 0.096593
vn 0.757728 -0.236738 0.608115
vt -0.008702 0.099144
vn 0.763855 -0.121272 0.633892
f 254/1109/1109 255/1110/1110 303/1111/1111 302/1112/1112
vt -0.060391 0.305877
vn 0.763710 -0.209371 0.610664
vt -0.089293 0.292562
vn 0.760654 -0.304078 0.573535
vt -0.025512 0.092388
vn 0.748519 -0.341839 0.568212
vt -0.017255 0.096593
vn 0.757728 -0.236738 0.608115
f 255/1113/1113 256/1114/1114 304/1115/1115 303/1116/1116
vt -0.089293 0.292562
vn 0.760654 -0.304078 0.573535
vt -0.116667 0.274241
vn 0.756805 -0.388565 0.525607
vt -0.033333 0.086603
vn 0.737418 -0.433887 0.517646
vt -0.025512 0.092388
vn 0.748519 -0.341839 0.568212
f 256/1117/1117 257/1118/1118 305/1119/1119 304/1120/1120
vt -0.116667 0.274241
vn 0.756805 -0.388565 0.525607
vt -0.142044 0.251229
vn 0.752575 -0.461607 0.469628
vt -0.040584 0.079335
vn 0.725593 -0.511965 0.459790
vt -0.033333 0.086603
vn 0.737418 -0.433887 0.517646
f 257/1121/1121 258/1122/1122 306/1123/1123 305/1124/1124
vt -0.142044 0.251229
vn 0.752575 -0.461607 0.469628
vt -0.164992 0.223917
vn 0.748329 -0.522947 0.408080
vt -0.047140 0.070711
vn 0.714018 -0.576407 0.397408
vt -0.040584 0.079335
vn 0.725593 -0.511965 0.459790
f 258/1125/1125 259/1126/1126 307/1127/1127 306/1128/1128
vt -0.164992 0.223917
vn 0.748329 -0.522947 0.408080
vt -0.185116 0.192774
vn 0.744358 -0.572981 0.342962
vt -0.052890 0.060876
vn 0.703418 -0.628211 0.332498
vt -0.047140 0.070711
vn 0.714018 -0.576407 0.397408
f 259/1129/1129 260/1130/1130 308/1131/1131 307/1132/1132
vt -0.185116 0.192774
vn 0.744358 -0.572981 0.342962
vt -0.202073 0.158333
vn 0.740867 -0.612444 0.275733
vt -0.057735 0.050000
vn 0.694287 -0.668593 0.266364
vt -0.052890 0.060876
vn 0.703418 -0.628211 0.332498
f 260/1133/1133 261/1134/1134 309/1135/1135 308/1136/1136
vt -0.202073 0.158333
vn 0.740867 -0.612444 0.275733
vt -0.215572 0.121183
vn 0.737986 -0.642165 0.207366
vt -0.061592 0.038268
vn 0.686942 -0.698713 0.199774
vt -0.057735 0.050000
vn 0.694287 -0.668593 0.266364
f 261/1137/1137 262/1138/1138 310/1139/1139 309/1140/1140
vt -0.215572 0.121183
vn 0.737986 -0.642165 0.207366
vt -0.225383 0.081959
vn 0.735795 -0.662902 0.138445
vt -0.064395 0.025882
vn 0.681577 -0.719537 0.133114
vt -0.061592 0.038268
vn 0.686942 -0.698713 0.199774
f 262/1141/1141 263/1142/1142 311/1143/1143 310/1144/1144
vt -0.225383 0.081959
vn 0.735795 -0.662902 0.138445
vt -0.231337 0.041333
vn 0.734339 -0.675238 0.069277
vt -0.066096 0.013053
vn 0.678299 -0.731768 0.066524
vt -0.064395 0.025882
vn 0.681577 -0.719537 0.133114
f 263/1145/1145 264/1146/1146 312/1147/1147 311/1148/1148
vt -0.231337 0.041333
vn 0.734339 -0.675238 0.069277
vt -0.233333 0.000000
vn 0.733646 -0.679531 -0.000007
vt -0.066667 0.000000
vn 0.677165 -0.735831 -0.000002
vt -0.066096 0.013053
vn 0.678299 -0.731768 0.066524
f 264/1149/1149 265/1150/1150 313/1151/1151 312/1152/1152
vt -0.233333 0.000000
vn 0.733646 -0.679531 -0.000007
vt -0.231337 -0.041333
vn 0.733737 -0.675885 -0.069358
vt -0.066096 -0.013053
vn 0.678195 -0.731863 -0.066537
vt -0.066667 0.000000
vn 0.677165 -0.735831 -0.000002
f 265/1153/1153 266/1154/1154 314/1155/1155 313/1156/1156
vt -0.231337 -0.041333
vn 0.733737 -0.675885 -0.069358
vt -0.225383 -0.081959
vn 0.734625 -0.664141 -0.138719
vt -0.064395 -0.025882
vn 0.681377 -0.719718 -0.133154
vt -0.066096 -0.013053
vn 0.678195 -0.731863 -0.066537
f 266/1157/1157 267/1158/1158 315/1159/1159 314/1160/1160
vt -0.225383 -0.081959
vn 0.734625 -0.664141 -0.138719
vt -0.215572 -0.121183
vn 0.736317 -0.643893 -0.207940
vt -0.061592 -0.038268
vn 0.686664 -0.698964 -0.199855
vt -0.064395 -0.025882
vn 0.681377 -0.719718 -0.133154
f 267/1161/1161 268/1162/1162 316/1163/1163 315/1164/1164
vt -0.215572 -0.121183
vn 0.736317 -0.643893 -0.207940
vt -0.202073 -0.158333
vn 0.738799 -0.614512 -0.276680
vt -0.057735 -0.050000
vn 0.693952 -0.668887 -0.266495
vt -0.061592 -0.038268
vn 0.686664 -0.698964 -0.199855
f 268/1165/1165 269/1166/1166 317/1167/1167 316/1168/1168
vt -0.202073 -0.158333
vn 0.738799 -0.614512 -0.276680
vt -0.185116 -0.192774
vn 0.742020 -0.575203 -0.344307
vt -0.052890 -0.060876
vn 0.703054 -0.628522 -0.332680
vt -0.057735 -0.050000
vn 0.693952 -0.668887 -0.266495
f 269/1169/1169 270/1170/1170 318/1171/1171 317/1172/1172
vt -0.185116 -0.192774
vn 0.742020 -0.575203 -0.344307
vt -0.164992 -0.223917
vn 0.745873 -0.525117 -0.409787
vt -0.047140 -0.070711
vn 0.713653 -0.576705 -0.397633
vt -0.052890 -0.060876
vn 0.703054 -0.628522 -0.332680
f 270/1173/1173 271/1174/1174 319/1175/1175 318/1176/1176
vt -0.164992 -0.223917
vn 0.745873 -0.525117 -0.409787
vt -0.142044 -0.251229
vn 0.750167 -0.463525 -0.471587
vt -0.040584 -0.079335
vn 0.725252 -0.512222 -0.460042
vt -0.047140 -0.070711
vn 0.713653 -0.576705 -0.397633
f 271/1177/1177 272/1178/1178 320/1179/1179 319/1180/1180
vt -0.142044 -0.251229
vn 0.750167 -0.463525 -0.471587
vt -0.116667 -0.274241
vn 0.754616 -0.390068 -0.527638
vt -0.033333 -0.086603
vn 0.737123 -0.434084 -0.517900
vt -0.040584 -0.079335
vn 0.725252 -0.512222 -0.460042
f 272/1181/1181 273/1182/1182 321/1183/1183 320/1184/1184
vt -0.116667 -0.274241
vn 0.754616 -0.390068 -0.527638
vt -0.089293 -0.292562
vn 0.758845 -0.305076 -0.575398
vt -0.025512 -0.092388
vn 0.748287 -0.341968 -0.568440
vt -0.033333 -0.086603
vn 0.737123 -0.434084 -0.517900
f 273/1185/1185 274/1186/1186 322/1187/1187 321/1188/1188
vt -0.089293 -0.292562
vn 0.758845 -0.305076 -0.575398
vt -0.060391 -0.305877
vn 0.762419 -0.209883 -0.612100
vt -0.017255 -0.096593
vn 0.757568 -0.236804 -0.608288
vt -0.025512 -0.092388
vn 0.748287 -0.341968 -0.568440
f 274/1189/1189 275/1190/1190 323/1191/1191 322/1192/1192
vt -0.060391 -0.305877
vn 0.762419 -0.209883 -0.612100
vt -0.030456 -0.313958
vn 0.764917 -0.106998 -0.635180
vt -0.008702 -0.099144
vn 0.763775 -0.121293 -0.633985
vt -0.017255 -0.096593
vn 0.757568 -0.236804 -0.608288
f 275/1193/1193 276/1194/1194 324/1195/1195 323/1196/1196
vt -0.030456 -0.313958
vn 0.764917 -0.106998 -0.635180
vt -0.000000 -0.316667
vn 0.766018 -0.000013 -0.642819
vt -0.000000 -0.100000
vn 0.765986 -0.000003 -0.642857
vt -0.008702 -0.099144
vn 0.763775 -0.121293 -0.633985
f 276/1197/1197 277/1198/1198 325/1199/1199 324/1200/1200
vt -0.000000 -0.316667
vn 0.766018 -0.000013 -0.642819
vt 0.030456 -0.313958
vn 0.765589 0.106841 -0.634397
vt 0.008702 -0.099144
vn 0.763855 0.121272 -0.633892
vt -0.000000 -0.100000
vn 0.765986 -0.000003 -0.642857
f 277/1201/1201 278/1202/1202 326/1203/1203 325/1204/1204
vt 0.030456 -0.313958
vn 0.765589 0.106841 -0.634397
vt 0.060391 -0.305877
vn 0.763710 0.209371 -0.610664
vt 0.017255 -0.096593
vn 0.757728 0.236738 -0.608115
vt 0.008702 -0.099144
vn 0.763855 0.121272 -0.633892
f 278/1205/1205 279/1206/1206 327/1207/1207 326/1208/1208
vt 0.060391 -0.305877
vn 0.763710 0.209371 -0.610664
vt 0.089293 -0.292562
vn 0.760654 0.304078 -0.573535
vt 0.025512 -0.092388
vn 0.748519 0.341839 -0.568212
vt 0.017255 -0.096593
vn 0.757728 0.236738 -0.608115
f 279/1209/1209 280/1210/1210 328/1211/1211 327/1212/1212
vt 0.089293 -0.292562
vn 0.760654 0.304078 -0.573535
vt 0.116667 -0.274241
vn 0.756805 0.388565 -0.525607
vt 0.033333 -0.086603
vn 0.737418 0.433887 -0.517646
vt 0.025512 -0.092388
vn 0.748519 0.341839 -0.568212
f 280/1213/1213 281/1214/1214 329/1215/1215 328/1216/1216
vt 0.116667 -0.274241
vn 0.756805 0.388565 -0.525607
vt 0.142044 -0.251229
vn 0.752575 0.461607 -0.469628
vt 0.040584 -0.079335
vn 0.725593 0.511965 -0.459790
vt 0.033333 -0.086603
vn 0.737418 0.433887 -0.517646
f 281/1217/1217 282/1218/1218 330/1219/1219 329/1220/1220
vt 0.142044 -0.251229
vn 0.752575 0.461607 -0.469628
vt 0.164992 -0.223917
vn 0.748329 0.522947 -0.408080
vt 0.047140 -0.070711
vn 0.714018 0.576407 -0.397408
vt 0.040584 -0.079335
vn 0.725593 0.511965 -0.459790
f 282/1221/1221 283/1222/1222 331/1223/1223 330/1224/1224
vt 0.164992 -0.223917
vn 0.748329 0.522947 -0.408080
vt 0.185116 -0.192774
vn 0.744358 0.572981 -0.342962
vt 0.052890 -0.060876
vn 0.703418 0.628211 -0.332498
vt 0.047140 -0.070711
vn 0.714018 0.576407 -0.397408
f 283/1225/1225 284/1226/1226 332/1227/1227 331/1228/1228
vt 0.185116 -0.192774
vn 0.744358 0.572981 -0.342962
vt 0.202073 -0.158333
vn 0.740867 0.612444 -0.275733
vt 0.057735 -0.050000
vn 0.694287 0.668593 -0.266364
vt 0.052890 -0.060876
vn 0.703418 0.628211 -0.332498
f 284/1229/1229 285/1230/1230 333/1231/1231 332/1232/1232
vt 0.202073 -0.158333
vn 0.740867 0.612444 -0.275733
vt 0.215572 -0.121183
vn 0.737986 0.642165 -0.207366
vt 0.061592 -0.038268
vn 0.686942 0.698713 -0.199774
vt 0.057735 -0.050000
vn 0.694287 0.668593 -0.266364
f 285/1233/1233 286/1234/1234 334/1235/1235 333/1236/1236
vt 0.215572 -0.121183
vn 0.737986 0.642165 -0.207366
vt 0.225383 -0.081959
vn 0.735795 0.662902 -0.138445
vt 0.064395 -0.025882
vn 0.681577 0.719537 -0.133114
vt 0.061592 -0.038268
vn 0.686942 0.698713 -0.199774
f 286/1237/1237 287/1238/1238 335/1239/1239 334/1240/1240
vt 0.225383 -0.081959
vn 0.735795 0.662902 -0.138445
vt 0.231337 -0.041333
vn 0.734339 0.675238 -0.069277
vt 0.066096 -0.013053
vn 0.678299 0.731768 -0.066524
vt 0.064395 -0.025882
vn 0.681577 0.719537 -0.133114
f 287/1241/1241 288/1242/1242 336/1243/1243 335/1244/1244
vt 0.231337 -0.041333
vn 0.734339 0.675238 -0.069277
vt 0.233333 0.000000
vn 0.733646 0.679531 0.000007
vt 0.066667 0.000000
vn 0.677165 0.735831 0.000002
vt 0.066096 -0.013053
vn 0.678299 0.731768 -0.066524
f 288/1245/1245 241/1246/1246 289/1247/1247 336/1248/1248
vt 0.333333 0.000000
vn 0.677165 0.735831 0.000002
vt 0.333333 0.013053
vn 0.678195 0.731863 0.066537
vt 0.343333 0.012269
vn 0.372921 0.924295 0.081292
vt 0.343333 0.000000
vn 0.371391 0.928477 0.000000
f 289/1249/1249 290/1250/1250 338/1251/1251 337/1252/1252
vt 0.333333 0.013053
vn 0.678195 0.731863 0.066537
vt 0.333333 0.025882
vn 0.681377 0.719718 0.133154
vt 0.343333 0.024329
vn 0.377520 0.911512 0.163171
vt 0.343333 0.012269
vn 0.372921 0.924295 0.081292
f 290/1253/1253 291/1254/1254 339/1255/1255 338/1256/1256
vt 0.333333 0.025882
vn 0.681377 0.719718 0.133154
vt 0.333333 0.038268
vn 0.686664 0.698964 0.199855
vt 0.343333 0.035972
vn 0.385197 0.889402 0.246144
vt 0.343333 0.024329
vn 0.377520 0.911512 0.163171
f 291/1257/1257 292/1258/1258 340/1259/1259 339/1260/1260
vt 0.333333 0.038268
vn 0.686664 0.698964 0.199855
vt 0.333333 0.050000
vn 0.693952 0.668887 0.266495
vt 0.343333 0.047000
vn 0.395938 0.856730 0.330525
vt 0.343333 0.035972
vn 0.385197 0.889402 0.246144
f 292/1261/1261 293/1262/1262 341/1263/1263 340/1264/1264
vt 0.333333 0.050000
vn 0.693952 0.668887 0.266495
vt 0.333333 0.060876
vn 0.703054 0.628522 0.332680
vt 0.343333 0.057224
vn 0.409644 0.811729 0.416278
vt 0.343333 0.047000
vn 0.395938 0.856730 0.330525
f 293/1265/1265 294/1266/1266 342/1267/1267 341/1268/1268
vt 0.333333 0.060876
vn 0.703054 0.628522 0.332680
vt 0.333333 0.070711
vn 0.713653 0.576705 0.397633
vt 0.343333 0.066468
vn 0.426045 0.752132 0.502776
vt 0.343333 0.057224
vn 0.409644 0.811729 0.416278
f 294/1269/1269 295/1270/1270 343/1271/1271 342/1272/1272
vt 0.333333 0.070711
vn 0.713653 0.576705 0.397633
vt 0.333333 0.079335
vn 0.725252 0.512222 0.460042
vt 0.343333 0.074575
vn 0.444563 0.675332 0.588465
vt 0.343333 0.066468
vn 0.426045 0.752132 0.502776
f 295/1273/1273 296/1274/1274 344/1275/1275 343/1276/1276
vt 0.333333 0.079335
vn 0.725252 0.512222 0.460042
vt 0.333333 0.086603
vn 0.737123 0.434084 0.517900
vt 0.343333 0.081406
vn 0.464154 0.578802 0.670484
vt 0.343333 0.074575
vn 0.444563 0.675332 0.588465
f 296/1277/1277 297/1278/1278 345/1279/1279 344/1280/1280
vt 0.333333 0.033333
vn 0.737123 0.434084 0.517900
vt 0.333333 0.025512
vn 0.748287 0.341968 0.568440
vt 0.343333 0.023981
vn 0.483183 0.460900 0.744382
vt 0.343333 0.031333
vn 0.464154 0.578802 0.670484
f 297/1281/1281 298/1282/1282 346/1283/1283 345/1284/1284
vt 0.333333 0.025512
vn 0.748287 0.341968 0.568440
vt 0.333333 0.017255
vn 0.757568 0.236804 0.608288
vt 0.343333 0.016219
vn 0.499453 0.322055 0.804256
vt 0.343333 0.023981
vn 0.483183 0.460900 0.744382
f 298/1285/1285 299/1286/1286 347/1287/1287 346/1288/1288
vt 0.333333 0.017255
vn 0.757568 0.236804 0.608288
vt 0.333333 0.008702
vn 0.763775 0.121293 0.633985
vt 0.343333 0.008180
vn 0.510544 0.165966 0.843682
vt 0.343333 0.016219
vn 0.499453 0.322055 0.804256
f 299/1289/1289 300/1290/1290 348/1291/1291 347/1292/1292
vt 0.333333 0.008702
vn 0.763775 0.121293 0.633985
vt 0.333333 0.000000
vn 0.765986 0.000003 0.642857
vt 0.343333 0.000000
vn 0.514496 0.000000 0.857493
vt 0.343333 0.008180
vn 0.510544 0.165966 0.843682
f 300/1293/1293 301/1294/1294 349/1295/1295 348/1296/1296
vt 0.333333 0.000000
vn 0.765986 0.000003 0.642857
vt 0.333333 -0.008702
vn 0.763855 -0.121272 0.633892
vt 0.343333 -0.008180
vn 0.510544 -0.165966 0.843682
vt 0.343333 0.000000
vn 0.514496 0.000000 0.857493
f 301/1297/1297 302/1298/1298 350/1299/1299 349/1300/1300
vt 0.333333 -0.008702
vn 0.763855 -0.121272 0.633892
vt 0.333333 -0.017255
vn 0.757728 -0.236738 0.608115
vt 0.343333 -0.016219
vn 0.499453 -0.322055 0.804256
vt 0.343333 -0.008180
vn 0.510544 -0.165966 0.843682
f 302/1301/1301 303/1302/1302 351/1303/1303 350/1304/1304
vt 0.333333 -0.017255
vn 0.757728 -0.236738 0.608115
vt 0.333333 -0.025512
vn 0.748519 -0.341839 0.568212
vt 0.343333 -0.023981
vn 0.483183 -0.460900 0.744382
vt 0.343333 -0.016219
vn 0.499453 -0.322055 0.804256
f 303/1305/1305 304/1306/1306 352/1307/1307 351/1308/1308
vt 0.333333 -0.025512
vn 0.748519 -0.341839 0.568212
vt 0.333333 -0.033333
vn 0.737418 -0.433887 0.517646
vt 0.343333 -0.031333
vn 0.464154 -0.578802 0.670484
vt 0.343333 -0.023981
vn 0.483183 -0.460900 0.744382
f 304/1309/1309 305/1310/1310 353/1311/1311 352/1312/1312
vt 0.333333 0.086603
vn 0.737418 -0.433887 0.517646
vt 0.333333 0.079335
vn 0.725593 -0.511965 0.459790
vt 0.343333 0.074575
vn 0.444563 -0.675332 0.588465
vt 0.343333 0.081406
vn 0.464154 -0.578802 0.670484
f 305/1313/1313 306/1314/1314 354/1315/1315 353/1316/1316
vt 0.333333 0.079335
vn 0.725593 -0.511965 0.459790
vt 0.333333 0.070711
vn 0.714018 -0.576407 0.397408
vt 0.343333 0.066468
vn 0.426045 -0.752132 0.502776
vt 0.343333 0.074575
vn 0.444563 -0.675332 0.588465
f 306/1317/1317 307/1318/1318 355/1319/1319 354/1320/1320
vt 0.333333 0.070711
vn 0.714018 -0.576407 0.397408
vt 0.333333 0.060876
vn 0.703418 -0.628211 0.332498
vt 0.343333 0.057224
vn 0.409644 -0.811729 0.416278
vt 0.343333 0.066468
vn 0.426045 -0.752132 0.502776
f 307/1321/1321 308/1322/1322 356/1323/1323 355/1324/1324
vt 0.333333 0.060876
vn 0.703418 -0.628211 0.332498
vt 0.333333 0.050000
vn 0.694287 -0.668593 0.266364
vt 0.343333 0.047000
vn 0.395938 -0.856730 0.330525
vt 0.343333 0.057224
vn 0.409644 -0.811729 0.416278
f 308/1325/1325 309/1326/1326 357/1327/1327 356/1328/1328
vt 0.333333 0.050000
vn 0.694287 -0.668593 0.266364
vt 0.333333 0.038268
vn 0.686942 -0.698713 0.199774
vt 0.343333 0.035972
vn 0.385197 -0.889402 0.246144
vt 0.343333 0.047000
vn 0.395938 -0.856730 0.330525
f 309/1329/1329 310/1330/1330 358/1331/1331 357/1332/1332
vt 0.333333 0.038268
vn 0.686942 -0.698713 0.199774
vt 0.333333 0.025882
vn 0.681577 -0.719537 0.133114
vt 0.343333 0.024329
vn 0.377520 -0.911512 0.163171
vt 0.343333 0.035972
vn 0.385197 -0.889402 0.246144
f 310/1333/1333 311/1334/1334 359/1335/1335 358/1336/1336
vt 0.333333 0.025882
vn 0.681577 -0.719537 0.133114
vt 0.333333 0.013053
vn 0.678299 -0.731768 0.066524
vt 0.343333 0.012269
vn 0.372921 -0.924295 0.081292
vt 0.343333 0.024329
vn 0.377520 -0.911512 0.163171
f 311/1337/1337 312/1338/1338 360/1339/1339 359/1340/1340
vt 0.333333 0.013053
vn 0.678299 -0.731768 0.066524
vt 0.333333 0.000000
vn 0.677165 -0.735831 -0.000002
vt 0.343333 0.000000
vn 0.371391 -0.928477 0.000000
vt 0.343333 0.012269
vn 0.372921 -0.924295 0.081292
f 312/1341/1341 313/1342/1342 361/1343/1343 360/1344/1344
vt 0.333333 0.000000
vn 0.677165 -0.735831 -0.000002
vt 0.333333 -0.013053
vn 0.678195 -0.731863 -0.066537
vt 0.343333 -0.012269
vn 0.372921 -0.924295 -0.081292
vt 0.343333 0.000000
vn 0.371391 -0.928477 0.000000
f 313/1345/1345 314/1346/1346 362/1347/1347 361/1348/1348
vt 0.333333 -0.013053
vn 0.678195 -0.731863 -0.066537
vt 0.333333 -0.025882
vn 0.681377 -0.719718 -0.133154
vt 0.343333 -0.024329
vn 0.377520 -0.911512 -0.163171
vt 0.343333 -0.012269
vn 0.372921 -0.924295 -0.081292
f 314/1349/1349 315/1350/1350 363/1351/1351 362/1352/1352
vt 0.333333 -0.025882
vn 0.681377 -0.719718 -0.133154
vt 0.333333 -0.038268
vn 0.686664 -0.698964 -0.199855
vt 0.343333 -0.035972
vn 0.385197 -0.889402 -0.246144
vt 0.343333 -0.024329
vn 0.377520 -0.911512 -0.163171
f 315/1353/1353 316/1354/1354 364/1355/1355 363/1356/1356
vt 0.333333 -0.038268
vn 0.686664 -0.698964 -0.199855
vt 0.333333 -0.050000
vn 0.693952 -0.668887 -0.266495
vt 0.343333 -0.047000
vn 0.395938 -0.856730 -0.330525
vt 0.343333 -0.035972
vn 0.385197 -0.889402 -0.246144
f 316/1357/1357 317/1358/1358 365/1359/1359 364/1360/1360
vt 0.333333 -0.050000
vn 0.693952 -0.668887 -0.266495
vt 0.333333 -0.060876
vn 0.703054 -0.628522 -0.332680
vt 0.343333 -0.057224
vn 0.409644 -0.811729 -0.416278
vt 0.343333 -0.047000
vn 0.395938 -0.856730 -0.330525
f 317/1361/1361 318/1362/1362 366/1363/1363 365/1364/1364
vt 0.333333 -0.060876
vn 0.703054 -0.628522 -0.332680
vt 0.333333 -0.070711
vn 0.713653 -0.576705 -0.397633
vt 0.343333 -0.066468
vn 0.426045 -0.752132 -0.502776
vt 0.343333 -0.057224
vn 0.409644 -0.811729 -0.416278
f 318/1365/1365 319/1366/1366 367/1367/1367 366/1368/1368
vt 0.333333 -0.070711
vn 0.713653 -0.576705 -0.397633
vt 0.333333 -0.079335
vn 0.725252 -0.512222 -0.460042
vt 0.343333 -0.074575
vn 0.444563 -0.675332 -0.588465
vt 0.343333 -0.066468
vn 0.426045 -0.752132 -0.502776
f 319/1369/1369 320/1370/1370 368/1371/1371 367/1372/1372
vt 0.333333 -0.079335
vn 0.725252 -0.512222 -0.460042
vt 0.333333 -0.086603
vn 0.737123 -0.434084 -0.517900
vt 0.343333 -0.081406
vn 0.464154 -0.578802 -0.670484
vt 0.343333 -0.074575
vn 0.444563 -0.675332 -0.588465
f 320/1373/1373 321/1374/1374 369/1375/1375 368/1376/1376
vt 0.333333 -0.033333
vn 0.737123 -0.434084 -0.517900
vt 0.333333 -0.025512
vn 0.748287 -0.341968 -0.568440
vt 0.343333 -0.023981
vn 0.483183 -0.460900 -0.744382
vt 0.343333 -0.031333
vn 0.464154 -0.578802 -0.670484
f 321/1377/1377 322/1378/1378 370/1379/1379 369/1380/1380
vt 0.333333 -0.025512
vn 0.748287 -0.341968 -0.568440
vt 0.333333 -0.017255
vn 0.757568 -0.236804 -0.608288
vt 0.343333 -0.016219
vn 0.499453 -0.322055 -0.804256
vt 0.343333 -0.023981
vn 0.483183 -0.460900 -0.744382
f 322/1381/1381 323/1382/1382 371/1383/1383 370/1384/1384
vt 0.333333 -0.017255
vn 0.757568 -0.236804 -0.608288
vt 0.333333 -0.008702
vn 0.763775 -0.121293 -0.633985
vt 0.343333 -0.008180
vn 0.510544 -0.165966 -0.843682
vt 0.343333 -0.016219
vn 0.499453 -0.322055 -0.804256
f 323/1385/1385 324/1386/1386 372/1387/1387 371/1388/1388
vt 0.333333 -0.008702
vn 0.763775 -0.121293 -0.633985
vt 0.333333 -0.000000
vn 0.765986 -0.000003 -0.642857
vt 0.343333 -0.000000
vn 0.514496 -0.000000 -0.857493
vt 0.343333 -0.008180
vn 0.510544 -0.165966 -0.843682
f 324/1389/1389 325/1390/1390 373/1391/1391 372/1392/1392
vt 0.333333 -0.000000
vn 0.765986 -0.000003 -0.642857
vt 0.333333 0.008702
vn 0.763855 0.121272 -0.633892
vt 0.343333 0.008180
vn 0.510544 0.165966 -0.843682
vt 0.343333 -0.000000
vn 0.514496 -0.000000 -0.857493
f 325/1393/1393 326/1394/1394 374/1395/1395 373/1396/1396
vt 0.333333 0.008702
vn 0.763855 0.121272 -0.633892
vt 0.333333 0.017255
vn 0.757728 0.236738 -0.608115
vt 0.343333 0.016219
vn 0.499453 0.322055 -0.804256
vt 0.343333 0.008180
vn 0.510544 0.165966 -0.843682
f 326/1397/1397 327/1398/1398 375/1399/1399 374/1400/1400
vt 0.333333 0.017255
vn 0.757728 0.236738 -0.608115
vt 0.333333 0.025512
vn 0.748519 0.341839 -0.568212
vt 0.343333 0.023981
vn 0.483183 0.460900 -0.744382
vt 0.343333 0.016219
vn 0.499453 0.322055 -0.804256
f 327/1401/1401 328/1402/1402 376/1403/1403 375/1404/1404
vt 0.333333 0.025512
vn 0.748519 0.341839 -0.568212
vt 0.333333 0.033333
vn 0.737418 0.433887 -0.517646
vt 0.343333 0.031333
vn 0.464154 0.578802 -0.670484
vt 0.343333 0.023981
vn 0.483183 0.460900 -0.744382
f 328/1405/1405 329/1406/1406 377/1407/1407 376/1408/1408
vt 0.333333 -0.086603
vn 0.737418 0.433887 -0.517646
vt 0.333333 -0.079335
vn 0.725593 0.511965 -0.459790
vt 0.343333 -0.074575
vn 0.444563 0.675332 -0.588465
vt 0.343333 -0.081406
vn 0.464154 0.578802 -0.670484
f 329/1409/1409 330/1410/1410 378/1411/1411 377/1412/1412
vt 0.333333 -0.079335
vn 0.725593 0.511965 -0.459790
vt 0.333333 -0.070711
vn 0.714018 0.576407 -0.397408
vt 0.343333 -0.066468
vn 0.426045 0.752132 -0.502776
vt 0.343333 -0.074575
vn 0.444563 0.675332 -0.588465
f 330/1413/1413 331/1414/1414 379/1415/1415 378/1416/1416
vt 0.333333 -0.070711
vn 0.714018 0.576407 -0.397408
vt 0.333333 -0.060876
vn 0.703418 0.628211 -0.332498
vt 0.343333 -0.057224
vn 0.409644 0.811729 -0.416278
vt 0.343333 -0.066468
vn 0.426045 0.752132 -0.502776
f 331/1417/1417 332/1418/1418 380/1419/1419 379/1420/1420
vt 0.333333 -0.060876
vn 0.703418 0.628211 -0.332498
vt 0.333333 -0.050000
vn 0.694287 0.668593 -0.266364
vt 0.343333 -0.047000
vn 0.395938 0.856730 -0.330525
vt 0.343333 -0.057224
vn 0.409644 0.811729 -0.416278
f 332/1421/1421 333/1422/1422 381/1423/1423 380/1424/1424
vt 0.333333 -0.050000
vn 0.694287 0.668593 -0.266364
vt 0.333333 -0.038268
vn 0.686942 0.698713 -0.199774
vt 0.343333 -0.035972
vn 0.385197 0.889402 -0.246144
vt 0.343333 -0.047000
vn 0.395938 0.856730 -0.330525
f 333/1425/1425 334/1426/1426 382/1427/1427 381/1428/1428
vt 0.333333 -0.038268
vn 0.686942 0.698713 -0.199774
vt 0.333333 -0.025882
vn 0.681577 0.719537 -0.133114
vt 0.343333 -0.024329
vn 0.377520 0.911512 -0.163171
vt 0.343333 -0.035972
vn 0.385197 0.889402 -0.246144
f 334/1429/1429 335/1430/1430 383/1431/1431 382/1432/1432
vt 0.333333 -0.025882
vn 0.681577 0.719537 -0.133114
vt 0.333333 -0.013053
vn 0.678299 0.731768 -0.066524
vt 0.343333 -0.012269
vn 0.372921 0.924295 -0.081292
vt 0.343333 -0.024329
vn 0.377520 0.911512 -0.163171
f 335/1433/1433 336/1434/1434 384/1435/1435 383/1436/1436
vt 0.333333 -0.013053
vn 0.678299 0.731768 -0.066524
vt 0.333333 0.000000
vn 0.677165 0.735831 0.000002
vt 0.343333 0.000000
vn 0.371391 0.928477 0.000000
vt 0.343333 -0.012269
vn 0.372921 0.924295 -0.081292
f 336/1437/1437 289/1438/1438 337/1439/1439 384/1440/1440
usemtl Metal
v -1.400000 0.000000 4.500000
v -1.373099 -0.273126 4.500000
v -1.293431 -0.535757 4.500000
v -1.164057 -0.777798 4.500000
v -0.989949 -0.989949 4.500000
v -0.777798 -1.164057 4.500000
v -0.535757 -1.293431 4.500000
v -0.273126 -1.373099 4.500000
v -0.000000 -1.400000 4.500000
v 0.273126 -1.373099 4.500000
v 0.535757 -1.293431 4.500000
v 0.777798 -1.164057 4.500000
v 0.989949 -0.989949 4.500000
v 1.164057 -0.777798 4.500000
v 1.293431 -0.535757 4.500000
v 1.373099 -0.273126 4.500000
v 1.400000 -0.000000 4.500000
v 1.373099 0.273126 4.500000
v 1.293431 0.535757 4.500000
v 1.164057 0.777798 4.500000
v 0.989949 0.989949 4.500000
v 0.777798 1.164057 4.500000
v 0.535757 1.293431 4.500000
v 0.273126 1.373099 4.500000
v 0.000000 1.400000 4.500000
v -0.273126 1.373099 4.500000
v -0.535757 1.293431 4.500000
v -0.777798 1.164057 4.500000
v -0.989949 0.989949 4.500000
v -1.164057 0.777798 4.500000
v -1.293431 0.535757 4.500000
v -1.373099 0.273126 4.500000
v -1.400000 0.000000 6.300000
v -1.373099 -0.273126 6.300000
v -1.293431 -0.535757 6.300000
v -1.164057 -0.777798 6.300000
v -0.989949 -0.989949 6.300000
v -0.777798 -1.164057 6.300000
v -0.535757 -1.293431 6.300000
v -0.273126 -1.373099 6.300000
v -0.000000 -1.400000 6.300000
v 0.273126 -1.373099 6.300000
v 0.535757 -1.293431 6.300000
v 0.777798 -1.164057 6.300000
v 0.989949 -0.989949 6.300000
v 1.164057 -0.777798 6.300000
v 1.293431 -0.535757 6.300000
v 1.373099 -0.273126 6.300000
v 1.400000 -0.000000 6.300000
v 1.373099 0.273126 6.300000
v 1.293431 0.535757 6.300000
v 1.164057 0.777798 6.300000
v 0.989949 0.989949 6.300000
v 0.777798 1.164057 6.300000
v 0.535757 1.293431 6.300000
v 0.273126 1.373099 6.300000
v 0.000000 1.400000 6.300000
v -0.273126 1.373099 6.300000
v -0.535757 1.293431 6.300000
v -0.777798 1.164057 6.300000
v -0.989949 0.989949 6.300000
v -1.164057 0.777798 6.300000
v -1.293431 0.535757 6.300000
v -1.373099 0.273126 6.300000
vt -0.114425 0.022761
vn 0.000000 0.000000 -1.000000
vt -0.107786 0.044646
vn 0.000000 0.000000 -1.000000
vt -0.097005 0.064817
vn 0.000000 0.000000 -1.000000
vt -0.082496 0.082496
vn 0.000000 0.000000 -1.000000
vt -0.064817 0.097005
vn 0.000000 0.000000 -1.000000
vt -0.044646 0.107786
vn 0.000000 0.000000 -1.000000
vt -0.022761 0.114425
vn 0.000000 0.000000 -1.000000
vt 0.000000 0.116667
vn 0.000000 0.000000 -1.000000
vt 0.022761 0.114425
vn 0.000000 0.000000 -1.000000
vt 0.044646 0.107786
vn 0.000000 0.000000 -1.000000
vt 0.064817 0.097005
vn 0.000000 0.000000 -1.000000
vt 0.082496 0.082496
vn 0.000000 0.000000 -1.000000
vt 0.097005 0.064817
vn 0.000000 0.000000 -1.000000
vt 0.107786 0.044646
vn 0.000000 0.000000 -1.000000
vt 0.114425 0.022761
vn 0.000000 0.000000 -1.000000
vt 0.116667 -0.000000
vn 0.000000 0.000000 -1.000000
vt 0.114425 -0.022761
vn 0.000000 0.000000 -1.000000
vt 0.107786 -0.044646
vn 0.000000 0.000000 -1.000000
vt 0.097005 -0.064817
vn 0.000000 0.000000 -1.000000
vt 0.082496 -0.082496
vn 0.000000 0.000000 -1.000000
vt 0.064817 -0.097005
vn 0.000000 0.000000 -1.000000
vt 0.044646 -0.107786
vn 0.000000 0.000000 -1.000000
vt 0.022761 -0.114425
vn 0.000000 0.000000 -1.000000
vt -0.000000 -0.116667
vn 0.000000 0.000000 -1.000000
vt -0.022761 -0.114425
vn 0.000000 0.000000 -1.000000
vt -0.044646 -0.107786
vn 0.000000 0.000000 -1.000000
vt -0.064817 -0.097005
vn 0.000000 0.000000 -1.000000
vt -0.082496 -0.082496
vn 0.000000 0.000000 -1.000000
vt -0.097005 -0.064817
vn 0.000000 0.000000 -1.000000
vt -0.107786 -0.044646
vn 0.000000 0.000000 -1.000000
vt -0.114425 -0.022761
vn 0.000000 0.000000 -1.000000
vt -0.116667 0.000000
vn 0.000000 0.000000 -1.000000
f 416/1441/1441 415/1442/1442 414/1443/1443 413/1444/1444 412/1445/1445 411/1446/1446 410/1447/1447 409/1448/1448 408/1449/1449 407/1450/1450 406/1451/1451 405/1452/1452 404/1453/1453 403/1454/1454 402/1455/1455 401/1456/1456 400/1457/1457 399/1458/1458 398/1459/1459 397/1460/1460 396/1461/1461 395/1462/1462 394/1463/1463 393/1464/1464 392/1465/1465 391/1466/1466 390/1467/1467 389/1468/1468 388/1469/1469 387/1470/1470 386/1471/1471 385/1472/1472
vt -0.116667 0.000000
vn 0.000000 0.000000 1.000000
vt -0.114425 -0.022761
vn 0.000000 0.000000 1.000000
vt -0.107786 -0.044646
vn 0.000000 0.000000 1.000000
vt -0.097005 -0.064817
vn 0.000000 0.000000 1.000000
vt -0.082496 -0.082496
vn 0.000000 0.000000 1.000000
vt -0.064817 -0.097005
vn 0.000000 0.000000 1.000000
vt -0.044646 -0.107786
vn 0.000000 0.000000 1.000000
vt -0.022761 -0.114425
vn 0.000000 0.000000 1.000000
vt -0.000000 -0.116667
vn 0.000000 0.000000 1.000000
vt 0.022761 -0.114425
vn 0.000000 0.000000 1.000000
vt 0.044646 -0.107786
vn 0.000000 0.000000 1.000000
vt 0.064817 -0.097005
vn 0.000000 0.000000 1.000000
vt 0.082496 -0.082496
vn 0.000000 0.000000 1.000000
vt 0.097005 -0.064817
vn 0.000000 0.000000 1.000000
vt 0.107786 -0.044646
vn 0.000000 0.000000 1.000000
vt 0.114425 -0.022761
vn 0.000000 0.000000 1.000000
vt 0.116667 -0.000000
vn 0.000000 0.000000 1.000000
vt 0.114425 0.022761
vn 0.000000 0.000000 1.000000
vt 0.107786 0.044646
vn 0.000000 0.000000 1.000000
vt 0.097005 0.064817
vn 0.000000 0.000000 1.000000
vt 0.082496 0.082496
vn 0.000000 0.000000 1.000000
vt 0.064817 0.097005
vn 0.000000 0.000000 1.000000
vt 0.044646 0.107786
vn 0.000000 0.000000 1.000000
vt 0.022761 0.114425
vn 0.000000 0.000000 1.000000
vt 0.000000 0.116667
vn 0.000000 0.000000 1.000000
vt -0.022761 0.114425
vn 0.000000 0.000000 1.000000
vt -0.044646 0.107786
vn 0.000000 0.000000 1.000000
vt -0.064817 0.097005
vn 0.000000 0.000000 1.000000
vt -0.082496 0.082496
vn 0.000000 0.000000 1.000000
vt -0.097005 0.064817
vn 0.000000 0.000000 1.000000
vt -0.107786 0.044646
vn 0.000000 0.000000 1.000000
vt -0.114425 0.022761
vn 0.000000 0.000000 1.000000
f 417/1473/1473 418/1474/1474 419/1475/1475 420/1476/1476 421/1477/1477 422/1478/1478 423/1479/1479 424/1480/1480 425/1481/1481 426/1482/1482 427/1483/1483 428/1484/1484 429/1485/1485 430/1486/1486 431/1487/1487 432/1488/1488 433/1489/1489 434/1490/1490 435/1491/1491 436/1492/1492 437/1493/1493 438/1494/1494 439/1495/1495 440/1496/1496 441/1497/1497 442/1498/1498 443/1499/1499 444/1500/1500 445/1501/1501 446/1502/1502 447/1503/1503 448/1504/1504
vt 0.000000 0.375000
vn -1.000000 0.000000 0.000000
vt -0.022761 0.375000
vn -0.980785 -0.195090 0.000000
vt -0.022761 0.525000
vn -0.980785 -0.195090 0.000000
vt 0.000000 0.525000
vn -1.000000 0.000000 0.000000
f 385/1505/1505 386/1506/1506 418/1507/1507 417/1508/1508
vt -0.022761 0.375000
vn -0.980785 -0.195090 0.000000
vt -0.044646 0.375000
vn -0.923880 -0.382683 0.000000
vt -0.044646 0.525000
vn -0.923880 -0.382683 0.000000
vt -0.022761 0.525000
vn -0.980785 -0.195090 0.000000
f 386/1509/1509 387/1510/1510 419/1511/1511 418/1512/1512
vt -0.044646 0.375000
vn -0.923880 -0.382683 0.000000
vt -0.064817 0.375000
vn -0.831470 -0.555570 0.000000
vt -0.064817 0.525000
vn -0.831470 -0.555570 0.000000
vt -0.044646 0.525000
vn -0.923880 -0.382683 0.000000
f 387/1513/1513 388/1514/1514 420/1515/1515 419/1516/1516
vt -0.064817 0.375000
vn -0.831470 -0.555570 0.000000
vt -0.082496 0.375000
vn -0.707107 -0.707107 0.000000
vt -0.082496 0.525000
vn -0.707107 -0.707107 0.000000
vt -0.064817 0.525000
vn -0.831470 -0.555570 0.000000
f 388/1517/1517 389/1518/1518 421/1519/1519 420/1520/1520
vt -0.082496 0.375000
vn -0.707107 -0.707107 0.000000
vt -0.064817 0.375000
vn -0.555570 -0.831470 0.000000
vt -0.064817 0.525000
vn -0.555570 -0.831470 0.000000
vt -0.082496 0.525000
vn -0.707107 -0.707107 0.000000
f 389/1521/1521 390/1522/1522 422/1523/1523 421/1524/1524
vt -0.064817 0.375000
vn -0.555570 -0.831470 0.000000
vt -0.044646 0.375000
vn -0.382683 -0.923880 0.000000
vt -0.044646 0.525000
vn -0.382683 -0.923880 0.000000
vt -0.064817 0.525000
vn -0.555570 -0.831470 0.000000
f 390/1525/1525 391/1526/1526 423/1527/1527 422/1528/1528
vt -0.044646 0.375000
vn -0.382683 -0.923880 0.000000
vt -0.022761 0.375000
vn -0.195090 -0.980785 0.000000
vt -0.022761 0.525000
vn -0.195090 -0.980785 0.000000
vt -0.044646 0.525000
vn -0.382683 -0.923880 0.000000
f 391/1529/1529 392/1530/1530 424/1531/1531 423/1532/1532
vt -0.022761 0.375000
vn -0.195090 -0.980785 0.000000
vt -0.000000 0.375000
vn -0.000000 -1.000000 0.000000
vt -0.000000 0.525000
vn -0.000000 -1.000000 0.000000
vt -0.022761 0.525000
vn -0.195090 -0.980785 0.000000
f 392/1533/1533 393/1534/1534 425/1535/1535 424/1536/1536
vt -0.000000 0.375000
vn -0.000000 -1.000000 0.000000
vt 0.022761 0.375000
vn 0.195090 -0.980785 0.000000
vt 0.022761 0.525000
vn 0.195090 -0.980785 0.000000
vt -0.000000 0.525000
vn -0.000000 -1.000000 0.000000
f 393/1537/1537 394/1538/1538 426/1539/1539 425/1540/1540
vt 0.022761 0.375000
vn 0.195090 -0.980785 0.000000
vt 0.044646 0.375000
vn 0.382683 -0.923880 0.000000
vt 0.044646 0.525000
vn 0.382683 -0.923880 0.000000
vt 0.022761 0.525000
vn 0.195090 -0.980785 0.000000
f 394/1541/1541 395/1542/1542 427/1543/1543 426/1544/1544
vt 0.044646 0.375000
vn 0.382683 -0.923880 0.000000
vt 0.064817 0.375000
vn 0.555570 -0.831470 0.000000
vt 0.064817 0.525000
vn 0.555570 -0.831470 0.000000
vt 0.044646 0.525000
vn 0.382683 -0.923880 0.000000
f 395/1545/1545 396/1546/1546 428/1547/1547 427/1548/1548
vt 0.064817 0.375000
vn 0.555570 -0.831470 0.000000
vt 0.082496 0.375000
vn 0.707107 -0.707107 0.000000
vt 0.082496 0.525000
vn 0.707107 -0.707107 0.000000
vt 0.064817 0.525000
vn 0.555570 -0.831470 0.000000
f 396/1549/1549 397/1550/1550 429/1551/1551 428/1552/1552
vt -0.082496 0.375000
vn 0.707107 -0.707107 0.000000
vt -0.064817 0.375000
vn 0.831470 -0.555570 0.000000
vt -0.064817 0.525000
vn 0.831470 -0.555570 0.000000
vt -0.082496 0.525000
vn 0.707107 -0.707107 0.000000
f 397/1553/1553 398/1554/1554 430/1555/1555 429/1556/1556
vt -0.064817 0.375000
vn 0.831470 -0.555570 0.000000
vt -0.044646 0.375000
vn 0.923880 -0.382683 0.000000
vt -0.044646 0.525000
vn 0.923880 -0.382683 0.000000
vt -0.064817 0.525000
vn 0.831470 -0.555570 0.000000
f 398/1557/1557 399/1558/1558 431/1559/1559 430/1560/1560
vt -0.044646 0.375000
vn 0.923880 -0.382683 0.000000
vt -0.022761 0.375000
vn 0.980785 -0.195090 0.000000
vt -0.022761 0.525000
vn 0.980785 -0.195090 0.000000
vt -0.044646 0.525000
vn 0.923880 -0.382683 0.000000
f 399/1561/1561 400/1562/1562 432/1563/1563 431/1564/1564
vt -0.022761 0.375000
vn 0.980785 -0.195090 0.000000
vt -0.000000 0.375000
vn 1.000000 0.000000 0.000000
vt -0.000000 0.525000
vn 1.000000 0.000000 0.000000
vt -0.022761 0.525000
vn 0.980785 -0.195090 0.000000
f 400/1565/1565 401/1566/1566 433/1567/1567 432/1568/1568
vt -0.000000 0.375000
vn 1.000000 0.000000 0.000000
vt 0.022761 0.375000
vn 0.980785 0.195090 0.000000
vt 0.022761 0.525000
vn 0.980785 0.195090 0.000000
vt -0.000000 0.525000
vn 1.000000 0.000000 0.000000
f 401/1569/1569 402/1570/1570 434/1571/1571 433/1572/1572
vt 0.022761 0.375000
vn 0.980785 0.195090 0.000000
vt 0.044646 0.375000
vn 0.923880 0.382683 0.000000
vt 0.044646 0.525000
vn 0.923880 0.382683 0.000000
vt 0.022761 0.525000
vn 0.980785 0.195090 0.000000
f 402/1573/1573 403/1574/1574 435/1575/1575 434/1576/1576
vt 0.044646 0.375000
vn 0.923880 0.382683 0.000000
vt 0.064817 0.375000
vn 0.831470 0.555570 0.000000
vt 0.064817 0.525000
vn 0.831470 0.555570 0.000000
vt 0.044646 0.525000
vn 0.923880 0.382683 0.000000
f 403/1577/1577 404/1578/1578 436/1579/1579 435/1580/1580
vt 0.064817 0.375000
vn 0.831470 0.555570 0.000000
vt 0.082496 0.375000
vn 0.707107 0.707107 0.000000
vt 0.082496 0.525000
vn 0.707107 0.707107 0.000000
vt 0.064817 0.525000
vn 0.831470 0.555570 0.000000
f 404/1581/1581 405/1582/1582 437/1583/1583 436/1584/1584
vt 0.082496 0.375000
vn 0.707107 0.707107 0.000000
vt 0.064817 0.375000
vn 0.555570 0.831470 0.000000
vt 0.064817 0.525000
vn 0.555570 0.831470 0.000000
vt 0.082496 0.525000
vn 0.707107 0.707107 0.000000
f 405/1585/1585 406/1586/1586 438/1587/1587 437/1588/1588
vt 0.064817 0.375000
vn 0.555570 0.831470 0.000000
vt 0.044646 0.375000
vn 0.382683 0.923880 0.000000
vt 0.044646 0.525000
vn 0.382683 0.923880 0.000000
vt 0.064817 0.525000
vn 0.555570 0.831470 0.000000
f 406/1589/1589 407/1590/1590 439/1591/1591 438/1592/1592
vt 0.044646 0.375000
vn 0.382683 0.923880 0.000000
vt 0.022761 0.375000
vn 0.195090 0.980785 0.000000
vt 0.022761 0.525000
vn 0.195090 0.980785 0.000000
vt 0.044646 0.525000
vn 0.382683 0.923880 0.000000
f 407/1593/1593 408/1594/1594 440/1595/1595 439/1596/1596
vt 0.022761 0.375000
vn 0.195090 0.980785 0.000000
vt 0.000000 0.375000
vn 0.000000 1.000000 0.000000
vt 0.000000 0.525000
vn 0.000000 1.000000 0.000000
vt 0.022761 0.525000
vn 0.195090 0.980785 0.000000
f 408/1597/1597 409/1598/1598 441/1599/1599 440/1600/1600
vt 0.000000 0.375000
vn 0.000000 1.000000 0.000000
vt -0.022761 0.375000
vn -0.195090 0.980785 0.000000
vt -0.022761 0.525000
vn -0.195090 0.980785 0.000000
vt 0.000000 0.525000
vn 0.000000 1.000000 0.000000
f 409/1601/1601 410/1602/1602 442/1603/1603 441/1604/1604
vt -0.022761 0.375000
vn -0.195090 0.980785 0.000000
vt -0.044646 0.375000
vn -0.382683 0.923880 0.000000
vt -0.044646 0.525000
vn -0.382683 0.923880 0.000000
vt -0.022761 0.525000
vn -0.195090 0.980785 0.000000
f 410/1605/1605 411/1606/1606 443/1607/1607 442/1608/1608
vt -0.044646 0.375000
vn -0.382683 0.923880 0.000000
vt -0.064817 0.375000
vn -0.555570 0.831470 0.000000
vt -0.064817 0.525000
vn -0.555570 0.831470 0.000000
vt -0.044646 0.525000
vn -0.382683 0.923880 0.000000
f 411/1609/1609 412/1610/1610 444/1611/1611 443/1612/1612
vt -0.064817 0.375000
vn -0.555570 0.831470 0.000000
vt -0.082496 0.375000
vn -0.707107 0.707107 0.000000
vt -0.082496 0.525000
vn -0.707107 0.707107 0.000000
vt -0.064817 0.525000
vn -0.555570 0.831470 0.000000
f 412/1613/1613 413/1614/1614 445/1615/1615 444/1616/1616
vt 0.082496 0.375000
vn -0.707107 0.707107 0.000000
vt 0.064817 0.375000
vn -0.831470 0.555570 0.000000
vt 0.064817 0.525000
vn -0.831470 0.555570 0.000000
vt 0.082496 0.525000
vn -0.707107 0.707107 0.000000
f 413/1617/1617 414/1618/1618 446/1619/1619 445/1620/1620
vt 0.064817 0.375000
vn -0.831470 0.555570 0.000000
vt 0.044646 0.375000
vn -0.923880 0.382683 0.000000
vt 0.044646 0.525000
vn -0.923880 0.382683 0.000000
vt 0.064817 0.525000
vn -0.831470 0.555570 0.000000
f 414/1621/1621 415/1622/1622 447/1623/1623 446/1624/1624
vt 0.044646 0.375000
vn -0.923880 0.382683 0.000000
vt 0.022761 0.375000
vn -0.980785 0.195090 0.000000
vt 0.022761 0.525000
vn -0.980785 0.195090 0.000000
vt 0.044646 0.525000
vn -0.923880 0.382683 0.000000
f 415/1625/1625 416/1626/1626 448/1627/1627 447/1628/1628
vt 0.022761 0.375000
vn -0.980785 0.195090 0.000000
vt 0.000000 0.375000
vn -1.000000 0.000000 0.000000
vt 0.000000 0.525000
vn -1.000000 0.000000 0.000000
vt 0.022761 0.525000
vn -0.980785 0.195090 0.000000
f 416/1629/1629 385/1630/1630 417/1631/1631 448/1632/1632
v 2.263444 -0.550000 -1.105959
v 2.407682 -0.550000 -1.250197
v 2.792318 -0.550000 -1.250197
v 2.936556 -0.550000 -1.105959
v 2.936556 -0.550000 6.105959
v 2.792318 -0.550000 6.250197
v 2.407682 -0.550000 6.250197
v 2.263444 -0.550000 6.105959
v 2.250000 -0.400000 -1.250000
v 2.400000 -0.400000 -1.400000
v 2.800000 -0.400000 -1.400000
v 2.950000 -0.400000 -1.250000
v 2.950000 -0.400000 6.250000
v 2.800000 -0.400000 6.400000
v 2.400000 -0.400000 6.400000
v 2.250000 -0.400000 6.250000
v 2.250000 0.400000 -1.250000
v 2.400000 0.400000 -1.400000
v 2.800000 0.400000 -1.400000
v 2.950000 0.400000 -1.250000
v 2.950000 0.400000 6.250000
v 2.800000 0.400000 6.400000
v 2.400000 0.400000 6.400000
v 2.250000 0.400000 6.250000
v 2.263444 0.550000 -1.105959
v 2.407682 0.550000 -1.250197
v 2.792318 0.550000 -1.250197
v 2.936556 0.550000 -1.105959
v 2.936556 0.550000 6.105959
v 2.792318 0.550000 6.250197
v 2.407682 0.550000 6.250197
v 2.263444 0.550000 6.105959
vt 0.188620 -0.092163
vn 0.000000 -1.000000 0.000000
vt 0.200640 -0.104183
vn 0.000000 -1.000000 0.000000
vt 0.232693 -0.104183
vn 0.000000 -1.000000 0.000000
vt 0.244713 -0.092163
vn 0.000000 -1.000000 0.000000
vt 0.244713 0.508830
vn 0.000000 -1.000000 0.000000
vt 0.232693 0.520850
vn 0.000000 -1.000000 0.000000
vt 0.200640 0.520850
vn 0.000000 -1.000000 0.000000
vt 0.188620 0.508830
vn 0.000000 -1.000000 0.000000
f 449/1633/1633 450/1634/1634 451/1635/1635 452/1636/1636 453/1637/1637 454/1638/1638 455/1639/1639 456/1640/1640
vt 0.188620 0.508830
vn 0.000000 1.000000 0.000000
vt 0.200640 0.520850
vn 0.000000 1.000000 0.000000
vt 0.232693 0.520850
vn 0.000000 1.000000 0.000000
vt 0.244713 0.508830
vn 0.000000 1.000000 0.000000
vt 0.244713 -0.092163
vn 0.000000 1.000000 0.000000
vt 0.232693 -0.104183
vn 0.000000 1.000000 0.000000
vt 0.200640 -0.104183
vn 0.000000 1.000000 0.000000
vt 0.188620 -0.092163
vn 0.000000 1.000000 0.000000
f 480/1641/1641 479/1642/1642 478/1643/1643 477/1644/1644 476/1645/1645 475/1646/1646 474/1647/1647 473/1648/1648
vt 0.187500 -0.104167
vn -0.567752 -0.596084 -0.567752
vt 0.200000 -0.116667
vn -0.567752 -0.596084 -0.567752
vt 0.200640 -0.104183
vn -0.567752 -0.596084 -0.567752
vt 0.188620 -0.092163
vn -0.567752 -0.596084 -0.567752
f 457/1649/1649 458/1650/1650 450/1651/1651 449/1652/1652
vt 0.200000 -0.033333
vn 0.000000 -0.706642 -0.707571
vt 0.233333 -0.033333
vn 0.000000 -0.706642 -0.707571
vt 0.232693 -0.045833
vn 0.000000 -0.706642 -0.707571
vt 0.200640 -0.045833
vn 0.000000 -0.706642 -0.707571
f 458/1653/1653 459/1654/1654 451/1655/1655 450/1656/1656
vt 0.233333 -0.116667
vn 0.567752 -0.596084 -0.567752
vt 0.245833 -0.104167
vn 0.567752 -0.596084 -0.567752
vt 0.244713 -0.092163
vn 0.567752 -0.596084 -0.567752
vt 0.232693 -0.104183
vn 0.567752 -0.596084 -0.567752
f 459/1657/1657 460/1658/1658 452/1659/1659 451/1660/1660
vt -0.033333 -0.104167
vn 0.996008 -0.089268 0.000000
vt -0.033333 0.520833
vn 0.996008 -0.089268 0.000000
vt -0.045833 0.508830
vn 0.996008 -0.089268 0.000000
vt -0.045833 -0.092163
vn 0.996008 -0.089268 0.000000
f 460/1661/1661 461/1662/1662 453/1663/1663 452/1664/1664
vt 0.245833 0.520833
vn 0.567752 -0.596084 0.567752
vt 0.233333 0.533333
vn 0.567752 -0.596084 0.567752
vt 0.232693 0.520850
vn 0.567752 -0.596084 0.567752
vt 0.244713 0.508830
vn 0.567752 -0.596084 0.567752
f 461/1665/1665 462/1666/1666 454/1667/1667 453/1668/1668
vt 0.233333 -0.033333
vn 0.000000 -0.706642 0.707571
vt 0.200000 -0.033333
vn 0.000000 -0.706642 0.707571
vt 0.200640 -0.045833
vn 0.000000 -0.706642 0.707571
vt 0.232693 -0.045833
vn 0.000000 -0.706642 0.707571
f 462/1669/1669 463/1670/1670 455/1671/1671 454/1672/1672
vt 0.200000 0.533333
vn -0.567752 -0.596084 0.567752
vt 0.187500 0.520833
vn -0.567752 -0.596084 0.567752
vt 0.188620 0.508830
vn -0.567752 -0.596084 0.567752
vt 0.200640 0.520850
vn -0.567752 -0.596084 0.567752
f 463/1673/1673 464/1674/1674 456/1675/1675 455/1676/1676
vt -0.033333 0.520833
vn -0.996008 -0.089268 -0.000000
vt -0.033333 -0.104167
vn -0.996008 -0.089268 -0.000000
vt -0.045833 -0.092163
vn -0.996008 -0.089268 -0.000000
vt -0.045833 0.508830
vn -0.996008 -0.089268 -0.000000
f 464/1677/1677 457/1678/1678 449/1679/1679 456/1680/1680
vt 0.033333 -0.104167
vn -0.707107 0.000000 -0.707107
vt 0.033333 -0.116667
vn -0.707107 0.000000 -0.707107
vt -0.033333 -0.116667
vn -0.707107 0.000000 -0.707107
vt -0.033333 -0.104167
vn -0.707107 0.000000 -0.707107
f 465/1681/1681 466/1682/1682 458/1683/1683 457/1684/1684
vt 0.200000 0.033333
vn 0.000000 0.000000 -1.000000
vt 0.233333 0.033333
vn 0.000000 0.000000 -1.000000
vt 0.233333 -0.033333
vn 0.000000 0.000000 -1.000000
vt 0.200000 -0.033333
vn 0.000000 0.000000 -1.000000
f 466/1685/1685 467/1686/1686 459/1687/1687 458/1688/1688
vt 0.033333 -0.116667
vn 0.707107 0.000000 -0.707107
vt 0.033333 -0.104167
vn 0.707107 0.000000 -0.707107
vt -0.033333 -0.104167
vn 0.707107 0.000000 -0.707107
vt -0.033333 -0.116667
vn 0.707107 0.000000 -0.707107
f 467/1689/1689 468/1690/1690 460/1691/1691 459/1692/1692
vt 0.033333 -0.104167
vn 1.000000 0.000000 -0.000000
vt 0.033333 0.520833
vn 1.000000 0.000000 -0.000000
vt -0.033333 0.520833
vn 1.000000 0.000000 -0.000000
vt -0.033333 -0.104167
vn 1.000000 0.000000 -0.000000
f 468/1693/1693 469/1694/1694 461/1695/1695 460/1696/1696
vt 0.033333 0.520833
vn 0.707107 0.000000 0.707107
vt 0.033333 0.533333
vn 0.707107 0.000000 0.707107
vt -0.033333 0.533333
vn 0.707107 0.000000 0.707107
vt -0.033333 0.520833
vn 0.707107 0.000000 0.707107
f 469/1697/1697 470/1698/1698 462/1699/1699 461/1700/1700
vt 0.233333 0.033333
vn 0.000000 0.000000 1.000000
vt 0.200000 0.033333
vn 0.000000 0.000000 1.000000
vt 0.200000 -0.033333
vn 0.000000 0.000000 1.000000
vt 0.233333 -0.033333
vn 0.000000 0.000000 1.000000
f 470/1701/1701 471/1702/1702 463/1703/1703 462/1704/1704
vt 0.033333 0.533333
vn -0.707107 0.000000 0.707107
vt 0.033333 0.520833
vn -0.707107 0.000000 0.707107
vt -0.033333 0.520833
vn -0.707107 0.000000 0.707107
vt -0.033333 0.533333
vn -0.707107 0.000000 0.707107
f 471/1705/1705 472/1706/1706 464/1707/1707 463/1708/1708
vt 0.033333 0.520833
vn -1.000000 0.000000 -0.000000
vt 0.033333 -0.104167
vn -1.000000 0.000000 -0.000000
vt -0.033333 -0.104167
vn -1.000000 0.000000 -0.000000
vt -0.033333 0.520833
vn -1.000000 0.000000 -0.000000
f 472/1709/1709 465/1710/1710 457/1711/1711 464/1712/1712
vt 0.188620 -0.092163
vn -0.567752 0.596084 -0.567752
vt 0.200640 -0.104183
vn -0.567752 0.596084 -0.567752
vt 0.200000 -0.116667
vn -0.567752 0.596084 -0.567752
vt 0.187500 -0.104167
vn -0.567752 0.596084 -0.567752
f 473/1713/1713 474/1714/1714 466/1715/1715 465/1716/1716
vt 0.200640 0.045833
vn 0.000000 0.706642 -0.707571
vt 0.232693 0.045833
vn 0.000000 0.706642 -0.707571
vt 0.233333 0.033333
vn 0.000000 0.706642 -0.707571
vt 0.200000 0.033333
vn 0.000000 0.706642 -0.707571
f 474/1717/1717 475/1718/1718 467/1719/1719 466/1720/1720
vt 0.232693 -0.104183
vn 0.567752 0.596084 -0.567752
vt 0.244713 -0.092163
vn 0.567752 0.596084 -0.567752
vt 0.245833 -0.104167
vn 0.567752 0.596084 -0.567752
vt 0.233333 -0.116667
vn 0.567752 0.596084 -0.567752
f 475/1721/1721 476/1722/1722 468/1723/1723 467/1724/1724
vt 0.045833 -0.092163
vn 0.996008 0.089268 -0.000000
vt 0.045833 0.508830
vn 0.996008 0.089268 -0.000000
vt 0.033333 0.520833
vn 0.996008 0.089268 -0.000000
vt 0.033333 -0.104167
vn 0.996008 0.089268 -0.000000
f 476/1725/1725 477/1726/1726 469/1727/1727 468/1728/1728
vt 0.244713 0.508830
vn 0.567752 0.596084 0.567752
vt 0.232693 0.520850
vn 0.567752 0.596084 0.567752
vt 0.233333 0.533333
vn 0.567752 0.596084 0.567752
vt 0.245833 0.520833
vn 0.567752 0.596084 0.567752
f 477/1729/1729 478/1730/1730 470/1731/1731 469/1732/1732
vt 0.232693 0.045833
vn 0.000000 0.706642 0.707571
vt 0.200640 0.045833
vn 0.000000 0.706642 0.707571
vt 0.200000 0.033333
vn 0.000000 0.706642 0.707571
vt 0.233333 0.033333
vn 0.000000 0.706642 0.707571
f 478/1733/1733 479/1734/1734 471/1735/1735 470/1736/1736
vt 0.200640 0.520850
vn -0.567752 0.596084 0.567752
vt 0.188620 0.508830
vn -0.567752 0.596084 0.567752
vt 0.187500 0.520833
vn -0.567752 0.596084 0.567752
vt 0.200000 0.533333
vn -0.567752 0.596084 0.567752
f 479/1737/1737 480/1738/1738 472/1739/1739 471/1740/1740
vt 0.045833 0.508830
vn -0.996008 0.089268 0.000000
vt 0.045833 -0.092163
vn -0.996008 0.089268 0.000000
vt 0.033333 -0.104167
vn -0.996008 0.089268 0.000000
vt 0.033333 0.520833
vn -0.996008 0.089268 0.000000
f 480/1741/1741 473/1742/1742 465/1743/1743 472/1744/1744
v 0.220000 -1.800000 5.500000
v 0.203253 -1.800000 5.415810
v 0.155563 -1.800000 5.344437
v 0.084190 -1.800000 5.296747
v 0.000000 -1.800000 5.280000
v -0.084190 -1.800000 5.296747
v -0.155563 -1.800000 5.344437
v -0.203253 -1.800000 5.415810
v -0.220000 -1.800000 5.500000
v -0.203253 -1.800000 5.584190
v -0.155563 -1.800000 5.655563
v -0.084190 -1.800000 5.703253
v -0.000000 -1.800000 5.720000
v 0.084190 -1.800000 5.703253
v 0.155563 -1.800000 5.655563
v 0.203253 -1.800000 5.584190
v 0.220000 1.800000 5.500000
v 0.203253 1.800000 5.415810
v 0.155563 1.800000 5.344437
v 0.084190 1.800000 5.296747
v 0.000000 1.800000 5.280000
v -0.084190 1.800000 5.296747
v -0.155563 1.800000 5.344437
v -0.203253 1.800000 5.415810
v -0.220000 1.800000 5.500000
v -0.203253 1.800000 5.584190
v -0.155563 1.800000 5.655563
v -0.084190 1.800000 5.703253
v -0.000000 1.800000 5.720000
v 0.084190 1.800000 5.703253
v 0.155563 1.800000 5.655563
v 0.203253 1.800000 5.584190
vt 0.016938 0.465349
vn 0.000000 -1.000000 0.000000
vt 0.012964 0.471297
vn 0.000000 -1.000000 0.000000
vt 0.007016 0.475271
vn 0.000000 -1.000000 0.000000
vt -0.000000 0.476667
vn 0.000000 -1.000000 0.000000
vt -0.007016 0.475271
vn 0.000000 -1.000000 0.000000
vt -0.012964 0.471297
vn 0.000000 -1.000000 0.000000
vt -0.016938 0.465349
vn 0.000000 -1.000000 0.000000
vt -0.018333 0.458333
vn 0.000000 -1.000000 0.000000
vt -0.016938 0.451317
vn 0.000000 -1.000000 0.000000
vt -0.012964 0.445370
vn 0.000000 -1.000000 0.000000
vt -0.007016 0.441396
vn 0.000000 -1.000000 0.000000
vt 0.000000 0.440000
vn 0.000000 -1.000000 0.000000
vt 0.007016 0.441396
vn 0.000000 -1.000000 0.000000
vt 0.012964 0.445370
vn 0.000000 -1.000000 0.000000
vt 0.016938 0.451317
vn 0.000000 -1.000000 0.000000
vt 0.018333 0.458333
vn 0.000000 -1.000000 0.000000
f 496/1745/1745 495/1746/1746 494/1747/1747 493/1748/1748 492/1749/1749 491/1750/1750 490/1751/1751 489/1752/1752 488/1753/1753 487/1754/1754 486/1755/1755 485/1756/1756 484/1757/1757 483/1758/1758 482/1759/1759 481/1760/1760
vt 0.018333 0.458333
vn 0.000000 1.000000 0.000000
vt 0.016938 0.451317
vn 0.000000 1.000000 0.000000
vt 0.012964 0.445370
vn 0.000000 1.000000 0.000000
vt 0.007016 0.441396
vn 0.000000 1.000000 0.000000
vt 0.000000 0.440000
vn 0.000000 1.000000 0.000000
vt -0.007016 0.441396
vn 0.000000 1.000000 0.000000
vt -0.012964 0.445370
vn 0.000000 1.000000 0.000000
vt -0.016938 0.451317
vn 0.000000 1.000000 0.000000
vt -0.018333 0.458333
vn 0.000000 1.000000 0.000000
vt -0.016938 0.465349
vn 0.000000 1.000000 0.000000
vt -0.012964 0.471297
vn 0.000000 1.000000 0.000000
vt -0.007016 0.475271
vn 0.000000 1.000000 0.000000
vt -0.000000 0.476667
vn 0.000000 1.000000 0.000000
vt 0.007016 0.475271
vn 0.000000 1.000000 0.000000
vt 0.012964 0.471297
vn 0.000000 1.000000 0.000000
vt 0.016938 0.465349
vn 0.000000 1.000000 0.000000
f 497/1761/1761 498/1762/1762 499/1763/1763 500/1764/1764 501/1765/1765 502/1766/1766 503/1767/1767 504/1768/1768 505/1769/1769 506/1770/1770 507/1771/1771 508/1772/1772 509/1773/1773 510/1774/1774 511/1775/1775 512/1776/1776
vt -0.150000 0.458333
vn 1.000000 0.000000 -0.000000
vt -0.150000 0.451317
vn 0.923880 0.000000 -0.382683
vt 0.150000 0.451317
vn 0.923880 0.000000 -0.382683
vt 0.150000 0.458333
vn 1.000000 0.000000 -0.000000
f 481/1777/1777 482/1778/1778 498/1779/1779 497/1780/1780
vt -0.150000 0.451317
vn 0.923880 0.000000 -0.382683
vt -0.150000 0.445370
vn 0.707107 0.000000 -0.707107
vt 0.150000 0.445370
vn 0.707107 0.000000 -0.707107
vt 0.150000 0.451317
vn 0.923880 0.000000 -0.382683
f 482/1781/1781 483/1782/1782 499/1783/1783 498/1784/1784
vt 0.012964 -0.150000
vn 0.707107 0.000000 -0.707107
vt 0.007016 -0.150000
vn 0.382683 0.000000 -0.923880
vt 0.007016 0.150000
vn 0.382683 0.000000 -0.923880
vt 0.012964 0.150000
vn 0.707107 0.000000 -0.707107
f 483/1785/1785 484/1786/1786 500/1787/1787 499/1788/1788
vt 0.007016 -0.150000
vn 0.382683 0.000000 -0.923880
vt 0.000000 -0.150000
vn 0.000000 0.000000 -1.000000
vt 0.000000 0.150000
vn 0.000000 0.000000 -1.000000
vt 0.007016 0.150000
vn 0.382683 0.000000 -0.923880
f 484/1789/1789 485/1790/1790 501/1791/1791 500/1792/1792
vt 0.000000 -0.150000
vn 0.000000 0.000000 -1.000000
vt -0.007016 -0.150000
vn -0.382683 0.000000 -0.923880
vt -0.007016 0.150000
vn -0.382683 0.000000 -0.923880
vt 0.000000 0.150000
vn 0.000000 0.000000 -1.000000
f 485/1793/1793 486/1794/1794 502/1795/1795 501/1796/1796
vt -0.007016 -0.150000
vn -0.382683 0.000000 -0.923880
vt -0.012964 -0.150000
vn -0.707107 0.000000 -0.707107
vt -0.012964 0.150000
vn -0.707107 0.000000 -0.707107
vt -0.007016 0.150000
vn -0.382683 0.000000 -0.923880
f 486/1797/1797 487/1798/1798 503/1799/1799 502/1800/1800
vt -0.150000 0.445370
vn -0.707107 0.000000 -0.707107
vt -0.150000 0.451317
vn -0.923880 0.000000 -0.382683
vt 0.150000 0.451317
vn -0.923880 0.000000 -0.382683
vt 0.150000 0.445370
vn -0.707107 0.000000 -0.707107
f 487/1801/1801 488/1802/1802 504/1803/1803 503/1804/1804
vt -0.150000 0.451317
vn -0.923880 0.000000 -0.382683
vt -0.150000 0.458333
vn -1.000000 0.000000 -0.000000
vt 0.150000 0.458333
vn -1.000000 0.000000 -0.000000
vt 0.150000 0.451317
vn -0.923880 0.000000 -0.382683
f 488/1805/1805 489/1806/1806 505/1807/1807 504/1808/1808
vt -0.150000 0.458333
vn -1.000000 0.000000 -0.000000
vt -0.150000 0.465349
vn -0.923880 0.000000 0.382683
vt 0.150000 0.465349
vn -0.923880 0.000000 0.382683
vt 0.150000 0.458333
vn -1.000000 0.000000 -0.000000
f 489/1809/1809 490/1810/1810 506/1811/1811 505/1812/1812
vt -0.150000 0.465349
vn -0.923880 0.000000 0.382683
vt -0.150000 0.471297
vn -0.707107 0.000000 0.707107
vt 0.150000 0.471297
vn -0.707107 0.000000 0.707107
vt 0.150000 0.465349
vn -0.923880 0.000000 0.382683
f 490/1813/1813 491/1814/1814 507/1815/1815 506/1816/1816
vt -0.012964 -0.150000
vn -0.707107 0.000000 0.707107
vt -0.007016 -0.150000
vn -0.382683 0.000000 0.923880
vt -0.007016 0.150000
vn -0.382683 0.000000 0.923880
vt -0.012964 0.150000
vn -0.707107 0.000000 0.707107
f 491/1817/1817 492/1818/1818 508/1819/1819 507/1820/1820
vt -0.007016 -0.150000
vn -0.382683 0.000000 0.923880
vt -0.000000 -0.150000
vn -0.000000 0.000000 1.000000
vt -0.000000 0.150000
vn -0.000000 0.000000 1.000000
vt -0.007016 0.150000
vn -0.382683 0.000000 0.923880
f 492/1821/1821 493/1822/1822 509/1823/1823 508/1824/1824
vt -0.000000 -0.150000
vn -0.000000 0.000000 1.000000
vt 0.007016 -0.150000
vn 0.382683 0.000000 0.923880
vt 0.007016 0.150000
vn 0.382683 0.000000 0.923880
vt -0.000000 0.150000
vn -0.000000 0.000000 1.000000
f 493/1825/1825 494/1826/1826 510/1827/1827 509/1828/1828
vt 0.007016 -0.150000
vn 0.382683 0.000000 0.923880
vt 0.012964 -0.150000
vn 0.707107 0.000000 0.707107
vt 0.012964 0.150000
vn 0.707107 0.000000 0.707107
vt 0.007016 0.150000
vn 0.382683 0.000000 0.923880
f 494/1829/1829 495/1830/1830 511/1831/1831 510/1832/1832
vt -0.150000 0.471297
vn 0.707107 0.000000 0.707107
vt -0.150000 0.465349
vn 0.923880 0.000000 0.382683
vt 0.150000 0.465349
vn 0.923880 0.000000 0.382683
vt 0.150000 0.471297
vn 0.707107 0.000000 0.707107
f 495/1833/1833 496/1834/1834 512/1835/1835 511/1836/1836
vt -0.150000 0.465349
vn 0.923880 0.000000 0.382683
vt -0.150000 0.458333
vn 1.000000 0.000000 -0.000000
vt 0.150000 0.458333
vn 1.000000 0.000000 -0.000000
vt 0.150000 0.465349
vn 0.923880 0.000000 0.382683
f 496/1837/1837 481/1838/1838 497/1839/1839 512/1840/1840
v 1.171112 -2.000000 6.383032
v 1.208863 -2.091924 6.388002
v 1.300000 -2.130000 6.400000
v 1.391137 -2.091924 6.411998
v 1.428888 -2.000000 6.416968
v 1.391137 -1.908076 6.411998
v 1.300000 -1.870000 6.400000
v 1.208863 -1.908076 6.388002
v 1.126816 -2.000000 6.719496
v 1.164566 -2.091924 6.724466
v 1.255704 -2.130000 6.736465
v 1.346841 -2.091924 6.748463
v 1.384591 -2.000000 6.753433
v 1.346841 -1.908076 6.748463
v 1.255704 -1.870000 6.736465
v 1.164566 -1.908076 6.724466
vt 0.100739 -0.159006
vn 0.130526 0.000000 -0.991445
vt 0.108333 -0.155833
vn 0.130526 0.000000 -0.991445
vt 0.115928 -0.159006
vn 0.130526 0.000000 -0.991445
vt 0.119074 -0.166667
vn 0.130526 0.000000 -0.991445
vt 0.115928 -0.174327
vn 0.130526 0.000000 -0.991445
vt 0.108333 -0.177500
vn 0.130526 0.000000 -0.991445
vt 0.100739 -0.174327
vn 0.130526 0.000000 -0.991445
vt 0.097593 -0.166667
vn 0.130526 0.000000 -0.991445
f 520/1841/1841 519/1842/1842 518/1843/1843 517/1844/1844 516/1845/1845 515/1846/1846 514/1847/1847 513/1848/1848
vt 0.093901 -0.166667
vn -0.130526 -0.000000 0.991445
vt 0.097047 -0.174327
vn -0.130526 -0.000000 0.991445
vt 0.104642 -0.177500
vn -0.130526 -0.000000 0.991445
vt 0.112237 -0.174327
vn -0.130526 -0.000000 0.991445
vt 0.115383 -0.166667
vn -0.130526 -0.000000 0.991445
vt 0.112237 -0.159006
vn -0.130526 -0.000000 0.991445
vt 0.104642 -0.155833
vn -0.130526 -0.000000 0.991445
vt 0.097047 -0.159006
vn -0.130526 -0.000000 0.991445
f 521/1849/1849 522/1850/1850 523/1851/1851 524/1852/1852 525/1853/1853 526/1854/1854 527/1855/1855 528/1856/1856
vt -0.166667 0.531919
vn -0.991445 0.000000 -0.130526
vt -0.174327 0.532333
vn -0.701057 -0.707107 -0.092296
vt -0.174327 0.560372
vn -0.701057 -0.707107 -0.092296
vt -0.166667 0.559958
vn -0.991445 0.000000 -0.130526
f 513/1857/1857 514/1858/1858 522/1859/1859 521/1860/1860
vt 0.100739 0.532333
vn -0.701057 -0.707107 -0.092296
vt 0.108333 0.533333
vn 0.000000 -1.000000 0.000000
vt 0.104642 0.561372
vn 0.000000 -1.000000 0.000000
vt 0.097047 0.560372
vn -0.701057 -0.707107 -0.092296
f 514/1861/1861 515/1862/1862 523/1863/1863 522/1864/1864
vt 0.108333 0.533333
vn 0.000000 -1.000000 0.000000
vt 0.115928 0.534333
vn 0.701057 -0.707107 0.092296
vt 0.112237 0.562372
vn 0.701057 -0.707107 0.092296
vt 0.104642 0.561372
vn 0.000000 -1.000000 0.000000
f 515/1865/1865 516/1866/1866 524/1867/1867 523/1868/1868
vt -0.174327 0.534333
vn 0.701057 -0.707107 0.092296
vt -0.166667 0.534747
vn 0.991445 0.000000 0.130526
vt -0.166667 0.562786
vn 0.991445 0.000000 0.130526
vt -0.174327 0.562372
vn 0.701057 -0.707107 0.092296
f 516/1869/1869 517/1870/1870 525/1871/1871 524/1872/1872
vt -0.166667 0.534747
vn 0.991445 0.000000 0.130526
vt -0.159006 0.534333
vn 0.701057 0.707107 0.092296
vt -0.159006 0.562372
vn 0.701057 0.707107 0.092296
vt -0.166667 0.562786
vn 0.991445 0.000000 0.130526
f 517/1873/1873 518/1874/1874 526/1875/1875 525/1876/1876
vt 0.115928 0.534333
vn 0.701057 0.707107 0.092296
vt 0.108333 0.533333
vn 0.000000 1.000000 0.000000
vt 0.104642 0.561372
vn 0.000000 1.000000 0.000000
vt 0.112237 0.562372
vn 0.701057 0.707107 0.092296
f 518/1877/1877 519/1878/1878 527/1879/1879 526/1880/1880
vt 0.108333 0.533333
vn 0.000000 1.000000 0.000000
vt 0.100739 0.532333
vn -0.701057 0.707107 -0.092296
vt 0.097047 0.560372
vn -0.701057 0.707107 -0.092296
vt 0.104642 0.561372
vn 0.000000 1.000000 0.000000
f 519/1881/1881 520/1882/1882 528/1883/1883 527/1884/1884
vt -0.159006 0.532333
vn -0.701057 0.707107 -0.092296
vt -0.166667 0.531919
vn -0.991445 0.000000 -0.130526
vt -0.166667 0.559958
vn -0.991445 0.000000 -0.130526
vt -0.159006 0.560372
vn -0.701057 0.707107 -0.092296
f 520/1885/1885 513/1886/1886 521/1887/1887 528/1888/1888
v 1.135599 -2.000000 6.686716
v 1.170777 -2.091924 6.701287
v 1.255704 -2.130000 6.736465
v 1.340630 -2.091924 6.771643
v 1.375808 -2.000000 6.786214
v 1.340630 -1.908076 6.771643
v 1.255704 -1.870000 6.736465
v 1.170777 -1.908076 6.701287
v 1.005729 -2.000000 7.000251
v 1.040906 -2.091924 7.014822
v 1.125833 -2.130000 7.050000
v 1.210760 -2.091924 7.085178
v 1.245937 -2.000000 7.099749
v 1.210760 -1.908076 7.085178
v 1.125833 -1.870000 7.050000
v 1.040906 -1.908076 7.014822
vt 0.097565 -0.159006
vn 0.382683 0.000000 -0.923880
vt 0.104642 -0.155833
vn 0.382683 0.000000 -0.923880
vt 0.111719 -0.159006
vn 0.382683 0.000000 -0.923880
vt 0.114651 -0.166667
vn 0.382683 0.000000 -0.923880
vt 0.111719 -0.174327
vn 0.382683 0.000000 -0.923880
vt 0.104642 -0.177500
vn 0.382683 0.000000 -0.923880
vt 0.097565 -0.174327
vn 0.382683 0.000000 -0.923880
vt 0.094633 -0.166667
vn 0.382683 0.000000 -0.923880
f 536/1889/1889 535/1890/1890 534/1891/1891 533/1892/1892 532/1893/1893 531/1894/1894 530/1895/1895 529/1896/1896
vt 0.083811 -0.166667
vn -0.382683 -0.000000 0.923880
vt 0.086742 -0.174327
vn -0.382683 -0.000000 0.923880
vt 0.093819 -0.177500
vn -0.382683 -0.000000 0.923880
vt 0.100897 -0.174327
vn -0.382683 -0.000000 0.923880
vt 0.103828 -0.166667
vn -0.382683 -0.000000 0.923880
vt 0.100897 -0.159006
vn -0.382683 -0.000000 0.923880
vt 0.093819 -0.155833
vn -0.382683 -0.000000 0.923880
vt 0.086742 -0.159006
vn -0.382683 -0.000000 0.923880
f 537/1897/1897 538/1898/1898 539/1899/1899 540/1900/1900 541/1901/1901 542/1902/1902 543/1903/1903 544/1904/1904
vt -0.166667 0.557226
vn -0.923880 0.000000 -0.382683
vt -0.174327 0.558441
vn -0.653281 -0.707107 -0.270598
vt -0.174327 0.584569
vn -0.653281 -0.707107 -0.270598
vt -0.166667 0.583354
vn -0.923880 0.000000 -0.382683
f 529/1905/1905 530/1906/1906 538/1907/1907 537/1908/1908
vt 0.097565 0.558441
vn -0.653281 -0.707107 -0.270598
vt 0.104642 0.561372
vn 0.000000 -1.000000 0.000000
vt 0.093819 0.587500
vn 0.000000 -1.000000 0.000000
vt 0.086742 0.584569
vn -0.653281 -0.707107 -0.270598
f 530/1909/1909 531/1910/1910 539/1911/1911 538/1912/1912
vt 0.104642 0.561372
vn 0.000000 -1.000000 0.000000
vt 0.111719 0.564304
vn 0.653281 -0.707107 0.270598
vt 0.100897 0.590431
vn 0.653281 -0.707107 0.270598
vt 0.093819 0.587500
vn 0.000000 -1.000000 0.000000
f 531/1913/1913 532/1914/1914 540/1915/1915 539/1916/1916
vt -0.174327 0.564304
vn 0.653281 -0.707107 0.270598
vt -0.166667 0.565518
vn 0.923880 0.000000 0.382683
vt -0.166667 0.591646
vn 0.923880 0.000000 0.382683
vt -0.174327 0.590431
vn 0.653281 -0.707107 0.270598
f 532/1917/1917 533/1918/1918 541/1919/1919 540/1920/1920
vt -0.166667 0.565518
vn 0.923880 0.000000 0.382683
vt -0.159006 0.564304
vn 0.653281 0.707107 0.270598
vt -0.159006 0.590431
vn 0.653281 0.707107 0.270598
vt -0.166667 0.591646
vn 0.923880 0.000000 0.382683
f 533/1921/1921 534/1922/1922 542/1923/1923 541/1924/1924
vt 0.111719 0.564304
vn 0.653281 0.707107 0.270598
vt 0.104642 0.561372
vn 0.000000 1.000000 0.000000
vt 0.093819 0.587500
vn 0.000000 1.000000 0.000000
vt 0.100897 0.590431
vn 0.653281 0.707107 0.270598
f 534/1925/1925 535/1926/1926 543/1927/1927 542/1928/1928
vt 0.104642 0.561372
vn 0.000000 1.000000 0.000000
vt 0.097565 0.558441
vn -0.653281 0.707107 -0.270598
vt 0.086742 0.584569
vn -0.653281 0.707107 -0.270598
vt 0.093819 0.587500
vn 0.000000 1.000000 0.000000
f 535/1929/1929 536/1930/1930 544/1931/1931 543/1932/1932
vt -0.159006 0.558441
vn -0.653281 0.707107 -0.270598
vt -0.166667 0.557226
vn -0.923880 0.000000 -0.382683
vt -0.166667 0.583354
vn -0.923880 0.000000 -0.382683
vt -0.159006 0.584569
vn -0.653281 0.707107 -0.270598
f 536/1933/1933 529/1934/1934 537/1935/1935 544/1936/1936
v 1.125833 -1.870000 7.050000
v 1.052905 -1.908076 6.994040
v 1.022697 -2.000000 6.970861
v 1.052905 -2.091924 6.994040
v 1.125833 -2.130000 7.050000
v 1.198761 -2.091924 7.105960
v 1.228969 -2.000000 7.129139
v 1.198761 -1.908076 7.105960
v 0.919239 -1.870000 7.319239
v 0.846311 -1.908076 7.263279
v 0.816103 -2.000000 7.240100
v 0.846311 -2.091924 7.263279
v 0.919239 -2.130000 7.319239
v 0.992167 -2.091924 7.375199
v 1.022375 -2.000000 7.398378
v 0.992167 -1.908076 7.375199
vt 0.099897 -0.159006
vn 0.608761 0.000000 -0.793353
vt 0.102414 -0.166667
vn 0.608761 0.000000 -0.793353
vt 0.099897 -0.174327
vn 0.608761 0.000000 -0.793353
vt 0.093819 -0.177500
vn 0.608761 0.000000 -0.793353
vt 0.087742 -0.174327
vn 0.608761 0.000000 -0.793353
vt 0.085225 -0.166667
vn 0.608761 0.000000 -0.793353
vt 0.087742 -0.159006
vn 0.608761 0.000000 -0.793353
vt 0.093819 -0.155833
vn 0.608761 0.000000 -0.793353
f 552/1937/1937 551/1938/1938 550/1939/1939 549/1940/1940 548/1941/1941 547/1942/1942 546/1943/1943 545/1944/1944
vt 0.076603 -0.155833
vn -0.608761 0.000000 0.793353
vt 0.070526 -0.159006
vn -0.608761 0.000000 0.793353
vt 0.068009 -0.166667
vn -0.608761 0.000000 0.793353
vt 0.070526 -0.174327
vn -0.608761 0.000000 0.793353
vt 0.076603 -0.177500
vn -0.608761 0.000000 0.793353
vt 0.082681 -0.174327
vn -0.608761 0.000000 0.793353
vt 0.085198 -0.166667
vn -0.608761 0.000000 0.793353
vt 0.082681 -0.159006
vn -0.608761 0.000000 0.793353
f 553/1945/1945 554/1946/1946 555/1947/1947 556/1948/1948 557/1949/1949 558/1950/1950 559/1951/1951 560/1952/1952
vt 0.093819 0.587500
vn 0.000000 1.000000 0.000000
vt 0.087742 0.582837
vn -0.560986 0.707107 -0.430459
vt 0.070526 0.605273
vn -0.560986 0.707107 -0.430459
vt 0.076603 0.609937
vn 0.000000 1.000000 0.000000
f 545/1953/1953 546/1954/1954 554/1955/1955 553/1956/1956
vt -0.159006 0.582837
vn -0.560986 0.707107 -0.430459
vt -0.166667 0.580905
vn -0.793353 0.000000 -0.608761
vt -0.166667 0.603342
vn -0.793353 0.000000 -0.608761
vt -0.159006 0.605273
vn -0.560986 0.707107 -0.430459
f 546/1957/1957 547/1958/1958 555/1959/1959 554/1960/1960
vt -0.166667 0.580905
vn -0.793353 0.000000 -0.608761
vt -0.174327 0.582837
vn -0.560986 -0.707107 -0.430459
vt -0.174327 0.605273
vn -0.560986 -0.707107 -0.430459
vt -0.166667 0.603342
vn -0.793353 0.000000 -0.608761
f 547/1961/1961 548/1962/1962 556/1963/1963 555/1964/1964
vt 0.087742 0.582837
vn -0.560986 -0.707107 -0.430459
vt 0.093819 0.587500
vn -0.000000 -1.000000 0.000000
vt 0.076603 0.609937
vn -0.000000 -1.000000 0.000000
vt 0.070526 0.605273
vn -0.560986 -0.707107 -0.430459
f 548/1965/1965 549/1966/1966 557/1967/1967 556/1968/1968
vt 0.093819 0.587500
vn -0.000000 -1.000000 0.000000
vt 0.099897 0.592163
vn 0.560986 -0.707107 0.430459
vt 0.082681 0.614600
vn 0.560986 -0.707107 0.430459
vt 0.076603 0.609937
vn -0.000000 -1.000000 0.000000
f 549/1969/1969 550/1970/1970 558/1971/1971 557/1972/1972
vt -0.174327 0.592163
vn 0.560986 -0.707107 0.430459
vt -0.166667 0.594095
vn 0.793353 0.000000 0.608761
vt -0.166667 0.616531
vn 0.793353 0.000000 0.608761
vt -0.174327 0.614600
vn 0.560986 -0.707107 0.430459
f 550/1973/1973 551/1974/1974 559/1975/1975 558/1976/1976
vt -0.166667 0.594095
vn 0.793353 0.000000 0.608761
vt -0.159006 0.592163
vn 0.560986 0.707107 0.430459
vt -0.159006 0.614600
vn 0.560986 0.707107 0.430459
vt -0.166667 0.616531
vn 0.793353 0.000000 0.608761
f 551/1977/1977 552/1978/1978 560/1979/1979 559/1980/1980
vt 0.099897 0.592163
vn 0.560986 0.707107 0.430459
vt 0.093819 0.587500
vn 0.000000 1.000000 0.000000
vt 0.076603 0.609937
vn 0.000000 1.000000 0.000000
vt 0.082681 0.614600
vn 0.560986 0.707107 0.430459
f 552/1981/1981 545/1982/1982 553/1983/1983 560/1984/1984
v 0.919239 -1.870000 7.319239
v 0.863279 -1.908076 7.246311
v 0.840100 -2.000000 7.216103
v 0.863279 -2.091924 7.246311
v 0.919239 -2.130000 7.319239
v 0.975199 -2.091924 7.392167
v 0.998378 -2.000000 7.422375
v 0.975199 -1.908076 7.392167
v 0.650000 -1.870000 7.525833
v 0.594040 -1.908076 7.452905
v 0.570861 -2.000000 7.422697
v 0.594040 -2.091924 7.452905
v 0.650000 -2.130000 7.525833
v 0.705960 -2.091924 7.598761
v 0.729139 -2.000000 7.628969
v 0.705960 -1.908076 7.598761
vt -0.159006 0.616014
vn 0.793353 0.000000 -0.608761
vt -0.166667 0.618531
vn 0.793353 0.000000 -0.608761
vt -0.174327 0.616014
vn 0.793353 0.000000 -0.608761
vt -0.177500 0.609937
vn 0.793353 0.000000 -0.608761
vt -0.174327 0.603859
vn 0.793353 0.000000 -0.608761
vt -0.166667 0.601342
vn 0.793353 0.000000 -0.608761
vt -0.159006 0.603859
vn 0.793353 0.000000 -0.608761
vt -0.155833 0.609937
vn 0.793353 0.000000 -0.608761
f 568/1985/1985 567/1986/1986 566/1987/1987 565/1988/1988 564/1989/1989 563/1990/1990 562/1991/1991 561/1992/1992
vt -0.155833 0.627153
vn -0.793353 -0.000000 0.608761
vt -0.159006 0.621075
vn -0.793353 -0.000000 0.608761
vt -0.166667 0.618558
vn -0.793353 -0.000000 0.608761
vt -0.174327 0.621075
vn -0.793353 -0.000000 0.608761
vt -0.177500 0.627153
vn -0.793353 -0.000000 0.608761
vt -0.174327 0.633230
vn -0.793353 -0.000000 0.608761
vt -0.166667 0.635747
vn -0.793353 -0.000000 0.608761
vt -0.159006 0.633230
vn -0.793353 -0.000000 0.608761
f 569/1993/1993 570/1994/1994 571/1995/1995 572/1996/1996 573/1997/1997 574/1998/1998 575/1999/1999 576/2000/2000
vt 0.076603 0.609937
vn 0.000000 1.000000 0.000000
vt 0.071940 0.603859
vn -0.430459 0.707107 -0.560986
vt 0.049503 0.621075
vn -0.430459 0.707107 -0.560986
vt 0.054167 0.627153
vn 0.000000 1.000000 0.000000
f 561/2001/2001 562/2002/2002 570/2003/2003 569/2004/2004
vt 0.071940 -0.159006
vn -0.430459 0.707107 -0.560986
vt 0.070008 -0.166667
vn -0.608761 0.000000 -0.793353
vt 0.047572 -0.166667
vn -0.608761 0.000000 -0.793353
vt 0.049503 -0.159006
vn -0.430459 0.707107 -0.560986
f 562/2005/2005 563/2006/2006 571/2007/2007 570/2008/2008
vt 0.070008 -0.166667
vn -0.608761 0.000000 -0.793353
vt 0.071940 -0.174327
vn -0.430459 -0.707107 -0.560986
vt 0.049503 -0.174327
vn -0.430459 -0.707107 -0.560986
vt 0.047572 -0.166667
vn -0.608761 0.000000 -0.793353
f 563/2009/2009 564/2010/2010 572/2011/2011 571/2012/2012
vt 0.071940 0.603859
vn -0.430459 -0.707107 -0.560986
vt 0.076603 0.609937
vn 0.000000 -1.000000 0.000000
vt 0.054167 0.627153
vn 0.000000 -1.000000 0.000000
vt 0.049503 0.621075
vn -0.430459 -0.707107 -0.560986
f 564/2013/2013 565/2014/2014 573/2015/2015 572/2016/2016
vt 0.076603 0.609937
vn 0.000000 -1.000000 0.000000
vt 0.081267 0.616014
vn 0.430459 -0.707107 0.560986
vt 0.058830 0.633230
vn 0.430459 -0.707107 0.560986
vt 0.054167 0.627153
vn 0.000000 -1.000000 0.000000
f 565/2017/2017 566/2018/2018 574/2019/2019 573/2020/2020
vt 0.081267 -0.174327
vn 0.430459 -0.707107 0.560986
vt 0.083198 -0.166667
vn 0.608761 0.000000 0.793353
vt 0.060762 -0.166667
vn 0.608761 0.000000 0.793353
vt 0.058830 -0.174327
vn 0.430459 -0.707107 0.560986
f 566/2021/2021 567/2022/2022 575/2023/2023 574/2024/2024
vt 0.083198 -0.166667
vn 0.608761 0.000000 0.793353
vt 0.081267 -0.159006
vn 0.430459 0.707107 0.560986
vt 0.058830 -0.159006
vn 0.430459 0.707107 0.560986
vt 0.060762 -0.166667
vn 0.608761 0.000000 0.793353
f 567/2025/2025 568/2026/2026 576/2027/2027 575/2028/2028
vt 0.081267 0.616014
vn 0.430459 0.707107 0.560986
vt 0.076603 0.609937
vn 0.000000 1.000000 0.000000
vt 0.054167 0.627153
vn 0.000000 1.000000 0.000000
vt 0.058830 0.633230
vn 0.430459 0.707107 0.560986
f 568/2029/2029 561/2030/2030 569/2031/2031 576/2032/2032
v 0.650000 -1.870000 7.525833
v 0.614822 -1.908076 7.440906
v 0.600251 -2.000000 7.405729
v 0.614822 -2.091924 7.440906
v 0.650000 -2.130000 7.525833
v 0.685178 -2.091924 7.610760
v 0.699749 -2.000000 7.645937
v 0.685178 -1.908076 7.610760
v 0.336465 -1.870000 7.655704
v 0.301287 -1.908076 7.570777
v 0.286716 -2.000000 7.535599
v 0.301287 -2.091924 7.570777
v 0.336465 -2.130000 7.655704
v 0.371643 -2.091924 7.740630
v 0.386214 -2.000000 7.775808
v 0.371643 -1.908076 7.740630
vt -0.159006 0.634230
vn 0.923880 0.000000 -0.382683
vt -0.166667 0.637161
vn 0.923880 0.000000 -0.382683
vt -0.174327 0.634230
vn 0.923880 0.000000 -0.382683
vt -0.177500 0.627153
vn 0.923880 0.000000 -0.382683
vt -0.174327 0.620076
vn 0.923880 0.000000 -0.382683
vt -0.166667 0.617144
vn 0.923880 0.000000 -0.382683
vt -0.159006 0.620076
vn 0.923880 0.000000 -0.382683
vt -0.155833 0.627153
vn 0.923880 0.000000 -0.382683
f 584/2033/2033 583/2034/2034 582/2035/2035 581/2036/2036 580/2037/2037 579/2038/2038 578/2039/2039 577/2040/2040
vt -0.155833 0.637975
vn -0.923880 0.000000 0.382683
vt -0.159006 0.630898
vn -0.923880 0.000000 0.382683
vt -0.166667 0.627967
vn -0.923880 0.000000 0.382683
vt -0.174327 0.630898
vn -0.923880 0.000000 0.382683
vt -0.177500 0.637975
vn -0.923880 0.000000 0.382683
vt -0.174327 0.645053
vn -0.923880 0.000000 0.382683
vt -0.166667 0.647984
vn -0.923880 0.000000 0.382683
vt -0.159006 0.645053
vn -0.923880 0.000000 0.382683
f 585/2041/2041 586/2042/2042 587/2043/2043 588/2044/2044 589/2045/2045 590/2046/2046 591/2047/2047 592/2048/2048
vt 0.054167 0.627153
vn -0.000000 1.000000 0.000000
vt 0.051235 0.620076
vn -0.270598 0.707107 -0.653281
vt 0.025107 0.630898
vn -0.270598 0.707107 -0.653281
vt 0.028039 0.637975
vn -0.000000 1.000000 0.000000
f 577/2049/2049 578/2050/2050 586/2051/2051 585/2052/2052
vt 0.051235 -0.159006
vn -0.270598 0.707107 -0.653281
vt 0.050021 -0.166667
vn -0.382683 0.000000 -0.923880
vt 0.023893 -0.166667
vn -0.382683 0.000000 -0.923880
vt 0.025107 -0.159006
vn -0.270598 0.707107 -0.653281
f 578/2053/2053 579/2054/2054 587/2055/2055 586/2056/2056
vt 0.050021 -0.166667
vn -0.382683 0.000000 -0.923880
vt 0.051235 -0.174327
vn -0.270598 -0.707107 -0.653281
vt 0.025107 -0.174327
vn -0.270598 -0.707107 -0.653281
vt 0.023893 -0.166667
vn -0.382683 0.000000 -0.923880
f 579/2057/2057 580/2058/2058 588/2059/2059 587/2060/2060
vt 0.051235 0.620076
vn -0.270598 -0.707107 -0.653281
vt 0.054167 0.627153
vn -0.000000 -1.000000 0.000000
vt 0.028039 0.637975
vn -0.000000 -1.000000 0.000000
vt 0.025107 0.630898
vn -0.270598 -0.707107 -0.653281
f 580/2061/2061 581/2062/2062 589/2063/2063 588/2064/2064
vt 0.054167 0.627153
vn -0.000000 -1.000000 0.000000
vt 0.057098 0.634230
vn 0.270598 -0.707107 0.653281
vt 0.030970 0.645053
vn 0.270598 -0.707107 0.653281
vt 0.028039 0.637975
vn -0.000000 -1.000000 0.000000
f 581/2065/2065 582/2066/2066 590/2067/2067 589/2068/2068
vt 0.057098 -0.174327
vn 0.270598 -0.707107 0.653281
vt 0.058312 -0.166667
vn 0.382683 0.000000 0.923880
vt 0.032184 -0.166667
vn 0.382683 0.000000 0.923880
vt 0.030970 -0.174327
vn 0.270598 -0.707107 0.653281
f 582/2069/2069 583/2070/2070 591/2071/2071 590/2072/2072
vt 0.058312 -0.166667
vn 0.382683 0.000000 0.923880
vt 0.057098 -0.159006
vn 0.270598 0.707107 0.653281
vt 0.030970 -0.159006
vn 0.270598 0.707107 0.653281
vt 0.032184 -0.166667
vn 0.382683 0.000000 0.923880
f 583/2073/2073 584/2074/2074 592/2075/2075 591/2076/2076
vt 0.057098 0.634230
vn 0.270598 0.707107 0.653281
vt 0.054167 0.627153
vn -0.000000 1.000000 0.000000
vt 0.028039 0.637975
vn -0.000000 1.000000 0.000000
vt 0.030970 0.645053
vn 0.270598 0.707107 0.653281
f 584/2077/2077 577/2078/2078 585/2079/2079 592/2080/2080
v 0.336465 -1.870000 7.655704
v 0.324466 -1.908076 7.564566
v 0.319496 -2.000000 7.526816
v 0.324466 -2.091924 7.564566
v 0.336465 -2.130000 7.655704
v 0.348463 -2.091924 7.746841
v 0.353433 -2.000000 7.784591
v 0.348463 -1.908076 7.746841
v 0.000000 -1.870000 7.700000
v -0.011998 -1.908076 7.608863
v -0.016968 -2.000000 7.571112
v -0.011998 -2.091924 7.608863
v 0.000000 -2.130000 7.700000
v 0.011998 -2.091924 7.791137
v 0.016968 -2.000000 7.828888
v 0.011998 -1.908076 7.791137
vt -0.159006 0.645570
vn 0.991445 0.000000 -0.130526
vt -0.166667 0.648716
vn 0.991445 0.000000 -0.130526
vt -0.174327 0.645570
vn 0.991445 0.000000 -0.130526
vt -0.177500 0.637975
vn 0.991445 0.000000 -0.130526
vt -0.174327 0.630381
vn 0.991445 0.000000 -0.130526
vt -0.166667 0.627235
vn 0.991445 0.000000 -0.130526
vt -0.159006 0.630381
vn 0.991445 0.000000 -0.130526
vt -0.155833 0.637975
vn 0.991445 0.000000 -0.130526
f 600/2081/2081 599/2082/2082 598/2083/2083 597/2084/2084 596/2085/2085 595/2086/2086 594/2087/2087 593/2088/2088
vt -0.155833 0.641667
vn -0.991445 0.000000 0.130526
vt -0.159006 0.634072
vn -0.991445 0.000000 0.130526
vt -0.166667 0.630926
vn -0.991445 0.000000 0.130526
vt -0.174327 0.634072
vn -0.991445 0.000000 0.130526
vt -0.177500 0.641667
vn -0.991445 0.000000 0.130526
vt -0.174327 0.649261
vn -0.991445 0.000000 0.130526
vt -0.166667 0.652407
vn -0.991445 0.000000 0.130526
vt -0.159006 0.649261
vn -0.991445 0.000000 0.130526
f 601/2089/2089 602/2090/2090 603/2091/2091 604/2092/2092 605/2093/2093 606/2094/2094 607/2095/2095 608/2096/2096
vt 0.028039 0.637975
vn -0.000000 1.000000 0.000000
vt 0.027039 0.630381
vn -0.092296 0.707107 -0.701057
vt -0.001000 0.634072
vn -0.092296 0.707107 -0.701057
vt 0.000000 0.641667
vn -0.000000 1.000000 0.000000
f 593/2097/2097 594/2098/2098 602/2099/2099 601/2100/2100
vt 0.027039 -0.159006
vn -0.092296 0.707107 -0.701057
vt 0.026625 -0.166667
vn -0.130526 0.000000 -0.991445
vt -0.001414 -0.166667
vn -0.130526 0.000000 -0.991445
vt -0.001000 -0.159006
vn -0.092296 0.707107 -0.701057
f 594/2101/2101 595/2102/2102 603/2103/2103 602/2104/2104
vt 0.026625 -0.166667
vn -0.130526 0.000000 -0.991445
vt 0.027039 -0.174327
vn -0.092296 -0.707107 -0.701057
vt -0.001000 -0.174327
vn -0.092296 -0.707107 -0.701057
vt -0.001414 -0.166667
vn -0.130526 0.000000 -0.991445
f 595/2105/2105 596/2106/2106 604/2107/2107 603/2108/2108
vt 0.027039 0.630381
vn -0.092296 -0.707107 -0.701057
vt 0.028039 0.637975
vn 0.000000 -1.000000 0.000000
vt 0.000000 0.641667
vn 0.000000 -1.000000 0.000000
vt -0.001000 0.634072
vn -0.092296 -0.707107 -0.701057
f 596/2109/2109 597/2110/2110 605/2111/2111 604/2112/2112
vt 0.028039 0.637975
vn 0.000000 -1.000000 0.000000
vt 0.029039 0.645570
vn 0.092296 -0.707107 0.701057
vt 0.001000 0.649261
vn 0.092296 -0.707107 0.701057
vt 0.000000 0.641667
vn 0.000000 -1.000000 0.000000
f 597/2113/2113 598/2114/2114 606/2115/2115 605/2116/2116
vt 0.029039 -0.174327
vn 0.092296 -0.707107 0.701057
vt 0.029453 -0.166667
vn 0.130526 0.000000 0.991445
vt 0.001414 -0.166667
vn 0.130526 0.000000 0.991445
vt 0.001000 -0.174327
vn 0.092296 -0.707107 0.701057
f 598/2117/2117 599/2118/2118 607/2119/2119 606/2120/2120
vt 0.029453 -0.166667
vn 0.130526 0.000000 0.991445
vt 0.029039 -0.159006
vn 0.092296 0.707107 0.701057
vt 0.001000 -0.159006
vn 0.092296 0.707107 0.701057
vt 0.001414 -0.166667
vn 0.130526 0.000000 0.991445
f 599/2121/2121 600/2122/2122 608/2123/2123 607/2124/2124
vt 0.029039 0.645570
vn 0.092296 0.707107 0.701057
vt 0.028039 0.637975
vn -0.000000 1.000000 0.000000
vt 0.000000 0.641667
vn -0.000000 1.000000 0.000000
vt 0.001000 0.649261
vn 0.092296 0.707107 0.701057
f 600/2125/2125 593/2126/2126 601/2127/2127 608/2128/2128
v 0.000000 -1.870000 7.700000
v 0.011998 -1.908076 7.608863
v 0.016968 -2.000000 7.571112
v 0.011998 -2.091924 7.608863
v 0.000000 -2.130000 7.700000
v -0.011998 -2.091924 7.791137
v -0.016968 -2.000000 7.828888
v -0.011998 -1.908076 7.791137
v -0.336465 -1.870000 7.655704
v -0.324466 -1.908076 7.564566
v -0.319496 -2.000000 7.526816
v -0.324466 -2.091924 7.564566
v -0.336465 -2.130000 7.655704
v -0.348463 -2.091924 7.746841
v -0.353433 -2.000000 7.784591
v -0.348463 -1.908076 7.746841
vt -0.159006 0.649261
vn 0.991445 0.000000 0.130526
vt -0.166667 0.652407
vn 0.991445 0.000000 0.130526
vt -0.174327 0.649261
vn 0.991445 0.000000 0.130526
vt -0.177500 0.641667
vn 0.991445 0.000000 0.130526
vt -0.174327 0.634072
vn 0.991445 0.000000 0.130526
vt -0.166667 0.630926
vn 0.991445 0.000000 0.130526
vt -0.159006 0.634072
vn 0.991445 0.000000 0.130526
vt -0.155833 0.641667
vn 0.991445 0.000000 0.130526
f 616/2129/2129 615/2130/2130 614/2131/2131 613/2132/2132 612/2133/2133 611/2134/2134 610/2135/2135 609/2136/2136
vt -0.155833 0.637975
vn -0.991445 -0.000000 -0.130526
vt -0.159006 0.630381
vn -0.991445 -0.000000 -0.130526
vt -0.166667 0.627235
vn -0.991445 -0.000000 -0.130526
vt -0.174327 0.630381
vn -0.991445 -0.000000 -0.130526
vt -0.177500 0.637975
vn -0.991445 -0.000000 -0.130526
vt -0.174327 0.645570
vn -0.991445 -0.000000 -0.130526
vt -0.166667 0.648716
vn -0.991445 -0.000000 -0.130526
vt -0.159006 0.645570
vn -0.991445 -0.000000 -0.130526
f 617/2137/2137 618/2138/2138 619/2139/2139 620/2140/2140 621/2141/2141 622/2142/2142 623/2143/2143 624/2144/2144
vt 0.000000 0.641667
vn 0.000000 1.000000 -0.000000
vt 0.001000 0.634072
vn 0.092296 0.707107 -0.701057
vt -0.027039 0.630381
vn 0.092296 0.707107 -0.701057
vt -0.028039 0.637975
vn 0.000000 1.000000 -0.000000
f 609/2145/2145 610/2146/2146 618/2147/2147 617/2148/2148
vt 0.001000 -0.159006
vn 0.092296 0.707107 -0.701057
vt 0.001414 -0.166667
vn 0.130526 0.000000 -0.991445
vt -0.026625 -0.166667
vn 0.130526 0.000000 -0.991445
vt -0.027039 -0.159006
vn 0.092296 0.707107 -0.701057
f 610/2149/2149 611/2150/2150 619/2151/2151 618/2152/2152
vt 0.001414 -0.166667
vn 0.130526 0.000000 -0.991445
vt 0.001000 -0.174327
vn 0.092296 -0.707107 -0.701057
vt -0.027039 -0.174327
vn 0.092296 -0.707107 -0.701057
vt -0.026625 -0.166667
vn 0.130526 0.000000 -0.991445
f 611/2153/2153 612/2154/2154 620/2155/2155 619/2156/2156
vt 0.001000 0.634072
vn 0.092296 -0.707107 -0.701057
vt 0.000000 0.641667
vn 0.000000 -1.000000 0.000000
vt -0.028039 0.637975
vn 0.000000 -1.000000 0.000000
vt -0.027039 0.630381
vn 0.092296 -0.707107 -0.701057
f 612/2157/2157 613/2158/2158 621/2159/2159 620/2160/2160
vt 0.000000 0.641667
vn 0.000000 -1.000000 0.000000
vt -0.001000 0.649261
vn -0.092296 -0.707107 0.701057
vt -0.029039 0.645570
vn -0.092296 -0.707107 0.701057
vt -0.028039 0.637975
vn 0.000000 -1.000000 0.000000
f 613/2161/2161 614/2162/2162 622/2163/2163 621/2164/2164
vt -0.001000 -0.174327
vn -0.092296 -0.707107 0.701057
vt -0.001414 -0.166667
vn -0.130526 0.000000 0.991445
vt -0.029453 -0.166667
vn -0.130526 0.000000 0.991445
vt -0.029039 -0.174327
vn -0.092296 -0.707107 0.701057
f 614/2165/2165 615/2166/2166 623/2167/2167 622/2168/2168
vt -0.001414 -0.166667
vn -0.130526 0.000000 0.991445
vt -0.001000 -0.159006
vn -0.092296 0.707107 0.701057
vt -0.029039 -0.159006
vn -0.092296 0.707107 0.701057
vt -0.029453 -0.166667
vn -0.130526 0.000000 0.991445
f 615/2169/2169 616/2170/2170 624/2171/2171 623/2172/2172
vt -0.001000 0.649261
vn -0.092296 0.707107 0.701057
vt 0.000000 0.641667
vn 0.000000 1.000000 -0.000000
vt -0.028039 0.637975
vn 0.000000 1.000000 -0.000000
vt -0.029039 0.645570
vn -0.092296 0.707107 0.701057
f 616/2173/2173 609/2174/2174 617/2175/2175 624/2176/2176
v -0.336465 -1.870000 7.655704
v -0.301287 -1.908076 7.570777
v -0.286716 -2.000000 7.535599
v -0.301287 -2.091924 7.570777
v -0.336465 -2.130000 7.655704
v -0.371643 -2.091924 7.740630
v -0.386214 -2.000000 7.775808
v -0.371643 -1.908076 7.740630
v -0.650000 -1.870000 7.525833
v -0.614822 -1.908076 7.440906
v -0.600251 -2.000000 7.405729
v -0.614822 -2.091924 7.440906
v -0.650000 -2.130000 7.525833
v -0.685178 -2.091924 7.610760
v -0.699749 -2.000000 7.645937
v -0.685178 -1.908076 7.610760
vt -0.159006 0.645053
vn 0.923880 0.000000 0.382683
vt -0.166667 0.647984
vn 0.923880 0.000000 0.382683
vt -0.174327 0.645053
vn 0.923880 0.000000 0.382683
vt -0.177500 0.637975
vn 0.923880 0.000000 0.382683
vt -0.174327 0.630898
vn 0.923880 0.000000 0.382683
vt -0.166667 0.627967
vn 0.923880 0.000000 0.382683
vt -0.159006 0.630898
vn 0.923880 0.000000 0.382683
vt -0.155833 0.637975
vn 0.923880 0.000000 0.382683
f 632/2177/2177 631/2178/2178 630/2179/2179 629/2180/2180 628/2181/2181 627/2182/2182 626/2183/2183 625/2184/2184
vt -0.155833 0.627153
vn -0.923880 -0.000000 -0.382683
vt -0.159006 0.620076
vn -0.923880 -0.000000 -0.382683
vt -0.166667 0.617144
vn -0.923880 -0.000000 -0.382683
vt -0.174327 0.620076
vn -0.923880 -0.000000 -0.382683
vt -0.177500 0.627153
vn -0.923880 -0.000000 -0.382683
vt -0.174327 0.634230
vn -0.923880 -0.000000 -0.382683
vt -0.166667 0.637161
vn -0.923880 -0.000000 -0.382683
vt -0.159006 0.634230
vn -0.923880 -0.000000 -0.382683
f 633/2185/2185 634/2186/2186 635/2187/2187 636/2188/2188 637/2189/2189 638/2190/2190 639/2191/2191 640/2192/2192
vt -0.028039 0.637975
vn 0.000000 1.000000 0.000000
vt -0.025107 0.630898
vn 0.270598 0.707107 -0.653281
vt -0.051235 0.620076
vn 0.270598 0.707107 -0.653281
vt -0.054167 0.627153
vn 0.000000 1.000000 0.000000
f 625/2193/2193 626/2194/2194 634/2195/2195 633/2196/2196
vt -0.025107 -0.159006
vn 0.270598 0.707107 -0.653281
vt -0.023893 -0.166667
vn 0.382683 0.000000 -0.923880
vt -0.050021 -0.166667
vn 0.382683 0.000000 -0.923880
vt -0.051235 -0.159006
vn 0.270598 0.707107 -0.653281
f 626/2197/2197 627/2198/2198 635/2199/2199 634/2200/2200
vt -0.023893 -0.166667
vn 0.382683 0.000000 -0.923880
vt -0.025107 -0.174327
vn 0.270598 -0.707107 -0.653281
vt -0.051235 -0.174327
vn 0.270598 -0.707107 -0.653281
vt -0.050021 -0.166667
vn 0.382683 0.000000 -0.923880
f 627/2201/2201 628/2202/2202 636/2203/2203 635/2204/2204
vt -0.025107 0.630898
vn 0.270598 -0.707107 -0.653281
vt -0.028039 0.637975
vn 0.000000 -1.000000 0.000000
vt -0.054167 0.627153
vn 0.000000 -1.000000 0.000000
vt -0.051235 0.620076
vn 0.270598 -0.707107 -0.653281
f 628/2205/2205 629/2206/2206 637/2207/2207 636/2208/2208
vt -0.028039 0.637975
vn 0.000000 -1.000000 0.000000
vt -0.030970 0.645053
vn -0.270598 -0.707107 0.653281
vt -0.057098 0.634230
vn -0.270598 -0.707107 0.653281
vt -0.054167 0.627153
vn 0.000000 -1.000000 0.000000
f 629/2209/2209 630/2210/2210 638/2211/2211 637/2212/2212
vt -0.030970 -0.174327
vn -0.270598 -0.707107 0.653281
vt -0.032184 -0.166667
vn -0.382683 0.000000 0.923880
vt -0.058312 -0.166667
vn -0.382683 0.000000 0.923880
vt -0.057098 -0.174327
vn -0.270598 -0.707107 0.653281
f 630/2213/2213 631/2214/2214 639/2215/2215 638/2216/2216
vt -0.032184 -0.166667
vn -0.382683 0.000000 0.923880
vt -0.030970 -0.159006
vn -0.270598 0.707107 0.653281
vt -0.057098 -0.159006
vn -0.270598 0.707107 0.653281
vt -0.058312 -0.166667
vn -0.382683 0.000000 0.923880
f 631/2217/2217 632/2218/2218 640/2219/2219 639/2220/2220
vt -0.030970 0.645053
vn -0.270598 0.707107 0.653281
vt -0.028039 0.637975
vn 0.000000 1.000000 0.000000
vt -0.054167 0.627153
vn 0.000000 1.000000 0.000000
vt -0.057098 0.634230
vn -0.270598 0.707107 0.653281
f 632/2221/2221 625/2222/2222 633/2223/2223 640/2224/2224
v -0.650000 -1.870000 7.525833
v -0.594040 -1.908076 7.452905
v -0.570861 -2.000000 7.422697
v -0.594040 -2.091924 7.452905
v -0.650000 -2.130000 7.525833
v -0.705960 -2.091924 7.598761
v -0.729139 -2.000000 7.628969
v -0.705960 -1.908076 7.598761
v -0.919239 -1.870000 7.319239
v -0.863279 -1.908076 7.246311
v -0.840100 -2.000000 7.216103
v -0.863279 -2.091924 7.246311
v -0.919239 -2.130000 7.319239
v -0.975199 -2.091924 7.392167
v -0.998378 -2.000000 7.422375
v -0.975199 -1.908076 7.392167
vt -0.159006 0.633230
vn 0.793353 0.000000 0.608761
vt -0.166667 0.635747
vn 0.793353 0.000000 0.608761
vt -0.174327 0.633230
vn 0.793353 0.000000 0.608761
vt -0.177500 0.627153
vn 0.793353 0.000000 0.608761
vt -0.174327 0.621075
vn 0.793353 0.000000 0.608761
vt -0.166667 0.618558
vn 0.793353 0.000000 0.608761
vt -0.159006 0.621075
vn 0.793353 0.000000 0.608761
vt -0.155833 0.627153
vn 0.793353 0.000000 0.608761
f 648/2225/2225 647/2226/2226 646/2227/2227 645/2228/2228 644/2229/2229 643/2230/2230 642/2231/2231 641/2232/2232
vt -0.155833 0.609937
vn -0.793353 0.000000 -0.608761
vt -0.159006 0.603859
vn -0.793353 0.000000 -0.608761
vt -0.166667 0.601342
vn -0.793353 0.000000 -0.608761
vt -0.174327 0.603859
vn -0.793353 0.000000 -0.608761
vt -0.177500 0.609937
vn -0.793353 0.000000 -0.608761
vt -0.174327 0.616014
vn -0.793353 0.000000 -0.608761
vt -0.166667 0.618531
vn -0.793353 0.000000 -0.608761
vt -0.159006 0.616014
vn -0.793353 0.000000 -0.608761
f 649/2233/2233 650/2234/2234 651/2235/2235 652/2236/2236 653/2237/2237 654/2238/2238 655/2239/2239 656/2240/2240
vt -0.054167 0.627153
vn 0.000000 1.000000 0.000000
vt -0.049503 0.621075
vn 0.430459 0.707107 -0.560986
vt -0.071940 0.603859
vn 0.430459 0.707107 -0.560986
vt -0.076603 0.609937
vn 0.000000 1.000000 0.000000
f 641/2241/2241 642/2242/2242 650/2243/2243 649/2244/2244
vt -0.049503 -0.159006
vn 0.430459 0.707107 -0.560986
vt -0.047572 -0.166667
vn 0.608761 0.000000 -0.793353
vt -0.070008 -0.166667
vn 0.608761 0.000000 -0.793353
vt -0.071940 -0.159006
vn 0.430459 0.707107 -0.560986
f 642/2245/2245 643/2246/2246 651/2247/2247 650/2248/2248
vt -0.047572 -0.166667
vn 0.608761 0.000000 -0.793353
vt -0.049503 -0.174327
vn 0.430459 -0.707107 -0.560986
vt -0.071940 -0.174327
vn 0.430459 -0.707107 -0.560986
vt -0.070008 -0.166667
vn 0.608761 0.000000 -0.793353
f 643/2249/2249 644/2250/2250 652/2251/2251 651/2252/2252
vt -0.049503 0.621075
vn 0.430459 -0.707107 -0.560986
vt -0.054167 0.627153
vn 0.000000 -1.000000 0.000000
vt -0.076603 0.609937
vn 0.000000 -1.000000 0.000000
vt -0.071940 0.603859
vn 0.430459 -0.707107 -0.560986
f 644/2253/2253 645/2254/2254 653/2255/2255 652/2256/2256
vt -0.054167 0.627153
vn 0.000000 -1.000000 0.000000
vt -0.058830 0.633230
vn -0.430459 -0.707107 0.560986
vt -0.081267 0.616014
vn -0.430459 -0.707107 0.560986
vt -0.076603 0.609937
vn 0.000000 -1.000000 0.000000
f 645/2257/2257 646/2258/2258 654/2259/2259 653/2260/2260
vt -0.058830 -0.174327
vn -0.430459 -0.707107 0.560986
vt -0.060762 -0.166667
vn -0.608761 0.000000 0.793353
vt -0.083198 -0.166667
vn -0.608761 0.000000 0.793353
vt -0.081267 -0.174327
vn -0.430459 -0.707107 0.560986
f 646/2261/2261 647/2262/2262 655/2263/2263 654/2264/2264
vt -0.060762 -0.166667
vn -0.608761 0.000000 0.793353
vt -0.058830 -0.159006
vn -0.430459 0.707107 0.560986
vt -0.081267 -0.159006
vn -0.430459 0.707107 0.560986
vt -0.083198 -0.166667
vn -0.608761 0.000000 0.793353
f 647/2265/2265 648/2266/2266 656/2267/2267 655/2268/2268
vt -0.058830 0.633230
vn -0.430459 0.707107 0.560986
vt -0.054167 0.627153
vn 0.000000 1.000000 0.000000
vt -0.076603 0.609937
vn 0.000000 1.000000 0.000000
vt -0.081267 0.616014
vn -0.430459 0.707107 0.560986
f 648/2269/2269 641/2270/2270 649/2271/2271 656/2272/2272
v -0.919239 -1.870000 7.319239
v -0.846311 -1.908076 7.263279
v -0.816103 -2.000000 7.240100
v -0.846311 -2.091924 7.263279
v -0.919239 -2.130000 7.319239
v -0.992167 -2.091924 7.375199
v -1.022375 -2.000000 7.398378
v -0.992167 -1.908076 7.375199
v -1.125833 -1.870000 7.050000
v -1.052905 -1.908076 6.994040
v -1.022697 -2.000000 6.970861
v -1.052905 -2.091924 6.994040
v -1.125833 -2.130000 7.050000
v -1.198761 -2.091924 7.105960
v -1.228969 -2.000000 7.129139
v -1.198761 -1.908076 7.105960
vt -0.082681 -0.159006
vn 0.608761 0.000000 0.793353
vt -0.085198 -0.166667
vn 0.608761 0.000000 0.793353
vt -0.082681 -0.174327
vn 0.608761 0.000000 0.793353
vt -0.076603 -0.177500
vn 0.608761 0.000000 0.793353
vt -0.070526 -0.174327
vn 0.608761 0.000000 0.793353
vt -0.068009 -0.166667
vn 0.608761 0.000000 0.793353
vt -0.070526 -0.159006
vn 0.608761 0.000000 0.793353
vt -0.076603 -0.155833
vn 0.608761 0.000000 0.793353
f 664/2273/2273 663/2274/2274 662/2275/2275 661/2276/2276 660/2277/2277 659/2278/2278 658/2279/2279 657/2280/2280
vt -0.093819 -0.155833
vn -0.608761 -0.000000 -0.793353
vt -0.087742 -0.159006
vn -0.608761 -0.000000 -0.793353
vt -0.085225 -0.166667
vn -0.608761 -0.000000 -0.793353
vt -0.087742 -0.174327
vn -0.608761 -0.000000 -0.793353
vt -0.093819 -0.177500
vn -0.608761 -0.000000 -0.793353
vt -0.099897 -0.174327
vn -0.608761 -0.000000 -0.793353
vt -0.102414 -0.166667
vn -0.608761 -0.000000 -0.793353
vt -0.099897 -0.159006
vn -0.608761 -0.000000 -0.793353
f 665/2281/2281 666/2282/2282 667/2283/2283 668/2284/2284 669/2285/2285 670/2286/2286 671/2287/2287 672/2288/2288
vt -0.076603 0.609937
vn 0.000000 1.000000 0.000000
vt -0.070526 0.605273
vn 0.560986 0.707107 -0.430459
vt -0.087742 0.582837
vn 0.560986 0.707107 -0.430459
vt -0.093819 0.587500
vn 0.000000 1.000000 0.000000
f 657/2289/2289 658/2290/2290 666/2291/2291 665/2292/2292
vt -0.159006 0.605273
vn 0.560986 0.707107 -0.430459
vt -0.166667 0.603342
vn 0.793353 0.000000 -0.608761
vt -0.166667 0.580905
vn 0.793353 0.000000 -0.608761
vt -0.159006 0.582837
vn 0.560986 0.707107 -0.430459
f 658/2293/2293 659/2294/2294 667/2295/2295 666/2296/2296
vt -0.166667 0.603342
vn 0.793353 0.000000 -0.608761
vt -0.174327 0.605273
vn 0.560986 -0.707107 -0.430459
vt -0.174327 0.582837
vn 0.560986 -0.707107 -0.430459
vt -0.166667 0.580905
vn 0.793353 0.000000 -0.608761
f 659/2297/2297 660/2298/2298 668/2299/2299 667/2300/2300
vt -0.070526 0.605273
vn 0.560986 -0.707107 -0.430459
vt -0.076603 0.609937
vn 0.000000 -1.000000 0.000000
vt -0.093819 0.587500
vn 0.000000 -1.000000 0.000000
vt -0.087742 0.582837
vn 0.560986 -0.707107 -0.430459
f 660/2301/2301 661/2302/2302 669/2303/2303 668/2304/2304
vt -0.076603 0.609937
vn 0.000000 -1.000000 0.000000
vt -0.082681 0.614600
vn -0.560986 -0.707107 0.430459
vt -0.099897 0.592163
vn -0.560986 -0.707107 0.430459
vt -0.093819 0.587500
vn 0.000000 -1.000000 0.000000
f 661/2305/2305 662/2306/2306 670/2307/2307 669/2308/2308
vt -0.174327 0.614600
vn -0.560986 -0.707107 0.430459
vt -0.166667 0.616531
vn -0.793353 0.000000 0.608761
vt -0.166667 0.594095
vn -0.793353 0.000000 0.608761
vt -0.174327 0.592163
vn -0.560986 -0.707107 0.430459
f 662/2309/2309 663/2310/2310 671/2311/2311 670/2312/2312
vt -0.166667 0.616531
vn -0.793353 0.000000 0.608761
vt -0.159006 0.614600
vn -0.560986 0.707107 0.430459
vt -0.159006 0.592163
vn -0.560986 0.707107 0.430459
vt -0.166667 0.594095
vn -0.793353 0.000000 0.608761
f 663/2313/2313 664/2314/2314 672/2315/2315 671/2316/2316
vt -0.082681 0.614600
vn -0.560986 0.707107 0.430459
vt -0.076603 0.609937
vn 0.000000 1.000000 0.000000
vt -0.093819 0.587500
vn 0.000000 1.000000 0.000000
vt -0.099897 0.592163
vn -0.560986 0.707107 0.430459
f 664/2317/2317 657/2318/2318 665/2319/2319 672/2320/2320
v -1.005729 -2.000000 7.000251
v -1.040906 -2.091924 7.014822
v -1.125833 -2.130000 7.050000
v -1.210760 -2.091924 7.085178
v -1.245937 -2.000000 7.099749
v -1.210760 -1.908076 7.085178
v -1.125833 -1.870000 7.050000
v -1.040906 -1.908076 7.014822
v -1.135599 -2.000000 6.686716
v -1.170777 -2.091924 6.701287
v -1.255704 -2.130000 6.736465
v -1.340630 -2.091924 6.771643
v -1.375808 -2.000000 6.786214
v -1.340630 -1.908076 6.771643
v -1.255704 -1.870000 6.736465
v -1.170777 -1.908076 6.701287
vt -0.086742 -0.159006
vn 0.382683 0.000000 0.923880
vt -0.093819 -0.155833
vn 0.382683 0.000000 0.923880
vt -0.100897 -0.159006
vn 0.382683 0.000000 0.923880
vt -0.103828 -0.166667
vn 0.382683 0.000000 0.923880
vt -0.100897 -0.174327
vn 0.382683 0.000000 0.923880
vt -0.093819 -0.177500
vn 0.382683 0.000000 0.923880
vt -0.086742 -0.174327
vn 0.382683 0.000000 0.923880
vt -0.083811 -0.166667
vn 0.382683 0.000000 0.923880
f 680/2321/2321 679/2322/2322 678/2323/2323 677/2324/2324 676/2325/2325 675/2326/2326 674/2327/2327 673/2328/2328
vt -0.094633 -0.166667
vn -0.382683 0.000000 -0.923880
vt -0.097565 -0.174327
vn -0.382683 0.000000 -0.923880
vt -0.104642 -0.177500
vn -0.382683 0.000000 -0.923880
vt -0.111719 -0.174327
vn -0.382683 0.000000 -0.923880
vt -0.114651 -0.166667
vn -0.382683 0.000000 -0.923880
vt -0.111719 -0.159006
vn -0.382683 0.000000 -0.923880
vt -0.104642 -0.155833
vn -0.382683 0.000000 -0.923880
vt -0.097565 -0.159006
vn -0.382683 0.000000 -0.923880
f 681/2329/2329 682/2330/2330 683/2331/2331 684/2332/2332 685/2333/2333 686/2334/2334 687/2335/2335 688/2336/2336
vt -0.166667 0.583354
vn 0.923880 0.000000 -0.382683
vt -0.174327 0.584569
vn 0.653281 -0.707107 -0.270598
vt -0.174327 0.558441
vn 0.653281 -0.707107 -0.270598
vt -0.166667 0.557226
vn 0.923880 0.000000 -0.382683
f 673/2337/2337 674/2338/2338 682/2339/2339 681/2340/2340
vt -0.086742 0.584569
vn 0.653281 -0.707107 -0.270598
vt -0.093819 0.587500
vn 0.000000 -1.000000 0.000000
vt -0.104642 0.561372
vn 0.000000 -1.000000 0.000000
vt -0.097565 0.558441
vn 0.653281 -0.707107 -0.270598
f 674/2341/2341 675/2342/2342 683/2343/2343 682/2344/2344
vt -0.093819 0.587500
vn 0.000000 -1.000000 0.000000
vt -0.100897 0.590431
vn -0.653281 -0.707107 0.270598
vt -0.111719 0.564304
vn -0.653281 -0.707107 0.270598
vt -0.104642 0.561372
vn 0.000000 -1.000000 0.000000
f 675/2345/2345 676/2346/2346 684/2347/2347 683/2348/2348
vt -0.174327 0.590431
vn -0.653281 -0.707107 0.270598
vt -0.166667 0.591646
vn -0.923880 0.000000 0.382683
vt -0.166667 0.565518
vn -0.923880 0.000000 0.382683
vt -0.174327 0.564304
vn -0.653281 -0.707107 0.270598
f 676/2349/2349 677/2350/2350 685/2351/2351 684/2352/2352
vt -0.166667 0.591646
vn -0.923880 0.000000 0.382683
vt -0.159006 0.590431
vn -0.653281 0.707107 0.270598
vt -0.159006 0.564304
vn -0.653281 0.707107 0.270598
vt -0.166667 0.565518
vn -0.923880 0.000000 0.382683
f 677/2353/2353 678/2354/2354 686/2355/2355 685/2356/2356
vt -0.100897 0.590431
vn -0.653281 0.707107 0.270598
vt -0.093819 0.587500
vn 0.000000 1.000000 0.000000
vt -0.104642 0.561372
vn 0.000000 1.000000 0.000000
vt -0.111719 0.564304
vn -0.653281 0.707107 0.270598
f 678/2357/2357 679/2358/2358 687/2359/2359 686/2360/2360
vt -0.093819 0.587500
vn 0.000000 1.000000 0.000000
vt -0.086742 0.584569
vn 0.653281 0.707107 -0.270598
vt -0.097565 0.558441
vn 0.653281 0.707107 -0.270598
vt -0.104642 0.561372
vn 0.000000 1.000000 0.000000
f 679/2361/2361 680/2362/2362 688/2363/2363 687/2364/2364
vt -0.159006 0.584569
vn 0.653281 0.707107 -0.270598
vt -0.166667 0.583354
vn 0.923880 0.000000 -0.382683
vt -0.166667 0.557226
vn 0.923880 0.000000 -0.382683
vt -0.159006 0.558441
vn 0.653281 0.707107 -0.270598
f 680/2365/2365 673/2366/2366 681/2367/2367 688/2368/2368
v -1.126816 -2.000000 6.719496
v -1.164566 -2.091924 6.724466
v -1.255704 -2.130000 6.736465
v -1.346841 -2.091924 6.748463
v -1.384591 -2.000000 6.753433
v -1.346841 -1.908076 6.748463
v -1.255704 -1.870000 6.736465
v -1.164566 -1.908076 6.724466
v -1.171112 -2.000000 6.383032
v -1.208863 -2.091924 6.388002
v -1.300000 -2.130000 6.400000
v -1.391137 -2.091924 6.411998
v -1.428888 -2.000000 6.416968
v -1.391137 -1.908076 6.411998
v -1.300000 -1.870000 6.400000
v -1.208863 -1.908076 6.388002
vt -0.097047 -0.159006
vn 0.130526 0.000000 0.991445
vt -0.104642 -0.155833
vn 0.130526 0.000000 0.991445
vt -0.112237 -0.159006
vn 0.130526 0.000000 0.991445
vt -0.115383 -0.166667
vn 0.130526 0.000000 0.991445
vt -0.112237 -0.174327
vn 0.130526 0.000000 0.991445
vt -0.104642 -0.177500
vn 0.130526 0.000000 0.991445
vt -0.097047 -0.174327
vn 0.130526 0.000000 0.991445
vt -0.093901 -0.166667
vn 0.130526 0.000000 0.991445
f 696/2369/2369 695/2370/2370 694/2371/2371 693/2372/2372 692/2373/2373 691/2374/2374 690/2375/2375 689/2376/2376
vt -0.097593 -0.166667
vn -0.130526 0.000000 -0.991445
vt -0.100739 -0.174327
vn -0.130526 0.000000 -0.991445
vt -0.108333 -0.177500
vn -0.130526 0.000000 -0.991445
vt -0.115928 -0.174327
vn -0.130526 0.000000 -0.991445
vt -0.119074 -0.166667
vn -0.130526 0.000000 -0.991445
vt -0.115928 -0.159006
vn -0.130526 0.000000 -0.991445
vt -0.108333 -0.155833
vn -0.130526 0.000000 -0.991445
vt -0.100739 -0.159006
vn -0.130526 0.000000 -0.991445
f 697/2377/2377 698/2378/2378 699/2379/2379 700/2380/2380 701/2381/2381 702/2382/2382 703/2383/2383 704/2384/2384
vt -0.166667 0.559958
vn 0.991445 0.000000 -0.130526
vt -0.174327 0.560372
vn 0.701057 -0.707107 -0.092296
vt -0.174327 0.532333
vn 0.701057 -0.707107 -0.092296
vt -0.166667 0.531919
vn 0.991445 0.000000 -0.130526
f 689/2385/2385 690/2386/2386 698/2387/2387 697/2388/2388
vt -0.097047 0.560372
vn 0.701057 -0.707107 -0.092296
vt -0.104642 0.561372
vn 0.000000 -1.000000 0.000000
vt -0.108333 0.533333
vn 0.000000 -1.000000 0.000000
vt -0.100739 0.532333
vn 0.701057 -0.707107 -0.092296
f 690/2389/2389 691/2390/2390 699/2391/2391 698/2392/2392
vt -0.104642 0.561372
vn 0.000000 -1.000000 0.000000
vt -0.112237 0.562372
vn -0.701057 -0.707107 0.092296
vt -0.115928 0.534333
vn -0.701057 -0.707107 0.092296
vt -0.108333 0.533333
vn 0.000000 -1.000000 0.000000
f 691/2393/2393 692/2394/2394 700/2395/2395 699/2396/2396
vt -0.174327 0.562372
vn -0.701057 -0.707107 0.092296
vt -0.166667 0.562786
vn -0.991445 0.000000 0.130526
vt -0.166667 0.534747
vn -0.991445 0.000000 0.130526
vt -0.174327 0.534333
vn -0.701057 -0.707107 0.092296
f 692/2397/2397 693/2398/2398 701/2399/2399 700/2400/2400
vt -0.166667 0.562786
vn -0.991445 0.000000 0.130526
vt -0.159006 0.562372
vn -0.701057 0.707107 0.092296
vt -0.159006 0.534333
vn -0.701057 0.707107 0.092296
vt -0.166667 0.534747
vn -0.991445 0.000000 0.130526
f 693/2401/2401 694/2402/2402 702/2403/2403 701/2404/2404
vt -0.112237 0.562372
vn -0.701057 0.707107 0.092296
vt -0.104642 0.561372
vn 0.000000 1.000000 0.000000
vt -0.108333 0.533333
vn 0.000000 1.000000 0.000000
vt -0.115928 0.534333
vn -0.701057 0.707107 0.092296
f 694/2405/2405 695/2406/2406 703/2407/2407 702/2408/2408
vt -0.104642 0.561372
vn 0.000000 1.000000 0.000000
vt -0.097047 0.560372
vn 0.701057 0.707107 -0.092296
vt -0.100739 0.532333
vn 0.701057 0.707107 -0.092296
vt -0.108333 0.533333
vn 0.000000 1.000000 0.000000
f 695/2409/2409 696/2410/2410 704/2411/2411 703/2412/2412
vt -0.159006 0.560372
vn 0.701057 0.707107 -0.092296
vt -0.166667 0.559958
vn 0.991445 0.000000 -0.130526
vt -0.166667 0.531919
vn 0.991445 0.000000 -0.130526
vt -0.159006 0.532333
vn 0.701057 0.707107 -0.092296
f 696/2413/2413 689/2414/2414 697/2415/2415 704/2416/2416
v -1.171112 -2.000000 6.416968
v -1.208863 -2.091924 6.411998
v -1.300000 -2.130000 6.400000
v -1.391137 -2.091924 6.388002
v -1.428888 -2.000000 6.383032
v -1.391137 -1.908076 6.388002
v -1.300000 -1.870000 6.400000
v -1.208863 -1.908076 6.411998
v -1.126816 -2.000000 6.080504
v -1.164566 -2.091924 6.075534
v -1.255704 -2.130000 6.063535
v -1.346841 -2.091924 6.051537
v -1.384591 -2.000000 6.046567
v -1.346841 -1.908076 6.051537
v -1.255704 -1.870000 6.063535
v -1.164566 -1.908076 6.075534
vt -0.100739 -0.159006
vn -0.130526 0.000000 0.991445
vt -0.108333 -0.155833
vn -0.130526 0.000000 0.991445
vt -0.115928 -0.159006
vn -0.130526 0.000000 0.991445
vt -0.119074 -0.166667
vn -0.130526 0.000000 0.991445
vt -0.115928 -0.174327
vn -0.130526 0.000000 0.991445
vt -0.108333 -0.177500
vn -0.130526 0.000000 0.991445
vt -0.100739 -0.174327
vn -0.130526 0.000000 0.991445
vt -0.097593 -0.166667
vn -0.130526 0.000000 0.991445
f 712/2417/2417 711/2418/2418 710/2419/2419 709/2420/2420 708/2421/2421 707/2422/2422 706/2423/2423 705/2424/2424
vt -0.093901 -0.166667
vn 0.130526 0.000000 -0.991445
vt -0.097047 -0.174327
vn 0.130526 0.000000 -0.991445
vt -0.104642 -0.177500
vn 0.130526 0.000000 -0.991445
vt -0.112237 -0.174327
vn 0.130526 0.000000 -0.991445
vt -0.115383 -0.166667
vn 0.130526 0.000000 -0.991445
vt -0.112237 -0.159006
vn 0.130526 0.000000 -0.991445
vt -0.104642 -0.155833
vn 0.130526 0.000000 -0.991445
vt -0.097047 -0.159006
vn 0.130526 0.000000 -0.991445
f 713/2425/2425 714/2426/2426 715/2427/2427 716/2428/2428 717/2429/2429 718/2430/2430 719/2431/2431 720/2432/2432
vt -0.166667 0.534747
vn 0.991445 0.000000 0.130526
vt -0.174327 0.534333
vn 0.701057 -0.707107 0.092296
vt -0.174327 0.506294
vn 0.701057 -0.707107 0.092296
vt -0.166667 0.506709
vn 0.991445 0.000000 0.130526
f 705/2433/2433 706/2434/2434 714/2435/2435 713/2436/2436
vt -0.100739 0.534333
vn 0.701057 -0.707107 0.092296
vt -0.108333 0.533333
vn 0.000000 -1.000000 0.000000
vt -0.104642 0.505295
vn 0.000000 -1.000000 0.000000
vt -0.097047 0.506294
vn 0.701057 -0.707107 0.092296
f 706/2437/2437 707/2438/2438 715/2439/2439 714/2440/2440
vt -0.108333 0.533333
vn 0.000000 -1.000000 0.000000
vt -0.115928 0.532333
vn -0.701057 -0.707107 -0.092296
vt -0.112237 0.504295
vn -0.701057 -0.707107 -0.092296
vt -0.104642 0.505295
vn 0.000000 -1.000000 0.000000
f 707/2441/2441 708/2442/2442 716/2443/2443 715/2444/2444
vt -0.174327 0.532333
vn -0.701057 -0.707107 -0.092296
vt -0.166667 0.531919
vn -0.991445 0.000000 -0.130526
vt -0.166667 0.503881
vn -0.991445 0.000000 -0.130526
vt -0.174327 0.504295
vn -0.701057 -0.707107 -0.092296
f 708/2445/2445 709/2446/2446 717/2447/2447 716/2448/2448
vt -0.166667 0.531919
vn -0.991445 0.000000 -0.130526
vt -0.159006 0.532333
vn -0.701057 0.707107 -0.092296
vt -0.159006 0.504295
vn -0.701057 0.707107 -0.092296
vt -0.166667 0.503881
vn -0.991445 0.000000 -0.130526
f 709/2449/2449 710/2450/2450 718/2451/2451 717/2452/2452
vt -0.115928 0.532333
vn -0.701057 0.707107 -0.092296
vt -0.108333 0.533333
vn 0.000000 1.000000 0.000000
vt -0.104642 0.505295
vn 0.000000 1.000000 0.000000
vt -0.112237 0.504295
vn -0.701057 0.707107 -0.092296
f 710/2453/2453 711/2454/2454 719/2455/2455 718/2456/2456
vt -0.108333 0.533333
vn 0.000000 1.000000 0.000000
vt -0.100739 0.534333
vn 0.701057 0.707107 0.092296
vt -0.097047 0.506294
vn 0.701057 0.707107 0.092296
vt -0.104642 0.505295
vn 0.000000 1.000000 0.000000
f 711/2457/2457 712/2458/2458 720/2459/2459 719/2460/2460
vt -0.159006 0.534333
vn 0.701057 0.707107 0.092296
vt -0.166667 0.534747
vn 0.991445 0.000000 0.130526
vt -0.166667 0.506709
vn 0.991445 0.000000 0.130526
vt -0.159006 0.506294
vn 0.701057 0.707107 0.092296
f 712/2461/2461 705/2462/2462 713/2463/2463 720/2464/2464
v -1.135599 -2.000000 6.113284
v -1.170777 -2.091924 6.098713
v -1.255704 -2.130000 6.063535
v -1.340630 -2.091924 6.028357
v -1.375808 -2.000000 6.013786
v -1.340630 -1.908076 6.028357
v -1.255704 -1.870000 6.063535
v -1.170777 -1.908076 6.098713
v -1.005729 -2.000000 5.799749
v -1.040906 -2.091924 5.785178
v -1.125833 -2.130000 5.750000
v -1.210760 -2.091924 5.714822
v -1.245937 -2.000000 5.700251
v -1.210760 -1.908076 5.714822
v -1.125833 -1.870000 5.750000
v -1.040906 -1.908076 5.785178
vt -0.097565 -0.159006
vn -0.382683 0.000000 0.923880
vt -0.104642 -0.155833
vn -0.382683 0.000000 0.923880
vt -0.111719 -0.159006
vn -0.382683 0.000000 0.923880
vt -0.114651 -0.166667
vn -0.382683 0.000000 0.923880
vt -0.111719 -0.174327
vn -0.382683 0.000000 0.923880
vt -0.104642 -0.177500
vn -0.382683 0.000000 0.923880
vt -0.097565 -0.174327
vn -0.382683 0.000000 0.923880
vt -0.094633 -0.166667
vn -0.382683 0.000000 0.923880
f 728/2465/2465 727/2466/2466 726/2467/2467 725/2468/2468 724/2469/2469 723/2470/2470 722/2471/2471 721/2472/2472
vt -0.083811 -0.166667
vn 0.382683 -0.000000 -0.923880
vt -0.086742 -0.174327
vn 0.382683 -0.000000 -0.923880
vt -0.093819 -0.177500
vn 0.382683 -0.000000 -0.923880
vt -0.100897 -0.174327
vn 0.382683 -0.000000 -0.923880
vt -0.103828 -0.166667
vn 0.382683 -0.000000 -0.923880
vt -0.100897 -0.159006
vn 0.382683 -0.000000 -0.923880
vt -0.093819 -0.155833
vn 0.382683 -0.000000 -0.923880
vt -0.086742 -0.159006
vn 0.382683 -0.000000 -0.923880
f 729/2473/2473 730/2474/2474 731/2475/2475 732/2476/2476 733/2477/2477 734/2478/2478 735/2479/2479 736/2480/2480
vt -0.166667 0.509440
vn 0.923880 0.000000 0.382683
vt -0.174327 0.508226
vn 0.653281 -0.707107 0.270598
vt -0.174327 0.482098
vn 0.653281 -0.707107 0.270598
vt -0.166667 0.483312
vn 0.923880 0.000000 0.382683
f 721/2481/2481 722/2482/2482 730/2483/2483 729/2484/2484
vt -0.097565 0.508226
vn 0.653281 -0.707107 0.270598
vt -0.104642 0.505295
vn 0.000000 -1.000000 0.000000
vt -0.093819 0.479167
vn 0.000000 -1.000000 0.000000
vt -0.086742 0.482098
vn 0.653281 -0.707107 0.270598
f 722/2485/2485 723/2486/2486 731/2487/2487 730/2488/2488
vt -0.104642 0.505295
vn 0.000000 -1.000000 0.000000
vt -0.111719 0.502363
vn -0.653281 -0.707107 -0.270598
vt -0.100897 0.476235
vn -0.653281 -0.707107 -0.270598
vt -0.093819 0.479167
vn 0.000000 -1.000000 0.000000
f 723/2489/2489 724/2490/2490 732/2491/2491 731/2492/2492
vt -0.174327 0.502363
vn -0.653281 -0.707107 -0.270598
vt -0.166667 0.501149
vn -0.923880 0.000000 -0.382683
vt -0.166667 0.475021
vn -0.923880 0.000000 -0.382683
vt -0.174327 0.476235
vn -0.653281 -0.707107 -0.270598
f 724/2493/2493 725/2494/2494 733/2495/2495 732/2496/2496
vt -0.166667 0.501149
vn -0.923880 0.000000 -0.382683
vt -0.159006 0.502363
vn -0.653281 0.707107 -0.270598
vt -0.159006 0.476235
vn -0.653281 0.707107 -0.270598
vt -0.166667 0.475021
vn -0.923880 0.000000 -0.382683
f 725/2497/2497 726/2498/2498 734/2499/2499 733/2500/2500
vt -0.111719 0.502363
vn -0.653281 0.707107 -0.270598
vt -0.104642 0.505295
vn 0.000000 1.000000 0.000000
vt -0.093819 0.479167
vn 0.000000 1.000000 0.000000
vt -0.100897 0.476235
vn -0.653281 0.707107 -0.270598
f 726/2501/2501 727/2502/2502 735/2503/2503 734/2504/2504
vt -0.104642 0.505295
vn 0.000000 1.000000 0.000000
vt -0.097565 0.508226
vn 0.653281 0.707107 0.270598
vt -0.086742 0.482098
vn 0.653281 0.707107 0.270598
vt -0.093819 0.479167
vn 0.000000 1.000000 0.000000
f 727/2505/2505 728/2506/2506 736/2507/2507 735/2508/2508
vt -0.159006 0.508226
vn 0.653281 0.707107 0.270598
vt -0.166667 0.509440
vn 0.923880 0.000000 0.382683
vt -0.166667 0.483312
vn 0.923880 0.000000 0.382683
vt -0.159006 0.482098
vn 0.653281 0.707107 0.270598
f 728/2509/2509 721/2510/2510 729/2511/2511 736/2512/2512
v -1.125833 -2.130000 5.750000
v -1.198761 -2.091924 5.694040
v -1.228969 -2.000000 5.670861
v -1.198761 -1.908076 5.694040
v -1.125833 -1.870000 5.750000
v -1.052905 -1.908076 5.805960
v -1.022697 -2.000000 5.829139
v -1.052905 -2.091924 5.805960
v -0.919239 -2.130000 5.480761
v -0.992167 -2.091924 5.424801
v -1.022375 -2.000000 5.401622
v -0.992167 -1.908076 5.424801
v -0.919239 -1.870000 5.480761
v -0.846311 -1.908076 5.536721
v -0.816103 -2.000000 5.559900
v -0.846311 -2.091924 5.536721
vt -0.087742 -0.174327
vn -0.608761 0.000000 0.793353
vt -0.085225 -0.166667
vn -0.608761 0.000000 0.793353
vt -0.087742 -0.159006
vn -0.608761 0.000000 0.793353
vt -0.093819 -0.155833
vn -0.608761 0.000000 0.793353
vt -0.099897 -0.159006
vn -0.608761 0.000000 0.793353
vt -0.102414 -0.166667
vn -0.608761 0.000000 0.793353
vt -0.099897 -0.174327
vn -0.608761 0.000000 0.793353
vt -0.093819 -0.177500
vn -0.608761 0.000000 0.793353
f 744/2513/2513 743/2514/2514 742/2515/2515 741/2516/2516 740/2517/2517 739/2518/2518 738/2519/2519 737/2520/2520
vt -0.076603 -0.177500
vn 0.608761 0.000000 -0.793353
vt -0.082681 -0.174327
vn 0.608761 0.000000 -0.793353
vt -0.085198 -0.166667
vn 0.608761 0.000000 -0.793353
vt -0.082681 -0.159006
vn 0.608761 0.000000 -0.793353
vt -0.076603 -0.155833
vn 0.608761 0.000000 -0.793353
vt -0.070526 -0.159006
vn 0.608761 0.000000 -0.793353
vt -0.068009 -0.166667
vn 0.608761 0.000000 -0.793353
vt -0.070526 -0.174327
vn 0.608761 0.000000 -0.793353
f 745/2521/2521 746/2522/2522 747/2523/2523 748/2524/2524 749/2525/2525 750/2526/2526 751/2527/2527 752/2528/2528
vt -0.093819 0.479167
vn -0.000000 -1.000000 0.000000
vt -0.099897 0.474503
vn -0.560986 -0.707107 -0.430459
vt -0.082681 0.452067
vn -0.560986 -0.707107 -0.430459
vt -0.076603 0.456730
vn -0.000000 -1.000000 0.000000
f 737/2529/2529 738/2530/2530 746/2531/2531 745/2532/2532
vt -0.174327 0.474503
vn -0.560986 -0.707107 -0.430459
vt -0.166667 0.472572
vn -0.793353 0.000000 -0.608761
vt -0.166667 0.450135
vn -0.793353 0.000000 -0.608761
vt -0.174327 0.452067
vn -0.560986 -0.707107 -0.430459
f 738/2533/2533 739/2534/2534 747/2535/2535 746/2536/2536
vt -0.166667 0.472572
vn -0.793353 0.000000 -0.608761
vt -0.159006 0.474503
vn -0.560986 0.707107 -0.430459
vt -0.159006 0.452067
vn -0.560986 0.707107 -0.430459
vt -0.166667 0.450135
vn -0.793353 0.000000 -0.608761
f 739/2537/2537 740/2538/2538 748/2539/2539 747/2540/2540
vt -0.099897 0.474503
vn -0.560986 0.707107 -0.430459
vt -0.093819 0.479167
vn -0.000000 1.000000 0.000000
vt -0.076603 0.456730
vn -0.000000 1.000000 0.000000
vt -0.082681 0.452067
vn -0.560986 0.707107 -0.430459
f 740/2541/2541 741/2542/2542 749/2543/2543 748/2544/2544
vt -0.093819 0.479167
vn -0.000000 1.000000 0.000000
vt -0.087742 0.483830
vn 0.560986 0.707107 0.430459
vt -0.070526 0.461393
vn 0.560986 0.707107 0.430459
vt -0.076603 0.456730
vn -0.000000 1.000000 0.000000
f 741/2545/2545 742/2546/2546 750/2547/2547 749/2548/2548
vt -0.159006 0.483830
vn 0.560986 0.707107 0.430459
vt -0.166667 0.485762
vn 0.793353 0.000000 0.608761
vt -0.166667 0.463325
vn 0.793353 0.000000 0.608761
vt -0.159006 0.461393
vn 0.560986 0.707107 0.430459
f 742/2549/2549 743/2550/2550 751/2551/2551 750/2552/2552
vt -0.166667 0.485762
vn 0.793353 0.000000 0.608761
vt -0.174327 0.483830
vn 0.560986 -0.707107 0.430459
vt -0.174327 0.461393
vn 0.560986 -0.707107 0.430459
vt -0.166667 0.463325
vn 0.793353 0.000000 0.608761
f 743/2553/2553 744/2554/2554 752/2555/2555 751/2556/2556
vt -0.087742 0.483830
vn 0.560986 -0.707107 0.430459
vt -0.093819 0.479167
vn -0.000000 -1.000000 0.000000
vt -0.076603 0.456730
vn -0.000000 -1.000000 0.000000
vt -0.070526 0.461393
vn 0.560986 -0.707107 0.430459
f 744/2557/2557 737/2558/2558 745/2559/2559 752/2560/2560
v -0.919239 -2.130000 5.480761
v -0.975199 -2.091924 5.407833
v -0.998378 -2.000000 5.377625
v -0.975199 -1.908076 5.407833
v -0.919239 -1.870000 5.480761
v -0.863279 -1.908076 5.553689
v -0.840100 -2.000000 5.583897
v -0.863279 -2.091924 5.553689
v -0.650000 -2.130000 5.274167
v -0.705960 -2.091924 5.201239
v -0.729139 -2.000000 5.171031
v -0.705960 -1.908076 5.201239
v -0.650000 -1.870000 5.274167
v -0.594040 -1.908076 5.347095
v -0.570861 -2.000000 5.377303
v -0.594040 -2.091924 5.347095
vt -0.174327 0.462807
vn -0.793353 0.000000 0.608761
vt -0.166667 0.465325
vn -0.793353 0.000000 0.608761
vt -0.159006 0.462807
vn -0.793353 0.000000 0.608761
vt -0.155833 0.456730
vn -0.793353 0.000000 0.608761
vt -0.159006 0.450653
vn -0.793353 0.000000 0.608761
vt -0.166667 0.448135
vn -0.793353 0.000000 0.608761
vt -0.174327 0.450653
vn -0.793353 0.000000 0.608761
vt -0.177500 0.456730
vn -0.793353 0.000000 0.608761
f 760/2561/2561 759/2562/2562 758/2563/2563 757/2564/2564 756/2565/2565 755/2566/2566 754/2567/2567 753/2568/2568
vt -0.177500 0.439514
vn 0.793353 -0.000000 -0.608761
vt -0.174327 0.433437
vn 0.793353 -0.000000 -0.608761
vt -0.166667 0.430919
vn 0.793353 -0.000000 -0.608761
vt -0.159006 0.433437
vn 0.793353 -0.000000 -0.608761
vt -0.155833 0.439514
vn 0.793353 -0.000000 -0.608761
vt -0.159006 0.445591
vn 0.793353 -0.000000 -0.608761
vt -0.166667 0.448109
vn 0.793353 -0.000000 -0.608761
vt -0.174327 0.445591
vn 0.793353 -0.000000 -0.608761
f 761/2569/2569 762/2570/2570 763/2571/2571 764/2572/2572 765/2573/2573 766/2574/2574 767/2575/2575 768/2576/2576
vt -0.076603 0.456730
vn 0.000000 -1.000000 0.000000
vt -0.081267 0.450653
vn -0.430459 -0.707107 -0.560986
vt -0.058830 0.433437
vn -0.430459 -0.707107 -0.560986
vt -0.054167 0.439514
vn 0.000000 -1.000000 0.000000
f 753/2577/2577 754/2578/2578 762/2579/2579 761/2580/2580
vt -0.081267 -0.174327
vn -0.430459 -0.707107 -0.560986
vt -0.083198 -0.166667
vn -0.608761 0.000000 -0.793353
vt -0.060762 -0.166667
vn -0.608761 0.000000 -0.793353
vt -0.058830 -0.174327
vn -0.430459 -0.707107 -0.560986
f 754/2581/2581 755/2582/2582 763/2583/2583 762/2584/2584
vt -0.083198 -0.166667
vn -0.608761 0.000000 -0.793353
vt -0.081267 -0.159006
vn -0.430459 0.707107 -0.560986
vt -0.058830 -0.159006
vn -0.430459 0.707107 -0.560986
vt -0.060762 -0.166667
vn -0.608761 0.000000 -0.793353
f 755/2585/2585 756/2586/2586 764/2587/2587 763/2588/2588
vt -0.081267 0.450653
vn -0.430459 0.707107 -0.560986
vt -0.076603 0.456730
vn 0.000000 1.000000 0.000000
vt -0.054167 0.439514
vn 0.000000 1.000000 0.000000
vt -0.058830 0.433437
vn -0.430459 0.707107 -0.560986
f 756/2589/2589 757/2590/2590 765/2591/2591 764/2592/2592
vt -0.076603 0.456730
vn 0.000000 1.000000 0.000000
vt -0.071940 0.462807
vn 0.430459 0.707107 0.560986
vt -0.049503 0.445591
vn 0.430459 0.707107 0.560986
vt -0.054167 0.439514
vn 0.000000 1.000000 0.000000
f 757/2593/2593 758/2594/2594 766/2595/2595 765/2596/2596
vt -0.071940 -0.159006
vn 0.430459 0.707107 0.560986
vt -0.070008 -0.166667
vn 0.608761 0.000000 0.793353
vt -0.047572 -0.166667
vn 0.608761 0.000000 0.793353
vt -0.049503 -0.159006
vn 0.430459 0.707107 0.560986
f 758/2597/2597 759/2598/2598 767/2599/2599 766/2600/2600
vt -0.070008 -0.166667
vn 0.608761 0.000000 0.793353
vt -0.071940 -0.174327
vn 0.430459 -0.707107 0.560986
vt -0.049503 -0.174327
vn 0.430459 -0.707107 0.560986
vt -0.047572 -0.166667
vn 0.608761 0.000000 0.793353
f 759/2601/2601 760/2602/2602 768/2603/2603 767/2604/2604
vt -0.071940 0.462807
vn 0.430459 -0.707107 0.560986
vt -0.076603 0.456730
vn 0.000000 -1.000000 0.000000
vt -0.054167 0.439514
vn 0.000000 -1.000000 0.000000
vt -0.049503 0.445591
vn 0.430459 -0.707107 0.560986
f 760/2605/2605 753/2606/2606 761/2607/2607 768/2608/2608
v -0.650000 -2.130000 5.274167
v -0.685178 -2.091924 5.189240
v -0.699749 -2.000000 5.154063
v -0.685178 -1.908076 5.189240
v -0.650000 -1.870000 5.274167
v -0.614822 -1.908076 5.359094
v -0.600251 -2.000000 5.394271
v -0.614822 -2.091924 5.359094
v -0.336465 -2.130000 5.144296
v -0.371643 -2.091924 5.059370
v -0.386214 -2.000000 5.024192
v -0.371643 -1.908076 5.059370
v -0.336465 -1.870000 5.144296
v -0.301287 -1.908076 5.229223
v -0.286716 -2.000000 5.264401
v -0.301287 -2.091924 5.229223
vt -0.174327 0.446591
vn -0.923880 0.000000 0.382683
vt -0.166667 0.449523
vn -0.923880 0.000000 0.382683
vt -0.159006 0.446591
vn -0.923880 0.000000 0.382683
vt -0.155833 0.439514
vn -0.923880 0.000000 0.382683
vt -0.159006 0.432437
vn -0.923880 0.000000 0.382683
vt -0.166667 0.429505
vn -0.923880 0.000000 0.382683
vt -0.174327 0.432437
vn -0.923880 0.000000 0.382683
vt -0.177500 0.439514
vn -0.923880 0.000000 0.382683
f 776/2609/2609 775/2610/2610 774/2611/2611 773/2612/2612 772/2613/2613 771/2614/2614 770/2615/2615 769/2616/2616
vt -0.177500 0.428691
vn 0.923880 0.000000 -0.382683
vt -0.174327 0.421614
vn 0.923880 0.000000 -0.382683
vt -0.166667 0.418683
vn 0.923880 0.000000 -0.382683
vt -0.159006 0.421614
vn 0.923880 0.000000 -0.382683
vt -0.155833 0.428691
vn 0.923880 0.000000 -0.382683
vt -0.159006 0.435769
vn 0.923880 0.000000 -0.382683
vt -0.166667 0.438700
vn 0.923880 0.000000 -0.382683
vt -0.174327 0.435769
vn 0.923880 0.000000 -0.382683
f 777/2617/2617 778/2618/2618 779/2619/2619 780/2620/2620 781/2621/2621 782/2622/2622 783/2623/2623 784/2624/2624
vt -0.054167 0.439514
vn 0.000000 -1.000000 0.000000
vt -0.057098 0.432437
vn -0.270598 -0.707107 -0.653281
vt -0.030970 0.421614
vn -0.270598 -0.707107 -0.653281
vt -0.028039 0.428691
vn 0.000000 -1.000000 0.000000
f 769/2625/2625 770/2626/2626 778/2627/2627 777/2628/2628
vt -0.057098 -0.174327
vn -0.270598 -0.707107 -0.653281
vt -0.058312 -0.166667
vn -0.382683 0.000000 -0.923880
vt -0.032184 -0.166667
vn -0.382683 0.000000 -0.923880
vt -0.030970 -0.174327
vn -0.270598 -0.707107 -0.653281
f 770/2629/2629 771/2630/2630 779/2631/2631 778/2632/2632
vt -0.058312 -0.166667
vn -0.382683 0.000000 -0.923880
vt -0.057098 -0.159006
vn -0.270598 0.707107 -0.653281
vt -0.030970 -0.159006
vn -0.270598 0.707107 -0.653281
vt -0.032184 -0.166667
vn -0.382683 0.000000 -0.923880
f 771/2633/2633 772/2634/2634 780/2635/2635 779/2636/2636
vt -0.057098 0.432437
vn -0.270598 0.707107 -0.653281
vt -0.054167 0.439514
vn 0.000000 1.000000 0.000000
vt -0.028039 0.428691
vn 0.000000 1.000000 0.000000
vt -0.030970 0.421614
vn -0.270598 0.707107 -0.653281
f 772/2637/2637 773/2638/2638 781/2639/2639 780/2640/2640
vt -0.054167 0.439514
vn 0.000000 1.000000 0.000000
vt -0.051235 0.446591
vn 0.270598 0.707107 0.653281
vt -0.025107 0.435769
vn 0.270598 0.707107 0.653281
vt -0.028039 0.428691
vn 0.000000 1.000000 0.000000
f 773/2641/2641 774/2642/2642 782/2643/2643 781/2644/2644
vt -0.051235 -0.159006
vn 0.270598 0.707107 0.653281
vt -0.050021 -0.166667
vn 0.382683 0.000000 0.923880
vt -0.023893 -0.166667
vn 0.382683 0.000000 0.923880
vt -0.025107 -0.159006
vn 0.270598 0.707107 0.653281
f 774/2645/2645 775/2646/2646 783/2647/2647 782/2648/2648
vt -0.050021 -0.166667
vn 0.382683 0.000000 0.923880
vt -0.051235 -0.174327
vn 0.270598 -0.707107 0.653281
vt -0.025107 -0.174327
vn 0.270598 -0.707107 0.653281
vt -0.023893 -0.166667
vn 0.382683 0.000000 0.923880
f 775/2649/2649 776/2650/2650 784/2651/2651 783/2652/2652
vt -0.051235 0.446591
vn 0.270598 -0.707107 0.653281
vt -0.054167 0.439514
vn 0.000000 -1.000000 0.000000
vt -0.028039 0.428691
vn 0.000000 -1.000000 0.000000
vt -0.025107 0.435769
vn 0.270598 -0.707107 0.653281
f 776/2653/2653 769/2654/2654 777/2655/2655 784/2656/2656
v -0.336465 -2.130000 5.144296
v -0.348463 -2.091924 5.053159
v -0.353433 -2.000000 5.015409
v -0.348463 -1.908076 5.053159
v -0.336465 -1.870000 5.144296
v -0.324466 -1.908076 5.235434
v -0.319496 -2.000000 5.273184
v -0.324466 -2.091924 5.235434
v -0.000000 -2.130000 5.100000
v -0.011998 -2.091924 5.008863
v -0.016968 -2.000000 4.971112
v -0.011998 -1.908076 5.008863
v -0.000000 -1.870000 5.100000
v 0.011998 -1.908076 5.191137
v 0.016968 -2.000000 5.228888
v 0.011998 -2.091924 5.191137
vt -0.174327 0.436286
vn -0.991445 0.000000 0.130526
vt -0.166667 0.439432
vn -0.991445 0.000000 0.130526
vt -0.159006 0.436286
vn -0.991445 0.000000 0.130526
vt -0.155833 0.428691
vn -0.991445 0.000000 0.130526
vt -0.159006 0.421097
vn -0.991445 0.000000 0.130526
vt -0.166667 0.417951
vn -0.991445 0.000000 0.130526
vt -0.174327 0.421097
vn -0.991445 0.000000 0.130526
vt -0.177500 0.428691
vn -0.991445 0.000000 0.130526
f 792/2657/2657 791/2658/2658 790/2659/2659 789/2660/2660 788/2661/2661 787/2662/2662 786/2663/2663 785/2664/2664
vt -0.177500 0.425000
vn 0.991445 0.000000 -0.130526
vt -0.174327 0.417405
vn 0.991445 0.000000 -0.130526
vt -0.166667 0.414259
vn 0.991445 0.000000 -0.130526
vt -0.159006 0.417405
vn 0.991445 0.000000 -0.130526
vt -0.155833 0.425000
vn 0.991445 0.000000 -0.130526
vt -0.159006 0.432595
vn 0.991445 0.000000 -0.130526
vt -0.166667 0.435741
vn 0.991445 0.000000 -0.130526
vt -0.174327 0.432595
vn 0.991445 0.000000 -0.130526
f 793/2665/2665 794/2666/2666 795/2667/2667 796/2668/2668 797/2669/2669 798/2670/2670 799/2671/2671 800/2672/2672
vt -0.028039 0.428691
vn 0.000000 -1.000000 0.000000
vt -0.029039 0.421097
vn -0.092296 -0.707107 -0.701057
vt -0.001000 0.417405
vn -0.092296 -0.707107 -0.701057
vt -0.000000 0.425000
vn 0.000000 -1.000000 0.000000
f 785/2673/2673 786/2674/2674 794/2675/2675 793/2676/2676
vt -0.029039 -0.174327
vn -0.092296 -0.707107 -0.701057
vt -0.029453 -0.166667
vn -0.130526 0.000000 -0.991445
vt -0.001414 -0.166667
vn -0.130526 0.000000 -0.991445
vt -0.001000 -0.174327
vn -0.092296 -0.707107 -0.701057
f 786/2677/2677 787/2678/2678 795/2679/2679 794/2680/2680
vt -0.029453 -0.166667
vn -0.130526 0.000000 -0.991445
vt -0.029039 -0.159006
vn -0.092296 0.707107 -0.701057
vt -0.001000 -0.159006
vn -0.092296 0.707107 -0.701057
vt -0.001414 -0.166667
vn -0.130526 0.000000 -0.991445
f 787/2681/2681 788/2682/2682 796/2683/2683 795/2684/2684
vt -0.029039 0.421097
vn -0.092296 0.707107 -0.701057
vt -0.028039 0.428691
vn 0.000000 1.000000 0.000000
vt -0.000000 0.425000
vn 0.000000 1.000000 0.000000
vt -0.001000 0.417405
vn -0.092296 0.707107 -0.701057
f 788/2685/2685 789/2686/2686 797/2687/2687 796/2688/2688
vt -0.028039 0.428691
vn 0.000000 1.000000 0.000000
vt -0.027039 0.436286
vn 0.092296 0.707107 0.701057
vt 0.001000 0.432595
vn 0.092296 0.707107 0.701057
vt -0.000000 0.425000
vn 0.000000 1.000000 0.000000
f 789/2689/2689 790/2690/2690 798/2691/2691 797/2692/2692
vt -0.027039 -0.159006
vn 0.092296 0.707107 0.701057
vt -0.026625 -0.166667
vn 0.130526 0.000000 0.991445
vt 0.001414 -0.166667
vn 0.130526 0.000000 0.991445
vt 0.001000 -0.159006
vn 0.092296 0.707107 0.701057
f 790/2693/2693 791/2694/2694 799/2695/2695 798/2696/2696
vt -0.026625 -0.166667
vn 0.130526 0.000000 0.991445
vt -0.027039 -0.174327
vn 0.092296 -0.707107 0.701057
vt 0.001000 -0.174327
vn 0.092296 -0.707107 0.701057
vt 0.001414 -0.166667
vn 0.130526 0.000000 0.991445
f 791/2697/2697 792/2698/2698 800/2699/2699 799/2700/2700
vt -0.027039 0.436286
vn 0.092296 -0.707107 0.701057
vt -0.028039 0.428691
vn 0.000000 -1.000000 0.000000
vt -0.000000 0.425000
vn 0.000000 -1.000000 0.000000
vt 0.001000 0.432595
vn 0.092296 -0.707107 0.701057
f 792/2701/2701 785/2702/2702 793/2703/2703 800/2704/2704
v -0.000000 -2.130000 5.100000
v 0.011998 -2.091924 5.008863
v 0.016968 -2.000000 4.971112
v 0.011998 -1.908076 5.008863
v -0.000000 -1.870000 5.100000
v -0.011998 -1.908076 5.191137
v -0.016968 -2.000000 5.228888
v -0.011998 -2.091924 5.191137
v 0.336465 -2.130000 5.144296
v 0.348463 -2.091924 5.053159
v 0.353433 -2.000000 5.015409
v 0.348463 -1.908076 5.053159
v 0.336465 -1.870000 5.144296
v 0.324466 -1.908076 5.235434
v 0.319496 -2.000000 5.273184
v 0.324466 -2.091924 5.235434
vt -0.174327 0.432595
vn -0.991445 0.000000 -0.130526
vt -0.166667 0.435741
vn -0.991445 0.000000 -0.130526
vt -0.159006 0.432595
vn -0.991445 0.000000 -0.130526
vt -0.155833 0.425000
vn -0.991445 0.000000 -0.130526
vt -0.159006 0.417405
vn -0.991445 0.000000 -0.130526
vt -0.166667 0.414259
vn -0.991445 0.000000 -0.130526
vt -0.174327 0.417405
vn -0.991445 0.000000 -0.130526
vt -0.177500 0.425000
vn -0.991445 0.000000 -0.130526
f 808/2705/2705 807/2706/2706 806/2707/2707 805/2708/2708 804/2709/2709 803/2710/2710 802/2711/2711 801/2712/2712
vt -0.177500 0.428691
vn 0.991445 -0.000000 0.130526
vt -0.174327 0.421097
vn 0.991445 -0.000000 0.130526
vt -0.166667 0.417951
vn 0.991445 -0.000000 0.130526
vt -0.159006 0.421097
vn 0.991445 -0.000000 0.130526
vt -0.155833 0.428691
vn 0.991445 -0.000000 0.130526
vt -0.159006 0.436286
vn 0.991445 -0.000000 0.130526
vt -0.166667 0.439432
vn 0.991445 -0.000000 0.130526
vt -0.174327 0.436286
vn 0.991445 -0.000000 0.130526
f 809/2713/2713 810/2714/2714 811/2715/2715 812/2716/2716 813/2717/2717 814/2718/2718 815/2719/2719 816/2720/2720
vt -0.000000 0.425000
vn 0.000000 -1.000000 0.000000
vt 0.001000 0.417405
vn 0.092296 -0.707107 -0.701057
vt 0.029039 0.421097
vn 0.092296 -0.707107 -0.701057
vt 0.028039 0.428691
vn 0.000000 -1.000000 0.000000
f 801/2721/2721 802/2722/2722 810/2723/2723 809/2724/2724
vt 0.001000 -0.174327
vn 0.092296 -0.707107 -0.701057
vt 0.001414 -0.166667
vn 0.130526 0.000000 -0.991445
vt 0.029453 -0.166667
vn 0.130526 0.000000 -0.991445
vt 0.029039 -0.174327
vn 0.092296 -0.707107 -0.701057
f 802/2725/2725 803/2726/2726 811/2727/2727 810/2728/2728
vt 0.001414 -0.166667
vn 0.130526 0.000000 -0.991445
vt 0.001000 -0.159006
vn 0.092296 0.707107 -0.701057
vt 0.029039 -0.159006
vn 0.092296 0.707107 -0.701057
vt 0.029453 -0.166667
vn 0.130526 0.000000 -0.991445
f 803/2729/2729 804/2730/2730 812/2731/2731 811/2732/2732
vt 0.001000 0.417405
vn 0.092296 0.707107 -0.701057
vt -0.000000 0.425000
vn 0.000000 1.000000 0.000000
vt 0.028039 0.428691
vn 0.000000 1.000000 0.000000
vt 0.029039 0.421097
vn 0.092296 0.707107 -0.701057
f 804/2733/2733 805/2734/2734 813/2735/2735 812/2736/2736
vt -0.000000 0.425000
vn 0.000000 1.000000 0.000000
vt -0.001000 0.432595
vn -0.092296 0.707107 0.701057
vt 0.027039 0.436286
vn -0.092296 0.707107 0.701057
vt 0.028039 0.428691
vn 0.000000 1.000000 0.000000
f 805/2737/2737 806/2738/2738 814/2739/2739 813/2740/2740
vt -0.001000 -0.159006
vn -0.092296 0.707107 0.701057
vt -0.001414 -0.166667
vn -0.130526 0.000000 0.991445
vt 0.026625 -0.166667
vn -0.130526 0.000000 0.991445
vt 0.027039 -0.159006
vn -0.092296 0.707107 0.701057
f 806/2741/2741 807/2742/2742 815/2743/2743 814/2744/2744
vt -0.001414 -0.166667
vn -0.130526 0.000000 0.991445
vt -0.001000 -0.174327
vn -0.092296 -0.707107 0.701057
vt 0.027039 -0.174327
vn -0.092296 -0.707107 0.701057
vt 0.026625 -0.166667
vn -0.130526 0.000000 0.991445
f 807/2745/2745 808/2746/2746 816/2747/2747 815/2748/2748
vt -0.001000 0.432595
vn -0.092296 -0.707107 0.701057
vt -0.000000 0.425000
vn 0.000000 -1.000000 0.000000
vt 0.028039 0.428691
vn 0.000000 -1.000000 0.000000
vt 0.027039 0.436286
vn -0.092296 -0.707107 0.701057
f 808/2749/2749 801/2750/2750 809/2751/2751 816/2752/2752
v 0.336465 -2.130000 5.144296
v 0.371643 -2.091924 5.059370
v 0.386214 -2.000000 5.024192
v 0.371643 -1.908076 5.059370
v 0.336465 -1.870000 5.144296
v 0.301287 -1.908076 5.229223
v 0.286716 -2.000000 5.264401
v 0.301287 -2.091924 5.229223
v 0.650000 -2.130000 5.274167
v 0.685178 -2.091924 5.189240
v 0.699749 -2.000000 5.154063
v 0.685178 -1.908076 5.189240
v 0.650000 -1.870000 5.274167
v 0.614822 -1.908076 5.359094
v 0.600251 -2.000000 5.394271
v 0.614822 -2.091924 5.359094
vt -0.174327 0.435769
vn -0.923880 0.000000 -0.382683
vt -0.166667 0.438700
vn -0.923880 0.000000 -0.382683
vt -0.159006 0.435769
vn -0.923880 0.000000 -0.382683
vt -0.155833 0.428691
vn -0.923880 0.000000 -0.382683
vt -0.159006 0.421614
vn -0.923880 0.000000 -0.382683
vt -0.166667 0.418683
vn -0.923880 0.000000 -0.382683
vt -0.174327 0.421614
vn -0.923880 0.000000 -0.382683
vt -0.177500 0.428691
vn -0.923880 0.000000 -0.382683
f 824/2753/2753 823/2754/2754 822/2755/2755 821/2756/2756 820/2757/2757 819/2758/2758 818/2759/2759 817/2760/2760
vt -0.177500 0.439514
vn 0.923880 -0.000000 0.382683
vt -0.174327 0.432437
vn 0.923880 -0.000000 0.382683
vt -0.166667 0.429505
vn 0.923880 -0.000000 0.382683
vt -0.159006 0.432437
vn 0.923880 -0.000000 0.382683
vt -0.155833 0.439514
vn 0.923880 -0.000000 0.382683
vt -0.159006 0.446591
vn 0.923880 -0.000000 0.382683
vt -0.166667 0.449523
vn 0.923880 -0.000000 0.382683
vt -0.174327 0.446591
vn 0.923880 -0.000000 0.382683
f 825/2761/2761 826/2762/2762 827/2763/2763 828/2764/2764 829/2765/2765 830/2766/2766 831/2767/2767 832/2768/2768
vt 0.028039 0.428691
vn 0.000000 -1.000000 0.000000
vt 0.030970 0.421614
vn 0.270598 -0.707107 -0.653281
vt 0.057098 0.432437
vn 0.270598 -0.707107 -0.653281
vt 0.054167 0.439514
vn 0.000000 -1.000000 0.000000
f 817/2769/2769 818/2770/2770 826/2771/2771 825/2772/2772
vt 0.030970 -0.174327
vn 0.270598 -0.707107 -0.653281
vt 0.032184 -0.166667
vn 0.382683 0.000000 -0.923880
vt 0.058312 -0.166667
vn 0.382683 0.000000 -0.923880
vt 0.057098 -0.174327
vn 0.270598 -0.707107 -0.653281
f 818/2773/2773 819/2774/2774 827/2775/2775 826/2776/2776
vt 0.032184 -0.166667
vn 0.382683 0.000000 -0.923880
vt 0.030970 -0.159006
vn 0.270598 0.707107 -0.653281
vt 0.057098 -0.159006
vn 0.270598 0.707107 -0.653281
vt 0.058312 -0.166667
vn 0.382683 0.000000 -0.923880
f 819/2777/2777 820/2778/2778 828/2779/2779 827/2780/2780
vt 0.030970 0.421614
vn 0.270598 0.707107 -0.653281
vt 0.028039 0.428691
vn 0.000000 1.000000 0.000000
vt 0.054167 0.439514
vn 0.000000 1.000000 0.000000
vt 0.057098 0.432437
vn 0.270598 0.707107 -0.653281
f 820/2781/2781 821/2782/2782 829/2783/2783 828/2784/2784
vt 0.028039 0.428691
vn 0.000000 1.000000 0.000000
vt 0.025107 0.435769
vn -0.270598 0.707107 0.653281
vt 0.051235 0.446591
vn -0.270598 0.707107 0.653281
vt 0.054167 0.439514
vn 0.000000 1.000000 0.000000
f 821/2785/2785 822/2786/2786 830/2787/2787 829/2788/2788
vt 0.025107 -0.159006
vn -0.270598 0.707107 0.653281
vt 0.023893 -0.166667
vn -0.382683 0.000000 0.923880
vt 0.050021 -0.166667
vn -0.382683 0.000000 0.923880
vt 0.051235 -0.159006
vn -0.270598 0.707107 0.653281
f 822/2789/2789 823/2790/2790 831/2791/2791 830/2792/2792
vt 0.023893 -0.166667
vn -0.382683 0.000000 0.923880
vt 0.025107 -0.174327
vn -0.270598 -0.707107 0.653281
vt 0.051235 -0.174327
vn -0.270598 -0.707107 0.653281
vt 0.050021 -0.166667
vn -0.382683 0.000000 0.923880
f 823/2793/2793 824/2794/2794 832/2795/2795 831/2796/2796
vt 0.025107 0.435769
vn -0.270598 -0.707107 0.653281
vt 0.028039 0.428691
vn 0.000000 -1.000000 0.000000
vt 0.054167 0.439514
vn 0.000000 -1.000000 0.000000
vt 0.051235 0.446591
vn -0.270598 -0.707107 0.653281
f 824/2797/2797 817/2798/2798 825/2799/2799 832/2800/2800
v 0.650000 -2.130000 5.274167
v 0.705960 -2.091924 5.201239
v 0.729139 -2.000000 5.171031
v 0.705960 -1.908076 5.201239
v 0.650000 -1.870000 5.274167
v 0.594040 -1.908076 5.347095
v 0.570861 -2.000000 5.377303
v 0.594040 -2.091924 5.347095
v 0.919239 -2.130000 5.480761
v 0.975199 -2.091924 5.407833
v 0.998378 -2.000000 5.377625
v 0.975199 -1.908076 5.407833
v 0.919239 -1.870000 5.480761
v 0.863279 -1.908076 5.553689
v 0.840100 -2.000000 5.583897
v 0.863279 -2.091924 5.553689
vt -0.174327 0.445591
vn -0.793353 0.000000 -0.608761
vt -0.166667 0.448109
vn -0.793353 0.000000 -0.608761
vt -0.159006 0.445591
vn -0.793353 0.000000 -0.608761
vt -0.155833 0.439514
vn -0.793353 0.000000 -0.608761
vt -0.159006 0.433437
vn -0.793353 0.000000 -0.608761
vt -0.166667 0.430919
vn -0.793353 0.000000 -0.608761
vt -0.174327 0.433437
vn -0.793353 0.000000 -0.608761
vt -0.177500 0.439514
vn -0.793353 0.000000 -0.608761
f 840/2801/2801 839/2802/2802 838/2803/2803 837/2804/2804 836/2805/2805 835/2806/2806 834/2807/2807 833/2808/2808
vt -0.177500 0.456730
vn 0.793353 0.000000 0.608761
vt -0.174327 0.450653
vn 0.793353 0.000000 0.608761
vt -0.166667 0.448135
vn 0.793353 0.000000 0.608761
vt -0.159006 0.450653
vn 0.793353 0.000000 0.608761
vt -0.155833 0.456730
vn 0.793353 0.000000 0.608761
vt -0.159006 0.462807
vn 0.793353 0.000000 0.608761
vt -0.166667 0.465325
vn 0.793353 0.000000 0.608761
vt -0.174327 0.462807
vn 0.793353 0.000000 0.608761
f 841/2809/2809 842/2810/2810 843/2811/2811 844/2812/2812 845/2813/2813 846/2814/2814 847/2815/2815 848/2816/2816
vt 0.054167 0.439514
vn 0.000000 -1.000000 0.000000
vt 0.058830 0.433437
vn 0.430459 -0.707107 -0.560986
vt 0.081267 0.450653
vn 0.430459 -0.707107 -0.560986
vt 0.076603 0.456730
vn 0.000000 -1.000000 0.000000
f 833/2817/2817 834/2818/2818 842/2819/2819 841/2820/2820
vt 0.058830 -0.174327
vn 0.430459 -0.707107 -0.560986
vt 0.060762 -0.166667
vn 0.608761 0.000000 -0.793353
vt 0.083198 -0.166667
vn 0.608761 0.000000 -0.793353
vt 0.081267 -0.174327
vn 0.430459 -0.707107 -0.560986
f 834/2821/2821 835/2822/2822 843/2823/2823 842/2824/2824
vt 0.060762 -0.166667
vn 0.608761 0.000000 -0.793353
vt 0.058830 -0.159006
vn 0.430459 0.707107 -0.560986
vt 0.081267 -0.159006
vn 0.430459 0.707107 -0.560986
vt 0.083198 -0.166667
vn 0.608761 0.000000 -0.793353
f 835/2825/2825 836/2826/2826 844/2827/2827 843/2828/2828
vt 0.058830 0.433437
vn 0.430459 0.707107 -0.560986
vt 0.054167 0.439514
vn 0.000000 1.000000 0.000000
vt 0.076603 0.456730
vn 0.000000 1.000000 0.000000
vt 0.081267 0.450653
vn 0.430459 0.707107 -0.560986
f 836/2829/2829 837/2830/2830 845/2831/2831 844/2832/2832
vt 0.054167 0.439514
vn 0.000000 1.000000 0.000000
vt 0.049503 0.445591
vn -0.430459 0.707107 0.560986
vt 0.071940 0.462807
vn -0.430459 0.707107 0.560986
vt 0.076603 0.456730
vn 0.000000 1.000000 0.000000
f 837/2833/2833 838/2834/2834 846/2835/2835 845/2836/2836
vt 0.049503 -0.159006
vn -0.430459 0.707107 0.560986
vt 0.047572 -0.166667
vn -0.608761 0.000000 0.793353
vt 0.070008 -0.166667
vn -0.608761 0.000000 0.793353
vt 0.071940 -0.159006
vn -0.430459 0.707107 0.560986
f 838/2837/2837 839/2838/2838 847/2839/2839 846/2840/2840
vt 0.047572 -0.166667
vn -0.608761 0.000000 0.793353
vt 0.049503 -0.174327
vn -0.430459 -0.707107 0.560986
vt 0.071940 -0.174327
vn -0.430459 -0.707107 0.560986
vt 0.070008 -0.166667
vn -0.608761 0.000000 0.793353
f 839/2841/2841 840/2842/2842 848/2843/2843 847/2844/2844
vt 0.049503 0.445591
vn -0.430459 -0.707107 0.560986
vt 0.054167 0.439514
vn 0.000000 -1.000000 0.000000
vt 0.076603 0.456730
vn 0.000000 -1.000000 0.000000
vt 0.071940 0.462807
vn -0.430459 -0.707107 0.560986
f 840/2845/2845 833/2846/2846 841/2847/2847 848/2848/2848
v 0.919239 -2.130000 5.480761
v 0.992167 -2.091924 5.424801
v 1.022375 -2.000000 5.401622
v 0.992167 -1.908076 5.424801
v 0.919239 -1.870000 5.480761
v 0.846311 -1.908076 5.536721
v 0.816103 -2.000000 5.559900
v 0.846311 -2.091924 5.536721
v 1.125833 -2.130000 5.750000
v 1.198761 -2.091924 5.694040
v 1.228969 -2.000000 5.670861
v 1.198761 -1.908076 5.694040
v 1.125833 -1.870000 5.750000
v 1.052905 -1.908076 5.805960
v 1.022697 -2.000000 5.829139
v 1.052905 -2.091924 5.805960
vt 0.070526 -0.174327
vn -0.608761 0.000000 -0.793353
vt 0.068009 -0.166667
vn -0.608761 0.000000 -0.793353
vt 0.070526 -0.159006
vn -0.608761 0.000000 -0.793353
vt 0.076603 -0.155833
vn -0.608761 0.000000 -0.793353
vt 0.082681 -0.159006
vn -0.608761 0.000000 -0.793353
vt 0.085198 -0.166667
vn -0.608761 0.000000 -0.793353
vt 0.082681 -0.174327
vn -0.608761 0.000000 -0.793353
vt 0.076603 -0.177500
vn -0.608761 0.000000 -0.793353
f 856/2849/2849 855/2850/2850 854/2851/2851 853/2852/2852 852/2853/2853 851/2854/2854 850/2855/2855 849/2856/2856
vt 0.093819 -0.177500
vn 0.608761 -0.000000 0.793353
vt 0.099897 -0.174327
vn 0.608761 -0.000000 0.793353
vt 0.102414 -0.166667
vn 0.608761 -0.000000 0.793353
vt 0.099897 -0.159006
vn 0.608761 -0.000000 0.793353
vt 0.093819 -0.155833
vn 0.608761 -0.000000 0.793353
vt 0.087742 -0.159006
vn 0.608761 -0.000000 0.793353
vt 0.085225 -0.166667
vn 0.608761 -0.000000 0.793353
vt 0.087742 -0.174327
vn 0.608761 -0.000000 0.793353
f 857/2857/2857 858/2858/2858 859/2859/2859 860/2860/2860 861/2861/2861 862/2862/2862 863/2863/2863 864/2864/2864
vt 0.076603 0.456730
vn 0.000000 -1.000000 0.000000
vt 0.082681 0.452067
vn 0.560986 -0.707107 -0.430459
vt 0.099897 0.474503
vn 0.560986 -0.707107 -0.430459
vt 0.093819 0.479167
vn 0.000000 -1.000000 0.000000
f 849/2865/2865 850/2866/2866 858/2867/2867 857/2868/2868
vt -0.174327 0.452067
vn 0.560986 -0.707107 -0.430459
vt -0.166667 0.450135
vn 0.793353 0.000000 -0.608761
vt -0.166667 0.472572
vn 0.793353 0.000000 -0.608761
vt -0.174327 0.474503
vn 0.560986 -0.707107 -0.430459
f 850/2869/2869 851/2870/2870 859/2871/2871 858/2872/2872
vt -0.166667 0.450135
vn 0.793353 0.000000 -0.608761
vt -0.159006 0.452067
vn 0.560986 0.707107 -0.430459
vt -0.159006 0.474503
vn 0.560986 0.707107 -0.430459
vt -0.166667 0.472572
vn 0.793353 0.000000 -0.608761
f 851/2873/2873 852/2874/2874 860/2875/2875 859/2876/2876
vt 0.082681 0.452067
vn 0.560986 0.707107 -0.430459
vt 0.076603 0.456730
vn 0.000000 1.000000 0.000000
vt 0.093819 0.479167
vn 0.000000 1.000000 0.000000
vt 0.099897 0.474503
vn 0.560986 0.707107 -0.430459
f 852/2877/2877 853/2878/2878 861/2879/2879 860/2880/2880
vt 0.076603 0.456730
vn 0.000000 1.000000 0.000000
vt 0.070526 0.461393
vn -0.560986 0.707107 0.430459
vt 0.087742 0.483830
vn -0.560986 0.707107 0.430459
vt 0.093819 0.479167
vn 0.000000 1.000000 0.000000
f 853/2881/2881 854/2882/2882 862/2883/2883 861/2884/2884
vt -0.159006 0.461393
vn -0.560986 0.707107 0.430459
vt -0.166667 0.463325
vn -0.793353 0.000000 0.608761
vt -0.166667 0.485762
vn -0.793353 0.000000 0.608761
vt -0.159006 0.483830
vn -0.560986 0.707107 0.430459
f 854/2885/2885 855/2886/2886 863/2887/2887 862/2888/2888
vt -0.166667 0.463325
vn -0.793353 0.000000 0.608761
vt -0.174327 0.461393
vn -0.560986 -0.707107 0.430459
vt -0.174327 0.483830
vn -0.560986 -0.707107 0.430459
vt -0.166667 0.485762
vn -0.793353 0.000000 0.608761
f 855/2889/2889 856/2890/2890 864/2891/2891 863/2892/2892
vt 0.070526 0.461393
vn -0.560986 -0.707107 0.430459
vt 0.076603 0.456730
vn 0.000000 -1.000000 0.000000
vt 0.093819 0.479167
vn 0.000000 -1.000000 0.000000
vt 0.087742 0.483830
vn -0.560986 -0.707107 0.430459
f 856/2893/2893 849/2894/2894 857/2895/2895 864/2896/2896
v 1.005729 -2.000000 5.799749
v 1.040906 -2.091924 5.785178
v 1.125833 -2.130000 5.750000
v 1.210760 -2.091924 5.714822
v 1.245937 -2.000000 5.700251
v 1.210760 -1.908076 5.714822
v 1.125833 -1.870000 5.750000
v 1.040906 -1.908076 5.785178
v 1.135599 -2.000000 6.113284
v 1.170777 -2.091924 6.098713
v 1.255704 -2.130000 6.063535
v 1.340630 -2.091924 6.028357
v 1.375808 -2.000000 6.013786
v 1.340630 -1.908076 6.028357
v 1.255704 -1.870000 6.063535
v 1.170777 -1.908076 6.098713
vt 0.086742 -0.159006
vn -0.382683 0.000000 -0.923880
vt 0.093819 -0.155833
vn -0.382683 0.000000 -0.923880
vt 0.100897 -0.159006
vn -0.382683 0.000000 -0.923880
vt 0.103828 -0.166667
vn -0.382683 0.000000 -0.923880
vt 0.100897 -0.174327
vn -0.382683 0.000000 -0.923880
vt 0.093819 -0.177500
vn -0.382683 0.000000 -0.923880
vt 0.086742 -0.174327
vn -0.382683 0.000000 -0.923880
vt 0.083811 -0.166667
vn -0.382683 0.000000 -0.923880
f 872/2897/2897 871/2898/2898 870/2899/2899 869/2900/2900 868/2901/2901 867/2902/2902 866/2903/2903 865/2904/2904
vt 0.094633 -0.166667
vn 0.382683 0.000000 0.923880
vt 0.097565 -0.174327
vn 0.382683 0.000000 0.923880
vt 0.104642 -0.177500
vn 0.382683 0.000000 0.923880
vt 0.111719 -0.174327
vn 0.382683 0.000000 0.923880
vt 0.114651 -0.166667
vn 0.382683 0.000000 0.923880
vt 0.111719 -0.159006
vn 0.382683 0.000000 0.923880
vt 0.104642 -0.155833
vn 0.382683 0.000000 0.923880
vt 0.097565 -0.159006
vn 0.382683 0.000000 0.923880
f 873/2905/2905 874/2906/2906 875/2907/2907 876/2908/2908 877/2909/2909 878/2910/2910 879/2911/2911 880/2912/2912
vt -0.166667 0.483312
vn -0.923880 0.000000 0.382683
vt -0.174327 0.482098
vn -0.653281 -0.707107 0.270598
vt -0.174327 0.508226
vn -0.653281 -0.707107 0.270598
vt -0.166667 0.509440
vn -0.923880 0.000000 0.382683
f 865/2913/2913 866/2914/2914 874/2915/2915 873/2916/2916
vt 0.086742 0.482098
vn -0.653281 -0.707107 0.270598
vt 0.093819 0.479167
vn 0.000000 -1.000000 0.000000
vt 0.104642 0.505295
vn 0.000000 -1.000000 0.000000
vt 0.097565 0.508226
vn -0.653281 -0.707107 0.270598
f 866/2917/2917 867/2918/2918 875/2919/2919 874/2920/2920
vt 0.093819 0.479167
vn 0.000000 -1.000000 0.000000
vt 0.100897 0.476235
vn 0.653281 -0.707107 -0.270598
vt 0.111719 0.502363
vn 0.653281 -0.707107 -0.270598
vt 0.104642 0.505295
vn 0.000000 -1.000000 0.000000
f 867/2921/2921 868/2922/2922 876/2923/2923 875/2924/2924
vt -0.174327 0.476235
vn 0.653281 -0.707107 -0.270598
vt -0.166667 0.475021
vn 0.923880 0.000000 -0.382683
vt -0.166667 0.501149
vn 0.923880 0.000000 -0.382683
vt -0.174327 0.502363
vn 0.653281 -0.707107 -0.270598
f 868/2925/2925 869/2926/2926 877/2927/2927 876/2928/2928
vt -0.166667 0.475021
vn 0.923880 0.000000 -0.382683
vt -0.159006 0.476235
vn 0.653281 0.707107 -0.270598
vt -0.159006 0.502363
vn 0.653281 0.707107 -0.270598
vt -0.166667 0.501149
vn 0.923880 0.000000 -0.382683
f 869/2929/2929 870/2930/2930 878/2931/2931 877/2932/2932
vt 0.100897 0.476235
vn 0.653281 0.707107 -0.270598
vt 0.093819 0.479167
vn 0.000000 1.000000 0.000000
vt 0.104642 0.505295
vn 0.000000 1.000000 0.000000
vt 0.111719 0.502363
vn 0.653281 0.707107 -0.270598
f 870/2933/2933 871/2934/2934 879/2935/2935 878/2936/2936
vt 0.093819 0.479167
vn 0.000000 1.000000 0.000000
vt 0.086742 0.482098
vn -0.653281 0.707107 0.270598
vt 0.097565 0.508226
vn -0.653281 0.707107 0.270598
vt 0.104642 0.505295
vn 0.000000 1.000000 0.000000
f 871/2937/2937 872/2938/2938 880/2939/2939 879/2940/2940
vt -0.159006 0.482098
vn -0.653281 0.707107 0.270598
vt -0.166667 0.483312
vn -0.923880 0.000000 0.382683
vt -0.166667 0.509440
vn -0.923880 0.000000 0.382683
vt -0.159006 0.508226
vn -0.653281 0.707107 0.270598
f 872/2941/2941 865/2942/2942 873/2943/2943 880/2944/2944
v 1.126816 -2.000000 6.080504
v 1.164566 -2.091924 6.075534
v 1.255704 -2.130000 6.063535
v 1.346841 -2.091924 6.051537
v 1.384591 -2.000000 6.046567
v 1.346841 -1.908076 6.051537
v 1.255704 -1.870000 6.063535
v 1.164566 -1.908076 6.075534
v 1.171112 -2.000000 6.416968
v 1.208863 -2.091924 6.411998
v 1.300000 -2.130000 6.400000
v 1.391137 -2.091924 6.388002
v 1.428888 -2.000000 6.383032
v 1.391137 -1.908076 6.388002
v 1.300000 -1.870000 6.400000
v 1.208863 -1.908076 6.411998
vt 0.097047 -0.159006
vn -0.130526 0.000000 -0.991445
vt 0.104642 -0.155833
vn -0.130526 0.000000 -0.991445
vt 0.112237 -0.159006
vn -0.130526 0.000000 -0.991445
vt 0.115383 -0.166667
vn -0.130526 0.000000 -0.991445
vt 0.112237 -0.174327
vn -0.130526 0.000000 -0.991445
vt 0.104642 -0.177500
vn -0.130526 0.000000 -0.991445
vt 0.097047 -0.174327
vn -0.130526 0.000000 -0.991445
vt 0.093901 -0.166667
vn -0.130526 0.000000 -0.991445
f 888/2945/2945 887/2946/2946 886/2947/2947 885/2948/2948 884/2949/2949 883/2950/2950 882/2951/2951 881/2952/2952
vt 0.097593 -0.166667
vn 0.130526 0.000000 0.991445
vt 0.100739 -0.174327
vn 0.130526 0.000000 0.991445
vt 0.108333 -0.177500
vn 0.130526 0.000000 0.991445
vt 0.115928 -0.174327
vn 0.130526 0.000000 0.991445
vt 0.119074 -0.166667
vn 0.130526 0.000000 0.991445
vt 0.115928 -0.159006
vn 0.130526 0.000000 0.991445
vt 0.108333 -0.155833
vn 0.130526 0.000000 0.991445
vt 0.100739 -0.159006
vn 0.130526 0.000000 0.991445
f 889/2953/2953 890/2954/2954 891/2955/2955 892/2956/2956 893/2957/2957 894/2958/2958 895/2959/2959 896/2960/2960
vt -0.166667 0.506709
vn -0.991445 0.000000 0.130526
vt -0.174327 0.506294
vn -0.701057 -0.707107 0.092296
vt -0.174327 0.534333
vn -0.701057 -0.707107 0.092296
vt -0.166667 0.534747
vn -0.991445 0.000000 0.130526
f 881/2961/2961 882/2962/2962 890/2963/2963 889/2964/2964
vt 0.097047 0.506294
vn -0.701057 -0.707107 0.092296
vt 0.104642 0.505295
vn 0.000000 -1.000000 0.000000
vt 0.108333 0.533333
vn 0.000000 -1.000000 0.000000
vt 0.100739 0.534333
vn -0.701057 -0.707107 0.092296
f 882/2965/2965 883/2966/2966 891/2967/2967 890/2968/2968
vt 0.104642 0.505295
vn 0.000000 -1.000000 0.000000
vt 0.112237 0.504295
vn 0.701057 -0.707107 -0.092296
vt 0.115928 0.532333
vn 0.701057 -0.707107 -0.092296
vt 0.108333 0.533333
vn 0.000000 -1.000000 0.000000
f 883/2969/2969 884/2970/2970 892/2971/2971 891/2972/2972
vt -0.174327 0.504295
vn 0.701057 -0.707107 -0.092296
vt -0.166667 0.503881
vn 0.991445 0.000000 -0.130526
vt -0.166667 0.531919
vn 0.991445 0.000000 -0.130526
vt -0.174327 0.532333
vn 0.701057 -0.707107 -0.092296
f 884/2973/2973 885/2974/2974 893/2975/2975 892/2976/2976
vt -0.166667 0.503881
vn 0.991445 0.000000 -0.130526
vt -0.159006 0.504295
vn 0.701057 0.707107 -0.092296
vt -0.159006 0.532333
vn 0.701057 0.707107 -0.092296
vt -0.166667 0.531919
vn 0.991445 0.000000 -0.130526
f 885/2977/2977 886/2978/2978 894/2979/2979 893/2980/2980
vt 0.112237 0.504295
vn 0.701057 0.707107 -0.092296
vt 0.104642 0.505295
vn 0.000000 1.000000 0.000000
vt 0.108333 0.533333
vn 0.000000 1.000000 0.000000
vt 0.115928 0.532333
vn 0.701057 0.707107 -0.092296
f 886/2981/2981 887/2982/2982 895/2983/2983 894/2984/2984
vt 0.104642 0.505295
vn 0.000000 1.000000 0.000000
vt 0.097047 0.506294
vn -0.701057 0.707107 0.092296
vt 0.100739 0.534333
vn -0.701057 0.707107 0.092296
vt 0.108333 0.533333
vn 0.000000 1.000000 0.000000
f 887/2985/2985 888/2986/2986 896/2987/2987 895/2988/2988
vt -0.159006 0.506294
vn -0.701057 0.707107 0.092296
vt -0.166667 0.506709
vn -0.991445 0.000000 0.130526
vt -0.166667 0.534747
vn -0.991445 0.000000 0.130526
vt -0.159006 0.534333
vn -0.701057 0.707107 0.092296
f 888/2989/2989 881/2990/2990 889/2991/2991 896/2992/2992
usemtl Rubber
usemtl Glass
