# Original Crosshair weapon, centimeters, X forward / Z up
mtllib Crosshair.mtl
usemtl Paint
usemtl Metal
v -0.769917 -0.600000 9.097785
v -0.769917 -0.600000 12.002876
v 3.103537 -0.600000 12.971240
v 6.008628 -0.600000 14.907967
v 8.913719 -0.600000 16.844694
v 10.850446 -0.600000 16.844694
v 11.818810 -0.600000 14.907967
v 10.850446 -0.600000 11.034512
v 8.913719 -0.600000 8.129422
v 6.976992 -0.600000 7.161058
v 3.103537 -0.600000 9.097785
v -1.000000 -0.350000 9.000000
v -1.000000 -0.350000 12.000000
v 3.000000 -0.350000 13.000000
v 6.000000 -0.350000 15.000000
v 9.000000 -0.350000 17.000000
v 11.000000 -0.350000 17.000000
v 12.000000 -0.350000 15.000000
v 11.000000 -0.350000 11.000000
v 9.000000 -0.350000 8.000000
v 7.000000 -0.350000 7.000000
v 3.000000 -0.350000 9.000000
v -1.000000 0.350000 9.000000
v -1.000000 0.350000 12.000000
v 3.000000 0.350000 13.000000
v 6.000000 0.350000 15.000000
v 9.000000 0.350000 17.000000
v 11.000000 0.350000 17.000000
v 12.000000 0.350000 15.000000
v 11.000000 0.350000 11.000000
v 9.000000 0.350000 8.000000
v 7.000000 0.350000 7.000000
v 3.000000 0.350000 9.000000
v -0.769917 0.600000 9.097785
v -0.769917 0.600000 12.002876
v 3.103537 0.600000 12.971240
v 6.008628 0.600000 14.907967
v 8.913719 0.600000 16.844694
v 10.850446 0.600000 16.844694
v 11.818810 0.600000 14.907967
v 10.850446 0.600000 11.034512
v 8.913719 0.600000 8.129422
v 6.976992 0.600000 7.161058
v 3.103537 0.600000 9.097785
vt -0.064160 0.758149
vn 0.000000 1.000000 0.000000
vt -0.064160 1.000240
vn 0.000000 1.000000 0.000000
vt 0.258628 1.080937
vn 0.000000 1.000000 0.000000
vt 0.500719 1.242331
vn 0.000000 1.000000 0.000000
vt 0.742810 1.403725
vn 0.000000 1.000000 0.000000
vt 0.904204 1.403725
vn 0.000000 1.000000 0.000000
vt 0.984901 1.242331
vn 0.000000 1.000000 0.000000
vt 0.904204 0.919543
vn 0.000000 1.000000 0.000000
vt 0.742810 0.677452
vn 0.000000 1.000000 0.000000
vt 0.581416 0.596755
vn 0.000000 1.000000 0.000000
vt 0.258628 0.758149
vn 0.000000 1.000000 0.000000
f 1/1/1 2/2/2 3/3/3 4/4/4 5/5/5 6/6/6 7/7/7 8/8/8 9/9/9 10/10/10 11/11/11
vt 0.258628 0.758149
vn 0.000000 -1.000000 0.000000
vt 0.581416 0.596755
vn 0.000000 -1.000000 0.000000
vt 0.742810 0.677452
vn 0.000000 -1.000000 0.000000
vt 0.904204 0.919543
vn 0.000000 -1.000000 0.000000
vt 0.984901 1.242331
vn 0.000000 -1.000000 0.000000
vt 0.904204 1.403725
vn 0.000000 -1.000000 0.000000
vt 0.742810 1.403725
vn 0.000000 -1.000000 0.000000
vt 0.500719 1.242331
vn 0.000000 -1.000000 0.000000
vt 0.258628 1.080937
vn 0.000000 -1.000000 0.000000
vt -0.064160 1.000240
vn 0.000000 -1.000000 0.000000
vt -0.064160 0.758149
vn 0.000000 -1.000000 0.000000
f 44/12/12 43/13/13 42/14/14 41/15/15 40/16/16 39/17/17 38/18/18 37/19/19 36/20/20 35/21/21 34/22/22
vt -0.029167 0.750000
vn 0.735810 0.677188 -0.000000
vt -0.029167 1.000000
vn 0.735810 0.677188 -0.000000
vt -0.050000 1.000240
vn 0.735810 0.677188 -0.000000
vt -0.050000 0.758149
vn 0.735810 0.677188 -0.000000
f 12/23/23 13/24/24 2/25/25 1/26/26
vt -0.083333 -0.029167
vn 0.237260 0.207440 -0.949040
vt 0.250000 -0.029167
vn 0.237260 0.207440 -0.949040
vt 0.258628 -0.050000
vn 0.237260 0.207440 -0.949040
vt -0.064160 -0.050000
vn 0.237260 0.207440 -0.949040
f 13/27/27 14/28/28 3/29/29 2/30/30
vt 0.250000 -0.029167
vn 0.527469 0.309472 -0.791204
vt 0.500000 -0.029167
vn 0.527469 0.309472 -0.791204
vt 0.500719 -0.050000
vn 0.527469 0.309472 -0.791204
vt 0.258628 -0.050000
vn 0.527469 0.309472 -0.791204
f 14/31/31 15/32/32 4/33/33 3/34/34
vt 0.500000 -0.029167
vn 0.527469 0.309472 -0.791204
vt 0.750000 -0.029167
vn 0.527469 0.309472 -0.791204
vt 0.742810 -0.050000
vn 0.527469 0.309472 -0.791204
vt 0.500719 -0.050000
vn 0.527469 0.309472 -0.791204
f 15/35/35 16/36/36 5/37/37 4/38/38
vt 0.750000 -0.029167
vn 0.000000 0.527690 -0.849437
vt 0.916667 -0.029167
vn 0.000000 0.527690 -0.849437
vt 0.904204 -0.050000
vn 0.000000 0.527690 -0.849437
vt 0.742810 -0.050000
vn 0.000000 0.527690 -0.849437
f 16/39/39 17/40/40 6/41/41 5/42/42
vt -0.029167 1.416667
vn -0.694049 0.630770 -0.347024
vt -0.029167 1.250000
vn -0.694049 0.630770 -0.347024
vt -0.050000 1.242331
vn -0.694049 0.630770 -0.347024
vt -0.050000 1.403725
vn -0.694049 0.630770 -0.347024
f 17/43/43 18/44/44 7/45/45 6/46/46
vt -0.029167 1.250000
vn -0.826801 0.523140 0.206700
vt -0.029167 0.916667
vn -0.826801 0.523140 0.206700
vt -0.050000 0.919543
vn -0.826801 0.523140 0.206700
vt -0.050000 1.242331
vn -0.826801 0.523140 0.206700
f 18/47/47 19/48/48 8/49/49 7/50/50
vt -0.029167 0.916667
vn -0.721521 0.498029 0.481014
vt -0.029167 0.666667
vn -0.721521 0.498029 0.481014
vt -0.050000 0.677452
vn -0.721521 0.498029 0.481014
vt -0.050000 0.919543
vn -0.721521 0.498029 0.481014
f 19/51/51 20/52/52 9/53/53 8/54/54
vt 0.750000 -0.029167
vn -0.380534 0.525326 0.761069
vt 0.583333 -0.029167
vn -0.380534 0.525326 0.761069
vt 0.581416 -0.050000
vn -0.380534 0.525326 0.761069
vt 0.742810 -0.050000
vn -0.380534 0.525326 0.761069
f 20/55/55 21/56/56 10/57/57 9/58/58
vt 0.583333 -0.029167
vn 0.394317 0.471773 0.788634
vt 0.250000 -0.029167
vn 0.394317 0.471773 0.788634
vt 0.258628 -0.050000
vn 0.394317 0.471773 0.788634
vt 0.581416 -0.050000
vn 0.394317 0.471773 0.788634
f 21/59/59 22/60/60 11/61/61 10/62/62
vt 0.250000 -0.029167
vn 0.000000 0.364267 0.931295
vt -0.083333 -0.029167
vn 0.000000 0.364267 0.931295
vt -0.064160 -0.050000
vn 0.000000 0.364267 0.931295
vt 0.258628 -0.050000
vn 0.000000 0.364267 0.931295
f 22/63/63 12/64/64 1/65/65 11/66/66
vt 0.029167 0.750000
vn 1.000000 0.000000 -0.000000
vt 0.029167 1.000000
vn 1.000000 0.000000 -0.000000
vt -0.029167 1.000000
vn 1.000000 0.000000 -0.000000
vt -0.029167 0.750000
vn 1.000000 0.000000 -0.000000
f 23/67/67 24/68/68 13/69/69 12/70/70
vt -0.083333 0.029167
vn 0.242536 0.000000 -0.970143
vt 0.250000 0.029167
vn 0.242536 0.000000 -0.970143
vt 0.250000 -0.029167
vn 0.242536 0.000000 -0.970143
vt -0.083333 -0.029167
vn 0.242536 0.000000 -0.970143
f 24/71/71 25/72/72 14/73/73 13/74/74
vt 0.250000 0.029167
vn 0.554700 0.000000 -0.832050
vt 0.500000 0.029167
vn 0.554700 0.000000 -0.832050
vt 0.500000 -0.029167
vn 0.554700 0.000000 -0.832050
vt 0.250000 -0.029167
vn 0.554700 0.000000 -0.832050
f 25/75/75 26/76/76 15/77/77 14/78/78
vt 0.500000 0.029167
vn 0.554700 0.000000 -0.832050
vt 0.750000 0.029167
vn 0.554700 0.000000 -0.832050
vt 0.750000 -0.029167
vn 0.554700 0.000000 -0.832050
vt 0.500000 -0.029167
vn 0.554700 0.000000 -0.832050
f 26/79/79 27/80/80 16/81/81 15/82/82
vt 0.750000 0.029167
vn 0.000000 0.000000 -1.000000
vt 0.916667 0.029167
vn 0.000000 0.000000 -1.000000
vt 0.916667 -0.029167
vn 0.000000 0.000000 -1.000000
vt 0.750000 -0.029167
vn 0.000000 0.000000 -1.000000
f 27/83/83 28/84/84 17/85/85 16/86/86
vt 0.029167 1.416667
vn -0.894427 0.000000 -0.447214
vt 0.029167 1.250000
vn -0.894427 0.000000 -0.447214
vt -0.029167 1.250000
vn -0.894427 0.000000 -0.447214
vt -0.029167 1.416667
vn -0.894427 0.000000 -0.447214
f 28/87/87 29/88/88 18/89/89 17/90/90
vt 0.029167 1.250000
vn -0.970143 0.000000 0.242536
vt 0.029167 0.916667
vn -0.970143 0.000000 0.242536
vt -0.029167 0.916667
vn -0.970143 0.000000 0.242536
vt -0.029167 1.250000
vn -0.970143 0.000000 0.242536
f 29/91/91 30/92/92 19/93/93 18/94/94
vt 0.029167 0.916667
vn -0.832050 0.000000 0.554700
vt 0.029167 0.666667
vn -0.832050 0.000000 0.554700
vt -0.029167 0.666667
vn -0.832050 0.000000 0.554700
vt -0.029167 0.916667
vn -0.832050 0.000000 0.554700
f 30/95/95 31/96/96 20/97/97 19/98/98
vt 0.750000 0.029167
vn -0.447214 0.000000 0.894427
vt 0.583333 0.029167
vn -0.447214 0.000000 0.894427
vt 0.583333 -0.029167
vn -0.447214 0.000000 0.894427
vt 0.750000 -0.029167
vn -0.447214 0.000000 0.894427
f 31/99/99 32/100/100 21/101/101 20/102/102
vt 0.583333 0.029167
vn 0.447214 0.000000 0.894427
vt 0.250000 0.029167
vn 0.447214 0.000000 0.894427
vt 0.250000 -0.029167
vn 0.447214 0.000000 0.894427
vt 0.583333 -0.029167
vn 0.447214 0.000000 0.894427
f 32/103/103 33/104/104 22/105/105 21/106/106
vt 0.250000 0.029167
vn 0.000000 0.000000 1.000000
vt -0.083333 0.029167
vn 0.000000 0.000000 1.000000
vt -0.083333 -0.029167
vn 0.000000 0.000000 1.000000
vt 0.250000 -0.029167
vn 0.000000 0.000000 1.000000
f 33/107/107 23/108/108 12/109/109 22/110/110
vt 0.050000 0.758149
vn 0.735810 -0.677188 0.000000
vt 0.050000 1.000240
vn 0.735810 -0.677188 0.000000
vt 0.029167 1.000000
vn 0.735810 -0.677188 0.000000
vt 0.029167 0.750000
vn 0.735810 -0.677188 0.000000
f 34/111/111 35/112/112 24/113/113 23/114/114
vt -0.064160 0.050000
vn 0.237260 -0.207440 -0.949040
vt 0.258628 0.050000
vn 0.237260 -0.207440 -0.949040
vt 0.250000 0.029167
vn 0.237260 -0.207440 -0.949040
vt -0.083333 0.029167
vn 0.237260 -0.207440 -0.949040
f 35/115/115 36/116/116 25/117/117 24/118/118
vt 0.258628 0.050000
vn 0.527469 -0.309472 -0.791204
vt 0.500719 0.050000
vn 0.527469 -0.309472 -0.791204
vt 0.500000 0.029167
vn 0.527469 -0.309472 -0.791204
vt 0.250000 0.029167
vn 0.527469 -0.309472 -0.791204
f 36/119/119 37/120/120 26/121/121 25/122/122
vt 0.500719 0.050000
vn 0.527469 -0.309472 -0.791204
vt 0.742810 0.050000
vn 0.527469 -0.309472 -0.791204
vt 0.750000 0.029167
vn 0.527469 -0.309472 -0.791204
vt 0.500000 0.029167
vn 0.527469 -0.309472 -0.791204
f 37/123/123 38/124/124 27/125/125 26/126/126
vt 0.742810 0.050000
vn 0.000000 -0.527690 -0.849437
vt 0.904204 0.050000
vn 0.000000 -0.527690 -0.849437
vt 0.916667 0.029167
vn 0.000000 -0.527690 -0.849437
vt 0.750000 0.029167
vn 0.000000 -0.527690 -0.849437
f 38/127/127 39/128/128 28/129/129 27/130/130
vt 0.050000 1.403725
vn -0.694049 -0.630770 -0.347024
vt 0.050000 1.242331
vn -0.694049 -0.630770 -0.347024
vt 0.029167 1.250000
vn -0.694049 -0.630770 -0.347024
vt 0.029167 1.416667
vn -0.694049 -0.630770 -0.347024
f 39/131/131 40/132/132 29/133/133 28/134/134
vt 0.050000 1.242331
vn -0.826801 -0.523140 0.206700
vt 0.050000 0.919543
vn -0.826801 -0.523140 0.206700
vt 0.029167 0.916667
vn -0.826801 -0.523140 0.206700
vt 0.029167 1.250000
vn -0.826801 -0.523140 0.206700
f 40/135/135 41/136/136 30/137/137 29/138/138
vt 0.050000 0.919543
vn -0.721521 -0.498029 0.481014
vt 0.050000 0.677452
vn -0.721521 -0.498029 0.481014
vt 0.029167 0.666667
vn -0.721521 -0.498029 0.481014
vt 0.029167 0.916667
vn -0.721521 -0.498029 0.481014
f 41/139/139 42/140/140 31/141/141 30/142/142
vt 0.742810 0.050000
vn -0.380534 -0.525326 0.761069
vt 0.581416 0.050000
vn -0.380534 -0.525326 0.761069
vt 0.583333 0.029167
vn -0.380534 -0.525326 0.761069
vt 0.750000 0.029167
vn -0.380534 -0.525326 0.761069
f 42/143/143 43/144/144 32/145/145 31/146/146
vt 0.581416 0.050000
vn 0.394317 -0.471773 0.788634
vt 0.258628 0.050000
vn 0.394317 -0.471773 0.788634
vt 0.250000 0.029167
vn 0.394317 -0.471773 0.788634
vt 0.583333 0.029167
vn 0.394317 -0.471773 0.788634
f 43/147/147 44/148/148 33/149/149 32/150/150
vt 0.258628 0.050000
vn 0.000000 -0.364267 0.931295
vt -0.064160 0.050000
vn 0.000000 -0.364267 0.931295
vt -0.083333 0.029167
vn 0.000000 -0.364267 0.931295
vt 0.250000 0.029167
vn 0.000000 -0.364267 0.931295
f 44/151/151 34/152/152 23/153/153 33/154/154
v 7.060843 -0.275000 7.079361
v 9.019693 -0.275000 8.058786
v 10.978543 -0.275000 10.997061
v 11.957968 -0.275000 14.914761
v 11.566198 -0.275000 15.208588
v 10.488831 -0.275000 11.192946
v 8.627923 -0.275000 8.548498
v 7.000000 -0.175000 7.000000
v 9.000000 -0.175000 8.000000
v 11.000000 -0.175000 11.000000
v 12.000000 -0.175000 15.000000
v 11.600000 -0.175000 15.300000
v 10.500000 -0.175000 11.200000
v 8.600000 -0.175000 8.500000
v 7.000000 0.175000 7.000000
v 9.000000 0.175000 8.000000
v 11.000000 0.175000 11.000000
v 12.000000 0.175000 15.000000
v 11.600000 0.175000 15.300000
v 10.500000 0.175000 11.200000
v 8.600000 0.175000 8.500000
v 7.060843 0.275000 7.079361
v 9.019693 0.275000 8.058786
v 10.978543 0.275000 10.997061
v 11.957968 0.275000 14.914761
v 11.566198 0.275000 15.208588
v 10.488831 0.275000 11.192946
v 8.627923 0.275000 8.548498
vt 0.588404 0.589947
vn 0.000000 -1.000000 0.000000
vt 0.751641 0.671565
vn 0.000000 -1.000000 0.000000
vt 0.914879 0.916422
vn 0.000000 -1.000000 0.000000
vt 0.996497 1.242897
vn 0.000000 -1.000000 0.000000
vt 0.963850 1.267382
vn 0.000000 -1.000000 0.000000
vt 0.874069 0.932745
vn 0.000000 -1.000000 0.000000
vt 0.718994 0.712375
vn 0.000000 -1.000000 0.000000
f 45/155/155 46/156/156 47/157/157 48/158/158 49/159/159 50/160/160 51/161/161
vt 0.718994 0.712375
vn 0.000000 -1.000000 0.000000
vt 0.874069 0.932745
vn 0.000000 -1.000000 0.000000
vt 0.963850 1.267382
vn 0.000000 -1.000000 0.000000
vt 0.996497 1.242897
vn 0.000000 -1.000000 0.000000
vt 0.914879 0.916422
vn 0.000000 -1.000000 0.000000
vt 0.751641 0.671565
vn 0.000000 -1.000000 0.000000
vt 0.588404 0.589947
vn 0.000000 -1.000000 0.000000
f 72/162/162 71/163/163 70/164/164 69/165/165 68/166/166 67/167/167 66/168/168
vt 0.583333 -0.014583
vn 0.409684 -0.400991 -0.819369
vt 0.750000 -0.014583
vn 0.409684 -0.400991 -0.819369
vt 0.751641 -0.022917
vn 0.409684 -0.400991 -0.819369
vt 0.588404 -0.022917
vn 0.409684 -0.400991 -0.819369
f 52/169/169 53/170/170 46/171/171 45/172/172
vt -0.014583 0.666667
vn 0.821313 -0.160133 -0.547542
vt -0.014583 0.916667
vn 0.821313 -0.160133 -0.547542
vt -0.022917 0.916422
vn 0.821313 -0.160133 -0.547542
vt -0.022917 0.671565
vn 0.821313 -0.160133 -0.547542
f 53/173/173 54/174/174 47/175/175 46/176/176
vt -0.014583 0.916667
vn 0.951114 -0.197089 -0.237778
vt -0.014583 1.250000
vn 0.951114 -0.197089 -0.237778
vt -0.022917 1.242897
vn 0.951114 -0.197089 -0.237778
vt -0.022917 0.916422
vn 0.951114 -0.197089 -0.237778
f 54/177/177 55/178/178 48/179/179 47/180/180
vt 1.000000 1.250000
vn 0.438465 -0.682619 0.584619
vt 0.966667 1.275000
vn 0.438465 -0.682619 0.584619
vt 0.963850 1.267382
vn 0.438465 -0.682619 0.584619
vt 0.996497 1.242897
vn 0.438465 -0.682619 0.584619
f 55/181/181 56/182/182 49/183/183 48/184/184
vt -0.014583 1.275000
vn -0.961989 0.089241 0.258095
vt -0.014583 0.933333
vn -0.961989 0.089241 0.258095
vt -0.022917 0.932745
vn -0.961989 0.089241 0.258095
vt -0.022917 1.267382
vn -0.961989 0.089241 0.258095
f 56/185/185 57/186/186 50/187/187 49/188/188
vt -0.014583 0.933333
vn -0.816755 0.050681 0.574754
vt -0.014583 0.708333
vn -0.816755 0.050681 0.574754
vt -0.022917 0.712375
vn -0.816755 0.050681 0.574754
vt -0.022917 0.932745
vn -0.816755 0.050681 0.574754
f 57/189/189 58/190/190 51/191/191 50/192/192
vt 0.716667 -0.014583
vn -0.675050 0.160717 0.720054
vt 0.583333 -0.014583
vn -0.675050 0.160717 0.720054
vt 0.588404 -0.022917
vn -0.675050 0.160717 0.720054
vt 0.718994 -0.022917
vn -0.675050 0.160717 0.720054
f 58/193/193 52/194/194 45/195/195 51/196/196
vt 0.583333 0.014583
vn 0.447214 0.000000 -0.894427
vt 0.750000 0.014583
vn 0.447214 0.000000 -0.894427
vt 0.750000 -0.014583
vn 0.447214 0.000000 -0.894427
vt 0.583333 -0.014583
vn 0.447214 0.000000 -0.894427
f 59/197/197 60/198/198 53/199/199 52/200/200
vt 0.014583 0.666667
vn 0.832050 0.000000 -0.554700
vt 0.014583 0.916667
vn 0.832050 0.000000 -0.554700
vt -0.014583 0.916667
vn 0.832050 0.000000 -0.554700
vt -0.014583 0.666667
vn 0.832050 0.000000 -0.554700
f 60/201/201 61/202/202 54/203/203 53/204/204
vt 0.014583 0.916667
vn 0.970143 0.000000 -0.242536
vt 0.014583 1.250000
vn 0.970143 0.000000 -0.242536
vt -0.014583 1.250000
vn 0.970143 0.000000 -0.242536
vt -0.014583 0.916667
vn 0.970143 0.000000 -0.242536
f 61/205/205 62/206/206 55/207/207 54/208/208
vt 1.000000 0.014583
vn 0.600000 0.000000 0.800000
vt 0.966667 0.014583
vn 0.600000 0.000000 0.800000
vt 0.966667 -0.014583
vn 0.600000 0.000000 0.800000
vt 1.000000 -0.014583
vn 0.600000 0.000000 0.800000
f 62/209/209 63/210/210 56/211/211 55/212/212
vt 0.014583 1.275000
vn -0.965843 0.000000 0.259129
vt 0.014583 0.933333
vn -0.965843 0.000000 0.259129
vt -0.014583 0.933333
vn -0.965843 0.000000 0.259129
vt -0.014583 1.275000
vn -0.965843 0.000000 0.259129
f 63/213/213 64/214/214 57/215/215 56/216/216
vt 0.014583 0.933333
vn -0.817806 0.000000 0.575493
vt 0.014583 0.708333
vn -0.817806 0.000000 0.575493
vt -0.014583 0.708333
vn -0.817806 0.000000 0.575493
vt -0.014583 0.933333
vn -0.817806 0.000000 0.575493
f 64/217/217 65/218/218 58/219/219 57/220/220
vt 0.716667 0.014583
vn -0.683941 0.000000 0.729537
vt 0.583333 0.014583
vn -0.683941 0.000000 0.729537
vt 0.583333 -0.014583
vn -0.683941 0.000000 0.729537
vt 0.716667 -0.014583
vn -0.683941 0.000000 0.729537
f 65/221/221 59/222/222 52/223/223 58/224/224
vt 0.588404 0.022917
vn 0.409684 0.400991 -0.819369
vt 0.751641 0.022917
vn 0.409684 0.400991 -0.819369
vt 0.750000 0.014583
vn 0.409684 0.400991 -0.819369
vt 0.583333 0.014583
vn 0.409684 0.400991 -0.819369
f 66/225/225 67/226/226 60/227/227 59/228/228
vt 0.022917 0.671565
vn 0.821313 0.160133 -0.547542
vt 0.022917 0.916422
vn 0.821313 0.160133 -0.547542
vt 0.014583 0.916667
vn 0.821313 0.160133 -0.547542
vt 0.014583 0.666667
vn 0.821313 0.160133 -0.547542
f 67/229/229 68/230/230 61/231/231 60/232/232
vt 0.022917 0.916422
vn 0.951114 0.197089 -0.237778
vt 0.022917 1.242897
vn 0.951114 0.197089 -0.237778
vt 0.014583 1.250000
vn 0.951114 0.197089 -0.237778
vt 0.014583 0.916667
vn 0.951114 0.197089 -0.237778
f 68/233/233 69/234/234 62/235/235 61/236/236
vt 0.996497 1.242897
vn 0.438465 0.682619 0.584619
vt 0.963850 1.267382
vn 0.438465 0.682619 0.584619
vt 0.966667 1.275000
vn 0.438465 0.682619 0.584619
vt 1.000000 1.250000
vn 0.438465 0.682619 0.584619
f 69/237/237 70/238/238 63/239/239 62/240/240
vt 0.022917 1.267382
vn -0.961989 -0.089241 0.258095
vt 0.022917 0.932745
vn -0.961989 -0.089241 0.258095
vt 0.014583 0.933333
vn -0.961989 -0.089241 0.258095
vt 0.014583 1.275000
vn -0.961989 -0.089241 0.258095
f 70/241/241 71/242/242 64/243/243 63/244/244
vt 0.022917 0.932745
vn -0.816755 -0.050681 0.574754
vt 0.022917 0.712375
vn -0.816755 -0.050681 0.574754
vt 0.014583 0.708333
vn -0.816755 -0.050681 0.574754
vt 0.014583 0.933333
vn -0.816755 -0.050681 0.574754
f 71/245/245 72/246/246 65/247/247 64/248/248
vt 0.718994 0.022917
vn -0.675050 -0.160717 0.720054
vt 0.588404 0.022917
vn -0.675050 -0.160717 0.720054
vt 0.583333 0.014583
vn -0.675050 -0.160717 0.720054
vt 0.716667 0.014583
vn -0.675050 -0.160717 0.720054
f 72/249/249 66/250/250 59/251/251 65/252/252
v -1.150000 0.000000 -18.500000
v -1.127903 -0.224354 -18.500000
v -1.062461 -0.440086 -18.500000
v -0.956190 -0.638906 -18.500000
v -0.813173 -0.813173 -18.500000
v -0.638906 -0.956190 -18.500000
v -0.440086 -1.062461 -18.500000
v -0.224354 -1.127903 -18.500000
v -0.000000 -1.150000 -18.500000
v 0.224354 -1.127903 -18.500000
v 0.440086 -1.062461 -18.500000
v 0.638906 -0.956190 -18.500000
v 0.813173 -0.813173 -18.500000
v 0.956190 -0.638906 -18.500000
v 1.062461 -0.440086 -18.500000
v 1.127903 -0.224354 -18.500000
v 1.150000 -0.000000 -18.500000
v 1.127903 0.224354 -18.500000
v 1.062461 0.440086 -18.500000
v 0.956190 0.638906 -18.500000
v 0.813173 0.813173 -18.500000
v 0.638906 0.956190 -18.500000
v 0.440086 1.062461 -18.500000
v 0.224354 1.127903 -18.500000
v 0.000000 1.150000 -18.500000
v -0.224354 1.127903 -18.500000
v -0.440086 1.062461 -18.500000
v -0.638906 0.956190 -18.500000
v -0.813173 0.813173 -18.500000
v -0.956190 0.638906 -18.500000
v -1.062461 0.440086 -18.500000
v -1.127903 0.224354 -18.500000
v -1.150000 0.000000 -17.500000
v -1.127903 -0.224354 -17.500000
v -1.062461 -0.440086 -17.500000
v -0.956190 -0.638906 -17.500000
v -0.813173 -0.813173 -17.500000
v -0.638906 -0.956190 -17.500000
v -0.440086 -1.062461 -17.500000
v -0.224354 -1.127903 -17.500000
v -0.000000 -1.150000 -17.500000
v 0.224354 -1.127903 -17.500000
v 0.440086 -1.062461 -17.500000
v 0.638906 -0.956190 -17.500000
v 0.813173 -0.813173 -17.500000
v 0.956190 -0.638906 -17.500000
v 1.062461 -0.440086 -17.500000
v 1.127903 -0.224354 -17.500000
v 1.150000 -0.000000 -17.500000
v 1.127903 0.224354 -17.500000
v 1.062461 0.440086 -17.500000
v 0.956190 0.638906 -17.500000
v 0.813173 0.813173 -17.500000
v 0.638906 0.956190 -17.500000
v 0.440086 1.062461 -17.500000
v 0.224354 1.127903 -17.500000
v 0.000000 1.150000 -17.500000
v -0.224354 1.127903 -17.500000
v -0.440086 1.062461 -17.500000
v -0.638906 0.956190 -17.500000
v -0.813173 0.813173 -17.500000
v -0.956190 0.638906 -17.500000
v -1.062461 0.440086 -17.500000
v -1.127903 0.224354 -17.500000
vt -0.093992 0.018696
vn 0.000000 0.000000 -1.000000
vt -0.088538 0.036674
vn 0.000000 0.000000 -1.000000
vt -0.079683 0.053242
vn 0.000000 0.000000 -1.000000
vt -0.067764 0.067764
vn 0.000000 0.000000 -1.000000
vt -0.053242 0.079683
vn 0.000000 0.000000 -1.000000
vt -0.036674 0.088538
vn 0.000000 0.000000 -1.000000
vt -0.018696 0.093992
vn 0.000000 0.000000 -1.000000
vt 0.000000 0.095833
vn 0.000000 0.000000 -1.000000
vt 0.018696 0.093992
vn 0.000000 0.000000 -1.000000
vt 0.036674 0.088538
vn 0.000000 0.000000 -1.000000
vt 0.053242 0.079683
vn 0.000000 0.000000 -1.000000
vt 0.067764 0.067764
vn 0.000000 0.000000 -1.000000
vt 0.079683 0.053242
vn 0.000000 0.000000 -1.000000
vt 0.088538 0.036674
vn 0.000000 0.000000 -1.000000
vt 0.093992 0.018696
vn 0.000000 0.000000 -1.000000
vt 0.095833 -0.000000
vn 0.000000 0.000000 -1.000000
vt 0.093992 -0.018696
vn 0.000000 0.000000 -1.000000
vt 0.088538 -0.036674
vn 0.000000 0.000000 -1.000000
vt 0.079683 -0.053242
vn 0.000000 0.000000 -1.000000
vt 0.067764 -0.067764
vn 0.000000 0.000000 -1.000000
vt 0.053242 -0.079683
vn 0.000000 0.000000 -1.000000
vt 0.036674 -0.088538
vn 0.000000 0.000000 -1.000000
vt 0.018696 -0.093992
vn 0.000000 0.000000 -1.000000
vt -0.000000 -0.095833
vn 0.000000 0.000000 -1.000000
vt -0.018696 -0.093992
vn 0.000000 0.000000 -1.000000
vt -0.036674 -0.088538
vn 0.000000 0.000000 -1.000000
vt -0.053242 -0.079683
vn 0.000000 0.000000 -1.000000
vt -0.067764 -0.067764
vn 0.000000 0.000000 -1.000000
vt -0.079683 -0.053242
vn 0.000000 0.000000 -1.000000
vt -0.088538 -0.036674
vn 0.000000 0.000000 -1.000000
vt -0.093992 -0.018696
vn 0.000000 0.000000 -1.000000
vt -0.095833 0.000000
vn 0.000000 0.000000 -1.000000
f 104/253/253 103/254/254 102/255/255 101/256/256 100/257/257 99/258/258 98/259/259 97/260/260 96/261/261 95/262/262 94/263/263 93/264/264 92/265/265 91/266/266 90/267/267 89/268/268 88/269/269 87/270/270 86/271/271 85/272/272 84/273/273 83/274/274 82/275/275 81/276/276 80/277/277 79/278/278 78/279/279 77/280/280 76/281/281 75/282/282 74/283/283 73/284/284
vt -0.095833 0.000000
vn 0.000000 0.000000 1.000000
vt -0.093992 -0.018696
vn 0.000000 0.000000 1.000000
vt -0.088538 -0.036674
vn 0.000000 0.000000 1.000000
vt -0.079683 -0.053242
vn 0.000000 0.000000 1.000000
vt -0.067764 -0.067764
vn 0.000000 0.000000 1.000000
vt -0.053242 -0.079683
vn 0.000000 0.000000 1.000000
vt -0.036674 -0.088538
vn 0.000000 0.000000 1.000000
vt -0.018696 -0.093992
vn 0.000000 0.000000 1.000000
vt -0.000000 -0.095833
vn 0.000000 0.000000 1.000000
vt 0.018696 -0.093992
vn 0.000000 0.000000 1.000000
vt 0.036674 -0.088538
vn 0.000000 0.000000 1.000000
vt 0.053242 -0.079683
vn 0.000000 0.000000 1.000000
vt 0.067764 -0.067764
vn 0.000000 0.000000 1.000000
vt 0.079683 -0.053242
vn 0.000000 0.000000 1.000000
vt 0.088538 -0.036674
vn 0.000000 0.000000 1.000000
vt 0.093992 -0.018696
vn 0.000000 0.000000 1.000000
vt 0.095833 -0.000000
vn 0.000000 0.000000 1.000000
vt 0.093992 0.018696
vn 0.000000 0.000000 1.000000
vt 0.088538 0.036674
vn 0.000000 0.000000 1.000000
vt 0.079683 0.053242
vn 0.000000 0.000000 1.000000
vt 0.067764 0.067764
vn 0.000000 0.000000 1.000000
vt 0.053242 0.079683
vn 0.000000 0.000000 1.000000
vt 0.036674 0.088538
vn 0.000000 0.000000 1.000000
vt 0.018696 0.093992
vn 0.000000 0.000000 1.000000
vt 0.000000 0.095833
vn 0.000000 0.000000 1.000000
vt -0.018696 0.093992
vn 0.000000 0.000000 1.000000
vt -0.036674 0.088538
vn 0.000000 0.000000 1.000000
vt -0.053242 0.079683
vn 0.000000 0.000000 1.000000
vt -0.067764 0.067764
vn 0.000000 0.000000 1.000000
vt -0.079683 0.053242
vn 0.000000 0.000000 1.000000
vt -0.088538 0.036674
vn 0.000000 0.000000 1.000000
vt -0.093992 0.018696
vn 0.000000 0.000000 1.000000
f 105/285/285 106/286/286 107/287/287 108/288/288 109/289/289 110/290/290 111/291/291 112/292/292 113/293/293 114/294/294 115/295/295 116/296/296 117/297/297 118/298/298 119/299/299 120/300/300 121/301/301 122/302/302 123/303/303 124/304/304 125/305/305 126/306/306 127/307/307 128/308/308 129/309/309 130/310/310 131/311/311 132/312/312 133/313/313 134/314/314 135/315/315 136/316/316
vt 0.000000 -1.541667
vn -1.000000 0.000000 0.000000
vt -0.018696 -1.541667
vn -0.980785 -0.195090 0.000000
vt -0.018696 -1.458333
vn -0.980785 -0.195090 0.000000
vt 0.000000 -1.458333
vn -1.000000 0.000000 0.000000
f 73/317/317 74/318/318 106/319/319 105/320/320
vt -0.018696 -1.541667
vn -0.980785 -0.195090 0.000000
vt -0.036674 -1.541667
vn -0.923880 -0.382683 0.000000
vt -0.036674 -1.458333
vn -0.923880 -0.382683 0.000000
vt -0.018696 -1.458333
vn -0.980785 -0.195090 0.000000
f 74/321/321 75/322/322 107/323/323 106/324/324
vt -0.036674 -1.541667
vn -0.923880 -0.382683 0.000000
vt -0.053242 -1.541667
vn -0.831470 -0.555570 0.000000
vt -0.053242 -1.458333
vn -0.831470 -0.555570 0.000000
vt -0.036674 -1.458333
vn -0.923880 -0.382683 0.000000
f 75/325/325 76/326/326 108/327/327 107/328/328
vt -0.053242 -1.541667
vn -0.831470 -0.555570 0.000000
vt -0.067764 -1.541667
vn -0.707107 -0.707107 0.000000
vt -0.067764 -1.458333
vn -0.707107 -0.707107 0.000000
vt -0.053242 -1.458333
vn -0.831470 -0.555570 0.000000
f 76/329/329 77/330/330 109/331/331 108/332/332
vt -0.067764 -1.541667
vn -0.707107 -0.707107 0.000000
vt -0.053242 -1.541667
vn -0.555570 -0.831470 0.000000
vt -0.053242 -1.458333
vn -0.555570 -0.831470 0.000000
vt -0.067764 -1.458333
vn -0.707107 -0.707107 0.000000
f 77/333/333 78/334/334 110/335/335 109/336/336
vt -0.053242 -1.541667
vn -0.555570 -0.831470 0.000000
vt -0.036674 -1.541667
vn -0.382683 -0.923880 0.000000
vt -0.036674 -1.458333
vn -0.382683 -0.923880 0.000000
vt -0.053242 -1.458333
vn -0.555570 -0.831470 0.000000
f 78/337/337 79/338/338 111/339/339 110/340/340
vt -0.036674 -1.541667
vn -0.382683 -0.923880 0.000000
vt -0.018696 -1.541667
vn -0.195090 -0.980785 0.000000
vt -0.018696 -1.458333
vn -0.195090 -0.980785 0.000000
vt -0.036674 -1.458333
vn -0.382683 -0.923880 0.000000
f 79/341/341 80/342/342 112/343/343 111/344/344
vt -0.018696 -1.541667
vn -0.195090 -0.980785 0.000000
vt -0.000000 -1.541667
vn 0.000000 -1.000000 0.000000
vt -0.000000 -1.458333
vn 0.000000 -1.000000 0.000000
vt -0.018696 -1.458333
vn -0.195090 -0.980785 0.000000
f 80/345/345 81/346/346 113/347/347 112/348/348
vt -0.000000 -1.541667
vn 0.000000 -1.000000 0.000000
vt 0.018696 -1.541667
vn 0.195090 -0.980785 0.000000
vt 0.018696 -1.458333
vn 0.195090 -0.980785 0.000000
vt -0.000000 -1.458333
vn 0.000000 -1.000000 0.000000
f 81/349/349 82/350/350 114/351/351 113/352/352
vt 0.018696 -1.541667
vn 0.195090 -0.980785 0.000000
vt 0.036674 -1.541667
vn 0.382683 -0.923880 0.000000
vt 0.036674 -1.458333
vn 0.382683 -0.923880 0.000000
vt 0.018696 -1.458333
vn 0.195090 -0.980785 0.000000
f 82/353/353 83/354/354 115/355/355 114/356/356
vt 0.036674 -1.541667
vn 0.382683 -0.923880 0.000000
vt 0.053242 -1.541667
vn 0.555570 -0.831470 0.000000
vt 0.053242 -1.458333
vn 0.555570 -0.831470 0.000000
vt 0.036674 -1.458333
vn 0.382683 -0.923880 0.000000
f 83/357/357 84/358/358 116/359/359 115/360/360
vt 0.053242 -1.541667
vn 0.555570 -0.831470 0.000000
vt 0.067764 -1.541667
vn 0.707107 -0.707107 0.000000
vt 0.067764 -1.458333
vn 0.707107 -0.707107 0.000000
vt 0.053242 -1.458333
vn 0.555570 -0.831470 0.000000
f 84/361/361 85/362/362 117/363/363 116/364/364
vt -0.067764 -1.541667
vn 0.707107 -0.707107 0.000000
vt -0.053242 -1.541667
vn 0.831470 -0.555570 0.000000
vt -0.053242 -1.458333
vn 0.831470 -0.555570 0.000000
vt -0.067764 -1.458333
vn 0.707107 -0.707107 0.000000
f 85/365/365 86/366/366 118/367/367 117/368/368
vt -0.053242 -1.541667
vn 0.831470 -0.555570 0.000000
vt -0.036674 -1.541667
vn 0.923880 -0.382683 0.000000
vt -0.036674 -1.458333
vn 0.923880 -0.382683 0.000000
vt -0.053242 -1.458333
vn 0.831470 -0.555570 0.000000
f 86/369/369 87/370/370 119/371/371 118/372/372
vt -0.036674 -1.541667
vn 0.923880 -0.382683 0.000000
vt -0.018696 -1.541667
vn 0.980785 -0.195090 0.000000
vt -0.018696 -1.458333
vn 0.980785 -0.195090 0.000000
vt -0.036674 -1.458333
vn 0.923880 -0.382683 0.000000
f 87/373/373 88/374/374 120/375/375 119/376/376
vt -0.018696 -1.541667
vn 0.980785 -0.195090 0.000000
vt -0.000000 -1.541667
vn 1.000000 0.000000 0.000000
vt -0.000000 -1.458333
vn 1.000000 0.000000 0.000000
vt -0.018696 -1.458333
vn 0.980785 -0.195090 0.000000
f 88/377/377 89/378/378 121/379/379 120/380/380
vt -0.000000 -1.541667
vn 1.000000 0.000000 0.000000
vt 0.018696 -1.541667
vn 0.980785 0.195090 0.000000
vt 0.018696 -1.458333
vn 0.980785 0.195090 0.000000
vt -0.000000 -1.458333
vn 1.000000 0.000000 0.000000
f 89/381/381 90/382/382 122/383/383 121/384/384
vt 0.018696 -1.541667
vn 0.980785 0.195090 0.000000
vt 0.036674 -1.541667
vn 0.923880 0.382683 0.000000
vt 0.036674 -1.458333
vn 0.923880 0.382683 0.000000
vt 0.018696 -1.458333
vn 0.980785 0.195090 0.000000
f 90/385/385 91/386/386 123/387/387 122/388/388
vt 0.036674 -1.541667
vn 0.923880 0.382683 0.000000
vt 0.053242 -1.541667
vn 0.831470 0.555570 0.000000
vt 0.053242 -1.458333
vn 0.831470 0.555570 0.000000
vt 0.036674 -1.458333
vn 0.923880 0.382683 0.000000
f 91/389/389 92/390/390 124/391/391 123/392/392
vt 0.053242 -1.541667
vn 0.831470 0.555570 0.000000
vt 0.067764 -1.541667
vn 0.707107 0.707107 0.000000
vt 0.067764 -1.458333
vn 0.707107 0.707107 0.000000
vt 0.053242 -1.458333
vn 0.831470 0.555570 0.000000
f 92/393/393 93/394/394 125/395/395 124/396/396
vt 0.067764 -1.541667
vn 0.707107 0.707107 0.000000
vt 0.053242 -1.541667
vn 0.555570 0.831470 0.000000
vt 0.053242 -1.458333
vn 0.555570 0.831470 0.000000
vt 0.067764 -1.458333
vn 0.707107 0.707107 0.000000
f 93/397/397 94/398/398 126/399/399 125/400/400
vt 0.053242 -1.541667
vn 0.555570 0.831470 0.000000
vt 0.036674 -1.541667
vn 0.382683 0.923880 0.000000
vt 0.036674 -1.458333
vn 0.382683 0.923880 0.000000
vt 0.053242 -1.458333
vn 0.555570 0.831470 0.000000
f 94/401/401 95/402/402 127/403/403 126/404/404
vt 0.036674 -1.541667
vn 0.382683 0.923880 0.000000
vt 0.018696 -1.541667
vn 0.195090 0.980785 0.000000
vt 0.018696 -1.458333
vn 0.195090 0.980785 0.000000
vt 0.036674 -1.458333
vn 0.382683 0.923880 0.000000
f 95/405/405 96/406/406 128/407/407 127/408/408
vt 0.018696 -1.541667
vn 0.195090 0.980785 0.000000
vt 0.000000 -1.541667
vn 0.000000 1.000000 0.000000
vt 0.000000 -1.458333
vn 0.000000 1.000000 0.000000
vt 0.018696 -1.458333
vn 0.195090 0.980785 0.000000
f 96/409/409 97/410/410 129/411/411 128/412/412
vt 0.000000 -1.541667
vn 0.000000 1.000000 0.000000
vt -0.018696 -1.541667
vn -0.195090 0.980785 0.000000
vt -0.018696 -1.458333
vn -0.195090 0.980785 0.000000
vt 0.000000 -1.458333
vn 0.000000 1.000000 0.000000
f 97/413/413 98/414/414 130/415/415 129/416/416
vt -0.018696 -1.541667
vn -0.195090 0.980785 0.000000
vt -0.036674 -1.541667
vn -0.382683 0.923880 0.000000
vt -0.036674 -1.458333
vn -0.382683 0.923880 0.000000
vt -0.018696 -1.458333
vn -0.195090 0.980785 0.000000
f 98/417/417 99/418/418 131/419/419 130/420/420
vt -0.036674 -1.541667
vn -0.382683 0.923880 0.000000
vt -0.053242 -1.541667
vn -0.555570 0.831470 0.000000
vt -0.053242 -1.458333
vn -0.555570 0.831470 0.000000
vt -0.036674 -1.458333
vn -0.382683 0.923880 0.000000
f 99/421/421 100/422/422 132/423/423 131/424/424
vt -0.053242 -1.541667
vn -0.555570 0.831470 0.000000
vt -0.067764 -1.541667
vn -0.707107 0.707107 0.000000
vt -0.067764 -1.458333
vn -0.707107 0.707107 0.000000
vt -0.053242 -1.458333
vn -0.555570 0.831470 0.000000
f 100/425/425 101/426/426 133/427/427 132/428/428
vt 0.067764 -1.541667
vn -0.707107 0.707107 0.000000
vt 0.053242 -1.541667
vn -0.831470 0.555570 0.000000
vt 0.053242 -1.458333
vn -0.831470 0.555570 0.000000
vt 0.067764 -1.458333
vn -0.707107 0.707107 0.000000
f 101/429/429 102/430/430 134/431/431 133/432/432
vt 0.053242 -1.541667
vn -0.831470 0.555570 0.000000
vt 0.036674 -1.541667
vn -0.923880 0.382683 0.000000
vt 0.036674 -1.458333
vn -0.923880 0.382683 0.000000
vt 0.053242 -1.458333
vn -0.831470 0.555570 0.000000
f 102/433/433 103/434/434 135/435/435 134/436/436
vt 0.036674 -1.541667
vn -0.923880 0.382683 0.000000
vt 0.018696 -1.541667
vn -0.980785 0.195090 0.000000
vt 0.018696 -1.458333
vn -0.980785 0.195090 0.000000
vt 0.036674 -1.458333
vn -0.923880 0.382683 0.000000
f 103/437/437 104/438/438 136/439/439 135/440/440
vt 0.018696 -1.541667
vn -0.980785 0.195090 0.000000
vt 0.000000 -1.541667
vn -1.000000 0.000000 0.000000
vt 0.000000 -1.458333
vn -1.000000 0.000000 0.000000
vt 0.018696 -1.458333
vn -0.980785 0.195090 0.000000
f 104/441/441 73/442/442 105/443/443 136/444/444
v -1.100000 0.000000 -15.000000
v -1.062518 -0.284701 -15.000000
v -0.952628 -0.550000 -15.000000
v -0.777817 -0.777817 -15.000000
v -0.550000 -0.952628 -15.000000
v -0.284701 -1.062518 -15.000000
v -0.000000 -1.100000 -15.000000
v 0.284701 -1.062518 -15.000000
v 0.550000 -0.952628 -15.000000
v 0.777817 -0.777817 -15.000000
v 0.952628 -0.550000 -15.000000
v 1.062518 -0.284701 -15.000000
v 1.100000 -0.000000 -15.000000
v 1.062518 0.284701 -15.000000
v 0.952628 0.550000 -15.000000
v 0.777817 0.777817 -15.000000
v 0.550000 0.952628 -15.000000
v 0.284701 1.062518 -15.000000
v 0.000000 1.100000 -15.000000
v -0.284701 1.062518 -15.000000
v -0.550000 0.952628 -15.000000
v -0.777817 0.777817 -15.000000
v -0.952628 0.550000 -15.000000
v -1.062518 0.284701 -15.000000
v -1.100000 0.000000 -14.720000
v -1.062518 -0.284701 -14.720000
v -0.952628 -0.550000 -14.720000
v -0.777817 -0.777817 -14.720000
v -0.550000 -0.952628 -14.720000
v -0.284701 -1.062518 -14.720000
v -0.000000 -1.100000 -14.720000
v 0.284701 -1.062518 -14.720000
v 0.550000 -0.952628 -14.720000
v 0.777817 -0.777817 -14.720000
v 0.952628 -0.550000 -14.720000
v 1.062518 -0.284701 -14.720000
v 1.100000 -0.000000 -14.720000
v 1.062518 0.284701 -14.720000
v 0.952628 0.550000 -14.720000
v 0.777817 0.777817 -14.720000
v 0.550000 0.952628 -14.720000
v 0.284701 1.062518 -14.720000
v 0.000000 1.100000 -14.720000
v -0.284701 1.062518 -14.720000
v -0.550000 0.952628 -14.720000
v -0.777817 0.777817 -14.720000
v -0.952628 0.550000 -14.720000
v -1.062518 0.284701 -14.720000
vt -0.088543 0.023725
vn 0.000000 0.000000 -1.000000
vt -0.079386 0.045833
vn 0.000000 0.000000 -1.000000
vt -0.064818 0.064818
vn 0.000000 0.000000 -1.000000
vt -0.045833 0.079386
vn 0.000000 0.000000 -1.000000
vt -0.023725 0.088543
vn 0.000000 0.000000 -1.000000
vt 0.000000 0.091667
vn 0.000000 0.000000 -1.000000
vt 0.023725 0.088543
vn 0.000000 0.000000 -1.000000
vt 0.045833 0.079386
vn 0.000000 0.000000 -1.000000
vt 0.064818 0.064818
vn 0.000000 0.000000 -1.000000
vt 0.079386 0.045833
vn 0.000000 0.000000 -1.000000
vt 0.088543 0.023725
vn 0.000000 0.000000 -1.000000
vt 0.091667 -0.000000
vn 0.000000 0.000000 -1.000000
vt 0.088543 -0.023725
vn 0.000000 0.000000 -1.000000
vt 0.079386 -0.045833
vn 0.000000 0.000000 -1.000000
vt 0.064818 -0.064818
vn 0.000000 0.000000 -1.000000
vt 0.045833 -0.079386
vn 0.000000 0.000000 -1.000000
vt 0.023725 -0.088543
vn 0.000000 0.000000 -1.000000
vt -0.000000 -0.091667
vn 0.000000 0.000000 -1.000000
vt -0.023725 -0.088543
vn 0.000000 0.000000 -1.000000
vt -0.045833 -0.079386
vn 0.000000 0.000000 -1.000000
vt -0.064818 -0.064818
vn 0.000000 0.000000 -1.000000
vt -0.079386 -0.045833
vn 0.000000 0.000000 -1.000000
vt -0.088543 -0.023725
vn 0.000000 0.000000 -1.000000
vt -0.091667 0.000000
vn 0.000000 0.000000 -1.000000
f 160/445/445 159/446/446 158/447/447 157/448/448 156/449/449 155/450/450 154/451/451 153/452/452 152/453/453 151/454/454 150/455/455 149/456/456 148/457/457 147/458/458 146/459/459 145/460/460 144/461/461 143/462/462 142/463/463 141/464/464 140/465/465 139/466/466 138/467/467 137/468/468
vt -0.091667 0.000000
vn 0.000000 0.000000 1.000000
vt -0.088543 -0.023725
vn 0.000000 0.000000 1.000000
vt -0.079386 -0.045833
vn 0.000000 0.000000 1.000000
vt -0.064818 -0.064818
vn 0.000000 0.000000 1.000000
vt -0.045833 -0.079386
vn 0.000000 0.000000 1.000000
vt -0.023725 -0.088543
vn 0.000000 0.000000 1.000000
vt -0.000000 -0.091667
vn 0.000000 0.000000 1.000000
vt 0.023725 -0.088543
vn 0.000000 0.000000 1.000000
vt 0.045833 -0.079386
vn 0.000000 0.000000 1.000000
vt 0.064818 -0.064818
vn 0.000000 0.000000 1.000000
vt 0.079386 -0.045833
vn 0.000000 0.000000 1.000000
vt 0.088543 -0.023725
vn 0.000000 0.000000 1.000000
vt 0.091667 -0.000000
vn 0.000000 0.000000 1.000000
vt 0.088543 0.023725
vn 0.000000 0.000000 1.000000
vt 0.079386 0.045833
vn 0.000000 0.000000 1.000000
vt 0.064818 0.064818
vn 0.000000 0.000000 1.000000
vt 0.045833 0.079386
vn 0.000000 0.000000 1.000000
vt 0.023725 0.088543
vn 0.000000 0.000000 1.000000
vt 0.000000 0.091667
vn 0.000000 0.000000 1.000000
vt -0.023725 0.088543
vn 0.000000 0.000000 1.000000
vt -0.045833 0.079386
vn 0.000000 0.000000 1.000000
vt -0.064818 0.064818
vn 0.000000 0.000000 1.000000
vt -0.079386 0.045833
vn 0.000000 0.000000 1.000000
vt -0.088543 0.023725
vn 0.000000 0.000000 1.000000
f 161/469/469 162/470/470 163/471/471 164/472/472 165/473/473 166/474/474 167/475/475 168/476/476 169/477/477 170/478/478 171/479/479 172/480/480 173/481/481 174/482/482 175/483/483 176/484/484 177/485/485 178/486/486 179/487/487 180/488/488 181/489/489 182/490/490 183/491/491 184/492/492
vt 0.000000 -1.250000
vn -1.000000 0.000000 0.000000
vt -0.023725 -1.250000
vn -0.965926 -0.258819 0.000000
vt -0.023725 -1.226667
vn -0.965926 -0.258819 0.000000
vt 0.000000 -1.226667
vn -1.000000 0.000000 0.000000
f 137/493/493 138/494/494 162/495/495 161/496/496
vt -0.023725 -1.250000
vn -0.965926 -0.258819 0.000000
vt -0.045833 -1.250000
vn -0.866025 -0.500000 0.000000
vt -0.045833 -1.226667
vn -0.866025 -0.500000 0.000000
vt -0.023725 -1.226667
vn -0.965926 -0.258819 0.000000
f 138/497/497 139/498/498 163/499/499 162/500/500
vt -0.045833 -1.250000
vn -0.866025 -0.500000 0.000000
vt -0.064818 -1.250000
vn -0.707107 -0.707107 0.000000
vt -0.064818 -1.226667
vn -0.707107 -0.707107 0.000000
vt -0.045833 -1.226667
vn -0.866025 -0.500000 0.000000
f 139/501/501 140/502/502 164/503/503 163/504/504
vt -0.064818 -1.250000
vn -0.707107 -0.707107 0.000000
vt -0.045833 -1.250000
vn -0.500000 -0.866025 0.000000
vt -0.045833 -1.226667
vn -0.500000 -0.866025 0.000000
vt -0.064818 -1.226667
vn -0.707107 -0.707107 0.000000
f 140/505/505 141/506/506 165/507/507 164/508/508
vt -0.045833 -1.250000
vn -0.500000 -0.866025 0.000000
vt -0.023725 -1.250000
vn -0.258819 -0.965926 0.000000
vt -0.023725 -1.226667
vn -0.258819 -0.965926 0.000000
vt -0.045833 -1.226667
vn -0.500000 -0.866025 0.000000
f 141/509/509 142/510/510 166/511/511 165/512/512
vt -0.023725 -1.250000
vn -0.258819 -0.965926 0.000000
vt -0.000000 -1.250000
vn 0.000000 -1.000000 0.000000
vt -0.000000 -1.226667
vn 0.000000 -1.000000 0.000000
vt -0.023725 -1.226667
vn -0.258819 -0.965926 0.000000
f 142/513/513 143/514/514 167/515/515 166/516/516
vt -0.000000 -1.250000
vn 0.000000 -1.000000 0.000000
vt 0.023725 -1.250000
vn 0.258819 -0.965926 0.000000
vt 0.023725 -1.226667
vn 0.258819 -0.965926 0.000000
vt -0.000000 -1.226667
vn 0.000000 -1.000000 0.000000
f 143/517/517 144/518/518 168/519/519 167/520/520
vt 0.023725 -1.250000
vn 0.258819 -0.965926 0.000000
vt 0.045833 -1.250000
vn 0.500000 -0.866025 0.000000
vt 0.045833 -1.226667
vn 0.500000 -0.866025 0.000000
vt 0.023725 -1.226667
vn 0.258819 -0.965926 0.000000
f 144/521/521 145/522/522 169/523/523 168/524/524
vt 0.045833 -1.250000
vn 0.500000 -0.866025 0.000000
vt 0.064818 -1.250000
vn 0.707107 -0.707107 0.000000
vt 0.064818 -1.226667
vn 0.707107 -0.707107 0.000000
vt 0.045833 -1.226667
vn 0.500000 -0.866025 0.000000
f 145/525/525 146/526/526 170/527/527 169/528/528
vt -0.064818 -1.250000
vn 0.707107 -0.707107 0.000000
vt -0.045833 -1.250000
vn 0.866025 -0.500000 0.000000
vt -0.045833 -1.226667
vn 0.866025 -0.500000 0.000000
vt -0.064818 -1.226667
vn 0.707107 -0.707107 0.000000
f 146/529/529 147/530/530 171/531/531 170/532/532
vt -0.045833 -1.250000
vn 0.866025 -0.500000 0.000000
vt -0.023725 -1.250000
vn 0.965926 -0.258819 0.000000
vt -0.023725 -1.226667
vn 0.965926 -0.258819 0.000000
vt -0.045833 -1.226667
vn 0.866025 -0.500000 0.000000
f 147/533/533 148/534/534 172/535/535 171/536/536
vt -0.023725 -1.250000
vn 0.965926 -0.258819 0.000000
vt -0.000000 -1.250000
vn 1.000000 -0.000000 0.000000
vt -0.000000 -1.226667
vn 1.000000 -0.000000 0.000000
vt -0.023725 -1.226667
vn 0.965926 -0.258819 0.000000
f 148/537/537 149/538/538 173/539/539 172/540/540
vt -0.000000 -1.250000
vn 1.000000 -0.000000 0.000000
vt 0.023725 -1.250000
vn 0.965926 0.258819 0.000000
vt 0.023725 -1.226667
vn 0.965926 0.258819 0.000000
vt -0.000000 -1.226667
vn 1.000000 -0.000000 0.000000
f 149/541/541 150/542/542 174/543/543 173/544/544
vt 0.023725 -1.250000
vn 0.965926 0.258819 0.000000
vt 0.045833 -1.250000
vn 0.866025 0.500000 0.000000
vt 0.045833 -1.226667
vn 0.866025 0.500000 0.000000
vt 0.023725 -1.226667
vn 0.965926 0.258819 0.000000
f 150/545/545 151/546/546 175/547/547 174/548/548
vt 0.045833 -1.250000
vn 0.866025 0.500000 0.000000
vt 0.064818 -1.250000
vn 0.707107 0.707107 0.000000
vt 0.064818 -1.226667
vn 0.707107 0.707107 0.000000
vt 0.045833 -1.226667
vn 0.866025 0.500000 0.000000
f 151/549/549 152/550/550 176/551/551 175/552/552
vt 0.064818 -1.250000
vn 0.707107 0.707107 0.000000
vt 0.045833 -1.250000
vn 0.500000 0.866025 0.000000
vt 0.045833 -1.226667
vn 0.500000 0.866025 0.000000
vt 0.064818 -1.226667
vn 0.707107 0.707107 0.000000
f 152/553/553 153/554/554 177/555/555 176/556/556
vt 0.045833 -1.250000
vn 0.500000 0.866025 0.000000
vt 0.023725 -1.250000
vn 0.258819 0.965926 0.000000
vt 0.023725 -1.226667
vn 0.258819 0.965926 0.000000
vt 0.045833 -1.226667
vn 0.500000 0.866025 0.000000
f 153/557/557 154/558/558 178/559/559 177/560/560
vt 0.023725 -1.250000
vn 0.258819 0.965926 0.000000
vt 0.000000 -1.250000
vn 0.000000 1.000000 0.000000
vt 0.000000 -1.226667
vn 0.000000 1.000000 0.000000
vt 0.023725 -1.226667
vn 0.258819 0.965926 0.000000
f 154/561/561 155/562/562 179/563/563 178/564/564
vt 0.000000 -1.250000
vn 0.000000 1.000000 0.000000
vt -0.023725 -1.250000
vn -0.258819 0.965926 0.000000
vt -0.023725 -1.226667
vn -0.258819 0.965926 0.000000
vt 0.000000 -1.226667
vn 0.000000 1.000000 0.000000
f 155/565/565 156/566/566 180/567/567 179/568/568
vt -0.023725 -1.250000
vn -0.258819 0.965926 0.000000
vt -0.045833 -1.250000
vn -0.500000 0.866025 0.000000
vt -0.045833 -1.226667
vn -0.500000 0.866025 0.000000
vt -0.023725 -1.226667
vn -0.258819 0.965926 0.000000
f 156/569/569 157/570/570 181/571/571 180/572/572
vt -0.045833 -1.250000
vn -0.500000 0.866025 0.000000
vt -0.064818 -1.250000
vn -0.707107 0.707107 0.000000
vt -0.064818 -1.226667
vn -0.707107 0.707107 0.000000
vt -0.045833 -1.226667
vn -0.500000 0.866025 0.000000
f 157/573/573 158/574/574 182/575/575 181/576/576
vt 0.064818 -1.250000
vn -0.707107 0.707107 0.000000
vt 0.045833 -1.250000
vn -0.866025 0.500000 0.000000
vt 0.045833 -1.226667
vn -0.866025 0.500000 0.000000
vt 0.064818 -1.226667
vn -0.707107 0.707107 0.000000
f 158/577/577 159/578/578 183/579/579 182/580/580
vt 0.045833 -1.250000
vn -0.866025 0.500000 0.000000
vt 0.023725 -1.250000
vn -0.965926 0.258819 0.000000
vt 0.023725 -1.226667
vn -0.965926 0.258819 0.000000
vt 0.045833 -1.226667
vn -0.866025 0.500000 0.000000
f 159/581/581 160/582/582 184/583/583 183/584/584
vt 0.023725 -1.250000
vn -0.965926 0.258819 0.000000
vt 0.000000 -1.250000
vn -1.000000 0.000000 0.000000
vt 0.000000 -1.226667
vn -1.000000 0.000000 0.000000
vt 0.023725 -1.226667
vn -0.965926 0.258819 0.000000
f 160/585/585 137/586/586 161/587/587 184/588/588
v -1.100000 0.000000 -13.000000
v -1.062518 -0.284701 -13.000000
v -0.952628 -0.550000 -13.000000
v -0.777817 -0.777817 -13.000000
v -0.550000 -0.952628 -13.000000
v -0.284701 -1.062518 -13.000000
v -0.000000 -1.100000 -13.000000
v 0.284701 -1.062518 -13.000000
v 0.550000 -0.952628 -13.000000
v 0.777817 -0.777817 -13.000000
v 0.952628 -0.550000 -13.000000
v 1.062518 -0.284701 -13.000000
v 1.100000 -0.000000 -13.000000
v 1.062518 0.284701 -13.000000
v 0.952628 0.550000 -13.000000
v 0.777817 0.777817 -13.000000
v 0.550000 0.952628 -13.000000
v 0.284701 1.062518 -13.000000
v 0.000000 1.100000 -13.000000
v -0.284701 1.062518 -13.000000
v -0.550000 0.952628 -13.000000
v -0.777817 0.777817 -13.000000
v -0.952628 0.550000 -13.000000
v -1.062518 0.284701 -13.000000
v -1.100000 0.000000 -12.720000
v -1.062518 -0.284701 -12.720000
v -0.952628 -0.550000 -12.720000
v -0.777817 -0.777817 -12.720000
v -0.550000 -0.952628 -12.720000
v -0.284701 -1.062518 -12.720000
v -0.000000 -1.100000 -12.720000
v 0.284701 -1.062518 -12.720000
v 0.550000 -0.952628 -12.720000
v 0.777817 -0.777817 -12.720000
v 0.952628 -0.550000 -12.720000
v 1.062518 -0.284701 -12.720000
v 1.100000 -0.000000 -12.720000
v 1.062518 0.284701 -12.720000
v 0.952628 0.550000 -12.720000
v 0.777817 0.777817 -12.720000
v 0.550000 0.952628 -12.720000
v 0.284701 1.062518 -12.720000
v 0.000000 1.100000 -12.720000
v -0.284701 1.062518 -12.720000
v -0.550000 0.952628 -12.720000
v -0.777817 0.777817 -12.720000
v -0.952628 0.550000 -12.720000
v -1.062518 0.284701 -12.720000
vt -0.088543 0.023725
vn 0.000000 0.000000 -1.000000
vt -0.079386 0.045833
vn 0.000000 0.000000 -1.000000
vt -0.064818 0.064818
vn 0.000000 0.000000 -1.000000
vt -0.045833 0.079386
vn 0.000000 0.000000 -1.000000
vt -0.023725 0.088543
vn 0.000000 0.000000 -1.000000
vt 0.000000 0.091667
vn 0.000000 0.000000 -1.000000
vt 0.023725 0.088543
vn 0.000000 0.000000 -1.000000
vt 0.045833 0.079386
vn 0.000000 0.000000 -1.000000
vt 0.064818 0.064818
vn 0.000000 0.000000 -1.000000
vt 0.079386 0.045833
vn 0.000000 0.000000 -1.000000
vt 0.088543 0.023725
vn 0.000000 0.000000 -1.000000
vt 0.091667 -0.000000
vn 0.000000 0.000000 -1.000000
vt 0.088543 -0.023725
vn 0.000000 0.000000 -1.000000
vt 0.079386 -0.045833
vn 0.000000 0.000000 -1.000000
vt 0.064818 -0.064818
vn 0.000000 0.000000 -1.000000
vt 0.045833 -0.079386
vn 0.000000 0.000000 -1.000000
vt 0.023725 -0.088543
vn 0.000000 0.000000 -1.000000
vt -0.000000 -0.091667
vn 0.000000 0.000000 -1.000000
vt -0.023725 -0.088543
vn 0.000000 0.000000 -1.000000
vt -0.045833 -0.079386
vn 0.000000 0.000000 -1.000000
vt -0.064818 -0.064818
vn 0.000000 0.000000 -1.000000
vt -0.079386 -0.045833
vn 0.000000 0.000000 -1.000000
vt -0.088543 -0.023725
vn 0.000000 0.000000 -1.000000
vt -0.091667 0.000000
vn 0.000000 0.000000 -1.000000
f 208/589/589 207/590/590 206/591/591 205/592/592 204/593/593 203/594/594 202/595/595 201/596/596 200/597/597 199/598/598 198/599/599 197/600/600 196/601/601 195/602/602 194/603/603 193/604/604 192/605/605 191/606/606 190/607/607 189/608/608 188/609/609 187/610/610 186/611/611 185/612/612
vt -0.091667 0.000000
vn 0.000000 0.000000 1.000000
vt -0.088543 -0.023725
vn 0.000000 0.000000 1.000000
vt -0.079386 -0.045833
vn 0.000000 0.000000 1.000000
vt -0.064818 -0.064818
vn 0.000000 0.000000 1.000000
vt -0.045833 -0.079386
vn 0.000000 0.000000 1.000000
vt -0.023725 -0.088543
vn 0.000000 0.000000 1.000000
vt -0.000000 -0.091667
vn 0.000000 0.000000 1.000000
vt 0.023725 -0.088543
vn 0.000000 0.000000 1.000000
vt 0.045833 -0.079386
vn 0.000000 0.000000 1.000000
vt 0.064818 -0.064818
vn 0.000000 0.000000 1.000000
vt 0.079386 -0.045833
vn 0.000000 0.000000 1.000000
vt 0.088543 -0.023725
vn 0.000000 0.000000 1.000000
vt 0.091667 -0.000000
vn 0.000000 0.000000 1.000000
vt 0.088543 0.023725
vn 0.000000 0.000000 1.000000
vt 0.079386 0.045833
vn 0.000000 0.000000 1.000000
vt 0.064818 0.064818
vn 0.000000 0.000000 1.000000
vt 0.045833 0.079386
vn 0.000000 0.000000 1.000000
vt 0.023725 0.088543
vn 0.000000 0.000000 1.000000
vt 0.000000 0.091667
vn 0.000000 0.000000 1.000000
vt -0.023725 0.088543
vn 0.000000 0.000000 1.000000
vt -0.045833 0.079386
vn 0.000000 0.000000 1.000000
vt -0.064818 0.064818
vn 0.000000 0.000000 1.000000
vt -0.079386 0.045833
vn 0.000000 0.000000 1.000000
vt -0.088543 0.023725
vn 0.000000 0.000000 1.000000
f 209/613/613 210/614/614 211/615/615 212/616/616 213/617/617 214/618/618 215/619/619 216/620/620 217/621/621 218/622/622 219/623/623 220/624/624 221/625/625 222/626/626 223/627/627 224/628/628 225/629/629 226/630/630 227/631/631 228/632/632 229/633/633 230/634/634 231/635/635 232/636/636
vt 0.000000 -1.083333
vn -1.000000 0.000000 0.000000
vt -0.023725 -1.083333
vn -0.965926 -0.258819 0.000000
vt -0.023725 -1.060000
vn -0.965926 -0.258819 0.000000
vt 0.000000 -1.060000
vn -1.000000 0.000000 0.000000
f 185/637/637 186/638/638 210/639/639 209/640/640
vt -0.023725 -1.083333
vn -0.965926 -0.258819 0.000000
vt -0.045833 -1.083333
vn -0.866025 -0.500000 0.000000
vt -0.045833 -1.060000
vn -0.866025 -0.500000 0.000000
vt -0.023725 -1.060000
vn -0.965926 -0.258819 0.000000
f 186/641/641 187/642/642 211/643/643 210/644/644
vt -0.045833 -1.083333
vn -0.866025 -0.500000 0.000000
vt -0.064818 -1.083333
vn -0.707107 -0.707107 0.000000
vt -0.064818 -1.060000
vn -0.707107 -0.707107 0.000000
vt -0.045833 -1.060000
vn -0.866025 -0.500000 0.000000
f 187/645/645 188/646/646 212/647/647 211/648/648
vt -0.064818 -1.083333
vn -0.707107 -0.707107 0.000000
vt -0.045833 -1.083333
vn -0.500000 -0.866025 0.000000
vt -0.045833 -1.060000
vn -0.500000 -0.866025 0.000000
vt -0.064818 -1.060000
vn -0.707107 -0.707107 0.000000
f 188/649/649 189/650/650 213/651/651 212/652/652
vt -0.045833 -1.083333
vn -0.500000 -0.866025 0.000000
vt -0.023725 -1.083333
vn -0.258819 -0.965926 0.000000
vt -0.023725 -1.060000
vn -0.258819 -0.965926 0.000000
vt -0.045833 -1.060000
vn -0.500000 -0.866025 0.000000
f 189/653/653 190/654/654 214/655/655 213/656/656
vt -0.023725 -1.083333
vn -0.258819 -0.965926 0.000000
vt -0.000000 -1.083333
vn 0.000000 -1.000000 0.000000
vt -0.000000 -1.060000
vn 0.000000 -1.000000 0.000000
vt -0.023725 -1.060000
vn -0.258819 -0.965926 0.000000
f 190/657/657 191/658/658 215/659/659 214/660/660
vt -0.000000 -1.083333
vn 0.000000 -1.000000 0.000000
vt 0.023725 -1.083333
vn 0.258819 -0.965926 0.000000
vt 0.023725 -1.060000
vn 0.258819 -0.965926 0.000000
vt -0.000000 -1.060000
vn 0.000000 -1.000000 0.000000
f 191/661/661 192/662/662 216/663/663 215/664/664
vt 0.023725 -1.083333
vn 0.258819 -0.965926 0.000000
vt 0.045833 -1.083333
vn 0.500000 -0.866025 0.000000
vt 0.045833 -1.060000
vn 0.500000 -0.866025 0.000000
vt 0.023725 -1.060000
vn 0.258819 -0.965926 0.000000
f 192/665/665 193/666/666 217/667/667 216/668/668
vt 0.045833 -1.083333
vn 0.500000 -0.866025 0.000000
vt 0.064818 -1.083333
vn 0.707107 -0.707107 0.000000
vt 0.064818 -1.060000
vn 0.707107 -0.707107 0.000000
vt 0.045833 -1.060000
vn 0.500000 -0.866025 0.000000
f 193/669/669 194/670/670 218/671/671 217/672/672
vt -0.064818 -1.083333
vn 0.707107 -0.707107 0.000000
vt -0.045833 -1.083333
vn 0.866025 -0.500000 0.000000
vt -0.045833 -1.060000
vn 0.866025 -0.500000 0.000000
vt -0.064818 -1.060000
vn 0.707107 -0.707107 0.000000
f 194/673/673 195/674/674 219/675/675 218/676/676
vt -0.045833 -1.083333
vn 0.866025 -0.500000 0.000000
vt -0.023725 -1.083333
vn 0.965926 -0.258819 0.000000
vt -0.023725 -1.060000
vn 0.965926 -0.258819 0.000000
vt -0.045833 -1.060000
vn 0.866025 -0.500000 0.000000
f 195/677/677 196/678/678 220/679/679 219/680/680
vt -0.023725 -1.083333
vn 0.965926 -0.258819 0.000000
vt -0.000000 -1.083333
vn 1.000000 -0.000000 0.000000
vt -0.000000 -1.060000
vn 1.000000 -0.000000 0.000000
vt -0.023725 -1.060000
vn 0.965926 -0.258819 0.000000
f 196/681/681 197/682/682 221/683/683 220/684/684
vt -0.000000 -1.083333
vn 1.000000 -0.000000 0.000000
vt 0.023725 -1.083333
vn 0.965926 0.258819 0.000000
vt 0.023725 -1.060000
vn 0.965926 0.258819 0.000000
vt -0.000000 -1.060000
vn 1.000000 -0.000000 0.000000
f 197/685/685 198/686/686 222/687/687 221/688/688
vt 0.023725 -1.083333
vn 0.965926 0.258819 0.000000
vt 0.045833 -1.083333
vn 0.866025 0.500000 0.000000
vt 0.045833 -1.060000
vn 0.866025 0.500000 0.000000
vt 0.023725 -1.060000
vn 0.965926 0.258819 0.000000
f 198/689/689 199/690/690 223/691/691 222/692/692
vt 0.045833 -1.083333
vn 0.866025 0.500000 0.000000
vt 0.064818 -1.083333
vn 0.707107 0.707107 0.000000
vt 0.064818 -1.060000
vn 0.707107 0.707107 0.000000
vt 0.045833 -1.060000
vn 0.866025 0.500000 0.000000
f 199/693/693 200/694/694 224/695/695 223/696/696
vt 0.064818 -1.083333
vn 0.707107 0.707107 0.000000
vt 0.045833 -1.083333
vn 0.500000 0.866025 0.000000
vt 0.045833 -1.060000
vn 0.500000 0.866025 0.000000
vt 0.064818 -1.060000
vn 0.707107 0.707107 0.000000
f 200/697/697 201/698/698 225/699/699 224/700/700
vt 0.045833 -1.083333
vn 0.500000 0.866025 0.000000
vt 0.023725 -1.083333
vn 0.258819 0.965926 0.000000
vt 0.023725 -1.060000
vn 0.258819 0.965926 0.000000
vt 0.045833 -1.060000
vn 0.500000 0.866025 0.000000
f 201/701/701 202/702/702 226/703/703 225/704/704
vt 0.023725 -1.083333
vn 0.258819 0.965926 0.000000
vt 0.000000 -1.083333
vn 0.000000 1.000000 0.000000
vt 0.000000 -1.060000
vn 0.000000 1.000000 0.000000
vt 0.023725 -1.060000
vn 0.258819 0.965926 0.000000
f 202/705/705 203/706/706 227/707/707 226/708/708
vt 0.000000 -1.083333
vn 0.000000 1.000000 0.000000
vt -0.023725 -1.083333
vn -0.258819 0.965926 0.000000
vt -0.023725 -1.060000
vn -0.258819 0.965926 0.000000
vt 0.000000 -1.060000
vn 0.000000 1.000000 0.000000
f 203/709/709 204/710/710 228/711/711 227/712/712
vt -0.023725 -1.083333
vn -0.258819 0.965926 0.000000
vt -0.045833 -1.083333
vn -0.500000 0.866025 0.000000
vt -0.045833 -1.060000
vn -0.500000 0.866025 0.000000
vt -0.023725 -1.060000
vn -0.258819 0.965926 0.000000
f 204/713/713 205/714/714 229/715/715 228/716/716
vt -0.045833 -1.083333
vn -0.500000 0.866025 0.000000
vt -0.064818 -1.083333
vn -0.707107 0.707107 0.000000
vt -0.064818 -1.060000
vn -0.707107 0.707107 0.000000
vt -0.045833 -1.060000
vn -0.500000 0.866025 0.000000
f 205/717/717 206/718/718 230/719/719 229/720/720
vt 0.064818 -1.083333
vn -0.707107 0.707107 0.000000
vt 0.045833 -1.083333
vn -0.866025 0.500000 0.000000
vt 0.045833 -1.060000
vn -0.866025 0.500000 0.000000
vt 0.064818 -1.060000
vn -0.707107 0.707107 0.000000
f 206/721/721 207/722/722 231/723/723 230/724/724
vt 0.045833 -1.083333
vn -0.866025 0.500000 0.000000
vt 0.023725 -1.083333
vn -0.965926 0.258819 0.000000
vt 0.023725 -1.060000
vn -0.965926 0.258819 0.000000
vt 0.045833 -1.060000
vn -0.866025 0.500000 0.000000
f 207/725/725 208/726/726 232/727/727 231/728/728
vt 0.023725 -1.083333
vn -0.965926 0.258819 0.000000
vt 0.000000 -1.083333
vn -1.000000 0.000000 0.000000
vt 0.000000 -1.060000
vn -1.000000 0.000000 0.000000
vt 0.023725 -1.060000
vn -0.965926 0.258819 0.000000
f 208/729/729 185/730/730 209/731/731 232/732/732
v -1.100000 0.000000 -11.000000
v -1.062518 -0.284701 -11.000000
v -0.952628 -0.550000 -11.000000
v -0.777817 -0.777817 -11.000000
v -0.550000 -0.952628 -11.000000
v -0.284701 -1.062518 -11.000000
v -0.000000 -1.100000 -11.000000
v 0.284701 -1.062518 -11.000000
v 0.550000 -0.952628 -11.000000
v 0.777817 -0.777817 -11.000000
v 0.952628 -0.550000 -11.000000
v 1.062518 -0.284701 -11.000000
v 1.100000 -0.000000 -11.000000
v 1.062518 0.284701 -11.000000
v 0.952628 0.550000 -11.000000
v 0.777817 0.777817 -11.000000
v 0.550000 0.952628 -11.000000
v 0.284701 1.062518 -11.000000
v 0.000000 1.100000 -11.000000
v -0.284701 1.062518 -11.000000
v -0.550000 0.952628 -11.000000
v -0.777817 0.777817 -11.000000
v -0.952628 0.550000 -11.000000
v -1.062518 0.284701 -11.000000
v -1.100000 0.000000 -10.720000
v -1.062518 -0.284701 -10.720000
v -0.952628 -0.550000 -10.720000
v -0.777817 -0.777817 -10.720000
v -0.550000 -0.952628 -10.720000
v -0.284701 -1.062518 -10.720000
v -0.000000 -1.100000 -10.720000
v 0.284701 -1.062518 -10.720000
v 0.550000 -0.952628 -10.720000
v 0.777817 -0.777817 -10.720000
v 0.952628 -0.550000 -10.720000
v 1.062518 -0.284701 -10.720000
v 1.100000 -0.000000 -10.720000
v 1.062518 0.284701 -10.720000
v 0.952628 0.550000 -10.720000
v 0.777817 0.777817 -10.720000
v 0.550000 0.952628 -10.720000
v 0.284701 1.062518 -10.720000
v 0.000000 1.100000 -10.720000
v -0.284701 1.062518 -10.720000
v -0.550000 0.952628 -10.720000
v -0.777817 0.777817 -10.720000
v -0.952628 0.550000 -10.720000
v -1.062518 0.284701 -10.720000
vt -0.088543 0.023725
vn 0.000000 0.000000 -1.000000
vt -0.079386 0.045833
vn 0.000000 0.000000 -1.000000
vt -0.064818 0.064818
vn 0.000000 0.000000 -1.000000
vt -0.045833 0.079386
vn 0.000000 0.000000 -1.000000
vt -0.023725 0.088543
vn 0.000000 0.000000 -1.000000
vt 0.000000 0.091667
vn 0.000000 0.000000 -1.000000
vt 0.023725 0.088543
vn 0.000000 0.000000 -1.000000
vt 0.045833 0.079386
vn 0.000000 0.000000 -1.000000
vt 0.064818 0.064818
vn 0.000000 0.000000 -1.000000
vt 0.079386 0.045833
vn 0.000000 0.000000 -1.000000
vt 0.088543 0.023725
vn 0.000000 0.000000 -1.000000
vt 0.091667 -0.000000
vn 0.000000 0.000000 -1.000000
vt 0.088543 -0.023725
vn 0.000000 0.000000 -1.000000
vt 0.079386 -0.045833
vn 0.000000 0.000000 -1.000000
vt 0.064818 -0.064818
vn 0.000000 0.000000 -1.000000
vt 0.045833 -0.079386
vn 0.000000 0.000000 -1.000000
vt 0.023725 -0.088543
vn 0.000000 0.000000 -1.000000
vt -0.000000 -0.091667
vn 0.000000 0.000000 -1.000000
vt -0.023725 -0.088543
vn 0.000000 0.000000 -1.000000
vt -0.045833 -0.079386
vn 0.000000 0.000000 -1.000000
vt -0.064818 -0.064818
vn 0.000000 0.000000 -1.000000
vt -0.079386 -0.045833
vn 0.000000 0.000000 -1.000000
vt -0.088543 -0.023725
vn 0.000000 0.000000 -1.000000
vt -0.091667 0.000000
vn 0.000000 0.000000 -1.000000
f 256/733/733 255/734/734 254/735/735 253/736/736 252/737/737 251/738/738 250/739/739 249/740/740 248/741/741 247/742/742 246/743/743 245/744/744 244/745/745 243/746/746 242/747/747 241/748/748 240/749/749 239/750/750 238/751/751 237/752/752 236/753/753 235/754/754 234/755/755 233/756/756
vt -0.091667 0.000000
vn 0.000000 0.000000 1.000000
vt -0.088543 -0.023725
vn 0.000000 0.000000 1.000000
vt -0.079386 -0.045833
vn 0.000000 0.000000 1.000000
vt -0.064818 -0.064818
vn 0.000000 0.000000 1.000000
vt -0.045833 -0.079386
vn 0.000000 0.000000 1.000000
vt -0.023725 -0.088543
vn 0.000000 0.000000 1.000000
vt -0.000000 -0.091667
vn 0.000000 0.000000 1.000000
vt 0.023725 -0.088543
vn 0.000000 0.000000 1.000000
vt 0.045833 -0.079386
vn 0.000000 0.000000 1.000000
vt 0.064818 -0.064818
vn 0.000000 0.000000 1.000000
vt 0.079386 -0.045833
vn 0.000000 0.000000 1.000000
vt 0.088543 -0.023725
vn 0.000000 0.000000 1.000000
vt 0.091667 -0.000000
vn 0.000000 0.000000 1.000000
vt 0.088543 0.023725
vn 0.000000 0.000000 1.000000
vt 0.079386 0.045833
vn 0.000000 0.000000 1.000000
vt 0.064818 0.064818
vn 0.000000 0.000000 1.000000
vt 0.045833 0.079386
vn 0.000000 0.000000 1.000000
vt 0.023725 0.088543
vn 0.000000 0.000000 1.000000
vt 0.000000 0.091667
vn 0.000000 0.000000 1.000000
vt -0.023725 0.088543
vn 0.000000 0.000000 1.000000
vt -0.045833 0.079386
vn 0.000000 0.000000 1.000000
vt -0.064818 0.064818
vn 0.000000 0.000000 1.000000
vt -0.079386 0.045833
vn 0.000000 0.000000 1.000000
vt -0.088543 0.023725
vn 0.000000 0.000000 1.000000
f 257/757/757 258/758/758 259/759/759 260/760/760 261/761/761 262/762/762 263/763/763 264/764/764 265/765/765 266/766/766 267/767/767 268/768/768 269/769/769 270/770/770 271/771/771 272/772/772 273/773/773 274/774/774 275/775/775 276/776/776 277/777/777 278/778/778 279/779/779 280/780/780
vt 0.000000 -0.916667
vn -1.000000 0.000000 0.000000
vt -0.023725 -0.916667
vn -0.965926 -0.258819 0.000000
vt -0.023725 -0.893333
vn -0.965926 -0.258819 0.000000
vt 0.000000 -0.893333
vn -1.000000 0.000000 0.000000
f 233/781/781 234/782/782 258/783/783 257/784/784
vt -0.023725 -0.916667
vn -0.965926 -0.258819 0.000000
vt -0.045833 -0.916667
vn -0.866025 -0.500000 0.000000
vt -0.045833 -0.893333
vn -0.866025 -0.500000 0.000000
vt -0.023725 -0.893333
vn -0.965926 -0.258819 0.000000
f 234/785/785 235/786/786 259/787/787 258/788/788
vt -0.045833 -0.916667
vn -0.866025 -0.500000 0.000000
vt -0.064818 -0.916667
vn -0.707107 -0.707107 0.000000
vt -0.064818 -0.893333
vn -0.707107 -0.707107 0.000000
vt -0.045833 -0.893333
vn -0.866025 -0.500000 0.000000
f 235/789/789 236/790/790 260/791/791 259/792/792
vt -0.064818 -0.916667
vn -0.707107 -0.707107 0.000000
vt -0.045833 -0.916667
vn -0.500000 -0.866025 0.000000
vt -0.045833 -0.893333
vn -0.500000 -0.866025 0.000000
vt -0.064818 -0.893333
vn -0.707107 -0.707107 0.000000
f 236/793/793 237/794/794 261/795/795 260/796/796
vt -0.045833 -0.916667
vn -0.500000 -0.866025 0.000000
vt -0.023725 -0.916667
vn -0.258819 -0.965926 0.000000
vt -0.023725 -0.893333
vn -0.258819 -0.965926 0.000000
vt -0.045833 -0.893333
vn -0.500000 -0.866025 0.000000
f 237/797/797 238/798/798 262/799/799 261/800/800
vt -0.023725 -0.916667
vn -0.258819 -0.965926 0.000000
vt -0.000000 -0.916667
vn 0.000000 -1.000000 0.000000
vt -0.000000 -0.893333
vn 0.000000 -1.000000 0.000000
vt -0.023725 -0.893333
vn -0.258819 -0.965926 0.000000
f 238/801/801 239/802/802 263/803/803 262/804/804
vt -0.000000 -0.916667
vn 0.000000 -1.000000 0.000000
vt 0.023725 -0.916667
vn 0.258819 -0.965926 0.000000
vt 0.023725 -0.893333
vn 0.258819 -0.965926 0.000000
vt -0.000000 -0.893333
vn 0.000000 -1.000000 0.000000
f 239/805/805 240/806/806 264/807/807 263/808/808
vt 0.023725 -0.916667
vn 0.258819 -0.965926 0.000000
vt 0.045833 -0.916667
vn 0.500000 -0.866025 0.000000
vt 0.045833 -0.893333
vn 0.500000 -0.866025 0.000000
vt 0.023725 -0.893333
vn 0.258819 -0.965926 0.000000
f 240/809/809 241/810/810 265/811/811 264/812/812
vt 0.045833 -0.916667
vn 0.500000 -0.866025 0.000000
vt 0.064818 -0.916667
vn 0.707107 -0.707107 0.000000
vt 0.064818 -0.893333
vn 0.707107 -0.707107 0.000000
vt 0.045833 -0.893333
vn 0.500000 -0.866025 0.000000
f 241/813/813 242/814/814 266/815/815 265/816/816
vt -0.064818 -0.916667
vn 0.707107 -0.707107 0.000000
vt -0.045833 -0.916667
vn 0.866025 -0.500000 0.000000
vt -0.045833 -0.893333
vn 0.866025 -0.500000 0.000000
vt -0.064818 -0.893333
vn 0.707107 -0.707107 0.000000
f 242/817/817 243/818/818 267/819/819 266/820/820
vt -0.045833 -0.916667
vn 0.866025 -0.500000 0.000000
vt -0.023725 -0.916667
vn 0.965926 -0.258819 0.000000
vt -0.023725 -0.893333
vn 0.965926 -0.258819 0.000000
vt -0.045833 -0.893333
vn 0.866025 -0.500000 0.000000
f 243/821/821 244/822/822 268/823/823 267/824/824
vt -0.023725 -0.916667
vn 0.965926 -0.258819 0.000000
vt -0.000000 -0.916667
vn 1.000000 -0.000000 0.000000
vt -0.000000 -0.893333
vn 1.000000 -0.000000 0.000000
vt -0.023725 -0.893333
vn 0.965926 -0.258819 0.000000
f 244/825/825 245/826/826 269/827/827 268/828/828
vt -0.000000 -0.916667
vn 1.000000 -0.000000 0.000000
vt 0.023725 -0.916667
vn 0.965926 0.258819 0.000000
vt 0.023725 -0.893333
vn 0.965926 0.258819 0.000000
vt -0.000000 -0.893333
vn 1.000000 -0.000000 0.000000
f 245/829/829 246/830/830 270/831/831 269/832/832
vt 0.023725 -0.916667
vn 0.965926 0.258819 0.000000
vt 0.045833 -0.916667
vn 0.866025 0.500000 0.000000
vt 0.045833 -0.893333
vn 0.866025 0.500000 0.000000
vt 0.023725 -0.893333
vn 0.965926 0.258819 0.000000
f 246/833/833 247/834/834 271/835/835 270/836/836
vt 0.045833 -0.916667
vn 0.866025 0.500000 0.000000
vt 0.064818 -0.916667
vn 0.707107 0.707107 0.000000
vt 0.064818 -0.893333
vn 0.707107 0.707107 0.000000
vt 0.045833 -0.893333
vn 0.866025 0.500000 0.000000
f 247/837/837 248/838/838 272/839/839 271/840/840
vt 0.064818 -0.916667
vn 0.707107 0.707107 0.000000
vt 0.045833 -0.916667
vn 0.500000 0.866025 0.000000
vt 0.045833 -0.893333
vn 0.500000 0.866025 0.000000
vt 0.064818 -0.893333
vn 0.707107 0.707107 0.000000
f 248/841/841 249/842/842 273/843/843 272/844/844
vt 0.045833 -0.916667
vn 0.500000 0.866025 0.000000
vt 0.023725 -0.916667
vn 0.258819 0.965926 0.000000
vt 0.023725 -0.893333
vn 0.258819 0.965926 0.000000
vt 0.045833 -0.893333
vn 0.500000 0.866025 0.000000
f 249/845/845 250/846/846 274/847/847 273/848/848
vt 0.023725 -0.916667
vn 0.258819 0.965926 0.000000
vt 0.000000 -0.916667
vn 0.000000 1.000000 0.000000
vt 0.000000 -0.893333
vn 0.000000 1.000000 0.000000
vt 0.023725 -0.893333
vn 0.258819 0.965926 0.000000
f 250/849/849 251/850/850 275/851/851 274/852/852
vt 0.000000 -0.916667
vn 0.000000 1.000000 0.000000
vt -0.023725 -0.916667
vn -0.258819 0.965926 0.000000
vt -0.023725 -0.893333
vn -0.258819 0.965926 0.000000
vt 0.000000 -0.893333
vn 0.000000 1.000000 0.000000
f 251/853/853 252/854/854 276/855/855 275/856/856
vt -0.023725 -0.916667
vn -0.258819 0.965926 0.000000
vt -0.045833 -0.916667
vn -0.500000 0.866025 0.000000
vt -0.045833 -0.893333
vn -0.500000 0.866025 0.000000
vt -0.023725 -0.893333
vn -0.258819 0.965926 0.000000
f 252/857/857 253/858/858 277/859/859 276/860/860
vt -0.045833 -0.916667
vn -0.500000 0.866025 0.000000
vt -0.064818 -0.916667
vn -0.707107 0.707107 0.000000
vt -0.064818 -0.893333
vn -0.707107 0.707107 0.000000
vt -0.045833 -0.893333
vn -0.500000 0.866025 0.000000
f 253/861/861 254/862/862 278/863/863 277/864/864
vt 0.064818 -0.916667
vn -0.707107 0.707107 0.000000
vt 0.045833 -0.916667
vn -0.866025 0.500000 0.000000
vt 0.045833 -0.893333
vn -0.866025 0.500000 0.000000
vt 0.064818 -0.893333
vn -0.707107 0.707107 0.000000
f 254/865/865 255/866/866 279/867/867 278/868/868
vt 0.045833 -0.916667
vn -0.866025 0.500000 0.000000
vt 0.023725 -0.916667
vn -0.965926 0.258819 0.000000
vt 0.023725 -0.893333
vn -0.965926 0.258819 0.000000
vt 0.045833 -0.893333
vn -0.866025 0.500000 0.000000
f 255/869/869 256/870/870 280/871/871 279/872/872
vt 0.023725 -0.916667
vn -0.965926 0.258819 0.000000
vt 0.000000 -0.916667
vn -1.000000 0.000000 0.000000
vt 0.000000 -0.893333
vn -1.000000 0.000000 0.000000
vt 0.023725 -0.893333
vn -0.965926 0.258819 0.000000
f 256/873/873 233/874/874 257/875/875 280/876/876
v -1.100000 0.000000 -9.000000
v -1.062518 -0.284701 -9.000000
v -0.952628 -0.550000 -9.000000
v -0.777817 -0.777817 -9.000000
v -0.550000 -0.952628 -9.000000
v -0.284701 -1.062518 -9.000000
v -0.000000 -1.100000 -9.000000
v 0.284701 -1.062518 -9.000000
v 0.550000 -0.952628 -9.000000
v 0.777817 -0.777817 -9.000000
v 0.952628 -0.550000 -9.000000
v 1.062518 -0.284701 -9.000000
v 1.100000 -0.000000 -9.000000
v 1.062518 0.284701 -9.000000
v 0.952628 0.550000 -9.000000
v 0.777817 0.777817 -9.000000
v 0.550000 0.952628 -9.000000
v 0.284701 1.062518 -9.000000
v 0.000000 1.100000 -9.000000
v -0.284701 1.062518 -9.000000
v -0.550000 0.952628 -9.000000
v -0.777817 0.777817 -9.000000
v -0.952628 0.550000 -9.000000
v -1.062518 0.284701 -9.000000
v -1.100000 0.000000 -8.720000
v -1.062518 -0.284701 -8.720000
v -0.952628 -0.550000 -8.720000
v -0.777817 -0.777817 -8.720000
v -0.550000 -0.952628 -8.720000
v -0.284701 -1.062518 -8.720000
v -0.000000 -1.100000 -8.720000
v 0.284701 -1.062518 -8.720000
v 0.550000 -0.952628 -8.720000
v 0.777817 -0.777817 -8.720000
v 0.952628 -0.550000 -8.720000
v 1.062518 -0.284701 -8.720000
v 1.100000 -0.000000 -8.720000
v 1.062518 0.284701 -8.720000
v 0.952628 0.550000 -8.720000
v 0.777817 0.777817 -8.720000
v 0.550000 0.952628 -8.720000
v 0.284701 1.062518 -8.720000
v 0.000000 1.100000 -8.720000
v -0.284701 1.062518 -8.720000
v -0.550000 0.952628 -8.720000
v -0.777817 0.777817 -8.720000
v -0.952628 0.550000 -8.720000
v -1.062518 0.284701 -8.720000
vt -0.088543 0.023725
vn 0.000000 0.000000 -1.000000
vt -0.079386 0.045833
vn 0.000000 0.000000 -1.000000
vt -0.064818 0.064818
vn 0.000000 0.000000 -1.000000
vt -0.045833 0.079386
vn 0.000000 0.000000 -1.000000
vt -0.023725 0.088543
vn 0.000000 0.000000 -1.000000
vt 0.000000 0.091667
vn 0.000000 0.000000 -1.000000
vt 0.023725 0.088543
vn 0.000000 0.000000 -1.000000
vt 0.045833 0.079386
vn 0.000000 0.000000 -1.000000
vt 0.064818 0.064818
vn 0.000000 0.000000 -1.000000
vt 0.079386 0.045833
vn 0.000000 0.000000 -1.000000
vt 0.088543 0.023725
vn 0.000000 0.000000 -1.000000
vt 0.091667 -0.000000
vn 0.000000 0.000000 -1.000000
vt 0.088543 -0.023725
vn 0.000000 0.000000 -1.000000
vt 0.079386 -0.045833
vn 0.000000 0.000000 -1.000000
vt 0.064818 -0.064818
vn 0.000000 0.000000 -1.000000
vt 0.045833 -0.079386
vn 0.000000 0.000000 -1.000000
vt 0.023725 -0.088543
vn 0.000000 0.000000 -1.000000
vt -0.000000 -0.091667
vn 0.000000 0.000000 -1.000000
vt -0.023725 -0.088543
vn 0.000000 0.000000 -1.000000
vt -0.045833 -0.079386
vn 0.000000 0.000000 -1.000000
vt -0.064818 -0.064818
vn 0.000000 0.000000 -1.000000
vt -0.079386 -0.045833
vn 0.000000 0.000000 -1.000000
vt -0.088543 -0.023725
vn 0.000000 0.000000 -1.000000
vt -0.091667 0.000000
vn 0.000000 0.000000 -1.000000
f 304/877/877 303/878/878 302/879/879 301/880/880 300/881/881 299/882/882 298/883/883 297/884/884 296/885/885 295/886/886 294/887/887 293/888/888 292/889/889 291/890/890 290/891/891 289/892/892 288/893/893 287/894/894 286/895/895 285/896/896 284/897/897 283/898/898 282/899/899 281/900/900
vt -0.091667 0.000000
vn 0.000000 0.000000 1.000000
vt -0.088543 -0.023725
vn 0.000000 0.000000 1.000000
vt -0.079386 -0.045833
vn 0.000000 0.000000 1.000000
vt -0.064818 -0.064818
vn 0.000000 0.000000 1.000000
vt -0.045833 -0.079386
vn 0.000000 0.000000 1.000000
vt -0.023725 -0.088543
vn 0.000000 0.000000 1.000000
vt -0.000000 -0.091667
vn 0.000000 0.000000 1.000000
vt 0.023725 -0.088543
vn 0.000000 0.000000 1.000000
vt 0.045833 -0.079386
vn 0.000000 0.000000 1.000000
vt 0.064818 -0.064818
vn 0.000000 0.000000 1.000000
vt 0.079386 -0.045833
vn 0.000000 0.000000 1.000000
vt 0.088543 -0.023725
vn 0.000000 0.000000 1.000000
vt 0.091667 -0.000000
vn 0.000000 0.000000 1.000000
vt 0.088543 0.023725
vn 0.000000 0.000000 1.000000
vt 0.079386 0.045833
vn 0.000000 0.000000 1.000000
vt 0.064818 0.064818
vn 0.000000 0.000000 1.000000
vt 0.045833 0.079386
vn 0.000000 0.000000 1.000000
vt 0.023725 0.088543
vn 0.000000 0.000000 1.000000
vt 0.000000 0.091667
vn 0.000000 0.000000 1.000000
vt -0.023725 0.088543
vn 0.000000 0.000000 1.000000
vt -0.045833 0.079386
vn 0.000000 0.000000 1.000000
vt -0.064818 0.064818
vn 0.000000 0.000000 1.000000
vt -0.079386 0.045833
vn 0.000000 0.000000 1.000000
vt -0.088543 0.023725
vn 0.000000 0.000000 1.000000
f 305/901/901 306/902/902 307/903/903 308/904/904 309/905/905 310/906/906 311/907/907 312/908/908 313/909/909 314/910/910 315/911/911 316/912/912 317/913/913 318/914/914 319/915/915 320/916/916 321/917/917 322/918/918 323/919/919 324/920/920 325/921/921 326/922/922 327/923/923 328/924/924
vt 0.000000 -0.750000
vn -1.000000 0.000000 0.000000
vt -0.023725 -0.750000
vn -0.965926 -0.258819 0.000000
vt -0.023725 -0.726667
vn -0.965926 -0.258819 0.000000
vt 0.000000 -0.726667
vn -1.000000 0.000000 0.000000
f 281/925/925 282/926/926 306/927/927 305/928/928
vt -0.023725 -0.750000
vn -0.965926 -0.258819 0.000000
vt -0.045833 -0.750000
vn -0.866025 -0.500000 0.000000
vt -0.045833 -0.726667
vn -0.866025 -0.500000 0.000000
vt -0.023725 -0.726667
vn -0.965926 -0.258819 0.000000
f 282/929/929 283/930/930 307/931/931 306/932/932
vt -0.045833 -0.750000
vn -0.866025 -0.500000 0.000000
vt -0.064818 -0.750000
vn -0.707107 -0.707107 0.000000
vt -0.064818 -0.726667
vn -0.707107 -0.707107 0.000000
vt -0.045833 -0.726667
vn -0.866025 -0.500000 0.000000
f 283/933/933 284/934/934 308/935/935 307/936/936
vt -0.064818 -0.750000
vn -0.707107 -0.707107 0.000000
vt -0.045833 -0.750000
vn -0.500000 -0.866025 0.000000
vt -0.045833 -0.726667
vn -0.500000 -0.866025 0.000000
vt -0.064818 -0.726667
vn -0.707107 -0.707107 0.000000
f 284/937/937 285/938/938 309/939/939 308/940/940
vt -0.045833 -0.750000
vn -0.500000 -0.866025 0.000000
vt -0.023725 -0.750000
vn -0.258819 -0.965926 0.000000
vt -0.023725 -0.726667
vn -0.258819 -0.965926 0.000000
vt -0.045833 -0.726667
vn -0.500000 -0.866025 0.000000
f 285/941/941 286/942/942 310/943/943 309/944/944
vt -0.023725 -0.750000
vn -0.258819 -0.965926 0.000000
vt -0.000000 -0.750000
vn 0.000000 -1.000000 0.000000
vt -0.000000 -0.726667
vn 0.000000 -1.000000 0.000000
vt -0.023725 -0.726667
vn -0.258819 -0.965926 0.000000
f 286/945/945 287/946/946 311/947/947 310/948/948
vt -0.000000 -0.750000
vn 0.000000 -1.000000 0.000000
vt 0.023725 -0.750000
vn 0.258819 -0.965926 0.000000
vt 0.023725 -0.726667
vn 0.258819 -0.965926 0.000000
vt -0.000000 -0.726667
vn 0.000000 -1.000000 0.000000
f 287/949/949 288/950/950 312/951/951 311/952/952
vt 0.023725 -0.750000
vn 0.258819 -0.965926 0.000000
vt 0.045833 -0.750000
vn 0.500000 -0.866025 0.000000
vt 0.045833 -0.726667
vn 0.500000 -0.866025 0.000000
vt 0.023725 -0.726667
vn 0.258819 -0.965926 0.000000
f 288/953/953 289/954/954 313/955/955 312/956/956
vt 0.045833 -0.750000
vn 0.500000 -0.866025 0.000000
vt 0.064818 -0.750000
vn 0.707107 -0.707107 0.000000
vt 0.064818 -0.726667
vn 0.707107 -0.707107 0.000000
vt 0.045833 -0.726667
vn 0.500000 -0.866025 0.000000
f 289/957/957 290/958/958 314/959/959 313/960/960
vt -0.064818 -0.750000
vn 0.707107 -0.707107 0.000000
vt -0.045833 -0.750000
vn 0.866025 -0.500000 0.000000
vt -0.045833 -0.726667
vn 0.866025 -0.500000 0.000000
vt -0.064818 -0.726667
vn 0.707107 -0.707107 0.000000
f 290/961/961 291/962/962 315/963/963 314/964/964
vt -0.045833 -0.750000
vn 0.866025 -0.500000 0.000000
vt -0.023725 -0.750000
vn 0.965926 -0.258819 0.000000
vt -0.023725 -0.726667
vn 0.965926 -0.258819 0.000000
vt -0.045833 -0.726667
vn 0.866025 -0.500000 0.000000
f 291/965/965 292/966/966 316/967/967 315/968/968
vt -0.023725 -0.750000
vn 0.965926 -0.258819 0.000000
vt -0.000000 -0.750000
vn 1.000000 -0.000000 0.000000
vt -0.000000 -0.726667
vn 1.000000 -0.000000 0.000000
vt -0.023725 -0.726667
vn 0.965926 -0.258819 0.000000
f 292/969/969 293/970/970 317/971/971 316/972/972
vt -0.000000 -0.750000
vn 1.000000 -0.000000 0.000000
vt 0.023725 -0.750000
vn 0.965926 0.258819 0.000000
vt 0.023725 -0.726667
vn 0.965926 0.258819 0.000000
vt -0.000000 -0.726667
vn 1.000000 -0.000000 0.000000
f 293/973/973 294/974/974 318/975/975 317/976/976
vt 0.023725 -0.750000
vn 0.965926 0.258819 0.000000
vt 0.045833 -0.750000
vn 0.866025 0.500000 0.000000
vt 0.045833 -0.726667
vn 0.866025 0.500000 0.000000
vt 0.023725 -0.726667
vn 0.965926 0.258819 0.000000
f 294/977/977 295/978/978 319/979/979 318/980/980
vt 0.045833 -0.750000
vn 0.866025 0.500000 0.000000
vt 0.064818 -0.750000
vn 0.707107 0.707107 0.000000
vt 0.064818 -0.726667
vn 0.707107 0.707107 0.000000
vt 0.045833 -0.726667
vn 0.866025 0.500000 0.000000
f 295/981/981 296/982/982 320/983/983 319/984/984
vt 0.064818 -0.750000
vn 0.707107 0.707107 0.000000
vt 0.045833 -0.750000
vn 0.500000 0.866025 0.000000
vt 0.045833 -0.726667
vn 0.500000 0.866025 0.000000
vt 0.064818 -0.726667
vn 0.707107 0.707107 0.000000
f 296/985/985 297/986/986 321/987/987 320/988/988
vt 0.045833 -0.750000
vn 0.500000 0.866025 0.000000
vt 0.023725 -0.750000
vn 0.258819 0.965926 0.000000
vt 0.023725 -0.726667
vn 0.258819 0.965926 0.000000
vt 0.045833 -0.726667
vn 0.500000 0.866025 0.000000
f 297/989/989 298/990/990 322/991/991 321/992/992
vt 0.023725 -0.750000
vn 0.258819 0.965926 0.000000
vt 0.000000 -0.750000
vn 0.000000 1.000000 0.000000
vt 0.000000 -0.726667
vn 0.000000 1.000000 0.000000
vt 0.023725 -0.726667
vn 0.258819 0.965926 0.000000
f 298/993/993 299/994/994 323/995/995 322/996/996
vt 0.000000 -0.750000
vn 0.000000 1.000000 0.000000
vt -0.023725 -0.750000
vn -0.258819 0.965926 0.000000
vt -0.023725 -0.726667
vn -0.258819 0.965926 0.000000
vt 0.000000 -0.726667
vn 0.000000 1.000000 0.000000
f 299/997/997 300/998/998 324/999/999 323/1000/1000
vt -0.023725 -0.750000
vn -0.258819 0.965926 0.000000
vt -0.045833 -0.750000
vn -0.500000 0.866025 0.000000
vt -0.045833 -0.726667
vn -0.500000 0.866025 0.000000
vt -0.023725 -0.726667
vn -0.258819 0.965926 0.000000
f 300/1001/1001 301/1002/1002 325/1003/1003 324/1004/1004
vt -0.045833 -0.750000
vn -0.500000 0.866025 0.000000
vt -0.064818 -0.750000
vn -0.707107 0.707107 0.000000
vt -0.064818 -0.726667
vn -0.707107 0.707107 0.000000
vt -0.045833 -0.726667
vn -0.500000 0.866025 0.000000
f 301/1005/1005 302/1006/1006 326/1007/1007 325/1008/1008
vt 0.064818 -0.750000
vn -0.707107 0.707107 0.000000
vt 0.045833 -0.750000
vn -0.866025 0.500000 0.000000
vt 0.045833 -0.726667
vn -0.866025 0.500000 0.000000
vt 0.064818 -0.726667
vn -0.707107 0.707107 0.000000
f 302/1009/1009 303/1010/1010 327/1011/1011 326/1012/1012
vt 0.045833 -0.750000
vn -0.866025 0.500000 0.000000
vt 0.023725 -0.750000
vn -0.965926 0.258819 0.000000
vt 0.023725 -0.726667
vn -0.965926 0.258819 0.000000
vt 0.045833 -0.726667
vn -0.866025 0.500000 0.000000
f 303/1013/1013 304/1014/1014 328/1015/1015 327/1016/1016
vt 0.023725 -0.750000
vn -0.965926 0.258819 0.000000
vt 0.000000 -0.750000
vn -1.000000 0.000000 0.000000
vt 0.000000 -0.726667
vn -1.000000 0.000000 0.000000
vt 0.023725 -0.726667
vn -0.965926 0.258819 0.000000
f 304/1017/1017 281/1018/1018 305/1019/1019 328/1020/1020
v -1.100000 0.000000 -7.000000
v -1.062518 -0.284701 -7.000000
v -0.952628 -0.550000 -7.000000
v -0.777817 -0.777817 -7.000000
v -0.550000 -0.952628 -7.000000
v -0.284701 -1.062518 -7.000000
v -0.000000 -1.100000 -7.000000
v 0.284701 -1.062518 -7.000000
v 0.550000 -0.952628 -7.000000
v 0.777817 -0.777817 -7.000000
v 0.952628 -0.550000 -7.000000
v 1.062518 -0.284701 -7.000000
v 1.100000 -0.000000 -7.000000
v 1.062518 0.284701 -7.000000
v 0.952628 0.550000 -7.000000
v 0.777817 0.777817 -7.000000
v 0.550000 0.952628 -7.000000
v 0.284701 1.062518 -7.000000
v 0.000000 1.100000 -7.000000
v -0.284701 1.062518 -7.000000
v -0.550000 0.952628 -7.000000
v -0.777817 0.777817 -7.000000
v -0.952628 0.550000 -7.000000
v -1.062518 0.284701 -7.000000
v -1.100000 0.000000 -6.720000
v -1.062518 -0.284701 -6.720000
v -0.952628 -0.550000 -6.720000
v -0.777817 -0.777817 -6.720000
v -0.550000 -0.952628 -6.720000
v -0.284701 -1.062518 -6.720000
v -0.000000 -1.100000 -6.720000
v 0.284701 -1.062518 -6.720000
v 0.550000 -0.952628 -6.720000
v 0.777817 -0.777817 -6.720000
v 0.952628 -0.550000 -6.720000
v 1.062518 -0.284701 -6.720000
v 1.100000 -0.000000 -6.720000
v 1.062518 0.284701 -6.720000
v 0.952628 0.550000 -6.720000
v 0.777817 0.777817 -6.720000
v 0.550000 0.952628 -6.720000
v 0.284701 1.062518 -6.720000
v 0.000000 1.100000 -6.720000
v -0.284701 1.062518 -6.720000
v -0.550000 0.952628 -6.720000
v -0.777817 0.777817 -6.720000
v -0.952628 0.550000 -6.720000
v -1.062518 0.284701 -6.720000
vt -0.088543 0.023725
vn 0.000000 0.000000 -1.000000
vt -0.079386 0.045833
vn 0.000000 0.000000 -1.000000
vt -0.064818 0.064818
vn 0.000000 0.000000 -1.000000
vt -0.045833 0.079386
vn 0.000000 0.000000 -1.000000
vt -0.023725 0.088543
vn 0.000000 0.000000 -1.000000
vt 0.000000 0.091667
vn 0.000000 0.000000 -1.000000
vt 0.023725 0.088543
vn 0.000000 0.000000 -1.000000
vt 0.045833 0.079386
vn 0.000000 0.000000 -1.000000
vt 0.064818 0.064818
vn 0.000000 0.000000 -1.000000
vt 0.079386 0.045833
vn 0.000000 0.000000 -1.000000
vt 0.088543 0.023725
vn 0.000000 0.000000 -1.000000
vt 0.091667 -0.000000
vn 0.000000 0.000000 -1.000000
vt 0.088543 -0.023725
vn 0.000000 0.000000 -1.000000
vt 0.079386 -0.045833
vn 0.000000 0.000000 -1.000000
vt 0.064818 -0.064818
vn 0.000000 0.000000 -1.000000
vt 0.045833 -0.079386
vn 0.000000 0.000000 -1.000000
vt 0.023725 -0.088543
vn 0.000000 0.000000 -1.000000
vt -0.000000 -0.091667
vn 0.000000 0.000000 -1.000000
vt -0.023725 -0.088543
vn 0.000000 0.000000 -1.000000
vt -0.045833 -0.079386
vn 0.000000 0.000000 -1.000000
vt -0.064818 -0.064818
vn 0.000000 0.000000 -1.000000
vt -0.079386 -0.045833
vn 0.000000 0.000000 -1.000000
vt -0.088543 -0.023725
vn 0.000000 0.000000 -1.000000
vt -0.091667 0.000000
vn 0.000000 0.000000 -1.000000
f 352/1021/1021 351/1022/1022 350/1023/1023 349/1024/1024 348/1025/1025 347/1026/1026 346/1027/1027 345/1028/1028 344/1029/1029 343/1030/1030 342/1031/1031 341/1032/1032 340/1033/1033 339/1034/1034 338/1035/1035 337/1036/1036 336/1037/1037 335/1038/1038 334/1039/1039 333/1040/1040 332/1041/1041 331/1042/1042 330/1043/1043 329/1044/1044
vt -0.091667 0.000000
vn 0.000000 0.000000 1.000000
vt -0.088543 -0.023725
vn 0.000000 0.000000 1.000000
vt -0.079386 -0.045833
vn 0.000000 0.000000 1.000000
vt -0.064818 -0.064818
vn 0.000000 0.000000 1.000000
vt -0.045833 -0.079386
vn 0.000000 0.000000 1.000000
vt -0.023725 -0.088543
vn 0.000000 0.000000 1.000000
vt -0.000000 -0.091667
vn 0.000000 0.000000 1.000000
vt 0.023725 -0.088543
vn 0.000000 0.000000 1.000000
vt 0.045833 -0.079386
vn 0.000000 0.000000 1.000000
vt 0.064818 -0.064818
vn 0.000000 0.000000 1.000000
vt 0.079386 -0.045833
vn 0.000000 0.000000 1.000000
vt 0.088543 -0.023725
vn 0.000000 0.000000 1.000000
vt 0.091667 -0.000000
vn 0.000000 0.000000 1.000000
vt 0.088543 0.023725
vn 0.000000 0.000000 1.000000
vt 0.079386 0.045833
vn 0.000000 0.000000 1.000000
vt 0.064818 0.064818
vn 0.000000 0.000000 1.000000
vt 0.045833 0.079386
vn 0.000000 0.000000 1.000000
vt 0.023725 0.088543
vn 0.000000 0.000000 1.000000
vt 0.000000 0.091667
vn 0.000000 0.000000 1.000000
vt -0.023725 0.088543
vn 0.000000 0.000000 1.000000
vt -0.045833 0.079386
vn 0.000000 0.000000 1.000000
vt -0.064818 0.064818
vn 0.000000 0.000000 1.000000
vt -0.079386 0.045833
vn 0.000000 0.000000 1.000000
vt -0.088543 0.023725
vn 0.000000 0.000000 1.000000
f 353/1045/1045 354/1046/1046 355/1047/1047 356/1048/1048 357/1049/1049 358/1050/1050 359/1051/1051 360/1052/1052 361/1053/1053 362/1054/1054 363/1055/1055 364/1056/1056 365/1057/1057 366/1058/1058 367/1059/1059 368/1060/1060 369/1061/1061 370/1062/1062 371/1063/1063 372/1064/1064 373/1065/1065 374/1066/1066 375/1067/1067 376/1068/1068
vt 0.000000 -0.583333
vn -1.000000 0.000000 0.000000
vt -0.023725 -0.583333
vn -0.965926 -0.258819 0.000000
vt -0.023725 -0.560000
vn -0.965926 -0.258819 0.000000
vt 0.000000 -0.560000
vn -1.000000 0.000000 0.000000
f 329/1069/1069 330/1070/1070 354/1071/1071 353/1072/1072
vt -0.023725 -0.583333
vn -0.965926 -0.258819 0.000000
vt -0.045833 -0.583333
vn -0.866025 -0.500000 0.000000
vt -0.045833 -0.560000
vn -0.866025 -0.500000 0.000000
vt -0.023725 -0.560000
vn -0.965926 -0.258819 0.000000
f 330/1073/1073 331/1074/1074 355/1075/1075 354/1076/1076
vt -0.045833 -0.583333
vn -0.866025 -0.500000 0.000000
vt -0.064818 -0.583333
vn -0.707107 -0.707107 0.000000
vt -0.064818 -0.560000
vn -0.707107 -0.707107 0.000000
vt -0.045833 -0.560000
vn -0.866025 -0.500000 0.000000
f 331/1077/1077 332/1078/1078 356/1079/1079 355/1080/1080
vt -0.064818 -0.583333
vn -0.707107 -0.707107 0.000000
vt -0.045833 -0.583333
vn -0.500000 -0.866025 0.000000
vt -0.045833 -0.560000
vn -0.500000 -0.866025 0.000000
vt -0.064818 -0.560000
vn -0.707107 -0.707107 0.000000
f 332/1081/1081 333/1082/1082 357/1083/1083 356/1084/1084
vt -0.045833 -0.583333
vn -0.500000 -0.866025 0.000000
vt -0.023725 -0.583333
vn -0.258819 -0.965926 0.000000
vt -0.023725 -0.560000
vn -0.258819 -0.965926 0.000000
vt -0.045833 -0.560000
vn -0.500000 -0.866025 0.000000
f 333/1085/1085 334/1086/1086 358/1087/1087 357/1088/1088
vt -0.023725 -0.583333
vn -0.258819 -0.965926 0.000000
vt -0.000000 -0.583333
vn 0.000000 -1.000000 0.000000
vt -0.000000 -0.560000
vn 0.000000 -1.000000 0.000000
vt -0.023725 -0.560000
vn -0.258819 -0.965926 0.000000
f 334/1089/1089 335/1090/1090 359/1091/1091 358/1092/1092
vt -0.000000 -0.583333
vn 0.000000 -1.000000 0.000000
vt 0.023725 -0.583333
vn 0.258819 -0.965926 0.000000
vt 0.023725 -0.560000
vn 0.258819 -0.965926 0.000000
vt -0.000000 -0.560000
vn 0.000000 -1.000000 0.000000
f 335/1093/1093 336/1094/1094 360/1095/1095 359/1096/1096
vt 0.023725 -0.583333
vn 0.258819 -0.965926 0.000000
vt 0.045833 -0.583333
vn 0.500000 -0.866025 0.000000
vt 0.045833 -0.560000
vn 0.500000 -0.866025 0.000000
vt 0.023725 -0.560000
vn 0.258819 -0.965926 0.000000
f 336/1097/1097 337/1098/1098 361/1099/1099 360/1100/1100
vt 0.045833 -0.583333
vn 0.500000 -0.866025 0.000000
vt 0.064818 -0.583333
vn 0.707107 -0.707107 0.000000
vt 0.064818 -0.560000
vn 0.707107 -0.707107 0.000000
vt 0.045833 -0.560000
vn 0.500000 -0.866025 0.000000
f 337/1101/1101 338/1102/1102 362/1103/1103 361/1104/1104
vt -0.064818 -0.583333
vn 0.707107 -0.707107 0.000000
vt -0.045833 -0.583333
vn 0.866025 -0.500000 0.000000
vt -0.045833 -0.560000
vn 0.866025 -0.500000 0.000000
vt -0.064818 -0.560000
vn 0.707107 -0.707107 0.000000
f 338/1105/1105 339/1106/1106 363/1107/1107 362/1108/1108
vt -0.045833 -0.583333
vn 0.866025 -0.500000 0.000000
vt -0.023725 -0.583333
vn 0.965926 -0.258819 0.000000
vt -0.023725 -0.560000
vn 0.965926 -0.258819 0.000000
vt -0.045833 -0.560000
vn 0.866025 -0.500000 0.000000
f 339/1109/1109 340/1110/1110 364/1111/1111 363/1112/1112
vt -0.023725 -0.583333
vn 0.965926 -0.258819 0.000000
vt -0.000000 -0.583333
vn 1.000000 -0.000000 0.000000
vt -0.000000 -0.560000
vn 1.000000 -0.000000 0.000000
vt -0.023725 -0.560000
vn 0.965926 -0.258819 0.000000
f 340/1113/1113 341/1114/1114 365/1115/1115 364/1116/1116
vt -0.000000 -0.583333
vn 1.000000 -0.000000 0.000000
vt 0.023725 -0.583333
vn 0.965926 0.258819 0.000000
vt 0.023725 -0.560000
vn 0.965926 0.258819 0.000000
vt -0.000000 -0.560000
vn 1.000000 -0.000000 0.000000
f 341/1117/1117 342/1118/1118 366/1119/1119 365/1120/1120
vt 0.023725 -0.583333
vn 0.965926 0.258819 0.000000
vt 0.045833 -0.583333
vn 0.866025 0.500000 0.000000
vt 0.045833 -0.560000
vn 0.866025 0.500000 0.000000
vt 0.023725 -0.560000
vn 0.965926 0.258819 0.000000
f 342/1121/1121 343/1122/1122 367/1123/1123 366/1124/1124
vt 0.045833 -0.583333
vn 0.866025 0.500000 0.000000
vt 0.064818 -0.583333
vn 0.707107 0.707107 0.000000
vt 0.064818 -0.560000
vn 0.707107 0.707107 0.000000
vt 0.045833 -0.560000
vn 0.866025 0.500000 0.000000
f 343/1125/1125 344/1126/1126 368/1127/1127 367/1128/1128
vt 0.064818 -0.583333
vn 0.707107 0.707107 0.000000
vt 0.045833 -0.583333
vn 0.500000 0.866025 0.000000
vt 0.045833 -0.560000
vn 0.500000 0.866025 0.000000
vt 0.064818 -0.560000
vn 0.707107 0.707107 0.000000
f 344/1129/1129 345/1130/1130 369/1131/1131 368/1132/1132
vt 0.045833 -0.583333
vn 0.500000 0.866025 0.000000
vt 0.023725 -0.583333
vn 0.258819 0.965926 0.000000
vt 0.023725 -0.560000
vn 0.258819 0.965926 0.000000
vt 0.045833 -0.560000
vn 0.500000 0.866025 0.000000
f 345/1133/1133 346/1134/1134 370/1135/1135 369/1136/1136
vt 0.023725 -0.583333
vn 0.258819 0.965926 0.000000
vt 0.000000 -0.583333
vn 0.000000 1.000000 0.000000
vt 0.000000 -0.560000
vn 0.000000 1.000000 0.000000
vt 0.023725 -0.560000
vn 0.258819 0.965926 0.000000
f 346/1137/1137 347/1138/1138 371/1139/1139 370/1140/1140
vt 0.000000 -0.583333
vn 0.000000 1.000000 0.000000
vt -0.023725 -0.583333
vn -0.258819 0.965926 0.000000
vt -0.023725 -0.560000
vn -0.258819 0.965926 0.000000
vt 0.000000 -0.560000
vn 0.000000 1.000000 0.000000
f 347/1141/1141 348/1142/1142 372/1143/1143 371/1144/1144
vt -0.023725 -0.583333
vn -0.258819 0.965926 0.000000
vt -0.045833 -0.583333
vn -0.500000 0.866025 0.000000
vt -0.045833 -0.560000
vn -0.500000 0.866025 0.000000
vt -0.023725 -0.560000
vn -0.258819 0.965926 0.000000
f 348/1145/1145 349/1146/1146 373/1147/1147 372/1148/1148
vt -0.045833 -0.583333
vn -0.500000 0.866025 0.000000
vt -0.064818 -0.583333
vn -0.707107 0.707107 0.000000
vt -0.064818 -0.560000
vn -0.707107 0.707107 0.000000
vt -0.045833 -0.560000
vn -0.500000 0.866025 0.000000
f 349/1149/1149 350/1150/1150 374/1151/1151 373/1152/1152
vt 0.064818 -0.583333
vn -0.707107 0.707107 0.000000
vt 0.045833 -0.583333
vn -0.866025 0.500000 0.000000
vt 0.045833 -0.560000
vn -0.866025 0.500000 0.000000
vt 0.064818 -0.560000
vn -0.707107 0.707107 0.000000
f 350/1153/1153 351/1154/1154 375/1155/1155 374/1156/1156
vt 0.045833 -0.583333
vn -0.866025 0.500000 0.000000
vt 0.023725 -0.583333
vn -0.965926 0.258819 0.000000
vt 0.023725 -0.560000
vn -0.965926 0.258819 0.000000
vt 0.045833 -0.560000
vn -0.866025 0.500000 0.000000
f 351/1157/1157 352/1158/1158 376/1159/1159 375/1160/1160
vt 0.023725 -0.583333
vn -0.965926 0.258819 0.000000
vt 0.000000 -0.583333
vn -1.000000 0.000000 0.000000
vt 0.000000 -0.560000
vn -1.000000 0.000000 0.000000
vt 0.023725 -0.560000
vn -0.965926 0.258819 0.000000
f 352/1161/1161 329/1162/1162 353/1163/1163 376/1164/1164
v -1.100000 0.000000 -5.000000
v -1.062518 -0.284701 -5.000000
v -0.952628 -0.550000 -5.000000
v -0.777817 -0.777817 -5.000000
v -0.550000 -0.952628 -5.000000
v -0.284701 -1.062518 -5.000000
v -0.000000 -1.100000 -5.000000
v 0.284701 -1.062518 -5.000000
v 0.550000 -0.952628 -5.000000
v 0.777817 -0.777817 -5.000000
v 0.952628 -0.550000 -5.000000
v 1.062518 -0.284701 -5.000000
v 1.100000 -0.000000 -5.000000
v 1.062518 0.284701 -5.000000
v 0.952628 0.550000 -5.000000
v 0.777817 0.777817 -5.000000
v 0.550000 0.952628 -5.000000
v 0.284701 1.062518 -5.000000
v 0.000000 1.100000 -5.000000
v -0.284701 1.062518 -5.000000
v -0.550000 0.952628 -5.000000
v -0.777817 0.777817 -5.000000
v -0.952628 0.550000 -5.000000
v -1.062518 0.284701 -5.000000
v -1.100000 0.000000 -4.720000
v -1.062518 -0.284701 -4.720000
v -0.952628 -0.550000 -4.720000
v -0.777817 -0.777817 -4.720000
v -0.550000 -0.952628 -4.720000
v -0.284701 -1.062518 -4.720000
v -0.000000 -1.100000 -4.720000
v 0.284701 -1.062518 -4.720000
v 0.550000 -0.952628 -4.720000
v 0.777817 -0.777817 -4.720000
v 0.952628 -0.550000 -4.720000
v 1.062518 -0.284701 -4.720000
v 1.100000 -0.000000 -4.720000
v 1.062518 0.284701 -4.720000
v 0.952628 0.550000 -4.720000
v 0.777817 0.777817 -4.720000
v 0.550000 0.952628 -4.720000
v 0.284701 1.062518 -4.720000
v 0.000000 1.100000 -4.720000
v -0.284701 1.062518 -4.720000
v -0.550000 0.952628 -4.720000
v -0.777817 0.777817 -4.720000
v -0.952628 0.550000 -4.720000
v -1.062518 0.284701 -4.720000
vt -0.088543 0.023725
vn 0.000000 0.000000 -1.000000
vt -0.079386 0.045833
vn 0.000000 0.000000 -1.000000
vt -0.064818 0.064818
vn 0.000000 0.000000 -1.000000
vt -0.045833 0.079386
vn 0.000000 0.000000 -1.000000
vt -0.023725 0.088543
vn 0.000000 0.000000 -1.000000
vt 0.000000 0.091667
vn 0.000000 0.000000 -1.000000
vt 0.023725 0.088543
vn 0.000000 0.000000 -1.000000
vt 0.045833 0.079386
vn 0.000000 0.000000 -1.000000
vt 0.064818 0.064818
vn 0.000000 0.000000 -1.000000
vt 0.079386 0.045833
vn 0.000000 0.000000 -1.000000
vt 0.088543 0.023725
vn 0.000000 0.000000 -1.000000
vt 0.091667 -0.000000
vn 0.000000 0.000000 -1.000000
vt 0.088543 -0.023725
vn 0.000000 0.000000 -1.000000
vt 0.079386 -0.045833
vn 0.000000 0.000000 -1.000000
vt 0.064818 -0.064818
vn 0.000000 0.000000 -1.000000
vt 0.045833 -0.079386
vn 0.000000 0.000000 -1.000000
vt 0.023725 -0.088543
vn 0.000000 0.000000 -1.000000
vt -0.000000 -0.091667
vn 0.000000 0.000000 -1.000000
vt -0.023725 -0.088543
vn 0.000000 0.000000 -1.000000
vt -0.045833 -0.079386
vn 0.000000 0.000000 -1.000000
vt -0.064818 -0.064818
vn 0.000000 0.000000 -1.000000
vt -0.079386 -0.045833
vn 0.000000 0.000000 -1.000000
vt -0.088543 -0.023725
vn 0.000000 0.000000 -1.000000
vt -0.091667 0.000000
vn 0.000000 0.000000 -1.000000
f 400/1165/1165 399/1166/1166 398/1167/1167 397/1168/1168 396/1169/1169 395/1170/1170 394/1171/1171 393/1172/1172 392/1173/1173 391/1174/1174 390/1175/1175 389/1176/1176 388/1177/1177 387/1178/1178 386/1179/1179 385/1180/1180 384/1181/1181 383/1182/1182 382/1183/1183 381/1184/1184 380/1185/1185 379/1186/1186 378/1187/1187 377/1188/1188
vt -0.091667 0.000000
vn 0.000000 0.000000 1.000000
vt -0.088543 -0.023725
vn 0.000000 0.000000 1.000000
vt -0.079386 -0.045833
vn 0.000000 0.000000 1.000000
vt -0.064818 -0.064818
vn 0.000000 0.000000 1.000000
vt -0.045833 -0.079386
vn 0.000000 0.000000 1.000000
vt -0.023725 -0.088543
vn 0.000000 0.000000 1.000000
vt -0.000000 -0.091667
vn 0.000000 0.000000 1.000000
vt 0.023725 -0.088543
vn 0.000000 0.000000 1.000000
vt 0.045833 -0.079386
vn 0.000000 0.000000 1.000000
vt 0.064818 -0.064818
vn 0.000000 0.000000 1.000000
vt 0.079386 -0.045833
vn 0.000000 0.000000 1.000000
vt 0.088543 -0.023725
vn 0.000000 0.000000 1.000000
vt 0.091667 -0.000000
vn 0.000000 0.000000 1.000000
vt 0.088543 0.023725
vn 0.000000 0.000000 1.000000
vt 0.079386 0.045833
vn 0.000000 0.000000 1.000000
vt 0.064818 0.064818
vn 0.000000 0.000000 1.000000
vt 0.045833 0.079386
vn 0.000000 0.000000 1.000000
vt 0.023725 0.088543
vn 0.000000 0.000000 1.000000
vt 0.000000 0.091667
vn 0.000000 0.000000 1.000000
vt -0.023725 0.088543
vn 0.000000 0.000000 1.000000
vt -0.045833 0.079386
vn 0.000000 0.000000 1.000000
vt -0.064818 0.064818
vn 0.000000 0.000000 1.000000
vt -0.079386 0.045833
vn 0.000000 0.000000 1.000000
vt -0.088543 0.023725
vn 0.000000 0.000000 1.000000
f 401/1189/1189 402/1190/1190 403/1191/1191 404/1192/1192 405/1193/1193 406/1194/1194 407/1195/1195 408/1196/1196 409/1197/1197 410/1198/1198 411/1199/1199 412/1200/1200 413/1201/1201 414/1202/1202 415/1203/1203 416/1204/1204 417/1205/1205 418/1206/1206 419/1207/1207 420/1208/1208 421/1209/1209 422/1210/1210 423/1211/1211 424/1212/1212
vt 0.000000 -0.416667
vn -1.000000 0.000000 0.000000
vt -0.023725 -0.416667
vn -0.965926 -0.258819 0.000000
vt -0.023725 -0.393333
vn -0.965926 -0.258819 0.000000
vt 0.000000 -0.393333
vn -1.000000 0.000000 0.000000
f 377/1213/1213 378/1214/1214 402/1215/1215 401/1216/1216
vt -0.023725 -0.416667
vn -0.965926 -0.258819 0.000000
vt -0.045833 -0.416667
vn -0.866025 -0.500000 0.000000
vt -0.045833 -0.393333
vn -0.866025 -0.500000 0.000000
vt -0.023725 -0.393333
vn -0.965926 -0.258819 0.000000
f 378/1217/1217 379/1218/1218 403/1219/1219 402/1220/1220
vt -0.045833 -0.416667
vn -0.866025 -0.500000 0.000000
vt -0.064818 -0.416667
vn -0.707107 -0.707107 0.000000
vt -0.064818 -0.393333
vn -0.707107 -0.707107 0.000000
vt -0.045833 -0.393333
vn -0.866025 -0.500000 0.000000
f 379/1221/1221 380/1222/1222 404/1223/1223 403/1224/1224
vt -0.064818 -0.416667
vn -0.707107 -0.707107 0.000000
vt -0.045833 -0.416667
vn -0.500000 -0.866025 0.000000
vt -0.045833 -0.393333
vn -0.500000 -0.866025 0.000000
vt -0.064818 -0.393333
vn -0.707107 -0.707107 0.000000
f 380/1225/1225 381/1226/1226 405/1227/1227 404/1228/1228
vt -0.045833 -0.416667
vn -0.500000 -0.866025 0.000000
vt -0.023725 -0.416667
vn -0.258819 -0.965926 0.000000
vt -0.023725 -0.393333
vn -0.258819 -0.965926 0.000000
vt -0.045833 -0.393333
vn -0.500000 -0.866025 0.000000
f 381/1229/1229 382/1230/1230 406/1231/1231 405/1232/1232
vt -0.023725 -0.416667
vn -0.258819 -0.965926 0.000000
vt -0.000000 -0.416667
vn 0.000000 -1.000000 0.000000
vt -0.000000 -0.393333
vn 0.000000 -1.000000 0.000000
vt -0.023725 -0.393333
vn -0.258819 -0.965926 0.000000
f 382/1233/1233 383/1234/1234 407/1235/1235 406/1236/1236
vt -0.000000 -0.416667
vn 0.000000 -1.000000 0.000000
vt 0.023725 -0.416667
vn 0.258819 -0.965926 0.000000
vt 0.023725 -0.393333
vn 0.258819 -0.965926 0.000000
vt -0.000000 -0.393333
vn 0.000000 -1.000000 0.000000
f 383/1237/1237 384/1238/1238 408/1239/1239 407/1240/1240
vt 0.023725 -0.416667
vn 0.258819 -0.965926 0.000000
vt 0.045833 -0.416667
vn 0.500000 -0.866025 0.000000
vt 0.045833 -0.393333
vn 0.500000 -0.866025 0.000000
vt 0.023725 -0.393333
vn 0.258819 -0.965926 0.000000
f 384/1241/1241 385/1242/1242 409/1243/1243 408/1244/1244
vt 0.045833 -0.416667
vn 0.500000 -0.866025 0.000000
vt 0.064818 -0.416667
vn 0.707107 -0.707107 0.000000
vt 0.064818 -0.393333
vn 0.707107 -0.707107 0.000000
vt 0.045833 -0.393333
vn 0.500000 -0.866025 0.000000
f 385/1245/1245 386/1246/1246 410/1247/1247 409/1248/1248
vt -0.064818 -0.416667
vn 0.707107 -0.707107 0.000000
vt -0.045833 -0.416667
vn 0.866025 -0.500000 0.000000
vt -0.045833 -0.393333
vn 0.866025 -0.500000 0.000000
vt -0.064818 -0.393333
vn 0.707107 -0.707107 0.000000
f 386/1249/1249 387/1250/1250 411/1251/1251 410/1252/1252
vt -0.045833 -0.416667
vn 0.866025 -0.500000 0.000000
vt -0.023725 -0.416667
vn 0.965926 -0.258819 0.000000
vt -0.023725 -0.393333
vn 0.965926 -0.258819 0.000000
vt -0.045833 -0.393333
vn 0.866025 -0.500000 0.000000
f 387/1253/1253 388/1254/1254 412/1255/1255 411/1256/1256
vt -0.023725 -0.416667
vn 0.965926 -0.258819 0.000000
vt -0.000000 -0.416667
vn 1.000000 -0.000000 0.000000
vt -0.000000 -0.393333
vn 1.000000 -0.000000 0.000000
vt -0.023725 -0.393333
vn 0.965926 -0.258819 0.000000
f 388/1257/1257 389/1258/1258 413/1259/1259 412/1260/1260
vt -0.000000 -0.416667
vn 1.000000 -0.000000 0.000000
vt 0.023725 -0.416667
vn 0.965926 0.258819 0.000000
vt 0.023725 -0.393333
vn 0.965926 0.258819 0.000000
vt -0.000000 -0.393333
vn 1.000000 -0.000000 0.000000
f 389/1261/1261 390/1262/1262 414/1263/1263 413/1264/1264
vt 0.023725 -0.416667
vn 0.965926 0.258819 0.000000
vt 0.045833 -0.416667
vn 0.866025 0.500000 0.000000
vt 0.045833 -0.393333
vn 0.866025 0.500000 0.000000
vt 0.023725 -0.393333
vn 0.965926 0.258819 0.000000
f 390/1265/1265 391/1266/1266 415/1267/1267 414/1268/1268
vt 0.045833 -0.416667
vn 0.866025 0.500000 0.000000
vt 0.064818 -0.416667
vn 0.707107 0.707107 0.000000
vt 0.064818 -0.393333
vn 0.707107 0.707107 0.000000
vt 0.045833 -0.393333
vn 0.866025 0.500000 0.000000
f 391/1269/1269 392/1270/1270 416/1271/1271 415/1272/1272
vt 0.064818 -0.416667
vn 0.707107 0.707107 0.000000
vt 0.045833 -0.416667
vn 0.500000 0.866025 0.000000
vt 0.045833 -0.393333
vn 0.500000 0.866025 0.000000
vt 0.064818 -0.393333
vn 0.707107 0.707107 0.000000
f 392/1273/1273 393/1274/1274 417/1275/1275 416/1276/1276
vt 0.045833 -0.416667
vn 0.500000 0.866025 0.000000
vt 0.023725 -0.416667
vn 0.258819 0.965926 0.000000
vt 0.023725 -0.393333
vn 0.258819 0.965926 0.000000
vt 0.045833 -0.393333
vn 0.500000 0.866025 0.000000
f 393/1277/1277 394/1278/1278 418/1279/1279 417/1280/1280
vt 0.023725 -0.416667
vn 0.258819 0.965926 0.000000
vt 0.000000 -0.416667
vn 0.000000 1.000000 0.000000
vt 0.000000 -0.393333
vn 0.000000 1.000000 0.000000
vt 0.023725 -0.393333
vn 0.258819 0.965926 0.000000
f 394/1281/1281 395/1282/1282 419/1283/1283 418/1284/1284
vt 0.000000 -0.416667
vn 0.000000 1.000000 0.000000
vt -0.023725 -0.416667
vn -0.258819 0.965926 0.000000
vt -0.023725 -0.393333
vn -0.258819 0.965926 0.000000
vt 0.000000 -0.393333
vn 0.000000 1.000000 0.000000
f 395/1285/1285 396/1286/1286 420/1287/1287 419/1288/1288
vt -0.023725 -0.416667
vn -0.258819 0.965926 0.000000
vt -0.045833 -0.416667
vn -0.500000 0.866025 0.000000
vt -0.045833 -0.393333
vn -0.500000 0.866025 0.000000
vt -0.023725 -0.393333
vn -0.258819 0.965926 0.000000
f 396/1289/1289 397/1290/1290 421/1291/1291 420/1292/1292
vt -0.045833 -0.416667
vn -0.500000 0.866025 0.000000
vt -0.064818 -0.416667
vn -0.707107 0.707107 0.000000
vt -0.064818 -0.393333
vn -0.707107 0.707107 0.000000
vt -0.045833 -0.393333
vn -0.500000 0.866025 0.000000
f 397/1293/1293 398/1294/1294 422/1295/1295 421/1296/1296
vt 0.064818 -0.416667
vn -0.707107 0.707107 0.000000
vt 0.045833 -0.416667
vn -0.866025 0.500000 0.000000
vt 0.045833 -0.393333
vn -0.866025 0.500000 0.000000
vt 0.064818 -0.393333
vn -0.707107 0.707107 0.000000
f 398/1297/1297 399/1298/1298 423/1299/1299 422/1300/1300
vt 0.045833 -0.416667
vn -0.866025 0.500000 0.000000
vt 0.023725 -0.416667
vn -0.965926 0.258819 0.000000
vt 0.023725 -0.393333
vn -0.965926 0.258819 0.000000
vt 0.045833 -0.393333
vn -0.866025 0.500000 0.000000
f 399/1301/1301 400/1302/1302 424/1303/1303 423/1304/1304
vt 0.023725 -0.416667
vn -0.965926 0.258819 0.000000
vt 0.000000 -0.416667
vn -1.000000 0.000000 0.000000
vt 0.000000 -0.393333
vn -1.000000 0.000000 0.000000
vt 0.023725 -0.393333
vn -0.965926 0.258819 0.000000
f 400/1305/1305 377/1306/1306 401/1307/1307 424/1308/1308
v -1.100000 0.000000 -3.000000
v -1.062518 -0.284701 -3.000000
v -0.952628 -0.550000 -3.000000
v -0.777817 -0.777817 -3.000000
v -0.550000 -0.952628 -3.000000
v -0.284701 -1.062518 -3.000000
v -0.000000 -1.100000 -3.000000
v 0.284701 -1.062518 -3.000000
v 0.550000 -0.952628 -3.000000
v 0.777817 -0.777817 -3.000000
v 0.952628 -0.550000 -3.000000
v 1.062518 -0.284701 -3.000000
v 1.100000 -0.000000 -3.000000
v 1.062518 0.284701 -3.000000
v 0.952628 0.550000 -3.000000
v 0.777817 0.777817 -3.000000
v 0.550000 0.952628 -3.000000
v 0.284701 1.062518 -3.000000
v 0.000000 1.100000 -3.000000
v -0.284701 1.062518 -3.000000
v -0.550000 0.952628 -3.000000
v -0.777817 0.777817 -3.000000
v -0.952628 0.550000 -3.000000
v -1.062518 0.284701 -3.000000
v -1.100000 0.000000 -2.720000
v -1.062518 -0.284701 -2.720000
v -0.952628 -0.550000 -2.720000
v -0.777817 -0.777817 -2.720000
v -0.550000 -0.952628 -2.720000
v -0.284701 -1.062518 -2.720000
v -0.000000 -1.100000 -2.720000
v 0.284701 -1.062518 -2.720000
v 0.550000 -0.952628 -2.720000
v 0.777817 -0.777817 -2.720000
v 0.952628 -0.550000 -2.720000
v 1.062518 -0.284701 -2.720000
v 1.100000 -0.000000 -2.720000
v 1.062518 0.284701 -2.720000
v 0.952628 0.550000 -2.720000
v 0.777817 0.777817 -2.720000
v 0.550000 0.952628 -2.720000
v 0.284701 1.062518 -2.720000
v 0.000000 1.100000 -2.720000
v -0.284701 1.062518 -2.720000
v -0.550000 0.952628 -2.720000
v -0.777817 0.777817 -2.720000
v -0.952628 0.550000 -2.720000
v -1.062518 0.284701 -2.720000
vt -0.088543 0.023725
vn 0.000000 0.000000 -1.000000
vt -0.079386 0.045833
vn 0.000000 0.000000 -1.000000
vt -0.064818 0.064818
vn 0.000000 0.000000 -1.000000
vt -0.045833 0.079386
vn 0.000000 0.000000 -1.000000
vt -0.023725 0.088543
vn 0.000000 0.000000 -1.000000
vt 0.000000 0.091667
vn 0.000000 0.000000 -1.000000
vt 0.023725 0.088543
vn 0.000000 0.000000 -1.000000
vt 0.045833 0.079386
vn 0.000000 0.000000 -1.000000
vt 0.064818 0.064818
vn 0.000000 0.000000 -1.000000
vt 0.079386 0.045833
vn 0.000000 0.000000 -1.000000
vt 0.088543 0.023725
vn 0.000000 0.000000 -1.000000
vt 0.091667 -0.000000
vn 0.000000 0.000000 -1.000000
vt 0.088543 -0.023725
vn 0.000000 0.000000 -1.000000
vt 0.079386 -0.045833
vn 0.000000 0.000000 -1.000000
vt 0.064818 -0.064818
vn 0.000000 0.000000 -1.000000
vt 0.045833 -0.079386
vn 0.000000 0.000000 -1.000000
vt 0.023725 -0.088543
vn 0.000000 0.000000 -1.000000
vt -0.000000 -0.091667
vn 0.000000 0.000000 -1.000000
vt -0.023725 -0.088543
vn 0.000000 0.000000 -1.000000
vt -0.045833 -0.079386
vn 0.000000 0.000000 -1.000000
vt -0.064818 -0.064818
vn 0.000000 0.000000 -1.000000
vt -0.079386 -0.045833
vn 0.000000 0.000000 -1.000000
vt -0.088543 -0.023725
vn 0.000000 0.000000 -1.000000
vt -0.091667 0.000000
vn 0.000000 0.000000 -1.000000
f 448/1309/1309 447/1310/1310 446/1311/1311 445/1312/1312 444/1313/1313 443/1314/1314 442/1315/1315 441/1316/1316 440/1317/1317 439/1318/1318 438/1319/1319 437/1320/1320 436/1321/1321 435/1322/1322 434/1323/1323 433/1324/1324 432/1325/1325 431/1326/1326 430/1327/1327 429/1328/1328 428/1329/1329 427/1330/1330 426/1331/1331 425/1332/1332
vt -0.091667 0.000000
vn 0.000000 0.000000 1.000000
vt -0.088543 -0.023725
vn 0.000000 0.000000 1.000000
vt -0.079386 -0.045833
vn 0.000000 0.000000 1.000000
vt -0.064818 -0.064818
vn 0.000000 0.000000 1.000000
vt -0.045833 -0.079386
vn 0.000000 0.000000 1.000000
vt -0.023725 -0.088543
vn 0.000000 0.000000 1.000000
vt -0.000000 -0.091667
vn 0.000000 0.000000 1.000000
vt 0.023725 -0.088543
vn 0.000000 0.000000 1.000000
vt 0.045833 -0.079386
vn 0.000000 0.000000 1.000000
vt 0.064818 -0.064818
vn 0.000000 0.000000 1.000000
vt 0.079386 -0.045833
vn 0.000000 0.000000 1.000000
vt 0.088543 -0.023725
vn 0.000000 0.000000 1.000000
vt 0.091667 -0.000000
vn 0.000000 0.000000 1.000000
vt 0.088543 0.023725
vn 0.000000 0.000000 1.000000
vt 0.079386 0.045833
vn 0.000000 0.000000 1.000000
vt 0.064818 0.064818
vn 0.000000 0.000000 1.000000
vt 0.045833 0.079386
vn 0.000000 0.000000 1.000000
vt 0.023725 0.088543
vn 0.000000 0.000000 1.000000
vt 0.000000 0.091667
vn 0.000000 0.000000 1.000000
vt -0.023725 0.088543
vn 0.000000 0.000000 1.000000
vt -0.045833 0.079386
vn 0.000000 0.000000 1.000000
vt -0.064818 0.064818
vn 0.000000 0.000000 1.000000
vt -0.079386 0.045833
vn 0.000000 0.000000 1.000000
vt -0.088543 0.023725
vn 0.000000 0.000000 1.000000
f 449/1333/1333 450/1334/1334 451/1335/1335 452/1336/1336 453/1337/1337 454/1338/1338 455/1339/1339 456/1340/1340 457/1341/1341 458/1342/1342 459/1343/1343 460/1344/1344 461/1345/1345 462/1346/1346 463/1347/1347 464/1348/1348 465/1349/1349 466/1350/1350 467/1351/1351 468/1352/1352 469/1353/1353 470/1354/1354 471/1355/1355 472/1356/1356
vt 0.000000 -0.250000
vn -1.000000 0.000000 0.000000
vt -0.023725 -0.250000
vn -0.965926 -0.258819 0.000000
vt -0.023725 -0.226667
vn -0.965926 -0.258819 0.000000
vt 0.000000 -0.226667
vn -1.000000 0.000000 0.000000
f 425/1357/1357 426/1358/1358 450/1359/1359 449/1360/1360
vt -0.023725 -0.250000
vn -0.965926 -0.258819 0.000000
vt -0.045833 -0.250000
vn -0.866025 -0.500000 0.000000
vt -0.045833 -0.226667
vn -0.866025 -0.500000 0.000000
vt -0.023725 -0.226667
vn -0.965926 -0.258819 0.000000
f 426/1361/1361 427/1362/1362 451/1363/1363 450/1364/1364
vt -0.045833 -0.250000
vn -0.866025 -0.500000 0.000000
vt -0.064818 -0.250000
vn -0.707107 -0.707107 0.000000
vt -0.064818 -0.226667
vn -0.707107 -0.707107 0.000000
vt -0.045833 -0.226667
vn -0.866025 -0.500000 0.000000
f 427/1365/1365 428/1366/1366 452/1367/1367 451/1368/1368
vt -0.064818 -0.250000
vn -0.707107 -0.707107 0.000000
vt -0.045833 -0.250000
vn -0.500000 -0.866025 0.000000
vt -0.045833 -0.226667
vn -0.500000 -0.866025 0.000000
vt -0.064818 -0.226667
vn -0.707107 -0.707107 0.000000
f 428/1369/1369 429/1370/1370 453/1371/1371 452/1372/1372
vt -0.045833 -0.250000
vn -0.500000 -0.866025 0.000000
vt -0.023725 -0.250000
vn -0.258819 -0.965926 0.000000
vt -0.023725 -0.226667
vn -0.258819 -0.965926 0.000000
vt -0.045833 -0.226667
vn -0.500000 -0.866025 0.000000
f 429/1373/1373 430/1374/1374 454/1375/1375 453/1376/1376
vt -0.023725 -0.250000
vn -0.258819 -0.965926 0.000000
vt -0.000000 -0.250000
vn 0.000000 -1.000000 0.000000
vt -0.000000 -0.226667
vn 0.000000 -1.000000 0.000000
vt -0.023725 -0.226667
vn -0.258819 -0.965926 0.000000
f 430/1377/1377 431/1378/1378 455/1379/1379 454/1380/1380
vt -0.000000 -0.250000
vn 0.000000 -1.000000 0.000000
vt 0.023725 -0.250000
vn 0.258819 -0.965926 0.000000
vt 0.023725 -0.226667
vn 0.258819 -0.965926 0.000000
vt -0.000000 -0.226667
vn 0.000000 -1.000000 0.000000
f 431/1381/1381 432/1382/1382 456/1383/1383 455/1384/1384
vt 0.023725 -0.250000
vn 0.258819 -0.965926 0.000000
vt 0.045833 -0.250000
vn 0.500000 -0.866025 0.000000
vt 0.045833 -0.226667
vn 0.500000 -0.866025 0.000000
vt 0.023725 -0.226667
vn 0.258819 -0.965926 0.000000
f 432/1385/1385 433/1386/1386 457/1387/1387 456/1388/1388
vt 0.045833 -0.250000
vn 0.500000 -0.866025 0.000000
vt 0.064818 -0.250000
vn 0.707107 -0.707107 0.000000
vt 0.064818 -0.226667
vn 0.707107 -0.707107 0.000000
vt 0.045833 -0.226667
vn 0.500000 -0.866025 0.000000
f 433/1389/1389 434/1390/1390 458/1391/1391 457/1392/1392
vt -0.064818 -0.250000
vn 0.707107 -0.707107 0.000000
vt -0.045833 -0.250000
vn 0.866025 -0.500000 0.000000
vt -0.045833 -0.226667
vn 0.866025 -0.500000 0.000000
vt -0.064818 -0.226667
vn 0.707107 -0.707107 0.000000
f 434/1393/1393 435/1394/1394 459/1395/1395 458/1396/1396
vt -0.045833 -0.250000
vn 0.866025 -0.500000 0.000000
vt -0.023725 -0.250000
vn 0.965926 -0.258819 0.000000
vt -0.023725 -0.226667
vn 0.965926 -0.258819 0.000000
vt -0.045833 -0.226667
vn 0.866025 -0.500000 0.000000
f 435/1397/1397 436/1398/1398 460/1399/1399 459/1400/1400
vt -0.023725 -0.250000
vn 0.965926 -0.258819 0.000000
vt -0.000000 -0.250000
vn 1.000000 -0.000000 0.000000
vt -0.000000 -0.226667
vn 1.000000 -0.000000 0.000000
vt -0.023725 -0.226667
vn 0.965926 -0.258819 0.000000
f 436/1401/1401 437/1402/1402 461/1403/1403 460/1404/1404
vt -0.000000 -0.250000
vn 1.000000 -0.000000 0.000000
vt 0.023725 -0.250000
vn 0.965926 0.258819 0.000000
vt 0.023725 -0.226667
vn 0.965926 0.258819 0.000000
vt -0.000000 -0.226667
vn 1.000000 -0.000000 0.000000
f 437/1405/1405 438/1406/1406 462/1407/1407 461/1408/1408
vt 0.023725 -0.250000
vn 0.965926 0.258819 0.000000
vt 0.045833 -0.250000
vn 0.866025 0.500000 0.000000
vt 0.045833 -0.226667
vn 0.866025 0.500000 0.000000
vt 0.023725 -0.226667
vn 0.965926 0.258819 0.000000
f 438/1409/1409 439/1410/1410 463/1411/1411 462/1412/1412
vt 0.045833 -0.250000
vn 0.866025 0.500000 0.000000
vt 0.064818 -0.250000
vn 0.707107 0.707107 0.000000
vt 0.064818 -0.226667
vn 0.707107 0.707107 0.000000
vt 0.045833 -0.226667
vn 0.866025 0.500000 0.000000
f 439/1413/1413 440/1414/1414 464/1415/1415 463/1416/1416
vt 0.064818 -0.250000
vn 0.707107 0.707107 0.000000
vt 0.045833 -0.250000
vn 0.500000 0.866025 0.000000
vt 0.045833 -0.226667
vn 0.500000 0.866025 0.000000
vt 0.064818 -0.226667
vn 0.707107 0.707107 0.000000
f 440/1417/1417 441/1418/1418 465/1419/1419 464/1420/1420
vt 0.045833 -0.250000
vn 0.500000 0.866025 0.000000
vt 0.023725 -0.250000
vn 0.258819 0.965926 0.000000
vt 0.023725 -0.226667
vn 0.258819 0.965926 0.000000
vt 0.045833 -0.226667
vn 0.500000 0.866025 0.000000
f 441/1421/1421 442/1422/1422 466/1423/1423 465/1424/1424
vt 0.023725 -0.250000
vn 0.258819 0.965926 0.000000
vt 0.000000 -0.250000
vn 0.000000 1.000000 0.000000
vt 0.000000 -0.226667
vn 0.000000 1.000000 0.000000
vt 0.023725 -0.226667
vn 0.258819 0.965926 0.000000
f 442/1425/1425 443/1426/1426 467/1427/1427 466/1428/1428
vt 0.000000 -0.250000
vn 0.000000 1.000000 0.000000
vt -0.023725 -0.250000
vn -0.258819 0.965926 0.000000
vt -0.023725 -0.226667
vn -0.258819 0.965926 0.000000
vt 0.000000 -0.226667
vn 0.000000 1.000000 0.000000
f 443/1429/1429 444/1430/1430 468/1431/1431 467/1432/1432
vt -0.023725 -0.250000
vn -0.258819 0.965926 0.000000
vt -0.045833 -0.250000
vn -0.500000 0.866025 0.000000
vt -0.045833 -0.226667
vn -0.500000 0.866025 0.000000
vt -0.023725 -0.226667
vn -0.258819 0.965926 0.000000
f 444/1433/1433 445/1434/1434 469/1435/1435 468/1436/1436
vt -0.045833 -0.250000
vn -0.500000 0.866025 0.000000
vt -0.064818 -0.250000
vn -0.707107 0.707107 0.000000
vt -0.064818 -0.226667
vn -0.707107 0.707107 0.000000
vt -0.045833 -0.226667
vn -0.500000 0.866025 0.000000
f 445/1437/1437 446/1438/1438 470/1439/1439 469/1440/1440
vt 0.064818 -0.250000
vn -0.707107 0.707107 0.000000
vt 0.045833 -0.250000
vn -0.866025 0.500000 0.000000
vt 0.045833 -0.226667
vn -0.866025 0.500000 0.000000
vt 0.064818 -0.226667
vn -0.707107 0.707107 0.000000
f 446/1441/1441 447/1442/1442 471/1443/1443 470/1444/1444
vt 0.045833 -0.250000
vn -0.866025 0.500000 0.000000
vt 0.023725 -0.250000
vn -0.965926 0.258819 0.000000
vt 0.023725 -0.226667
vn -0.965926 0.258819 0.000000
vt 0.045833 -0.226667
vn -0.866025 0.500000 0.000000
f 447/1445/1445 448/1446/1446 472/1447/1447 471/1448/1448
vt 0.023725 -0.250000
vn -0.965926 0.258819 0.000000
vt 0.000000 -0.250000
vn -1.000000 0.000000 0.000000
vt 0.000000 -0.226667
vn -1.000000 0.000000 0.000000
vt 0.023725 -0.226667
vn -0.965926 0.258819 0.000000
f 448/1449/1449 425/1450/1450 449/1451/1451 472/1452/1452
v -1.100000 0.000000 -1.000000
v -1.062518 -0.284701 -1.000000
v -0.952628 -0.550000 -1.000000
v -0.777817 -0.777817 -1.000000
v -0.550000 -0.952628 -1.000000
v -0.284701 -1.062518 -1.000000
v -0.000000 -1.100000 -1.000000
v 0.284701 -1.062518 -1.000000
v 0.550000 -0.952628 -1.000000
v 0.777817 -0.777817 -1.000000
v 0.952628 -0.550000 -1.000000
v 1.062518 -0.284701 -1.000000
v 1.100000 -0.000000 -1.000000
v 1.062518 0.284701 -1.000000
v 0.952628 0.550000 -1.000000
v 0.777817 0.777817 -1.000000
v 0.550000 0.952628 -1.000000
v 0.284701 1.062518 -1.000000
v 0.000000 1.100000 -1.000000
v -0.284701 1.062518 -1.000000
v -0.550000 0.952628 -1.000000
v -0.777817 0.777817 -1.000000
v -0.952628 0.550000 -1.000000
v -1.062518 0.284701 -1.000000
v -1.100000 0.000000 -0.720000
v -1.062518 -0.284701 -0.720000
v -0.952628 -0.550000 -0.720000
v -0.777817 -0.777817 -0.720000
v -0.550000 -0.952628 -0.720000
v -0.284701 -1.062518 -0.720000
v -0.000000 -1.100000 -0.720000
v 0.284701 -1.062518 -0.720000
v 0.550000 -0.952628 -0.720000
v 0.777817 -0.777817 -0.720000
v 0.952628 -0.550000 -0.720000
v 1.062518 -0.284701 -0.720000
v 1.100000 -0.000000 -0.720000
v 1.062518 0.284701 -0.720000
v 0.952628 0.550000 -0.720000
v 0.777817 0.777817 -0.720000
v 0.550000 0.952628 -0.720000
v 0.284701 1.062518 -0.720000
v 0.000000 1.100000 -0.720000
v -0.284701 1.062518 -0.720000
v -0.550000 0.952628 -0.720000
v -0.777817 0.777817 -0.720000
v -0.952628 0.550000 -0.720000
v -1.062518 0.284701 -0.720000
vt -0.088543 0.023725
vn 0.000000 0.000000 -1.000000
vt -0.079386 0.045833
vn 0.000000 0.000000 -1.000000
vt -0.064818 0.064818
vn 0.000000 0.000000 -1.000000
vt -0.045833 0.079386
vn 0.000000 0.000000 -1.000000
vt -0.023725 0.088543
vn 0.000000 0.000000 -1.000000
vt 0.000000 0.091667
vn 0.000000 0.000000 -1.000000
vt 0.023725 0.088543
vn 0.000000 0.000000 -1.000000
vt 0.045833 0.079386
vn 0.000000 0.000000 -1.000000
vt 0.064818 0.064818
vn 0.000000 0.000000 -1.000000
vt 0.079386 0.045833
vn 0.000000 0.000000 -1.000000
vt 0.088543 0.023725
vn 0.000000 0.000000 -1.000000
vt 0.091667 -0.000000
vn 0.000000 0.000000 -1.000000
vt 0.088543 -0.023725
vn 0.000000 0.000000 -1.000000
vt 0.079386 -0.045833
vn 0.000000 0.000000 -1.000000
vt 0.064818 -0.064818
vn 0.000000 0.000000 -1.000000
vt 0.045833 -0.079386
vn 0.000000 0.000000 -1.000000
vt 0.023725 -0.088543
vn 0.000000 0.000000 -1.000000
vt -0.000000 -0.091667
vn 0.000000 0.000000 -1.000000
vt -0.023725 -0.088543
vn 0.000000 0.000000 -1.000000
vt -0.045833 -0.079386
vn 0.000000 0.000000 -1.000000
vt -0.064818 -0.064818
vn 0.000000 0.000000 -1.000000
vt -0.079386 -0.045833
vn 0.000000 0.000000 -1.000000
vt -0.088543 -0.023725
vn 0.000000 0.000000 -1.000000
vt -0.091667 0.000000
vn 0.000000 0.000000 -1.000000
f 496/1453/1453 495/1454/1454 494/1455/1455 493/1456/1456 492/1457/1457 491/1458/1458 490/1459/1459 489/1460/1460 488/1461/1461 487/1462/1462 486/1463/1463 485/1464/1464 484/1465/1465 483/1466/1466 482/1467/1467 481/1468/1468 480/1469/1469 479/1470/1470 478/1471/1471 477/1472/1472 476/1473/1473 475/1474/1474 474/1475/1475 473/1476/1476
vt -0.091667 0.000000
vn 0.000000 0.000000 1.000000
vt -0.088543 -0.023725
vn 0.000000 0.000000 1.000000
vt -0.079386 -0.045833
vn 0.000000 0.000000 1.000000
vt -0.064818 -0.064818
vn 0.000000 0.000000 1.000000
vt -0.045833 -0.079386
vn 0.000000 0.000000 1.000000
vt -0.023725 -0.088543
vn 0.000000 0.000000 1.000000
vt -0.000000 -0.091667
vn 0.000000 0.000000 1.000000
vt 0.023725 -0.088543
vn 0.000000 0.000000 1.000000
vt 0.045833 -0.079386
vn 0.000000 0.000000 1.000000
vt 0.064818 -0.064818
vn 0.000000 0.000000 1.000000
vt 0.079386 -0.045833
vn 0.000000 0.000000 1.000000
vt 0.088543 -0.023725
vn 0.000000 0.000000 1.000000
vt 0.091667 -0.000000
vn 0.000000 0.000000 1.000000
vt 0.088543 0.023725
vn 0.000000 0.000000 1.000000
vt 0.079386 0.045833
vn 0.000000 0.000000 1.000000
vt 0.064818 0.064818
vn 0.000000 0.000000 1.000000
vt 0.045833 0.079386
vn 0.000000 0.000000 1.000000
vt 0.023725 0.088543
vn 0.000000 0.000000 1.000000
vt 0.000000 0.091667
vn 0.000000 0.000000 1.000000
vt -0.023725 0.088543
vn 0.000000 0.000000 1.000000
vt -0.045833 0.079386
vn 0.000000 0.000000 1.000000
vt -0.064818 0.064818
vn 0.000000 0.000000 1.000000
vt -0.079386 0.045833
vn 0.000000 0.000000 1.000000
vt -0.088543 0.023725
vn 0.000000 0.000000 1.000000
f 497/1477/1477 498/1478/1478 499/1479/1479 500/1480/1480 501/1481/1481 502/1482/1482 503/1483/1483 504/1484/1484 505/1485/1485 506/1486/1486 507/1487/1487 508/1488/1488 509/1489/1489 510/1490/1490 511/1491/1491 512/1492/1492 513/1493/1493 514/1494/1494 515/1495/1495 516/1496/1496 517/1497/1497 518/1498/1498 519/1499/1499 520/1500/1500
vt 0.000000 -0.083333
vn -1.000000 0.000000 0.000000
vt -0.023725 -0.083333
vn -0.965926 -0.258819 0.000000
vt -0.023725 -0.060000
vn -0.965926 -0.258819 0.000000
vt 0.000000 -0.060000
vn -1.000000 0.000000 0.000000
f 473/1501/1501 474/1502/1502 498/1503/1503 497/1504/1504
vt -0.023725 -0.083333
vn -0.965926 -0.258819 0.000000
vt -0.045833 -0.083333
vn -0.866025 -0.500000 0.000000
vt -0.045833 -0.060000
vn -0.866025 -0.500000 0.000000
vt -0.023725 -0.060000
vn -0.965926 -0.258819 0.000000
f 474/1505/1505 475/1506/1506 499/1507/1507 498/1508/1508
vt -0.045833 -0.083333
vn -0.866025 -0.500000 0.000000
vt -0.064818 -0.083333
vn -0.707107 -0.707107 0.000000
vt -0.064818 -0.060000
vn -0.707107 -0.707107 0.000000
vt -0.045833 -0.060000
vn -0.866025 -0.500000 0.000000
f 475/1509/1509 476/1510/1510 500/1511/1511 499/1512/1512
vt -0.064818 -0.083333
vn -0.707107 -0.707107 0.000000
vt -0.045833 -0.083333
vn -0.500000 -0.866025 0.000000
vt -0.045833 -0.060000
vn -0.500000 -0.866025 0.000000
vt -0.064818 -0.060000
vn -0.707107 -0.707107 0.000000
f 476/1513/1513 477/1514/1514 501/1515/1515 500/1516/1516
vt -0.045833 -0.083333
vn -0.500000 -0.866025 0.000000
vt -0.023725 -0.083333
vn -0.258819 -0.965926 0.000000
vt -0.023725 -0.060000
vn -0.258819 -0.965926 0.000000
vt -0.045833 -0.060000
vn -0.500000 -0.866025 0.000000
f 477/1517/1517 478/1518/1518 502/1519/1519 501/1520/1520
vt -0.023725 -0.083333
vn -0.258819 -0.965926 0.000000
vt -0.000000 -0.083333
vn 0.000000 -1.000000 0.000000
vt -0.000000 -0.060000
vn 0.000000 -1.000000 0.000000
vt -0.023725 -0.060000
vn -0.258819 -0.965926 0.000000
f 478/1521/1521 479/1522/1522 503/1523/1523 502/1524/1524
vt -0.000000 -0.083333
vn 0.000000 -1.000000 0.000000
vt 0.023725 -0.083333
vn 0.258819 -0.965926 0.000000
vt 0.023725 -0.060000
vn 0.258819 -0.965926 0.000000
vt -0.000000 -0.060000
vn 0.000000 -1.000000 0.000000
f 479/1525/1525 480/1526/1526 504/1527/1527 503/1528/1528
vt 0.023725 -0.083333
vn 0.258819 -0.965926 0.000000
vt 0.045833 -0.083333
vn 0.500000 -0.866025 0.000000
vt 0.045833 -0.060000
vn 0.500000 -0.866025 0.000000
vt 0.023725 -0.060000
vn 0.258819 -0.965926 0.000000
f 480/1529/1529 481/1530/1530 505/1531/1531 504/1532/1532
vt 0.045833 -0.083333
vn 0.500000 -0.866025 0.000000
vt 0.064818 -0.083333
vn 0.707107 -0.707107 0.000000
vt 0.064818 -0.060000
vn 0.707107 -0.707107 0.000000
vt 0.045833 -0.060000
vn 0.500000 -0.866025 0.000000
f 481/1533/1533 482/1534/1534 506/1535/1535 505/1536/1536
vt -0.064818 -0.083333
vn 0.707107 -0.707107 0.000000
vt -0.045833 -0.083333
vn 0.866025 -0.500000 0.000000
vt -0.045833 -0.060000
vn 0.866025 -0.500000 0.000000
vt -0.064818 -0.060000
vn 0.707107 -0.707107 0.000000
f 482/1537/1537 483/1538/1538 507/1539/1539 506/1540/1540
vt -0.045833 -0.083333
vn 0.866025 -0.500000 0.000000
vt -0.023725 -0.083333
vn 0.965926 -0.258819 0.000000
vt -0.023725 -0.060000
vn 0.965926 -0.258819 0.000000
vt -0.045833 -0.060000
vn 0.866025 -0.500000 0.000000
f 483/1541/1541 484/1542/1542 508/1543/1543 507/1544/1544
vt -0.023725 -0.083333
vn 0.965926 -0.258819 0.000000
vt -0.000000 -0.083333
vn 1.000000 -0.000000 0.000000
vt -0.000000 -0.060000
vn 1.000000 -0.000000 0.000000
vt -0.023725 -0.060000
vn 0.965926 -0.258819 0.000000
f 484/1545/1545 485/1546/1546 509/1547/1547 508/1548/1548
vt -0.000000 -0.083333
vn 1.000000 -0.000000 0.000000
vt 0.023725 -0.083333
vn 0.965926 0.258819 0.000000
vt 0.023725 -0.060000
vn 0.965926 0.258819 0.000000
vt -0.000000 -0.060000
vn 1.000000 -0.000000 0.000000
f 485/1549/1549 486/1550/1550 510/1551/1551 509/1552/1552
vt 0.023725 -0.083333
vn 0.965926 0.258819 0.000000
vt 0.045833 -0.083333
vn 0.866025 0.500000 0.000000
vt 0.045833 -0.060000
vn 0.866025 0.500000 0.000000
vt 0.023725 -0.060000
vn 0.965926 0.258819 0.000000
f 486/1553/1553 487/1554/1554 511/1555/1555 510/1556/1556
vt 0.045833 -0.083333
vn 0.866025 0.500000 0.000000
vt 0.064818 -0.083333
vn 0.707107 0.707107 0.000000
vt 0.064818 -0.060000
vn 0.707107 0.707107 0.000000
vt 0.045833 -0.060000
vn 0.866025 0.500000 0.000000
f 487/1557/1557 488/1558/1558 512/1559/1559 511/1560/1560
vt 0.064818 -0.083333
vn 0.707107 0.707107 0.000000
vt 0.045833 -0.083333
vn 0.500000 0.866025 0.000000
vt 0.045833 -0.060000
vn 0.500000 0.866025 0.000000
vt 0.064818 -0.060000
vn 0.707107 0.707107 0.000000
f 488/1561/1561 489/1562/1562 513/1563/1563 512/1564/1564
vt 0.045833 -0.083333
vn 0.500000 0.866025 0.000000
vt 0.023725 -0.083333
vn 0.258819 0.965926 0.000000
vt 0.023725 -0.060000
vn 0.258819 0.965926 0.000000
vt 0.045833 -0.060000
vn 0.500000 0.866025 0.000000
f 489/1565/1565 490/1566/1566 514/1567/1567 513/1568/1568
vt 0.023725 -0.083333
vn 0.258819 0.965926 0.000000
vt 0.000000 -0.083333
vn 0.000000 1.000000 0.000000
vt 0.000000 -0.060000
vn 0.000000 1.000000 0.000000
vt 0.023725 -0.060000
vn 0.258819 0.965926 0.000000
f 490/1569/1569 491/1570/1570 515/1571/1571 514/1572/1572
vt 0.000000 -0.083333
vn 0.000000 1.000000 0.000000
vt -0.023725 -0.083333
vn -0.258819 0.965926 0.000000
vt -0.023725 -0.060000
vn -0.258819 0.965926 0.000000
vt 0.000000 -0.060000
vn 0.000000 1.000000 0.000000
f 491/1573/1573 492/1574/1574 516/1575/1575 515/1576/1576
vt -0.023725 -0.083333
vn -0.258819 0.965926 0.000000
vt -0.045833 -0.083333
vn -0.500000 0.866025 0.000000
vt -0.045833 -0.060000
vn -0.500000 0.866025 0.000000
vt -0.023725 -0.060000
vn -0.258819 0.965926 0.000000
f 492/1577/1577 493/1578/1578 517/1579/1579 516/1580/1580
vt -0.045833 -0.083333
vn -0.500000 0.866025 0.000000
vt -0.064818 -0.083333
vn -0.707107 0.707107 0.000000
vt -0.064818 -0.060000
vn -0.707107 0.707107 0.000000
vt -0.045833 -0.060000
vn -0.500000 0.866025 0.000000
f 493/1581/1581 494/1582/1582 518/1583/1583 517/1584/1584
vt 0.064818 -0.083333
vn -0.707107 0.707107 0.000000
vt 0.045833 -0.083333
vn -0.866025 0.500000 0.000000
vt 0.045833 -0.060000
vn -0.866025 0.500000 0.000000
vt 0.064818 -0.060000
vn -0.707107 0.707107 0.000000
f 494/1585/1585 495/1586/1586 519/1587/1587 518/1588/1588
vt 0.045833 -0.083333
vn -0.866025 0.500000 0.000000
vt 0.023725 -0.083333
vn -0.965926 0.258819 0.000000
vt 0.023725 -0.060000
vn -0.965926 0.258819 0.000000
vt 0.045833 -0.060000
vn -0.866025 0.500000 0.000000
f 495/1589/1589 496/1590/1590 520/1591/1591 519/1592/1592
vt 0.023725 -0.083333
vn -0.965926 0.258819 0.000000
vt 0.000000 -0.083333
vn -1.000000 0.000000 0.000000
vt 0.000000 -0.060000
vn -1.000000 0.000000 0.000000
vt 0.023725 -0.060000
vn -0.965926 0.258819 0.000000
f 496/1593/1593 473/1594/1594 497/1595/1595 520/1596/1596
v -1.100000 0.000000 1.000000
v -1.062518 -0.284701 1.000000
v -0.952628 -0.550000 1.000000
v -0.777817 -0.777817 1.000000
v -0.550000 -0.952628 1.000000
v -0.284701 -1.062518 1.000000
v -0.000000 -1.100000 1.000000
v 0.284701 -1.062518 1.000000
v 0.550000 -0.952628 1.000000
v 0.777817 -0.777817 1.000000
v 0.952628 -0.550000 1.000000
v 1.062518 -0.284701 1.000000
v 1.100000 -0.000000 1.000000
v 1.062518 0.284701 1.000000
v 0.952628 0.550000 1.000000
v 0.777817 0.777817 1.000000
v 0.550000 0.952628 1.000000
v 0.284701 1.062518 1.000000
v 0.000000 1.100000 1.000000
v -0.284701 1.062518 1.000000
v -0.550000 0.952628 1.000000
v -0.777817 0.777817 1.000000
v -0.952628 0.550000 1.000000
v -1.062518 0.284701 1.000000
v -1.100000 0.000000 1.280000
v -1.062518 -0.284701 1.280000
v -0.952628 -0.550000 1.280000
v -0.777817 -0.777817 1.280000
v -0.550000 -0.952628 1.280000
v -0.284701 -1.062518 1.280000
v -0.000000 -1.100000 1.280000
v 0.284701 -1.062518 1.280000
v 0.550000 -0.952628 1.280000
v 0.777817 -0.777817 1.280000
v 0.952628 -0.550000 1.280000
v 1.062518 -0.284701 1.280000
v 1.100000 -0.000000 1.280000
v 1.062518 0.284701 1.280000
v 0.952628 0.550000 1.280000
v 0.777817 0.777817 1.280000
v 0.550000 0.952628 1.280000
v 0.284701 1.062518 1.280000
v 0.000000 1.100000 1.280000
v -0.284701 1.062518 1.280000
v -0.550000 0.952628 1.280000
v -0.777817 0.777817 1.280000
v -0.952628 0.550000 1.280000
v -1.062518 0.284701 1.280000
vt -0.088543 0.023725
vn 0.000000 0.000000 -1.000000
vt -0.079386 0.045833
vn 0.000000 0.000000 -1.000000
vt -0.064818 0.064818
vn 0.000000 0.000000 -1.000000
vt -0.045833 0.079386
vn 0.000000 0.000000 -1.000000
vt -0.023725 0.088543
vn 0.000000 0.000000 -1.000000
vt 0.000000 0.091667
vn 0.000000 0.000000 -1.000000
vt 0.023725 0.088543
vn 0.000000 0.000000 -1.000000
vt 0.045833 0.079386
vn 0.000000 0.000000 -1.000000
vt 0.064818 0.064818
vn 0.000000 0.000000 -1.000000
vt 0.079386 0.045833
vn 0.000000 0.000000 -1.000000
vt 0.088543 0.023725
vn 0.000000 0.000000 -1.000000
vt 0.091667 -0.000000
vn 0.000000 0.000000 -1.000000
vt 0.088543 -0.023725
vn 0.000000 0.000000 -1.000000
vt 0.079386 -0.045833
vn 0.000000 0.000000 -1.000000
vt 0.064818 -0.064818
vn 0.000000 0.000000 -1.000000
vt 0.045833 -0.079386
vn 0.000000 0.000000 -1.000000
vt 0.023725 -0.088543
vn 0.000000 0.000000 -1.000000
vt -0.000000 -0.091667
vn 0.000000 0.000000 -1.000000
vt -0.023725 -0.088543
vn 0.000000 0.000000 -1.000000
vt -0.045833 -0.079386
vn 0.000000 0.000000 -1.000000
vt -0.064818 -0.064818
vn 0.000000 0.000000 -1.000000
vt -0.079386 -0.045833
vn 0.000000 0.000000 -1.000000
vt -0.088543 -0.023725
vn 0.000000 0.000000 -1.000000
vt -0.091667 0.000000
vn 0.000000 0.000000 -1.000000
f 544/1597/1597 543/1598/1598 542/1599/1599 541/1600/1600 540/1601/1601 539/1602/1602 538/1603/1603 537/1604/1604 536/1605/1605 535/1606/1606 534/1607/1607 533/1608/1608 532/1609/1609 531/1610/1610 530/1611/1611 529/1612/1612 528/1613/1613 527/1614/1614 526/1615/1615 525/1616/1616 524/1617/1617 523/1618/1618 522/1619/1619 521/1620/1620
vt -0.091667 0.000000
vn 0.000000 0.000000 1.000000
vt -0.088543 -0.023725
vn 0.000000 0.000000 1.000000
vt -0.079386 -0.045833
vn 0.000000 0.000000 1.000000
vt -0.064818 -0.064818
vn 0.000000 0.000000 1.000000
vt -0.045833 -0.079386
vn 0.000000 0.000000 1.000000
vt -0.023725 -0.088543
vn 0.000000 0.000000 1.000000
vt -0.000000 -0.091667
vn 0.000000 0.000000 1.000000
vt 0.023725 -0.088543
vn 0.000000 0.000000 1.000000
vt 0.045833 -0.079386
vn 0.000000 0.000000 1.000000
vt 0.064818 -0.064818
vn 0.000000 0.000000 1.000000
vt 0.079386 -0.045833
vn 0.000000 0.000000 1.000000
vt 0.088543 -0.023725
vn 0.000000 0.000000 1.000000
vt 0.091667 -0.000000
vn 0.000000 0.000000 1.000000
vt 0.088543 0.023725
vn 0.000000 0.000000 1.000000
vt 0.079386 0.045833
vn 0.000000 0.000000 1.000000
vt 0.064818 0.064818
vn 0.000000 0.000000 1.000000
vt 0.045833 0.079386
vn 0.000000 0.000000 1.000000
vt 0.023725 0.088543
vn 0.000000 0.000000 1.000000
vt 0.000000 0.091667
vn 0.000000 0.000000 1.000000
vt -0.023725 0.088543
vn 0.000000 0.000000 1.000000
vt -0.045833 0.079386
vn 0.000000 0.000000 1.000000
vt -0.064818 0.064818
vn 0.000000 0.000000 1.000000
vt -0.079386 0.045833
vn 0.000000 0.000000 1.000000
vt -0.088543 0.023725
vn 0.000000 0.000000 1.000000
f 545/1621/1621 546/1622/1622 547/1623/1623 548/1624/1624 549/1625/1625 550/1626/1626 551/1627/1627 552/1628/1628 553/1629/1629 554/1630/1630 555/1631/1631 556/1632/1632 557/1633/1633 558/1634/1634 559/1635/1635 560/1636/1636 561/1637/1637 562/1638/1638 563/1639/1639 564/1640/1640 565/1641/1641 566/1642/1642 567/1643/1643 568/1644/1644
vt 0.000000 0.083333
vn -1.000000 0.000000 0.000000
vt -0.023725 0.083333
vn -0.965926 -0.258819 0.000000
vt -0.023725 0.106667
vn -0.965926 -0.258819 0.000000
vt 0.000000 0.106667
vn -1.000000 0.000000 0.000000
f 521/1645/1645 522/1646/1646 546/1647/1647 545/1648/1648
vt -0.023725 0.083333
vn -0.965926 -0.258819 0.000000
vt -0.045833 0.083333
vn -0.866025 -0.500000 0.000000
vt -0.045833 0.106667
vn -0.866025 -0.500000 0.000000
vt -0.023725 0.106667
vn -0.965926 -0.258819 0.000000
f 522/1649/1649 523/1650/1650 547/1651/1651 546/1652/1652
vt -0.045833 0.083333
vn -0.866025 -0.500000 0.000000
vt -0.064818 0.083333
vn -0.707107 -0.707107 0.000000
vt -0.064818 0.106667
vn -0.707107 -0.707107 0.000000
vt -0.045833 0.106667
vn -0.866025 -0.500000 0.000000
f 523/1653/1653 524/1654/1654 548/1655/1655 547/1656/1656
vt -0.064818 0.083333
vn -0.707107 -0.707107 0.000000
vt -0.045833 0.083333
vn -0.500000 -0.866025 0.000000
vt -0.045833 0.106667
vn -0.500000 -0.866025 0.000000
vt -0.064818 0.106667
vn -0.707107 -0.707107 0.000000
f 524/1657/1657 525/1658/1658 549/1659/1659 548/1660/1660
vt -0.045833 0.083333
vn -0.500000 -0.866025 0.000000
vt -0.023725 0.083333
vn -0.258819 -0.965926 0.000000
vt -0.023725 0.106667
vn -0.258819 -0.965926 0.000000
vt -0.045833 0.106667
vn -0.500000 -0.866025 0.000000
f 525/1661/1661 526/1662/1662 550/1663/1663 549/1664/1664
vt -0.023725 0.083333
vn -0.258819 -0.965926 0.000000
vt -0.000000 0.083333
vn 0.000000 -1.000000 0.000000
vt -0.000000 0.106667
vn 0.000000 -1.000000 0.000000
vt -0.023725 0.106667
vn -0.258819 -0.965926 0.000000
f 526/1665/1665 527/1666/1666 551/1667/1667 550/1668/1668
vt -0.000000 0.083333
vn 0.000000 -1.000000 0.000000
vt 0.023725 0.083333
vn 0.258819 -0.965926 0.000000
vt 0.023725 0.106667
vn 0.258819 -0.965926 0.000000
vt -0.000000 0.106667
vn 0.000000 -1.000000 0.000000
f 527/1669/1669 528/1670/1670 552/1671/1671 551/1672/1672
vt 0.023725 0.083333
vn 0.258819 -0.965926 0.000000
vt 0.045833 0.083333
vn 0.500000 -0.866025 0.000000
vt 0.045833 0.106667
vn 0.500000 -0.866025 0.000000
vt 0.023725 0.106667
vn 0.258819 -0.965926 0.000000
f 528/1673/1673 529/1674/1674 553/1675/1675 552/1676/1676
vt 0.045833 0.083333
vn 0.500000 -0.866025 0.000000
vt 0.064818 0.083333
vn 0.707107 -0.707107 0.000000
vt 0.064818 0.106667
vn 0.707107 -0.707107 0.000000
vt 0.045833 0.106667
vn 0.500000 -0.866025 0.000000
f 529/1677/1677 530/1678/1678 554/1679/1679 553/1680/1680
vt -0.064818 0.083333
vn 0.707107 -0.707107 0.000000
vt -0.045833 0.083333
vn 0.866025 -0.500000 0.000000
vt -0.045833 0.106667
vn 0.866025 -0.500000 0.000000
vt -0.064818 0.106667
vn 0.707107 -0.707107 0.000000
f 530/1681/1681 531/1682/1682 555/1683/1683 554/1684/1684
vt -0.045833 0.083333
vn 0.866025 -0.500000 0.000000
vt -0.023725 0.083333
vn 0.965926 -0.258819 0.000000
vt -0.023725 0.106667
vn 0.965926 -0.258819 0.000000
vt -0.045833 0.106667
vn 0.866025 -0.500000 0.000000
f 531/1685/1685 532/1686/1686 556/1687/1687 555/1688/1688
vt -0.023725 0.083333
vn 0.965926 -0.258819 0.000000
vt -0.000000 0.083333
vn 1.000000 -0.000000 0.000000
vt -0.000000 0.106667
vn 1.000000 -0.000000 0.000000
vt -0.023725 0.106667
vn 0.965926 -0.258819 0.000000
f 532/1689/1689 533/1690/1690 557/1691/1691 556/1692/1692
vt -0.000000 0.083333
vn 1.000000 -0.000000 0.000000
vt 0.023725 0.083333
vn 0.965926 0.258819 0.000000
vt 0.023725 0.106667
vn 0.965926 0.258819 0.000000
vt -0.000000 0.106667
vn 1.000000 -0.000000 0.000000
f 533/1693/1693 534/1694/1694 558/1695/1695 557/1696/1696
vt 0.023725 0.083333
vn 0.965926 0.258819 0.000000
vt 0.045833 0.083333
vn 0.866025 0.500000 0.000000
vt 0.045833 0.106667
vn 0.866025 0.500000 0.000000
vt 0.023725 0.106667
vn 0.965926 0.258819 0.000000
f 534/1697/1697 535/1698/1698 559/1699/1699 558/1700/1700
vt 0.045833 0.083333
vn 0.866025 0.500000 0.000000
vt 0.064818 0.083333
vn 0.707107 0.707107 0.000000
vt 0.064818 0.106667
vn 0.707107 0.707107 0.000000
vt 0.045833 0.106667
vn 0.866025 0.500000 0.000000
f 535/1701/1701 536/1702/1702 560/1703/1703 559/1704/1704
vt 0.064818 0.083333
vn 0.707107 0.707107 0.000000
vt 0.045833 0.083333
vn 0.500000 0.866025 0.000000
vt 0.045833 0.106667
vn 0.500000 0.866025 0.000000
vt 0.064818 0.106667
vn 0.707107 0.707107 0.000000
f 536/1705/1705 537/1706/1706 561/1707/1707 560/1708/1708
vt 0.045833 0.083333
vn 0.500000 0.866025 0.000000
vt 0.023725 0.083333
vn 0.258819 0.965926 0.000000
vt 0.023725 0.106667
vn 0.258819 0.965926 0.000000
vt 0.045833 0.106667
vn 0.500000 0.866025 0.000000
f 537/1709/1709 538/1710/1710 562/1711/1711 561/1712/1712
vt 0.023725 0.083333
vn 0.258819 0.965926 0.000000
vt 0.000000 0.083333
vn 0.000000 1.000000 0.000000
vt 0.000000 0.106667
vn 0.000000 1.000000 0.000000
vt 0.023725 0.106667
vn 0.258819 0.965926 0.000000
f 538/1713/1713 539/1714/1714 563/1715/1715 562/1716/1716
vt 0.000000 0.083333
vn 0.000000 1.000000 0.000000
vt -0.023725 0.083333
vn -0.258819 0.965926 0.000000
vt -0.023725 0.106667
vn -0.258819 0.965926 0.000000
vt 0.000000 0.106667
vn 0.000000 1.000000 0.000000
f 539/1717/1717 540/1718/1718 564/1719/1719 563/1720/1720
vt -0.023725 0.083333
vn -0.258819 0.965926 0.000000
vt -0.045833 0.083333
vn -0.500000 0.866025 0.000000
vt -0.045833 0.106667
vn -0.500000 0.866025 0.000000
vt -0.023725 0.106667
vn -0.258819 0.965926 0.000000
f 540/1721/1721 541/1722/1722 565/1723/1723 564/1724/1724
vt -0.045833 0.083333
vn -0.500000 0.866025 0.000000
vt -0.064818 0.083333
vn -0.707107 0.707107 0.000000
vt -0.064818 0.106667
vn -0.707107 0.707107 0.000000
vt -0.045833 0.106667
vn -0.500000 0.866025 0.000000
f 541/1725/1725 542/1726/1726 566/1727/1727 565/1728/1728
vt 0.064818 0.083333
vn -0.707107 0.707107 0.000000
vt 0.045833 0.083333
vn -0.866025 0.500000 0.000000
vt 0.045833 0.106667
vn -0.866025 0.500000 0.000000
vt 0.064818 0.106667
vn -0.707107 0.707107 0.000000
f 542/1729/1729 543/1730/1730 567/1731/1731 566/1732/1732
vt 0.045833 0.083333
vn -0.866025 0.500000 0.000000
vt 0.023725 0.083333
vn -0.965926 0.258819 0.000000
vt 0.023725 0.106667
vn -0.965926 0.258819 0.000000
vt 0.045833 0.106667
vn -0.866025 0.500000 0.000000
f 543/1733/1733 544/1734/1734 568/1735/1735 567/1736/1736
vt 0.023725 0.083333
vn -0.965926 0.258819 0.000000
vt 0.000000 0.083333
vn -1.000000 0.000000 0.000000
vt 0.000000 0.106667
vn -1.000000 0.000000 0.000000
vt 0.023725 0.106667
vn -0.965926 0.258819 0.000000
f 544/1737/1737 521/1738/1738 545/1739/1739 568/1740/1740
usemtl Rubber
v -1.050000 0.000000 -18.000000
v -1.029825 -0.204845 -18.000000
v -0.970074 -0.401818 -18.000000
v -0.873043 -0.583349 -18.000000
v -0.742462 -0.742462 -18.000000
v -0.583349 -0.873043 -18.000000
v -0.401818 -0.970074 -18.000000
v -0.204845 -1.029825 -18.000000
v -0.000000 -1.050000 -18.000000
v 0.204845 -1.029825 -18.000000
v 0.401818 -0.970074 -18.000000
v 0.583349 -0.873043 -18.000000
v 0.742462 -0.742462 -18.000000
v 0.873043 -0.583349 -18.000000
v 0.970074 -0.401818 -18.000000
v 1.029825 -0.204845 -18.000000
v 1.050000 -0.000000 -18.000000
v 1.029825 0.204845 -18.000000
v 0.970074 0.401818 -18.000000
v 0.873043 0.583349 -18.000000
v 0.742462 0.742462 -18.000000
v 0.583349 0.873043 -18.000000
v 0.401818 0.970074 -18.000000
v 0.204845 1.029825 -18.000000
v 0.000000 1.050000 -18.000000
v -0.204845 1.029825 -18.000000
v -0.401818 0.970074 -18.000000
v -0.583349 0.873043 -18.000000
v -0.742462 0.742462 -18.000000
v -0.873043 0.583349 -18.000000
v -0.970074 0.401818 -18.000000
v -1.029825 0.204845 -18.000000
v -0.850000 0.000000 11.000000
v -0.833667 -0.165827 11.000000
v -0.785298 -0.325281 11.000000
v -0.706749 -0.472235 11.000000
v -0.601041 -0.601041 11.000000
v -0.472235 -0.706749 11.000000
v -0.325281 -0.785298 11.000000
v -0.165827 -0.833667 11.000000
v -0.000000 -0.850000 11.000000
v 0.165827 -0.833667 11.000000
v 0.325281 -0.785298 11.000000
v 0.472235 -0.706749 11.000000
v 0.601041 -0.601041 11.000000
v 0.706749 -0.472235 11.000000
v 0.785298 -0.325281 11.000000
v 0.833667 -0.165827 11.000000
v 0.850000 -0.000000 11.000000
v 0.833667 0.165827 11.000000
v 0.785298 0.325281 11.000000
v 0.706749 0.472235 11.000000
v 0.601041 0.601041 11.000000
v 0.472235 0.706749 11.000000
v 0.325281 0.785298 11.000000
v 0.165827 0.833667 11.000000
v 0.000000 0.850000 11.000000
v -0.165827 0.833667 11.000000
v -0.325281 0.785298 11.000000
v -0.472235 0.706749 11.000000
v -0.601041 0.601041 11.000000
v -0.706749 0.472235 11.000000
v -0.785298 0.325281 11.000000
v -0.833667 0.165827 11.000000
vt -0.085819 0.017070
vn 0.000000 0.000000 -1.000000
vt -0.080839 0.033485
vn 0.000000 0.000000 -1.000000
vt -0.072754 0.048612
vn 0.000000 0.000000 -1.000000
vt -0.061872 0.061872
vn 0.000000 0.000000 -1.000000
vt -0.048612 0.072754
vn 0.000000 0.000000 -1.000000
vt -0.033485 0.080839
vn 0.000000 0.000000 -1.000000
vt -0.017070 0.085819
vn 0.000000 0.000000 -1.000000
vt 0.000000 0.087500
vn 0.000000 0.000000 -1.000000
vt 0.017070 0.085819
vn 0.000000 0.000000 -1.000000
vt 0.033485 0.080839
vn 0.000000 0.000000 -1.000000
vt 0.048612 0.072754
vn 0.000000 0.000000 -1.000000
vt 0.061872 0.061872
vn 0.000000 0.000000 -1.000000
vt 0.072754 0.048612
vn 0.000000 0.000000 -1.000000
vt 0.080839 0.033485
vn 0.000000 0.000000 -1.000000
vt 0.085819 0.017070
vn 0.000000 0.000000 -1.000000
vt 0.087500 -0.000000
vn 0.000000 0.000000 -1.000000
vt 0.085819 -0.017070
vn 0.000000 0.000000 -1.000000
vt 0.080839 -0.033485
vn 0.000000 0.000000 -1.000000
vt 0.072754 -0.048612
vn 0.000000 0.000000 -1.000000
vt 0.061872 -0.061872
vn 0.000000 0.000000 -1.000000
vt 0.048612 -0.072754
vn 0.000000 0.000000 -1.000000
vt 0.033485 -0.080839
vn 0.000000 0.000000 -1.000000
vt 0.017070 -0.085819
vn 0.000000 0.000000 -1.000000
vt -0.000000 -0.087500
vn 0.000000 0.000000 -1.000000
vt -0.017070 -0.085819
vn 0.000000 0.000000 -1.000000
vt -0.033485 -0.080839
vn 0.000000 0.000000 -1.000000
vt -0.048612 -0.072754
vn 0.000000 0.000000 -1.000000
vt -0.061872 -0.061872
vn 0.000000 0.000000 -1.000000
vt -0.072754 -0.048612
vn 0.000000 0.000000 -1.000000
vt -0.080839 -0.033485
vn 0.000000 0.000000 -1.000000
vt -0.085819 -0.017070
vn 0.000000 0.000000 -1.000000
vt -0.087500 0.000000
vn 0.000000 0.000000 -1.000000
f 600/1741/1741 599/1742/1742 598/1743/1743 597/1744/1744 596/1745/1745 595/1746/1746 594/1747/1747 593/1748/1748 592/1749/1749 591/1750/1750 590/1751/1751 589/1752/1752 588/1753/1753 587/1754/1754 586/1755/1755 585/1756/1756 584/1757/1757 583/1758/1758 582/1759/1759 581/1760/1760 580/1761/1761 579/1762/1762 578/1763/1763 577/1764/1764 576/1765/1765 575/1766/1766 574/1767/1767 573/1768/1768 572/1769/1769 571/1770/1770 570/1771/1771 569/1772/1772
vt -0.070833 0.000000
vn 0.000000 0.000000 1.000000
vt -0.069472 -0.013819
vn 0.000000 0.000000 1.000000
vt -0.065441 -0.027107
vn 0.000000 0.000000 1.000000
vt -0.058896 -0.039353
vn 0.000000 0.000000 1.000000
vt -0.050087 -0.050087
vn 0.000000 0.000000 1.000000
vt -0.039353 -0.058896
vn 0.000000 0.000000 1.000000
vt -0.027107 -0.065441
vn 0.000000 0.000000 1.000000
vt -0.013819 -0.069472
vn 0.000000 0.000000 1.000000
vt -0.000000 -0.070833
vn 0.000000 0.000000 1.000000
vt 0.013819 -0.069472
vn 0.000000 0.000000 1.000000
vt 0.027107 -0.065441
vn 0.000000 0.000000 1.000000
vt 0.039353 -0.058896
vn 0.000000 0.000000 1.000000
vt 0.050087 -0.050087
vn 0.000000 0.000000 1.000000
vt 0.058896 -0.039353
vn 0.000000 0.000000 1.000000
vt 0.065441 -0.027107
vn 0.000000 0.000000 1.000000
vt 0.069472 -0.013819
vn 0.000000 0.000000 1.000000
vt 0.070833 -0.000000
vn 0.000000 0.000000 1.000000
vt 0.069472 0.013819
vn 0.000000 0.000000 1.000000
vt 0.065441 0.027107
vn 0.000000 0.000000 1.000000
vt 0.058896 0.039353
vn 0.000000 0.000000 1.000000
vt 0.050087 0.050087
vn 0.000000 0.000000 1.000000
vt 0.039353 0.058896
vn 0.000000 0.000000 1.000000
vt 0.027107 0.065441
vn 0.000000 0.000000 1.000000
vt 0.013819 0.069472
vn 0.000000 0.000000 1.000000
vt 0.000000 0.070833
vn 0.000000 0.000000 1.000000
vt -0.013819 0.069472
vn 0.000000 0.000000 1.000000
vt -0.027107 0.065441
vn 0.000000 0.000000 1.000000
vt -0.039353 0.058896
vn 0.000000 0.000000 1.000000
vt -0.050087 0.050087
vn 0.000000 0.000000 1.000000
vt -0.058896 0.039353
vn 0.000000 0.000000 1.000000
vt -0.065441 0.027107
vn 0.000000 0.000000 1.000000
vt -0.069472 0.013819
vn 0.000000 0.000000 1.000000
f 601/1773/1773 602/1774/1774 603/1775/1775 604/1776/1776 605/1777/1777 606/1778/1778 607/1779/1779 608/1780/1780 609/1781/1781 610/1782/1782 611/1783/1783 612/1784/1784 613/1785/1785 614/1786/1786 615/1787/1787 616/1788/1788 617/1789/1789 618/1790/1790 619/1791/1791 620/1792/1792 621/1793/1793 622/1794/1794 623/1795/1795 624/1796/1796 625/1797/1797 626/1798/1798 627/1799/1799 628/1800/1800 629/1801/1801 630/1802/1802 631/1803/1803 632/1804/1804
vt 0.000000 -1.500000
vn -0.999976 0.000000 0.006896
vt -0.017070 -1.500000
vn -0.980762 -0.195086 0.006896
vt -0.013819 0.916667
vn -0.980762 -0.195086 0.006896
vt 0.000000 0.916667
vn -0.999976 0.000000 0.006896
f 569/1805/1805 570/1806/1806 602/1807/1807 601/1808/1808
vt -0.017070 -1.500000
vn -0.980762 -0.195086 0.006896
vt -0.033485 -1.500000
vn -0.923858 -0.382674 0.006896
vt -0.027107 0.916667
vn -0.923858 -0.382674 0.006896
vt -0.013819 0.916667
vn -0.980762 -0.195086 0.006896
f 570/1809/1809 571/1810/1810 603/1811/1811 602/1812/1812
vt -0.033485 -1.500000
vn -0.923858 -0.382674 0.006896
vt -0.048612 -1.500000
vn -0.831450 -0.555557 0.006896
vt -0.039353 0.916667
vn -0.831450 -0.555557 0.006896
vt -0.027107 0.916667
vn -0.923858 -0.382674 0.006896
f 571/1813/1813 572/1814/1814 604/1815/1815 603/1816/1816
vt -0.048612 -1.500000
vn -0.831450 -0.555557 0.006896
vt -0.061872 -1.500000
vn -0.707090 -0.707090 0.006896
vt -0.050087 0.916667
vn -0.707090 -0.707090 0.006896
vt -0.039353 0.916667
vn -0.831450 -0.555557 0.006896
f 572/1817/1817 573/1818/1818 605/1819/1819 604/1820/1820
vt -0.061872 -1.500000
vn -0.707090 -0.707090 0.006896
vt -0.048612 -1.500000
vn -0.555557 -0.831450 0.006896
vt -0.039353 0.916667
vn -0.555557 -0.831450 0.006896
vt -0.050087 0.916667
vn -0.707090 -0.707090 0.006896
f 573/1821/1821 574/1822/1822 606/1823/1823 605/1824/1824
vt -0.048612 -1.500000
vn -0.555557 -0.831450 0.006896
vt -0.033485 -1.500000
vn -0.382674 -0.923858 0.006896
vt -0.027107 0.916667
vn -0.382674 -0.923858 0.006896
vt -0.039353 0.916667
vn -0.555557 -0.831450 0.006896
f 574/1825/1825 575/1826/1826 607/1827/1827 606/1828/1828
vt -0.033485 -1.500000
vn -0.382674 -0.923858 0.006896
vt -0.017070 -1.500000
vn -0.195086 -0.980762 0.006896
vt -0.013819 0.916667
vn -0.195086 -0.980762 0.006896
vt -0.027107 0.916667
vn -0.382674 -0.923858 0.006896
f 575/1829/1829 576/1830/1830 608/1831/1831 607/1832/1832
vt -0.017070 -1.500000
vn -0.195086 -0.980762 0.006896
vt -0.000000 -1.500000
vn 0.000000 -0.999976 0.006896
vt -0.000000 0.916667
vn 0.000000 -0.999976 0.006896
vt -0.013819 0.916667
vn -0.195086 -0.980762 0.006896
f 576/1833/1833 577/1834/1834 609/1835/1835 608/1836/1836
vt -0.000000 -1.500000
vn 0.000000 -0.999976 0.006896
vt 0.017070 -1.500000
vn 0.195086 -0.980762 0.006896
vt 0.013819 0.916667
vn 0.195086 -0.980762 0.006896
vt -0.000000 0.916667
vn 0.000000 -0.999976 0.006896
f 577/1837/1837 578/1838/1838 610/1839/1839 609/1840/1840
vt 0.017070 -1.500000
vn 0.195086 -0.980762 0.006896
vt 0.033485 -1.500000
vn 0.382674 -0.923858 0.006896
vt 0.027107 0.916667
vn 0.382674 -0.923858 0.006896
vt 0.013819 0.916667
vn 0.195086 -0.980762 0.006896
f 578/1841/1841 579/1842/1842 611/1843/1843 610/1844/1844
vt 0.033485 -1.500000
vn 0.382674 -0.923858 0.006896
vt 0.048612 -1.500000
vn 0.555557 -0.831450 0.006896
vt 0.039353 0.916667
vn 0.555557 -0.831450 0.006896
vt 0.027107 0.916667
vn 0.382674 -0.923858 0.006896
f 579/1845/1845 580/1846/1846 612/1847/1847 611/1848/1848
vt 0.048612 -1.500000
vn 0.555557 -0.831450 0.006896
vt 0.061872 -1.500000
vn 0.707090 -0.707090 0.006896
vt 0.050087 0.916667
vn 0.707090 -0.707090 0.006896
vt 0.039353 0.916667
vn 0.555557 -0.831450 0.006896
f 580/1849/1849 581/1850/1850 613/1851/1851 612/1852/1852
vt -0.061872 -1.500000
vn 0.707090 -0.707090 0.006896
vt -0.048612 -1.500000
vn 0.831450 -0.555557 0.006896
vt -0.039353 0.916667
vn 0.831450 -0.555557 0.006896
vt -0.050087 0.916667
vn 0.707090 -0.707090 0.006896
f 581/1853/1853 582/1854/1854 614/1855/1855 613/1856/1856
vt -0.048612 -1.500000
vn 0.831450 -0.555557 0.006896
vt -0.033485 -1.500000
vn 0.923858 -0.382674 0.006896
vt -0.027107 0.916667
vn 0.923858 -0.382674 0.006896
vt -0.039353 0.916667
vn 0.831450 -0.555557 0.006896
f 582/1857/1857 583/1858/1858 615/1859/1859 614/1860/1860
vt -0.033485 -1.500000
vn 0.923858 -0.382674 0.006896
vt -0.017070 -1.500000
vn 0.980762 -0.195086 0.006896
vt -0.013819 0.916667
vn 0.980762 -0.195086 0.006896
vt -0.027107 0.916667
vn 0.923858 -0.382674 0.006896
f 583/1861/1861 584/1862/1862 616/1863/1863 615/1864/1864
vt -0.017070 -1.500000
vn 0.980762 -0.195086 0.006896
vt -0.000000 -1.500000
vn 0.999976 -0.000000 0.006896
vt -0.000000 0.916667
vn 0.999976 -0.000000 0.006896
vt -0.013819 0.916667
vn 0.980762 -0.195086 0.006896
f 584/1865/1865 585/1866/1866 617/1867/1867 616/1868/1868
vt -0.000000 -1.500000
vn 0.999976 -0.000000 0.006896
vt 0.017070 -1.500000
vn 0.980762 0.195086 0.006896
vt 0.013819 0.916667
vn 0.980762 0.195086 0.006896
vt -0.000000 0.916667
vn 0.999976 -0.000000 0.006896
f 585/1869/1869 586/1870/1870 618/1871/1871 617/1872/1872
vt 0.017070 -1.500000
vn 0.980762 0.195086 0.006896
vt 0.033485 -1.500000
vn 0.923858 0.382674 0.006896
vt 0.027107 0.916667
vn 0.923858 0.382674 0.006896
vt 0.013819 0.916667
vn 0.980762 0.195086 0.006896
f 586/1873/1873 587/1874/1874 619/1875/1875 618/1876/1876
vt 0.033485 -1.500000
vn 0.923858 0.382674 0.006896
vt 0.048612 -1.500000
vn 0.831450 0.555557 0.006896
vt 0.039353 0.916667
vn 0.831450 0.555557 0.006896
vt 0.027107 0.916667
vn 0.923858 0.382674 0.006896
f 587/1877/1877 588/1878/1878 620/1879/1879 619/1880/1880
vt 0.048612 -1.500000
vn 0.831450 0.555557 0.006896
vt 0.061872 -1.500000
vn 0.707090 0.707090 0.006896
vt 0.050087 0.916667
vn 0.707090 0.707090 0.006896
vt 0.039353 0.916667
vn 0.831450 0.555557 0.006896
f 588/1881/1881 589/1882/1882 621/1883/1883 620/1884/1884
vt 0.061872 -1.500000
vn 0.707090 0.707090 0.006896
vt 0.048612 -1.500000
vn 0.555557 0.831450 0.006896
vt 0.039353 0.916667
vn 0.555557 0.831450 0.006896
vt 0.050087 0.916667
vn 0.707090 0.707090 0.006896
f 589/1885/1885 590/1886/1886 622/1887/1887 621/1888/1888
vt 0.048612 -1.500000
vn 0.555557 0.831450 0.006896
vt 0.033485 -1.500000
vn 0.382674 0.923858 0.006896
vt 0.027107 0.916667
vn 0.382674 0.923858 0.006896
vt 0.039353 0.916667
vn 0.555557 0.831450 0.006896
f 590/1889/1889 591/1890/1890 623/1891/1891 622/1892/1892
vt 0.033485 -1.500000
vn 0.382674 0.923858 0.006896
vt 0.017070 -1.500000
vn 0.195086 0.980762 0.006896
vt 0.013819 0.916667
vn 0.195086 0.980762 0.006896
vt 0.027107 0.916667
vn 0.382674 0.923858 0.006896
f 591/1893/1893 592/1894/1894 624/1895/1895 623/1896/1896
vt 0.017070 -1.500000
vn 0.195086 0.980762 0.006896
vt 0.000000 -1.500000
vn 0.000000 0.999976 0.006896
vt 0.000000 0.916667
vn 0.000000 0.999976 0.006896
vt 0.013819 0.916667
vn 0.195086 0.980762 0.006896
f 592/1897/1897 593/1898/1898 625/1899/1899 624/1900/1900
vt 0.000000 -1.500000
vn 0.000000 0.999976 0.006896
vt -0.017070 -1.500000
vn -0.195086 0.980762 0.006896
vt -0.013819 0.916667
vn -0.195086 0.980762 0.006896
vt 0.000000 0.916667
vn 0.000000 0.999976 0.006896
f 593/1901/1901 594/1902/1902 626/1903/1903 625/1904/1904
vt -0.017070 -1.500000
vn -0.195086 0.980762 0.006896
vt -0.033485 -1.500000
vn -0.382674 0.923858 0.006896
vt -0.027107 0.916667
vn -0.382674 0.923858 0.006896
vt -0.013819 0.916667
vn -0.195086 0.980762 0.006896
f 594/1905/1905 595/1906/1906 627/1907/1907 626/1908/1908
vt -0.033485 -1.500000
vn -0.382674 0.923858 0.006896
vt -0.048612 -1.500000
vn -0.555557 0.831450 0.006896
vt -0.039353 0.916667
vn -0.555557 0.831450 0.006896
vt -0.027107 0.916667
vn -0.382674 0.923858 0.006896
f 595/1909/1909 596/1910/1910 628/1911/1911 627/1912/1912
vt -0.048612 -1.500000
vn -0.555557 0.831450 0.006896
vt -0.061872 -1.500000
vn -0.707090 0.707090 0.006896
vt -0.050087 0.916667
vn -0.707090 0.707090 0.006896
vt -0.039353 0.916667
vn -0.555557 0.831450 0.006896
f 596/1913/1913 597/1914/1914 629/1915/1915 628/1916/1916
vt 0.061872 -1.500000
vn -0.707090 0.707090 0.006896
vt 0.048612 -1.500000
vn -0.831450 0.555557 0.006896
vt 0.039353 0.916667
vn -0.831450 0.555557 0.006896
vt 0.050087 0.916667
vn -0.707090 0.707090 0.006896
f 597/1917/1917 598/1918/1918 630/1919/1919 629/1920/1920
vt 0.048612 -1.500000
vn -0.831450 0.555557 0.006896
vt 0.033485 -1.500000
vn -0.923858 0.382674 0.006896
vt 0.027107 0.916667
vn -0.923858 0.382674 0.006896
vt 0.039353 0.916667
vn -0.831450 0.555557 0.006896
f 598/1921/1921 599/1922/1922 631/1923/1923 630/1924/1924
vt 0.033485 -1.500000
vn -0.923858 0.382674 0.006896
vt 0.017070 -1.500000
vn -0.980762 0.195086 0.006896
vt 0.013819 0.916667
vn -0.980762 0.195086 0.006896
vt 0.027107 0.916667
vn -0.923858 0.382674 0.006896
f 599/1925/1925 600/1926/1926 632/1927/1927 631/1928/1928
vt 0.017070 -1.500000
vn -0.980762 0.195086 0.006896
vt 0.000000 -1.500000
vn -0.999976 0.000000 0.006896
vt 0.000000 0.916667
vn -0.999976 0.000000 0.006896
vt 0.013819 0.916667
vn -0.980762 0.195086 0.006896
f 600/1929/1929 569/1930/1930 601/1931/1931 632/1932/1932
usemtl Glass
