# Original Crosshair weapon, centimeters, X forward / Z up
mtllib Crosshair.mtl
usemtl Paint
v -6.000000 -2.200000 7.000000
v -6.000000 -2.157728 6.570801
v -6.000000 -2.032535 6.158096
v -6.000000 -1.829233 5.777745
v -6.000000 -1.555635 5.444365
v -6.000000 -1.222255 5.170767
v -6.000000 -0.841904 4.967465
v -6.000000 -0.429199 4.842272
v -6.000000 -0.000000 4.800000
v -6.000000 0.429199 4.842272
v -6.000000 0.841904 4.967465
v -6.000000 1.222255 5.170767
v -6.000000 1.555635 5.444365
v -6.000000 1.829233 5.777745
v -6.000000 2.032535 6.158096
v -6.000000 2.157728 6.570801
v -6.000000 2.200000 7.000000
v -6.000000 2.157728 7.429199
v -6.000000 2.032535 7.841904
v -6.000000 1.829233 8.222255
v -6.000000 1.555635 8.555635
v -6.000000 1.222255 8.829233
v -6.000000 0.841904 9.032535
v -6.000000 0.429199 9.157728
v -6.000000 0.000000 9.200000
v -6.000000 -0.429199 9.157728
v -6.000000 -0.841904 9.032535
v -6.000000 -1.222255 8.829233
v -6.000000 -1.555635 8.555635
v -6.000000 -1.829233 8.222255
v -6.000000 -2.032535 7.841904
v -6.000000 -2.157728 7.429199
v 19.000000 -2.200000 7.000000
v 19.000000 -2.157728 6.570801
v 19.000000 -2.032535 6.158096
v 19.000000 -1.829233 5.777745
v 19.000000 -1.555635 5.444365
v 19.000000 -1.222255 5.170767
v 19.000000 -0.841904 4.967465
v 19.000000 -0.429199 4.842272
v 19.000000 -0.000000 4.800000
v 19.000000 0.429199 4.842272
v 19.000000 0.841904 4.967465
v 19.000000 1.222255 5.170767
v 19.000000 1.555635 5.444365
v 19.000000 1.829233 5.777745
v 19.000000 2.032535 6.158096
v 19.000000 2.157728 6.570801
v 19.000000 2.200000 7.000000
v 19.000000 2.157728 7.429199
v 19.000000 2.032535 7.841904
v 19.000000 1.829233 8.222255
v 19.000000 1.555635 8.555635
v 19.000000 1.222255 8.829233
v 19.000000 0.841904 9.032535
v 19.000000 0.429199 9.157728
v 19.000000 0.000000 9.200000
v 19.000000 -0.429199 9.157728
v 19.000000 -0.841904 9.032535
v 19.000000 -1.222255 8.829233
v 19.000000 -1.555635 8.555635
v 19.000000 -1.829233 8.222255
v 19.000000 -2.032535 7.841904
v 19.000000 -2.157728 7.429199
vt -0.179811 0.619100
vn -1.000000 0.000000 0.000000
vt -0.169378 0.653492
vn -1.000000 0.000000 0.000000
vt -0.152436 0.685188
vn -1.000000 0.000000 0.000000
vt -0.129636 0.712970
vn -1.000000 0.000000 0.000000
vt -0.101855 0.735769
vn -1.000000 0.000000 0.000000
vt -0.070159 0.752711
vn -1.000000 0.000000 0.000000
vt -0.035767 0.763144
vn -1.000000 0.000000 0.000000
vt 0.000000 0.766667
vn -1.000000 0.000000 0.000000
vt 0.035767 0.763144
vn -1.000000 0.000000 0.000000
vt 0.070159 0.752711
vn -1.000000 0.000000 0.000000
vt 0.101855 0.735769
vn -1.000000 0.000000 0.000000
vt 0.129636 0.712970
vn -1.000000 0.000000 0.000000
vt 0.152436 0.685188
vn -1.000000 0.000000 0.000000
vt 0.169378 0.653492
vn -1.000000 0.000000 0.000000
vt 0.179811 0.619100
vn -1.000000 0.000000 0.000000
vt 0.183333 0.583333
vn -1.000000 0.000000 0.000000
vt 0.179811 0.547567
vn -1.000000 0.000000 0.000000
vt 0.169378 0.513175
vn -1.000000 0.000000 0.000000
vt 0.152436 0.481479
vn -1.000000 0.000000 0.000000
vt 0.129636 0.453697
vn -1.000000 0.000000 0.000000
vt 0.101855 0.430897
vn -1.000000 0.000000 0.000000
vt 0.070159 0.413955
vn -1.000000 0.000000 0.000000
vt 0.035767 0.403523
vn -1.000000 0.000000 0.000000
vt -0.000000 0.400000
vn -1.000000 0.000000 0.000000
vt -0.035767 0.403523
vn -1.000000 0.000000 0.000000
vt -0.070159 0.413955
vn -1.000000 0.000000 0.000000
vt -0.101855 0.430897
vn -1.000000 0.000000 0.000000
vt -0.129636 0.453697
vn -1.000000 0.000000 0.000000
vt -0.152436 0.481479
vn -1.000000 0.000000 0.000000
vt -0.169378 0.513175
vn -1.000000 0.000000 0.000000
vt -0.179811 0.547567
vn -1.000000 0.000000 0.000000
vt -0.183333 0.583333
vn -1.000000 0.000000 0.000000
f 32/1/1 31/2/2 30/3/3 29/4/4 28/5/5 27/6/6 26/7/7 25/8/8 24/9/9 23/10/10 22/11/11 21/12/12 20/13/13 19/14/14 18/15/15 17/16/16 16/17/17 15/18/18 14/19/19 13/20/20 12/21/21 11/22/22 10/23/23 9/24/24 8/25/25 7/26/26 6/27/27 5/28/28 4/29/29 3/30/30 2/31/31 1/32/32
vt -0.183333 0.583333
vn 1.000000 0.000000 0.000000
vt -0.179811 0.547567
vn 1.000000 0.000000 0.000000
vt -0.169378 0.513175
vn 1.000000 0.000000 0.000000
vt -0.152436 0.481479
vn 1.000000 0.000000 0.000000
vt -0.129636 0.453697
vn 1.000000 0.000000 0.000000
vt -0.101855 0.430897
vn 1.000000 0.000000 0.000000
vt -0.070159 0.413955
vn 1.000000 0.000000 0.000000
vt -0.035767 0.403523
vn 1.000000 0.000000 0.000000
vt -0.000000 0.400000
vn 1.000000 0.000000 0.000000
vt 0.035767 0.403523
vn 1.000000 0.000000 0.000000
vt 0.070159 0.413955
vn 1.000000 0.000000 0.000000
vt 0.101855 0.430897
vn 1.000000 0.000000 0.000000
vt 0.129636 0.453697
vn 1.000000 0.000000 0.000000
vt 0.152436 0.481479
vn 1.000000 0.000000 0.000000
vt 0.169378 0.513175
vn 1.000000 0.000000 0.000000
vt 0.179811 0.547567
vn 1.000000 0.000000 0.000000
vt 0.183333 0.583333
vn 1.000000 0.000000 0.000000
vt 0.179811 0.619100
vn 1.000000 0.000000 0.000000
vt 0.169378 0.653492
vn 1.000000 0.000000 0.000000
vt 0.152436 0.685188
vn 1.000000 0.000000 0.000000
vt 0.129636 0.712970
vn 1.000000 0.000000 0.000000
vt 0.101855 0.735769
vn 1.000000 0.000000 0.000000
vt 0.070159 0.752711
vn 1.000000 0.000000 0.000000
vt 0.035767 0.763144
vn 1.000000 0.000000 0.000000
vt 0.000000 0.766667
vn 1.000000 0.000000 0.000000
vt -0.035767 0.763144
vn 1.000000 0.000000 0.000000
vt -0.070159 0.752711
vn 1.000000 0.000000 0.000000
vt -0.101855 0.735769
vn 1.000000 0.000000 0.000000
vt -0.129636 0.712970
vn 1.000000 0.000000 0.000000
vt -0.152436 0.685188
vn 1.000000 0.000000 0.000000
vt -0.169378 0.653492
vn 1.000000 0.000000 0.000000
vt -0.179811 0.619100
vn 1.000000 0.000000 0.000000
f 33/33/33 34/34/34 35/35/35 36/36/36 37/37/37 38/38/38 39/39/39 40/40/40 41/41/41 42/42/42 43/43/43 44/44/44 45/45/45 46/46/46 47/47/47 48/48/48 49/49/49 50/50/50 51/51/51 52/52/52 53/53/53 54/54/54 55/55/55 56/56/56 57/57/57 58/58/58 59/59/59 60/60/60 61/61/61 62/62/62 63/63/63 64/64/64
vt -0.500000 0.583333
vn 0.000000 -1.000000 0.000000
vt -0.500000 0.547567
vn 0.000000 -0.980785 -0.195090
vt 1.583333 0.547567
vn 0.000000 -0.980785 -0.195090
vt 1.583333 0.583333
vn 0.000000 -1.000000 0.000000
f 1/65/65 2/66/66 34/67/67 33/68/68
vt -0.500000 0.547567
vn 0.000000 -0.980785 -0.195090
vt -0.500000 0.513175
vn 0.000000 -0.923880 -0.382683
vt 1.583333 0.513175
vn 0.000000 -0.923880 -0.382683
vt 1.583333 0.547567
vn 0.000000 -0.980785 -0.195090
f 2/69/69 3/70/70 35/71/71 34/72/72
vt -0.500000 0.513175
vn 0.000000 -0.923880 -0.382683
vt -0.500000 0.481479
vn 0.000000 -0.831470 -0.555570
vt 1.583333 0.481479
vn 0.000000 -0.831470 -0.555570
vt 1.583333 0.513175
vn 0.000000 -0.923880 -0.382683
f 3/73/73 4/74/74 36/75/75 35/76/76
vt -0.500000 0.481479
vn 0.000000 -0.831470 -0.555570
vt -0.500000 0.453697
vn 0.000000 -0.707107 -0.707107
vt 1.583333 0.453697
vn 0.000000 -0.707107 -0.707107
vt 1.583333 0.481479
vn 0.000000 -0.831470 -0.555570
f 4/77/77 5/78/78 37/79/79 36/80/80
vt -0.500000 -0.129636
vn 0.000000 -0.707107 -0.707107
vt -0.500000 -0.101855
vn 0.000000 -0.555570 -0.831470
vt 1.583333 -0.101855
vn 0.000000 -0.555570 -0.831470
vt 1.583333 -0.129636
vn 0.000000 -0.707107 -0.707107
f 5/81/81 6/82/82 38/83/83 37/84/84
vt -0.500000 -0.101855
vn 0.000000 -0.555570 -0.831470
vt -0.500000 -0.070159
vn 0.000000 -0.382683 -0.923880
vt 1.583333 -0.070159
vn 0.000000 -0.382683 -0.923880
vt 1.583333 -0.101855
vn 0.000000 -0.555570 -0.831470
f 6/85/85 7/86/86 39/87/87 38/88/88
vt -0.500000 -0.070159
vn 0.000000 -0.382683 -0.923880
vt -0.500000 -0.035767
vn 0.000000 -0.195090 -0.980785
vt 1.583333 -0.035767
vn 0.000000 -0.195090 -0.980785
vt 1.583333 -0.070159
vn 0.000000 -0.382683 -0.923880
f 7/89/89 8/90/90 40/91/91 39/92/92
vt -0.500000 -0.035767
vn 0.000000 -0.195090 -0.980785
vt -0.500000 -0.000000
vn 0.000000 0.000000 -1.000000
vt 1.583333 -0.000000
vn 0.000000 0.000000 -1.000000
vt 1.583333 -0.035767
vn 0.000000 -0.195090 -0.980785
f 8/93/93 9/94/94 41/95/95 40/96/96
vt -0.500000 -0.000000
vn 0.000000 0.000000 -1.000000
vt -0.500000 0.035767
vn 0.000000 0.195090 -0.980785
vt 1.583333 0.035767
vn 0.000000 0.195090 -0.980785
vt 1.583333 -0.000000
vn 0.000000 0.000000 -1.000000
f 9/97/97 10/98/98 42/99/99 41/100/100
vt -0.500000 0.035767
vn 0.000000 0.195090 -0.980785
vt -0.500000 0.070159
vn 0.000000 0.382683 -0.923880
vt 1.583333 0.070159
vn 0.000000 0.382683 -0.923880
vt 1.583333 0.035767
vn 0.000000 0.195090 -0.980785
f 10/101/101 11/102/102 43/103/103 42/104/104
vt -0.500000 0.070159
vn 0.000000 0.382683 -0.923880
vt -0.500000 0.101855
vn 0.000000 0.555570 -0.831470
vt 1.583333 0.101855
vn 0.000000 0.555570 -0.831470
vt 1.583333 0.070159
vn 0.000000 0.382683 -0.923880
f 11/105/105 12/106/106 44/107/107 43/108/108
vt -0.500000 0.101855
vn 0.000000 0.555570 -0.831470
vt -0.500000 0.129636
vn 0.000000 0.707107 -0.707107
vt 1.583333 0.129636
vn 0.000000 0.707107 -0.707107
vt 1.583333 0.101855
vn 0.000000 0.555570 -0.831470
f 12/109/109 13/110/110 45/111/111 44/112/112
vt -0.500000 0.453697
vn 0.000000 0.707107 -0.707107
vt -0.500000 0.481479
vn 0.000000 0.831470 -0.555570
vt 1.583333 0.481479
vn 0.000000 0.831470 -0.555570
vt 1.583333 0.453697
vn 0.000000 0.707107 -0.707107
f 13/113/113 14/114/114 46/115/115 45/116/116
vt -0.500000 0.481479
vn 0.000000 0.831470 -0.555570
vt -0.500000 0.513175
vn 0.000000 0.923880 -0.382683
vt 1.583333 0.513175
vn 0.000000 0.923880 -0.382683
vt 1.583333 0.481479
vn 0.000000 0.831470 -0.555570
f 14/117/117 15/118/118 47/119/119 46/120/120
vt -0.500000 0.513175
vn 0.000000 0.923880 -0.382683
vt -0.500000 0.547567
vn 0.000000 0.980785 -0.195090
vt 1.583333 0.547567
vn 0.000000 0.980785 -0.195090
vt 1.583333 0.513175
vn 0.000000 0.923880 -0.382683
f 15/121/121 16/122/122 48/123/123 47/124/124
vt -0.500000 0.547567
vn 0.000000 0.980785 -0.195090
vt -0.500000 0.583333
vn 0.000000 1.000000 0.000000
vt 1.583333 0.583333
vn 0.000000 1.000000 0.000000
vt 1.583333 0.547567
vn 0.000000 0.980785 -0.195090
f 16/125/125 17/126/126 49/127/127 48/128/128
vt -0.500000 0.583333
vn 0.000000 1.000000 0.000000
vt -0.500000 0.619100
vn 0.000000 0.980785 0.195090
vt 1.583333 0.619100
vn 0.000000 0.980785 0.195090
vt 1.583333 0.583333
vn 0.000000 1.000000 0.000000
f 17/129/129 18/130/130 50/131/131 49/132/132
vt -0.500000 0.619100
vn 0.000000 0.980785 0.195090
vt -0.500000 0.653492
vn 0.000000 0.923880 0.382683
vt 1.583333 0.653492
vn 0.000000 0.923880 0.382683
vt 1.583333 0.619100
vn 0.000000 0.980785 0.195090
f 18/133/133 19/134/134 51/135/135 50/136/136
vt -0.500000 0.653492
vn 0.000000 0.923880 0.382683
vt -0.500000 0.685188
vn 0.000000 0.831470 0.555570
vt 1.583333 0.685188
vn 0.000000 0.831470 0.555570
vt 1.583333 0.653492
vn 0.000000 0.923880 0.382683
f 19/137/137 20/138/138 52/139/139 51/140/140
vt -0.500000 0.685188
vn 0.000000 0.831470 0.555570
vt -0.500000 0.712970
vn 0.000000 0.707107 0.707107
vt 1.583333 0.712970
vn 0.000000 0.707107 0.707107
vt 1.583333 0.685188
vn 0.000000 0.831470 0.555570
f 20/141/141 21/142/142 53/143/143 52/144/144
vt -0.500000 0.129636
vn 0.000000 0.707107 0.707107
vt -0.500000 0.101855
vn 0.000000 0.555570 0.831470
vt 1.583333 0.101855
vn 0.000000 0.555570 0.831470
vt 1.583333 0.129636
vn 0.000000 0.707107 0.707107
f 21/145/145 22/146/146 54/147/147 53/148/148
vt -0.500000 0.101855
vn 0.000000 0.555570 0.831470
vt -0.500000 0.070159
vn 0.000000 0.382683 0.923880
vt 1.583333 0.070159
vn 0.000000 0.382683 0.923880
vt 1.583333 0.101855
vn 0.000000 0.555570 0.831470
f 22/149/149 23/150/150 55/151/151 54/152/152
vt -0.500000 0.070159
vn 0.000000 0.382683 0.923880
vt -0.500000 0.035767
vn 0.000000 0.195090 0.980785
vt 1.583333 0.035767
vn 0.000000 0.195090 0.980785
vt 1.583333 0.070159
vn 0.000000 0.382683 0.923880
f 23/153/153 24/154/154 56/155/155 55/156/156
vt -0.500000 0.035767
vn 0.000000 0.195090 0.980785
vt -0.500000 0.000000
vn 0.000000 0.000000 1.000000
vt 1.583333 0.000000
vn 0.000000 0.000000 1.000000
vt 1.583333 0.035767
vn 0.000000 0.195090 0.980785
f 24/157/157 25/158/158 57/159/159 56/160/160
vt -0.500000 0.000000
vn 0.000000 0.000000 1.000000
vt -0.500000 -0.035767
vn 0.000000 -0.195090 0.980785
vt 1.583333 -0.035767
vn 0.000000 -0.195090 0.980785
vt 1.583333 0.000000
vn 0.000000 0.000000 1.000000
f 25/161/161 26/162/162 58/163/163 57/164/164
vt -0.500000 -0.035767
vn 0.000000 -0.195090 0.980785
vt -0.500000 -0.070159
vn 0.000000 -0.382683 0.923880
vt 1.583333 -0.070159
vn 0.000000 -0.382683 0.923880
vt 1.583333 -0.035767
vn 0.000000 -0.195090 0.980785
f 26/165/165 27/166/166 59/167/167 58/168/168
vt -0.500000 -0.070159
vn 0.000000 -0.382683 0.923880
vt -0.500000 -0.101855
vn 0.000000 -0.555570 0.831470
vt 1.583333 -0.101855
vn 0.000000 -0.555570 0.831470
vt 1.583333 -0.070159
vn 0.000000 -0.382683 0.923880
f 27/169/169 28/170/170 60/171/171 59/172/172
vt -0.500000 -0.101855
vn 0.000000 -0.555570 0.831470
vt -0.500000 -0.129636
vn 0.000000 -0.707107 0.707107
vt 1.583333 -0.129636
vn 0.000000 -0.707107 0.707107
vt 1.583333 -0.101855
vn 0.000000 -0.555570 0.831470
f 28/173/173 29/174/174 61/175/175 60/176/176
vt -0.500000 0.712970
vn 0.000000 -0.707107 0.707107
vt -0.500000 0.685188
vn 0.000000 -0.831470 0.555570
vt 1.583333 0.685188
vn 0.000000 -0.831470 0.555570
vt 1.583333 0.712970
vn 0.000000 -0.707107 0.707107
f 29/177/177 30/178/178 62/179/179 61/180/180
vt -0.500000 0.685188
vn 0.000000 -0.831470 0.555570
vt -0.500000 0.653492
vn 0.000000 -0.923880 0.382683
vt 1.583333 0.653492
vn 0.000000 -0.923880 0.382683
vt 1.583333 0.685188
vn 0.000000 -0.831470 0.555570
f 30/181/181 31/182/182 63/183/183 62/184/184
vt -0.500000 0.653492
vn 0.000000 -0.923880 0.382683
vt -0.500000 0.619100
vn 0.000000 -0.980785 0.195090
vt 1.583333 0.619100
vn 0.000000 -0.980785 0.195090
vt 1.583333 0.653492
vn 0.000000 -0.923880 0.382683
f 31/185/185 32/186/186 64/187/187 63/188/188
vt -0.500000 0.619100
vn 0.000000 -0.980785 0.195090
vt -0.500000 0.583333
vn 0.000000 -1.000000 0.000000
vt 1.583333 0.583333
vn 0.000000 -1.000000 0.000000
vt 1.583333 0.619100
vn 0.000000 -0.980785 0.195090
f 32/189/189 1/190/190 33/191/191 64/192/192
v -6.841654 -1.800000 3.022949
v 11.940334 -1.800000 3.022949
v 17.871488 -1.800000 5.000000
v 17.871488 -1.800000 6.977051
v -6.841654 -1.800000 6.977051
v -7.000000 -1.640000 3.000000
v 12.000000 -1.640000 3.000000
v 18.000000 -1.640000 5.000000
v 18.000000 -1.640000 7.000000
v -7.000000 -1.640000 7.000000
v -7.000000 1.640000 3.000000
v 12.000000 1.640000 3.000000
v 18.000000 1.640000 5.000000
v 18.000000 1.640000 7.000000
v -7.000000 1.640000 7.000000
v -6.841654 1.800000 3.022949
v 11.940334 1.800000 3.022949
v 17.871488 1.800000 5.000000
v 17.871488 1.800000 6.977051
v -6.841654 1.800000 6.977051
vt -0.570138 0.251912
vn 0.000000 -1.000000 0.000000
vt 0.995028 0.251912
vn 0.000000 -1.000000 0.000000
vt 1.489291 0.416667
vn 0.000000 -1.000000 0.000000
vt 1.489291 0.581421
vn 0.000000 -1.000000 0.000000
vt -0.570138 0.581421
vn 0.000000 -1.000000 0.000000
f 65/193/193 66/194/194 67/195/195 68/196/196 69/197/197
vt -0.570138 0.581421
vn -0.000000 1.000000 0.000000
vt 1.489291 0.581421
vn -0.000000 1.000000 0.000000
vt 1.489291 0.416667
vn -0.000000 1.000000 0.000000
vt 0.995028 0.251912
vn -0.000000 1.000000 0.000000
vt -0.570138 0.251912
vn -0.000000 1.000000 0.000000
f 84/198/198 83/199/199 82/200/200 81/201/201 80/202/202
vt -0.583333 -0.136667
vn 0.000000 -0.141976 -0.989870
vt 1.000000 -0.136667
vn 0.000000 -0.141976 -0.989870
vt 0.995028 -0.150000
vn 0.000000 -0.141976 -0.989870
vt -0.570138 -0.150000
vn 0.000000 -0.141976 -0.989870
f 70/203/203 71/204/204 66/205/205 65/206/206
vt 1.000000 -0.136667
vn 0.306496 -0.246178 -0.919487
vt 1.500000 -0.136667
vn 0.306496 -0.246178 -0.919487
vt 1.489291 -0.150000
vn 0.306496 -0.246178 -0.919487
vt 0.995028 -0.150000
vn 0.306496 -0.246178 -0.919487
f 71/207/207 72/208/208 67/209/209 66/210/210
vt -0.136667 0.416667
vn 0.779649 -0.626216 0.000000
vt -0.136667 0.583333
vn 0.779649 -0.626216 0.000000
vt -0.150000 0.581421
vn 0.779649 -0.626216 0.000000
vt -0.150000 0.416667
vn 0.779649 -0.626216 0.000000
f 72/211/211 73/212/212 68/213/213 67/214/214
vt 1.500000 -0.136667
vn 0.000000 -0.141976 0.989870
vt -0.583333 -0.136667
vn 0.000000 -0.141976 0.989870
vt -0.570138 -0.150000
vn 0.000000 -0.141976 0.989870
vt 1.489291 -0.150000
vn 0.000000 -0.141976 0.989870
f 73/215/215 74/216/216 69/217/217 68/218/218
vt -0.136667 0.583333
vn -0.710772 -0.703423 -0.000000
vt -0.136667 0.250000
vn -0.710772 -0.703423 -0.000000
vt -0.150000 0.251912
vn -0.710772 -0.703423 -0.000000
vt -0.150000 0.581421
vn -0.710772 -0.703423 -0.000000
f 74/219/219 70/220/220 65/221/221 69/222/222
vt -0.583333 0.136667
vn 0.000000 0.000000 -1.000000
vt 1.000000 0.136667
vn 0.000000 0.000000 -1.000000
vt 1.000000 -0.136667
vn 0.000000 0.000000 -1.000000
vt -0.583333 -0.136667
vn 0.000000 0.000000 -1.000000
f 75/223/223 76/224/224 71/225/225 70/226/226
vt 1.000000 0.136667
vn 0.316228 0.000000 -0.948683
vt 1.500000 0.136667
vn 0.316228 0.000000 -0.948683
vt 1.500000 -0.136667
vn 0.316228 0.000000 -0.948683
vt 1.000000 -0.136667
vn 0.316228 0.000000 -0.948683
f 76/227/227 77/228/228 72/229/229 71/230/230
vt 0.136667 0.416667
vn 1.000000 0.000000 -0.000000
vt 0.136667 0.583333
vn 1.000000 0.000000 -0.000000
vt -0.136667 0.583333
vn 1.000000 0.000000 -0.000000
vt -0.136667 0.416667
vn 1.000000 0.000000 -0.000000
f 77/231/231 78/232/232 73/233/233 72/234/234
vt 1.500000 0.136667
vn 0.000000 0.000000 1.000000
vt -0.583333 0.136667
vn 0.000000 0.000000 1.000000
vt -0.583333 -0.136667
vn 0.000000 0.000000 1.000000
vt 1.500000 -0.136667
vn 0.000000 0.000000 1.000000
f 78/235/235 79/236/236 74/237/237 73/238/238
vt 0.136667 0.583333
vn -1.000000 0.000000 -0.000000
vt 0.136667 0.250000
vn -1.000000 0.000000 -0.000000
vt -0.136667 0.250000
vn -1.000000 0.000000 -0.000000
vt -0.136667 0.583333
vn -1.000000 0.000000 -0.000000
f 79/239/239 75/240/240 70/241/241 74/242/242
vt -0.570138 0.150000
vn 0.000000 0.141976 -0.989870
vt 0.995028 0.150000
vn 0.000000 0.141976 -0.989870
vt 1.000000 0.136667
vn 0.000000 0.141976 -0.989870
vt -0.583333 0.136667
vn 0.000000 0.141976 -0.989870
f 80/243/243 81/244/244 76/245/245 75/246/246
vt 0.995028 0.150000
vn 0.306496 0.246178 -0.919487
vt 1.489291 0.150000
vn 0.306496 0.246178 -0.919487
vt 1.500000 0.136667
vn 0.306496 0.246178 -0.919487
vt 1.000000 0.136667
vn 0.306496 0.246178 -0.919487
f 81/247/247 82/248/248 77/249/249 76/250/250
vt 0.150000 0.416667
vn 0.779649 0.626216 -0.000000
vt 0.150000 0.581421
vn 0.779649 0.626216 -0.000000
vt 0.136667 0.583333
vn 0.779649 0.626216 -0.000000
vt 0.136667 0.416667
vn 0.779649 0.626216 -0.000000
f 82/251/251 83/252/252 78/253/253 77/254/254
vt 1.489291 0.150000
vn 0.000000 0.141976 0.989870
vt -0.570138 0.150000
vn 0.000000 0.141976 0.989870
vt -0.583333 0.136667
vn 0.000000 0.141976 0.989870
vt 1.500000 0.136667
vn 0.000000 0.141976 0.989870
f 83/255/255 84/256/256 79/257/257 78/258/258
vt 0.150000 0.581421
vn -0.710772 0.703423 0.000000
vt 0.150000 0.251912
vn -0.710772 0.703423 0.000000
vt 0.136667 0.250000
vn -0.710772 0.703423 0.000000
vt 0.136667 0.583333
vn -0.710772 0.703423 0.000000
f 84/259/259 80/260/260 75/261/261 79/262/262
v 15.232602 -2.200000 4.084583
v 24.880175 -2.200000 4.566961
v 26.809689 -2.200000 6.014097
v 25.844932 -2.200000 8.425990
v 15.232602 -2.200000 8.908369
v 15.000000 -1.950000 4.000000
v 25.000000 -1.950000 4.500000
v 27.000000 -1.950000 6.000000
v 26.000000 -1.950000 8.500000
v 15.000000 -1.950000 9.000000
v 15.000000 1.950000 4.000000
v 25.000000 1.950000 4.500000
v 27.000000 1.950000 6.000000
v 26.000000 1.950000 8.500000
v 15.000000 1.950000 9.000000
v 15.232602 2.200000 4.084583
v 24.880175 2.200000 4.566961
v 26.809689 2.200000 6.014097
v 25.844932 2.200000 8.425990
v 15.232602 2.200000 8.908369
vt 1.269384 0.340382
vn 0.000000 -1.000000 0.000000
vt 2.073348 0.380580
vn 0.000000 -1.000000 0.000000
vt 2.234141 0.501175
vn 0.000000 -1.000000 0.000000
vt 2.153744 0.702166
vn 0.000000 -1.000000 0.000000
vt 1.269384 0.742364
vn 0.000000 -1.000000 0.000000
f 85/263/263 86/264/264 87/265/265 88/266/266 89/267/267
vt 1.269384 0.742364
vn 0.000000 1.000000 0.000000
vt 2.153744 0.702166
vn 0.000000 1.000000 0.000000
vt 2.234141 0.501175
vn 0.000000 1.000000 0.000000
vt 2.073348 0.380580
vn 0.000000 1.000000 0.000000
vt 1.269384 0.340382
vn 0.000000 1.000000 0.000000
f 104/268/268 103/269/269 102/270/270 101/271/271 100/272/272
vt 1.250000 -0.162500
vn 0.047943 -0.279805 -0.958859
vt 2.083333 -0.162500
vn 0.047943 -0.279805 -0.958859
vt 2.073348 -0.183333
vn 0.047943 -0.279805 -0.958859
vt 1.269384 -0.183333
vn 0.047943 -0.279805 -0.958859
f 90/273/273 91/274/274 86/275/275 85/276/276
vt 2.083333 -0.162500
vn 0.536257 -0.448541 -0.715010
vt 2.250000 -0.162500
vn 0.536257 -0.448541 -0.715010
vt 2.234141 -0.183333
vn 0.536257 -0.448541 -0.715010
vt 2.073348 -0.183333
vn 0.536257 -0.448541 -0.715010
f 91/277/277 92/278/278 87/279/279 86/280/280
vt -0.162500 0.500000
vn 0.765691 -0.565607 0.306277
vt -0.162500 0.708333
vn 0.765691 -0.565607 0.306277
vt -0.183333 0.702166
vn 0.765691 -0.565607 0.306277
vt -0.183333 0.501175
vn 0.765691 -0.565607 0.306277
f 92/281/281 93/282/282 88/283/283 87/284/284
vt 2.166667 -0.162500
vn 0.043198 -0.308138 0.950360
vt 1.250000 -0.162500
vn 0.043198 -0.308138 0.950360
vt 1.269384 -0.183333
vn 0.043198 -0.308138 0.950360
vt 2.153744 -0.183333
vn 0.043198 -0.308138 0.950360
f 93/285/285 94/286/286 89/287/287 88/288/288
vt -0.162500 0.750000
vn -0.732123 -0.681173 -0.000000
vt -0.162500 0.333333
vn -0.732123 -0.681173 -0.000000
vt -0.183333 0.340382
vn -0.732123 -0.681173 -0.000000
vt -0.183333 0.742364
vn -0.732123 -0.681173 -0.000000
f 94/289/289 90/290/290 85/291/291 89/292/292
vt 1.250000 0.162500
vn 0.049938 0.000000 -0.998752
vt 2.083333 0.162500
vn 0.049938 0.000000 -0.998752
vt 2.083333 -0.162500
vn 0.049938 0.000000 -0.998752
vt 1.250000 -0.162500
vn 0.049938 0.000000 -0.998752
f 95/293/293 96/294/294 91/295/295 90/296/296
vt 2.083333 0.162500
vn 0.600000 0.000000 -0.800000
vt 2.250000 0.162500
vn 0.600000 0.000000 -0.800000
vt 2.250000 -0.162500
vn 0.600000 0.000000 -0.800000
vt 2.083333 -0.162500
vn 0.600000 0.000000 -0.800000
f 96/297/297 97/298/298 92/299/299 91/300/300
vt 0.162500 0.500000
vn 0.928477 0.000000 0.371391
vt 0.162500 0.708333
vn 0.928477 0.000000 0.371391
vt -0.162500 0.708333
vn 0.928477 0.000000 0.371391
vt -0.162500 0.500000
vn 0.928477 0.000000 0.371391
f 97/301/301 98/302/302 93/303/303 92/304/304
vt 2.166667 0.162500
vn 0.045408 0.000000 0.998969
vt 1.250000 0.162500
vn 0.045408 0.000000 0.998969
vt 1.250000 -0.162500
vn 0.045408 0.000000 0.998969
vt 2.166667 -0.162500
vn 0.045408 0.000000 0.998969
f 98/305/305 99/306/306 94/307/307 93/308/308
vt 0.162500 0.750000
vn -1.000000 0.000000 -0.000000
vt 0.162500 0.333333
vn -1.000000 0.000000 -0.000000
vt -0.162500 0.333333
vn -1.000000 0.000000 -0.000000
vt -0.162500 0.750000
vn -1.000000 0.000000 -0.000000
f 99/309/309 95/310/310 90/311/311 94/312/312
vt 1.269384 0.183333
vn 0.047943 0.279805 -0.958859
vt 2.073348 0.183333
vn 0.047943 0.279805 -0.958859
vt 2.083333 0.162500
vn 0.047943 0.279805 -0.958859
vt 1.250000 0.162500
vn 0.047943 0.279805 -0.958859
f 100/313/313 101/314/314 96/315/315 95/316/316
vt 2.073348 0.183333
vn 0.536257 0.448541 -0.715010
vt 2.234141 0.183333
vn 0.536257 0.448541 -0.715010
vt 2.250000 0.162500
vn 0.536257 0.448541 -0.715010
vt 2.083333 0.162500
vn 0.536257 0.448541 -0.715010
f 101/317/317 102/318/318 97/319/319 96/320/320
vt 0.183333 0.501175
vn 0.765691 0.565607 0.306277
vt 0.183333 0.702166
vn 0.765691 0.565607 0.306277
vt 0.162500 0.708333
vn 0.765691 0.565607 0.306277
vt 0.162500 0.500000
vn 0.765691 0.565607 0.306277
f 102/321/321 103/322/322 98/323/323 97/324/324
vt 2.153744 0.183333
vn 0.043198 0.308138 0.950360
vt 1.269384 0.183333
vn 0.043198 0.308138 0.950360
vt 1.250000 0.162500
vn 0.043198 0.308138 0.950360
vt 2.166667 0.162500
vn 0.043198 0.308138 0.950360
f 103/325/325 104/326/326 99/327/327 98/328/328
vt 0.183333 0.742364
vn -0.732123 0.681173 0.000000
vt 0.183333 0.340382
vn -0.732123 0.681173 0.000000
vt 0.162500 0.333333
vn -0.732123 0.681173 0.000000
vt 0.162500 0.750000
vn -0.732123 0.681173 0.000000
f 104/329/329 100/330/330 95/331/331 99/332/332
usemtl Metal
v 2.000000 -0.280000 2.000000
v 2.000000 -0.242487 1.860000
v 2.000000 -0.140000 1.757513
v 2.000000 -0.000000 1.720000
v 2.000000 0.140000 1.757513
v 2.000000 0.242487 1.860000
v 2.000000 0.280000 2.000000
v 2.000000 0.242487 2.140000
v 2.000000 0.140000 2.242487
v 2.000000 0.000000 2.280000
v 2.000000 -0.140000 2.242487
v 2.000000 -0.242487 2.140000
v 8.000000 -0.280000 2.000000
v 8.000000 -0.242487 1.860000
v 8.000000 -0.140000 1.757513
v 8.000000 -0.000000 1.720000
v 8.000000 0.140000 1.757513
v 8.000000 0.242487 1.860000
v 8.000000 0.280000 2.000000
v 8.000000 0.242487 2.140000
v 8.000000 0.140000 2.242487
v 8.000000 0.000000 2.280000
v 8.000000 -0.140000 2.242487
v 8.000000 -0.242487 2.140000
vt -0.020207 0.178333
vn -1.000000 0.000000 0.000000
vt -0.011667 0.186874
vn -1.000000 0.000000 0.000000
vt 0.000000 0.190000
vn -1.000000 0.000000 0.000000
vt 0.011667 0.186874
vn -1.000000 0.000000 0.000000
vt 0.020207 0.178333
vn -1.000000 0.000000 0.000000
vt 0.023333 0.166667
vn -1.000000 0.000000 0.000000
vt 0.020207 0.155000
vn -1.000000 0.000000 0.000000
vt 0.011667 0.146459
vn -1.000000 0.000000 0.000000
vt -0.000000 0.143333
vn -1.000000 0.000000 0.000000
vt -0.011667 0.146459
vn -1.000000 0.000000 0.000000
vt -0.020207 0.155000
vn -1.000000 0.000000 0.000000
vt -0.023333 0.166667
vn -1.000000 0.000000 0.000000
f 116/333/333 115/334/334 114/335/335 113/336/336 112/337/337 111/338/338 110/339/339 109/340/340 108/341/341 107/342/342 106/343/343 105/344/344
vt -0.023333 0.166667
vn 1.000000 0.000000 0.000000
vt -0.020207 0.155000
vn 1.000000 0.000000 0.000000
vt -0.011667 0.146459
vn 1.000000 0.000000 0.000000
vt -0.000000 0.143333
vn 1.000000 0.000000 0.000000
vt 0.011667 0.146459
vn 1.000000 0.000000 0.000000
vt 0.020207 0.155000
vn 1.000000 0.000000 0.000000
vt 0.023333 0.166667
vn 1.000000 0.000000 0.000000
vt 0.020207 0.178333
vn 1.000000 0.000000 0.000000
vt 0.011667 0.186874
vn 1.000000 0.000000 0.000000
vt 0.000000 0.190000
vn 1.000000 0.000000 0.000000
vt -0.011667 0.186874
vn 1.000000 0.000000 0.000000
vt -0.020207 0.178333
vn 1.000000 0.000000 0.000000
f 117/345/345 118/346/346 119/347/347 120/348/348 121/349/349 122/350/350 123/351/351 124/352/352 125/353/353 126/354/354 127/355/355 128/356/356
vt 0.166667 0.166667
vn 0.000000 -1.000000 0.000000
vt 0.166667 0.155000
vn 0.000000 -0.866025 -0.500000
vt 0.666667 0.155000
vn 0.000000 -0.866025 -0.500000
vt 0.666667 0.166667
vn 0.000000 -1.000000 0.000000
f 105/357/357 106/358/358 118/359/359 117/360/360
vt 0.166667 0.155000
vn 0.000000 -0.866025 -0.500000
vt 0.166667 0.146459
vn 0.000000 -0.500000 -0.866025
vt 0.666667 0.146459
vn 0.000000 -0.500000 -0.866025
vt 0.666667 0.155000
vn 0.000000 -0.866025 -0.500000
f 106/361/361 107/362/362 119/363/363 118/364/364
vt 0.166667 -0.011667
vn 0.000000 -0.500000 -0.866025
vt 0.166667 -0.000000
vn 0.000000 0.000000 -1.000000
vt 0.666667 -0.000000
vn 0.000000 0.000000 -1.000000
vt 0.666667 -0.011667
vn 0.000000 -0.500000 -0.866025
f 107/365/365 108/366/366 120/367/367 119/368/368
vt 0.166667 -0.000000
vn 0.000000 0.000000 -1.000000
vt 0.166667 0.011667
vn 0.000000 0.500000 -0.866025
vt 0.666667 0.011667
vn 0.000000 0.500000 -0.866025
vt 0.666667 -0.000000
vn 0.000000 0.000000 -1.000000
f 108/369/369 109/370/370 121/371/371 120/372/372
vt 0.166667 0.146459
vn 0.000000 0.500000 -0.866025
vt 0.166667 0.155000
vn 0.000000 0.866025 -0.500000
vt 0.666667 0.155000
vn 0.000000 0.866025 -0.500000
vt 0.666667 0.146459
vn 0.000000 0.500000 -0.866025
f 109/373/373 110/374/374 122/375/375 121/376/376
vt 0.166667 0.155000
vn 0.000000 0.866025 -0.500000
vt 0.166667 0.166667
vn 0.000000 1.000000 -0.000000
vt 0.666667 0.166667
vn 0.000000 1.000000 -0.000000
vt 0.666667 0.155000
vn 0.000000 0.866025 -0.500000
f 110/377/377 111/378/378 123/379/379 122/380/380
vt 0.166667 0.166667
vn 0.000000 1.000000 -0.000000
vt 0.166667 0.178333
vn 0.000000 0.866025 0.500000
vt 0.666667 0.178333
vn 0.000000 0.866025 0.500000
vt 0.666667 0.166667
vn 0.000000 1.000000 -0.000000
f 111/381/381 112/382/382 124/383/383 123/384/384
vt 0.166667 0.020207
vn 0.000000 0.866025 0.500000
vt 0.166667 0.011667
vn 0.000000 0.500000 0.866025
vt 0.666667 0.011667
vn 0.000000 0.500000 0.866025
vt 0.666667 0.020207
vn 0.000000 0.866025 0.500000
f 112/385/385 113/386/386 125/387/387 124/388/388
vt 0.166667 0.011667
vn 0.000000 0.500000 0.866025
vt 0.166667 0.000000
vn 0.000000 0.000000 1.000000
vt 0.666667 0.000000
vn 0.000000 0.000000 1.000000
vt 0.666667 0.011667
vn 0.000000 0.500000 0.866025
f 113/389/389 114/390/390 126/391/391 125/392/392
vt 0.166667 0.000000
vn 0.000000 0.000000 1.000000
vt 0.166667 -0.011667
vn 0.000000 -0.500000 0.866025
vt 0.666667 -0.011667
vn 0.000000 -0.500000 0.866025
vt 0.666667 0.000000
vn 0.000000 0.000000 1.000000
f 114/393/393 115/394/394 127/395/395 126/396/396
vt 0.166667 -0.011667
vn 0.000000 -0.500000 0.866025
vt 0.166667 -0.020207
vn 0.000000 -0.866025 0.500000
vt 0.666667 -0.020207
vn 0.000000 -0.866025 0.500000
vt 0.666667 -0.011667
vn 0.000000 -0.500000 0.866025
f 115/397/397 116/398/398 128/399/399 127/400/400
vt 0.166667 0.178333
vn 0.000000 -0.866025 0.500000
vt 0.166667 0.166667
vn 0.000000 -1.000000 0.000000
vt 0.666667 0.166667
vn 0.000000 -1.000000 0.000000
vt 0.666667 0.178333
vn 0.000000 -0.866025 0.500000
f 116/401/401 105/402/402 117/403/403 128/404/404
v 8.271640 0.000000 2.067910
v 8.235247 -0.140000 2.058812
v 8.135820 -0.242487 2.033955
v 8.000000 -0.280000 2.000000
v 7.864180 -0.242487 1.966045
v 7.764753 -0.140000 1.941188
v 7.728360 -0.000000 1.932090
v 7.764753 0.140000 1.941188
v 7.864180 0.242487 1.966045
v 8.000000 0.280000 2.000000
v 8.135820 0.242487 2.033955
v 8.235247 0.140000 2.058812
v 9.271640 0.000000 -1.932090
v 9.235247 -0.140000 -1.941188
v 9.135820 -0.242487 -1.966045
v 9.000000 -0.280000 -2.000000
v 8.864180 -0.242487 -2.033955
v 8.764753 -0.140000 -2.058812
v 8.728360 -0.000000 -2.067910
v 8.764753 0.140000 -2.058812
v 8.864180 0.242487 -2.033955
v 9.000000 0.280000 -2.000000
v 9.135820 0.242487 -1.966045
v 9.235247 0.140000 -1.941188
vt 0.686271 0.011667
vn -0.242536 0.000000 0.970143
vt 0.677985 0.020207
vn -0.242536 0.000000 0.970143
vt 0.666667 0.023333
vn -0.242536 0.000000 0.970143
vt 0.655348 0.020207
vn -0.242536 0.000000 0.970143
vt 0.647063 0.011667
vn -0.242536 0.000000 0.970143
vt 0.644030 -0.000000
vn -0.242536 0.000000 0.970143
vt 0.647063 -0.011667
vn -0.242536 0.000000 0.970143
vt 0.655348 -0.020207
vn -0.242536 0.000000 0.970143
vt 0.666667 -0.023333
vn -0.242536 0.000000 0.970143
vt 0.677985 -0.020207
vn -0.242536 0.000000 0.970143
vt 0.686271 -0.011667
vn -0.242536 0.000000 0.970143
vt 0.689303 0.000000
vn -0.242536 0.000000 0.970143
f 140/405/405 139/406/406 138/407/407 137/408/408 136/409/409 135/410/410 134/411/411 133/412/412 132/413/413 131/414/414 130/415/415 129/416/416
vt 0.772637 0.000000
vn 0.242536 -0.000000 -0.970143
vt 0.769604 -0.011667
vn 0.242536 -0.000000 -0.970143
vt 0.761318 -0.020207
vn 0.242536 -0.000000 -0.970143
vt 0.750000 -0.023333
vn 0.242536 -0.000000 -0.970143
vt 0.738682 -0.020207
vn 0.242536 -0.000000 -0.970143
vt 0.730396 -0.011667
vn 0.242536 -0.000000 -0.970143
vt 0.727363 -0.000000
vn 0.242536 -0.000000 -0.970143
vt 0.730396 0.011667
vn 0.242536 -0.000000 -0.970143
vt 0.738682 0.020207
vn 0.242536 -0.000000 -0.970143
vt 0.750000 0.023333
vn 0.242536 -0.000000 -0.970143
vt 0.761318 0.020207
vn 0.242536 -0.000000 -0.970143
vt 0.769604 0.011667
vn 0.242536 -0.000000 -0.970143
f 141/417/417 142/418/418 143/419/419 144/420/420 145/421/421 146/422/422 147/423/423 148/424/424 149/425/425 150/426/426 151/427/427 152/428/428
vt 0.000000 0.172326
vn 0.970143 -0.000000 0.242536
vt -0.011667 0.171568
vn 0.840168 -0.500000 0.210042
vt -0.011667 -0.161766
vn 0.840168 -0.500000 0.210042
vt 0.000000 -0.161008
vn 0.970143 -0.000000 0.242536
f 129/429/429 130/430/430 142/431/431 141/432/432
vt 0.686271 0.171568
vn 0.840168 -0.500000 0.210042
vt 0.677985 0.169496
vn 0.485071 -0.866025 0.121268
vt 0.761318 -0.163837
vn 0.485071 -0.866025 0.121268
vt 0.769604 -0.161766
vn 0.840168 -0.500000 0.210042
f 130/433/433 131/434/434 143/435/435 142/436/436
vt 0.677985 0.169496
vn 0.485071 -0.866025 0.121268
vt 0.666667 0.166667
vn 0.000000 -1.000000 0.000000
vt 0.750000 -0.166667
vn 0.000000 -1.000000 0.000000
vt 0.761318 -0.163837
vn 0.485071 -0.866025 0.121268
f 131/437/437 132/438/438 144/439/439 143/440/440
vt 0.666667 0.166667
vn 0.000000 -1.000000 0.000000
vt 0.655348 0.163837
vn -0.485071 -0.866025 -0.121268
vt 0.738682 -0.169496
vn -0.485071 -0.866025 -0.121268
vt 0.750000 -0.166667
vn 0.000000 -1.000000 0.000000
f 132/441/441 133/442/442 145/443/443 144/444/444
vt 0.655348 0.163837
vn -0.485071 -0.866025 -0.121268
vt 0.647063 0.161766
vn -0.840168 -0.500000 -0.210042
vt 0.730396 -0.171568
vn -0.840168 -0.500000 -0.210042
vt 0.738682 -0.169496
vn -0.485071 -0.866025 -0.121268
f 133/445/445 134/446/446 146/447/447 145/448/448
vt -0.011667 0.161766
vn -0.840168 -0.500000 -0.210042
vt -0.000000 0.161008
vn -0.970143 0.000000 -0.242536
vt -0.000000 -0.172326
vn -0.970143 0.000000 -0.242536
vt -0.011667 -0.171568
vn -0.840168 -0.500000 -0.210042
f 134/449/449 135/450/450 147/451/451 146/452/452
vt -0.000000 0.161008
vn -0.970143 0.000000 -0.242536
vt 0.011667 0.161766
vn -0.840168 0.500000 -0.210042
vt 0.011667 -0.171568
vn -0.840168 0.500000 -0.210042
vt -0.000000 -0.172326
vn -0.970143 0.000000 -0.242536
f 135/453/453 136/454/454 148/455/455 147/456/456
vt 0.647063 0.161766
vn -0.840168 0.500000 -0.210042
vt 0.655348 0.163837
vn -0.485071 0.866025 -0.121268
vt 0.738682 -0.169496
vn -0.485071 0.866025 -0.121268
vt 0.730396 -0.171568
vn -0.840168 0.500000 -0.210042
f 136/457/457 137/458/458 149/459/459 148/460/460
vt 0.655348 0.163837
vn -0.485071 0.866025 -0.121268
vt 0.666667 0.166667
vn -0.000000 1.000000 -0.000000
vt 0.750000 -0.166667
vn -0.000000 1.000000 -0.000000
vt 0.738682 -0.169496
vn -0.485071 0.866025 -0.121268
f 137/461/461 138/462/462 150/463/463 149/464/464
vt 0.666667 0.166667
vn -0.000000 1.000000 -0.000000
vt 0.677985 0.169496
vn 0.485071 0.866025 0.121268
vt 0.761318 -0.163837
vn 0.485071 0.866025 0.121268
vt 0.750000 -0.166667
vn -0.000000 1.000000 -0.000000
f 138/465/465 139/466/466 151/467/467 150/468/468
vt 0.677985 0.169496
vn 0.485071 0.866025 0.121268
vt 0.686271 0.171568
vn 0.840168 0.500000 0.210042
vt 0.769604 -0.161766
vn 0.840168 0.500000 0.210042
vt 0.761318 -0.163837
vn 0.485071 0.866025 0.121268
f 139/469/469 140/470/470 152/471/471 151/472/472
vt 0.011667 0.171568
vn 0.840168 0.500000 0.210042
vt 0.000000 0.172326
vn 0.970143 -0.000000 0.242536
vt 0.000000 -0.161008
vn 0.970143 -0.000000 0.242536
vt 0.011667 -0.161766
vn 0.840168 0.500000 0.210042
f 140/473/473 129/474/474 141/475/475 152/476/476
v 9.000000 0.280000 -2.000000
v 9.077658 0.242487 -2.116487
v 9.134508 0.140000 -2.201761
v 9.155316 0.000000 -2.232974
v 9.134508 -0.140000 -2.201761
v 9.077658 -0.242487 -2.116487
v 9.000000 -0.280000 -2.000000
v 8.922342 -0.242487 -1.883513
v 8.865492 -0.140000 -1.798239
v 8.844684 -0.000000 -1.767026
v 8.865492 0.140000 -1.798239
v 8.922342 0.242487 -1.883513
v 6.000000 0.280000 -4.000000
v 6.077658 0.242487 -4.116487
v 6.134508 0.140000 -4.201761
v 6.155316 0.000000 -4.232974
v 6.134508 -0.140000 -4.201761
v 6.077658 -0.242487 -4.116487
v 6.000000 -0.280000 -4.000000
v 5.922342 -0.242487 -3.883513
v 5.865492 -0.140000 -3.798239
v 5.844684 -0.000000 -3.767026
v 5.865492 0.140000 -3.798239
v 5.922342 0.242487 -3.883513
vt 0.020207 -0.156959
vn 0.832050 -0.000000 0.554700
vt 0.011667 -0.149853
vn 0.832050 -0.000000 0.554700
vt -0.000000 -0.147252
vn 0.832050 -0.000000 0.554700
vt -0.011667 -0.149853
vn 0.832050 -0.000000 0.554700
vt -0.020207 -0.156959
vn 0.832050 -0.000000 0.554700
vt -0.023333 -0.166667
vn 0.832050 -0.000000 0.554700
vt -0.020207 -0.176374
vn 0.832050 -0.000000 0.554700
vt -0.011667 -0.183480
vn 0.832050 -0.000000 0.554700
vt 0.000000 -0.186081
vn 0.832050 -0.000000 0.554700
vt 0.011667 -0.183480
vn 0.832050 -0.000000 0.554700
vt 0.020207 -0.176374
vn 0.832050 -0.000000 0.554700
vt 0.023333 -0.166667
vn 0.832050 -0.000000 0.554700
f 164/477/477 163/478/478 162/479/479 161/480/480 160/481/481 159/482/482 158/483/483 157/484/484 156/485/485 155/486/486 154/487/487 153/488/488
vt 0.023333 -0.333333
vn -0.832050 0.000000 -0.554700
vt 0.020207 -0.343041
vn -0.832050 0.000000 -0.554700
vt 0.011667 -0.350147
vn -0.832050 0.000000 -0.554700
vt 0.000000 -0.352748
vn -0.832050 0.000000 -0.554700
vt -0.011667 -0.350147
vn -0.832050 0.000000 -0.554700
vt -0.020207 -0.343041
vn -0.832050 0.000000 -0.554700
vt -0.023333 -0.333333
vn -0.832050 0.000000 -0.554700
vt -0.020207 -0.323626
vn -0.832050 0.000000 -0.554700
vt -0.011667 -0.316520
vn -0.832050 0.000000 -0.554700
vt -0.000000 -0.313919
vn -0.832050 0.000000 -0.554700
vt 0.011667 -0.316520
vn -0.832050 0.000000 -0.554700
vt 0.020207 -0.323626
vn -0.832050 0.000000 -0.554700
f 165/489/489 166/490/490 167/491/491 168/492/492 169/493/493 170/494/494 171/495/495 172/496/496 173/497/497 174/498/498 175/499/499 176/500/500
vt 0.750000 -0.166667
vn -0.000000 1.000000 0.000000
vt 0.756472 -0.176374
vn 0.277350 0.866025 -0.416025
vt 0.506472 -0.343041
vn 0.277350 0.866025 -0.416025
vt 0.500000 -0.333333
vn -0.000000 1.000000 0.000000
f 153/501/501 154/502/502 166/503/503 165/504/504
vt 0.756472 -0.176374
vn 0.277350 0.866025 -0.416025
vt 0.761209 -0.183480
vn 0.480384 0.500000 -0.720577
vt 0.511209 -0.350147
vn 0.480384 0.500000 -0.720577
vt 0.506472 -0.343041
vn 0.277350 0.866025 -0.416025
f 154/505/505 155/506/506 167/507/507 166/508/508
vt 0.761209 0.011667
vn 0.480384 0.500000 -0.720577
vt 0.762943 0.000000
vn 0.554700 -0.000000 -0.832050
vt 0.512943 0.000000
vn 0.554700 -0.000000 -0.832050
vt 0.511209 0.011667
vn 0.480384 0.500000 -0.720577
f 155/509/509 156/510/510 168/511/511 167/512/512
vt 0.762943 0.000000
vn 0.554700 -0.000000 -0.832050
vt 0.761209 -0.011667
vn 0.480384 -0.500000 -0.720577
vt 0.511209 -0.011667
vn 0.480384 -0.500000 -0.720577
vt 0.512943 0.000000
vn 0.554700 -0.000000 -0.832050
f 156/513/513 157/514/514 169/515/515 168/516/516
vt 0.761209 -0.183480
vn 0.480384 -0.500000 -0.720577
vt 0.756472 -0.176374
vn 0.277350 -0.866025 -0.416025
vt 0.506472 -0.343041
vn 0.277350 -0.866025 -0.416025
vt 0.511209 -0.350147
vn 0.480384 -0.500000 -0.720577
f 157/517/517 158/518/518 170/519/519 169/520/520
vt 0.756472 -0.176374
vn 0.277350 -0.866025 -0.416025
vt 0.750000 -0.166667
vn 0.000000 -1.000000 -0.000000
vt 0.500000 -0.333333
vn 0.000000 -1.000000 -0.000000
vt 0.506472 -0.343041
vn 0.277350 -0.866025 -0.416025
f 158/521/521 159/522/522 171/523/523 170/524/524
vt 0.750000 -0.166667
vn 0.000000 -1.000000 -0.000000
vt 0.743528 -0.156959
vn -0.277350 -0.866025 0.416025
vt 0.493528 -0.323626
vn -0.277350 -0.866025 0.416025
vt 0.500000 -0.333333
vn 0.000000 -1.000000 -0.000000
f 159/525/525 160/526/526 172/527/527 171/528/528
vt 0.743528 -0.156959
vn -0.277350 -0.866025 0.416025
vt 0.738791 -0.149853
vn -0.480384 -0.500000 0.720577
vt 0.488791 -0.316520
vn -0.480384 -0.500000 0.720577
vt 0.493528 -0.323626
vn -0.277350 -0.866025 0.416025
f 160/529/529 161/530/530 173/531/531 172/532/532
vt 0.738791 -0.011667
vn -0.480384 -0.500000 0.720577
vt 0.737057 -0.000000
vn -0.554700 -0.000000 0.832050
vt 0.487057 -0.000000
vn -0.554700 -0.000000 0.832050
vt 0.488791 -0.011667
vn -0.480384 -0.500000 0.720577
f 161/533/533 162/534/534 174/535/535 173/536/536
vt 0.737057 -0.000000
vn -0.554700 -0.000000 0.832050
vt 0.738791 0.011667
vn -0.480384 0.500000 0.720577
vt 0.488791 0.011667
vn -0.480384 0.500000 0.720577
vt 0.487057 -0.000000
vn -0.554700 -0.000000 0.832050
f 162/537/537 163/538/538 175/539/539 174/540/540
vt 0.738791 -0.149853
vn -0.480384 0.500000 0.720577
vt 0.743528 -0.156959
vn -0.277350 0.866025 0.416025
vt 0.493528 -0.323626
vn -0.277350 0.866025 0.416025
vt 0.488791 -0.316520
vn -0.480384 0.500000 0.720577
f 163/541/541 164/542/542 176/543/543 175/544/544
vt 0.743528 -0.156959
vn -0.277350 0.866025 0.416025
vt 0.750000 -0.166667
vn -0.000000 1.000000 0.000000
vt 0.500000 -0.333333
vn -0.000000 1.000000 0.000000
vt 0.493528 -0.323626
vn -0.277350 0.866025 0.416025
f 164/545/545 153/546/546 165/547/547 176/548/548
v 6.000000 0.280000 -4.000000
v 5.966045 0.242487 -4.135820
v 5.941188 0.140000 -4.235247
v 5.932090 0.000000 -4.271640
v 5.941188 -0.140000 -4.235247
v 5.966045 -0.242487 -4.135820
v 6.000000 -0.280000 -4.000000
v 6.033955 -0.242487 -3.864180
v 6.058812 -0.140000 -3.764753
v 6.067910 -0.000000 -3.728360
v 6.058812 0.140000 -3.764753
v 6.033955 0.242487 -3.864180
v 2.000000 0.280000 -3.000000
v 1.966045 0.242487 -3.135820
v 1.941188 0.140000 -3.235247
v 1.932090 0.000000 -3.271640
v 1.941188 -0.140000 -3.235247
v 1.966045 -0.242487 -3.135820
v 2.000000 -0.280000 -3.000000
v 2.033955 -0.242487 -2.864180
v 2.058812 -0.140000 -2.764753
v 2.067910 -0.000000 -2.728360
v 2.058812 0.140000 -2.764753
v 2.033955 0.242487 -2.864180
vt 0.020207 -0.322015
vn 0.970143 0.000000 -0.242536
vt 0.011667 -0.313729
vn 0.970143 0.000000 -0.242536
vt -0.000000 -0.310697
vn 0.970143 0.000000 -0.242536
vt -0.011667 -0.313729
vn 0.970143 0.000000 -0.242536
vt -0.020207 -0.322015
vn 0.970143 0.000000 -0.242536
vt -0.023333 -0.333333
vn 0.970143 0.000000 -0.242536
vt -0.020207 -0.344652
vn 0.970143 0.000000 -0.242536
vt -0.011667 -0.352937
vn 0.970143 0.000000 -0.242536
vt 0.000000 -0.355970
vn 0.970143 0.000000 -0.242536
vt 0.011667 -0.352937
vn 0.970143 0.000000 -0.242536
vt 0.020207 -0.344652
vn 0.970143 0.000000 -0.242536
vt 0.023333 -0.333333
vn 0.970143 0.000000 -0.242536
f 188/549/549 187/550/550 186/551/551 185/552/552 184/553/553 183/554/554 182/555/555 181/556/556 180/557/557 179/558/558 178/559/559 177/560/560
vt 0.023333 -0.250000
vn -0.970143 0.000000 0.242536
vt 0.020207 -0.261318
vn -0.970143 0.000000 0.242536
vt 0.011667 -0.269604
vn -0.970143 0.000000 0.242536
vt 0.000000 -0.272637
vn -0.970143 0.000000 0.242536
vt -0.011667 -0.269604
vn -0.970143 0.000000 0.242536
vt -0.020207 -0.261318
vn -0.970143 0.000000 0.242536
vt -0.023333 -0.250000
vn -0.970143 0.000000 0.242536
vt -0.020207 -0.238682
vn -0.970143 0.000000 0.242536
vt -0.011667 -0.230396
vn -0.970143 0.000000 0.242536
vt -0.000000 -0.227363
vn -0.970143 0.000000 0.242536
vt 0.011667 -0.230396
vn -0.970143 0.000000 0.242536
vt 0.020207 -0.238682
vn -0.970143 0.000000 0.242536
f 189/561/561 190/562/562 191/563/563 192/564/564 193/565/565 194/566/566 195/567/567 196/568/568 197/569/569 198/570/570 199/571/571 200/572/572
vt 0.500000 -0.333333
vn 0.000000 1.000000 0.000000
vt 0.497170 -0.344652
vn -0.121268 0.866025 -0.485071
vt 0.163837 -0.261318
vn -0.121268 0.866025 -0.485071
vt 0.166667 -0.250000
vn 0.000000 1.000000 0.000000
f 177/573/573 178/574/574 190/575/575 189/576/576
vt 0.497170 -0.344652
vn -0.121268 0.866025 -0.485071
vt 0.495099 -0.352937
vn -0.210042 0.500000 -0.840168
vt 0.161766 -0.269604
vn -0.210042 0.500000 -0.840168
vt 0.163837 -0.261318
vn -0.121268 0.866025 -0.485071
f 178/577/577 179/578/578 191/579/579 190/580/580
vt 0.495099 0.011667
vn -0.210042 0.500000 -0.840168
vt 0.494341 0.000000
vn -0.242536 0.000000 -0.970143
vt 0.161008 0.000000
vn -0.242536 0.000000 -0.970143
vt 0.161766 0.011667
vn -0.210042 0.500000 -0.840168
f 179/581/581 180/582/582 192/583/583 191/584/584
vt 0.494341 0.000000
vn -0.242536 0.000000 -0.970143
vt 0.495099 -0.011667
vn -0.210042 -0.500000 -0.840168
vt 0.161766 -0.011667
vn -0.210042 -0.500000 -0.840168
vt 0.161008 0.000000
vn -0.242536 0.000000 -0.970143
f 180/585/585 181/586/586 193/587/587 192/588/588
vt 0.495099 -0.352937
vn -0.210042 -0.500000 -0.840168
vt 0.497170 -0.344652
vn -0.121268 -0.866025 -0.485071
vt 0.163837 -0.261318
vn -0.121268 -0.866025 -0.485071
vt 0.161766 -0.269604
vn -0.210042 -0.500000 -0.840168
f 181/589/589 182/590/590 194/591/591 193/592/592
vt 0.497170 -0.344652
vn -0.121268 -0.866025 -0.485071
vt 0.500000 -0.333333
vn -0.000000 -1.000000 -0.000000
vt 0.166667 -0.250000
vn -0.000000 -1.000000 -0.000000
vt 0.163837 -0.261318
vn -0.121268 -0.866025 -0.485071
f 182/593/593 183/594/594 195/595/595 194/596/596
vt 0.500000 -0.333333
vn -0.000000 -1.000000 -0.000000
vt 0.502830 -0.322015
vn 0.121268 -0.866025 0.485071
vt 0.169496 -0.238682
vn 0.121268 -0.866025 0.485071
vt 0.166667 -0.250000
vn -0.000000 -1.000000 -0.000000
f 183/597/597 184/598/598 196/599/599 195/600/600
vt 0.502830 -0.322015
vn 0.121268 -0.866025 0.485071
vt 0.504901 -0.313729
vn 0.210042 -0.500000 0.840168
vt 0.171568 -0.230396
vn 0.210042 -0.500000 0.840168
vt 0.169496 -0.238682
vn 0.121268 -0.866025 0.485071
f 184/601/601 185/602/602 197/603/603 196/604/604
vt 0.504901 -0.011667
vn 0.210042 -0.500000 0.840168
vt 0.505659 -0.000000
vn 0.242536 0.000000 0.970143
vt 0.172326 -0.000000
vn 0.242536 0.000000 0.970143
vt 0.171568 -0.011667
vn 0.210042 -0.500000 0.840168
f 185/605/605 186/606/606 198/607/607 197/608/608
vt 0.505659 -0.000000
vn 0.242536 0.000000 0.970143
vt 0.504901 0.011667
vn 0.210042 0.500000 0.840168
vt 0.171568 0.011667
vn 0.210042 0.500000 0.840168
vt 0.172326 -0.000000
vn 0.242536 0.000000 0.970143
f 186/609/609 187/610/610 199/611/611 198/612/612
vt 0.504901 -0.313729
vn 0.210042 0.500000 0.840168
vt 0.502830 -0.322015
vn 0.121268 0.866025 0.485071
vt 0.169496 -0.238682
vn 0.121268 0.866025 0.485071
vt 0.171568 -0.230396
vn 0.210042 0.500000 0.840168
f 187/613/613 188/614/614 200/615/615 199/616/616
vt 0.502830 -0.322015
vn 0.121268 0.866025 0.485071
vt 0.500000 -0.333333
vn 0.000000 1.000000 0.000000
vt 0.166667 -0.250000
vn 0.000000 1.000000 0.000000
vt 0.169496 -0.238682
vn 0.121268 0.866025 0.485071
f 188/617/617 177/618/618 189/619/619 200/620/620
v 1.720000 0.000000 -3.000000
v 1.757513 -0.140000 -3.000000
v 1.860000 -0.242487 -3.000000
v 2.000000 -0.280000 -3.000000
v 2.140000 -0.242487 -3.000000
v 2.242487 -0.140000 -3.000000
v 2.280000 -0.000000 -3.000000
v 2.242487 0.140000 -3.000000
v 2.140000 0.242487 -3.000000
v 2.000000 0.280000 -3.000000
v 1.860000 0.242487 -3.000000
v 1.757513 0.140000 -3.000000
v 1.720000 0.000000 2.000000
v 1.757513 -0.140000 2.000000
v 1.860000 -0.242487 2.000000
v 2.000000 -0.280000 2.000000
v 2.140000 -0.242487 2.000000
v 2.242487 -0.140000 2.000000
v 2.280000 -0.000000 2.000000
v 2.242487 0.140000 2.000000
v 2.140000 0.242487 2.000000
v 2.000000 0.280000 2.000000
v 1.860000 0.242487 2.000000
v 1.757513 0.140000 2.000000
vt 0.146459 0.011667
vn 0.000000 0.000000 -1.000000
vt 0.155000 0.020207
vn 0.000000 0.000000 -1.000000
vt 0.166667 0.023333
vn 0.000000 0.000000 -1.000000
vt 0.178333 0.020207
vn 0.000000 0.000000 -1.000000
vt 0.186874 0.011667
vn 0.000000 0.000000 -1.000000
vt 0.190000 -0.000000
vn 0.000000 0.000000 -1.000000
vt 0.186874 -0.011667
vn 0.000000 0.000000 -1.000000
vt 0.178333 -0.020207
vn 0.000000 0.000000 -1.000000
vt 0.166667 -0.023333
vn 0.000000 0.000000 -1.000000
vt 0.155000 -0.020207
vn 0.000000 0.000000 -1.000000
vt 0.146459 -0.011667
vn 0.000000 0.000000 -1.000000
vt 0.143333 0.000000
vn 0.000000 0.000000 -1.000000
f 212/621/621 211/622/622 210/623/623 209/624/624 208/625/625 207/626/626 206/627/627 205/628/628 204/629/629 203/630/630 202/631/631 201/632/632
vt 0.143333 0.000000
vn 0.000000 0.000000 1.000000
vt 0.146459 -0.011667
vn 0.000000 0.000000 1.000000
vt 0.155000 -0.020207
vn 0.000000 0.000000 1.000000
vt 0.166667 -0.023333
vn 0.000000 0.000000 1.000000
vt 0.178333 -0.020207
vn 0.000000 0.000000 1.000000
vt 0.186874 -0.011667
vn 0.000000 0.000000 1.000000
vt 0.190000 -0.000000
vn 0.000000 0.000000 1.000000
vt 0.186874 0.011667
vn 0.000000 0.000000 1.000000
vt 0.178333 0.020207
vn 0.000000 0.000000 1.000000
vt 0.166667 0.023333
vn 0.000000 0.000000 1.000000
vt 0.155000 0.020207
vn 0.000000 0.000000 1.000000
vt 0.146459 0.011667
vn 0.000000 0.000000 1.000000
f 213/633/633 214/634/634 215/635/635 216/636/636 217/637/637 218/638/638 219/639/639 220/640/640 221/641/641 222/642/642 223/643/643 224/644/644
vt 0.000000 -0.250000
vn -1.000000 0.000000 0.000000
vt -0.011667 -0.250000
vn -0.866025 -0.500000 0.000000
vt -0.011667 0.166667
vn -0.866025 -0.500000 0.000000
vt 0.000000 0.166667
vn -1.000000 0.000000 0.000000
f 201/645/645 202/646/646 214/647/647 213/648/648
vt -0.011667 -0.250000
vn -0.866025 -0.500000 0.000000
vt -0.020207 -0.250000
vn -0.500000 -0.866025 0.000000
vt -0.020207 0.166667
vn -0.500000 -0.866025 0.000000
vt -0.011667 0.166667
vn -0.866025 -0.500000 0.000000
f 202/649/649 203/650/650 215/651/651 214/652/652
vt 0.155000 -0.250000
vn -0.500000 -0.866025 0.000000
vt 0.166667 -0.250000
vn -0.000000 -1.000000 0.000000
vt 0.166667 0.166667
vn -0.000000 -1.000000 0.000000
vt 0.155000 0.166667
vn -0.500000 -0.866025 0.000000
f 203/653/653 204/654/654 216/655/655 215/656/656
vt 0.166667 -0.250000
vn -0.000000 -1.000000 0.000000
vt 0.178333 -0.250000
vn 0.500000 -0.866025 0.000000
vt 0.178333 0.166667
vn 0.500000 -0.866025 0.000000
vt 0.166667 0.166667
vn -0.000000 -1.000000 0.000000
f 204/657/657 205/658/658 217/659/659 216/660/660
vt -0.020207 -0.250000
vn 0.500000 -0.866025 0.000000
vt -0.011667 -0.250000
vn 0.866025 -0.500000 0.000000
vt -0.011667 0.166667
vn 0.866025 -0.500000 0.000000
vt -0.020207 0.166667
vn 0.500000 -0.866025 0.000000
f 205/661/661 206/662/662 218/663/663 217/664/664
vt -0.011667 -0.250000
vn 0.866025 -0.500000 0.000000
vt -0.000000 -0.250000
vn 1.000000 -0.000000 0.000000
vt -0.000000 0.166667
vn 1.000000 -0.000000 0.000000
vt -0.011667 0.166667
vn 0.866025 -0.500000 0.000000
f 206/665/665 207/666/666 219/667/667 218/668/668
vt -0.000000 -0.250000
vn 1.000000 -0.000000 0.000000
vt 0.011667 -0.250000
vn 0.866025 0.500000 0.000000
vt 0.011667 0.166667
vn 0.866025 0.500000 0.000000
vt -0.000000 0.166667
vn 1.000000 -0.000000 0.000000
f 207/669/669 208/670/670 220/671/671 219/672/672
vt 0.186874 -0.250000
vn 0.866025 0.500000 0.000000
vt 0.178333 -0.250000
vn 0.500000 0.866025 0.000000
vt 0.178333 0.166667
vn 0.500000 0.866025 0.000000
vt 0.186874 0.166667
vn 0.866025 0.500000 0.000000
f 208/673/673 209/674/674 221/675/675 220/676/676
vt 0.178333 -0.250000
vn 0.500000 0.866025 0.000000
vt 0.166667 -0.250000
vn 0.000000 1.000000 0.000000
vt 0.166667 0.166667
vn 0.000000 1.000000 0.000000
vt 0.178333 0.166667
vn 0.500000 0.866025 0.000000
f 209/677/677 210/678/678 222/679/679 221/680/680
vt 0.166667 -0.250000
vn 0.000000 1.000000 0.000000
vt 0.155000 -0.250000
vn -0.500000 0.866025 0.000000
vt 0.155000 0.166667
vn -0.500000 0.866025 0.000000
vt 0.166667 0.166667
vn 0.000000 1.000000 0.000000
f 210/681/681 211/682/682 223/683/683 222/684/684
vt 0.020207 -0.250000
vn -0.500000 0.866025 0.000000
vt 0.011667 -0.250000
vn -0.866025 0.500000 0.000000
vt 0.011667 0.166667
vn -0.866025 0.500000 0.000000
vt 0.020207 0.166667
vn -0.500000 0.866025 0.000000
f 211/685/685 212/686/686 224/687/687 223/688/688
vt 0.011667 -0.250000
vn -0.866025 0.500000 0.000000
vt 0.000000 -0.250000
vn -1.000000 0.000000 0.000000
vt 0.000000 0.166667
vn -1.000000 0.000000 0.000000
vt 0.011667 0.166667
vn -0.866025 0.500000 0.000000
f 212/689/689 201/690/690 213/691/691 224/692/692
v 5.218908 0.000000 1.978109
v 5.189580 -0.110000 1.981042
v 5.109454 -0.190526 1.989055
v 5.000000 -0.220000 2.000000
v 4.890546 -0.190526 2.010945
v 4.810420 -0.110000 2.018958
v 4.781092 -0.000000 2.021891
v 4.810420 0.110000 2.018958
v 4.890546 0.190526 2.010945
v 5.000000 0.220000 2.000000
v 5.109454 0.190526 1.989055
v 5.189580 0.110000 1.981042
v 4.918908 0.000000 -1.021891
v 4.889580 -0.110000 -1.018958
v 4.809454 -0.190526 -1.010945
v 4.700000 -0.220000 -1.000000
v 4.590546 -0.190526 -0.989055
v 4.510420 -0.110000 -0.981042
v 4.481092 -0.000000 -0.978109
v 4.510420 0.110000 -0.981042
v 4.590546 0.190526 -0.989055
v 4.700000 0.220000 -1.000000
v 4.809454 0.190526 -1.010945
v 4.889580 0.110000 -1.018958
vt 0.432465 0.009167
vn 0.099504 -0.000000 0.995037
vt 0.425788 0.015877
vn 0.099504 -0.000000 0.995037
vt 0.416667 0.018333
vn 0.099504 -0.000000 0.995037
vt 0.407545 0.015877
vn 0.099504 -0.000000 0.995037
vt 0.400868 0.009167
vn 0.099504 -0.000000 0.995037
vt 0.398424 -0.000000
vn 0.099504 -0.000000 0.995037
vt 0.400868 -0.009167
vn 0.099504 -0.000000 0.995037
vt 0.407545 -0.015877
vn 0.099504 -0.000000 0.995037
vt 0.416667 -0.018333
vn 0.099504 -0.000000 0.995037
vt 0.425788 -0.015877
vn 0.099504 -0.000000 0.995037
vt 0.432465 -0.009167
vn 0.099504 -0.000000 0.995037
vt 0.434909 0.000000
vn 0.099504 -0.000000 0.995037
f 236/693/693 235/694/694 234/695/695 233/696/696 232/697/697 231/698/698 230/699/699 229/700/700 228/701/701 227/702/702 226/703/703 225/704/704
vt 0.409909 0.000000
vn -0.099504 0.000000 -0.995037
vt 0.407465 -0.009167
vn -0.099504 0.000000 -0.995037
vt 0.400788 -0.015877
vn -0.099504 0.000000 -0.995037
vt 0.391667 -0.018333
vn -0.099504 0.000000 -0.995037
vt 0.382545 -0.015877
vn -0.099504 0.000000 -0.995037
vt 0.375868 -0.009167
vn -0.099504 0.000000 -0.995037
vt 0.373424 -0.000000
vn -0.099504 0.000000 -0.995037
vt 0.375868 0.009167
vn -0.099504 0.000000 -0.995037
vt 0.382545 0.015877
vn -0.099504 0.000000 -0.995037
vt 0.391667 0.018333
vn -0.099504 0.000000 -0.995037
vt 0.400788 0.015877
vn -0.099504 0.000000 -0.995037
vt 0.407465 0.009167
vn -0.099504 0.000000 -0.995037
f 237/705/705 238/706/706 239/707/707 240/708/708 241/709/709 242/710/710 243/711/711 244/712/712 245/713/713 246/714/714 247/715/715 248/716/716
vt 0.000000 0.164842
vn 0.995037 -0.000000 -0.099504
vt -0.009167 0.165087
vn 0.861727 -0.500000 -0.086173
vt -0.009167 -0.084913
vn 0.861727 -0.500000 -0.086173
vt 0.000000 -0.085158
vn 0.995037 -0.000000 -0.099504
f 225/717/717 226/718/718 238/719/719 237/720/720
vt 0.432465 0.165087
vn 0.861727 -0.500000 -0.086173
vt 0.425788 0.165755
vn 0.497519 -0.866025 -0.049752
vt 0.400788 -0.084245
vn 0.497519 -0.866025 -0.049752
vt 0.407465 -0.084913
vn 0.861727 -0.500000 -0.086173
f 226/721/721 227/722/722 239/723/723 238/724/724
vt 0.425788 0.165755
vn 0.497519 -0.866025 -0.049752
vt 0.416667 0.166667
vn 0.000000 -1.000000 0.000000
vt 0.391667 -0.083333
vn 0.000000 -1.000000 0.000000
vt 0.400788 -0.084245
vn 0.497519 -0.866025 -0.049752
f 227/725/725 228/726/726 240/727/727 239/728/728
vt 0.416667 0.166667
vn 0.000000 -1.000000 0.000000
vt 0.407545 0.167579
vn -0.497519 -0.866025 0.049752
vt 0.382545 -0.082421
vn -0.497519 -0.866025 0.049752
vt 0.391667 -0.083333
vn 0.000000 -1.000000 0.000000
f 228/729/729 229/730/730 241/731/731 240/732/732
vt 0.407545 0.167579
vn -0.497519 -0.866025 0.049752
vt 0.400868 0.168247
vn -0.861727 -0.500000 0.086173
vt 0.375868 -0.081753
vn -0.861727 -0.500000 0.086173
vt 0.382545 -0.082421
vn -0.497519 -0.866025 0.049752
f 229/733/733 230/734/734 242/735/735 241/736/736
vt -0.009167 0.168247
vn -0.861727 -0.500000 0.086173
vt -0.000000 0.168491
vn -0.995037 0.000000 0.099504
vt -0.000000 -0.081509
vn -0.995037 0.000000 0.099504
vt -0.009167 -0.081753
vn -0.861727 -0.500000 0.086173
f 230/737/737 231/738/738 243/739/739 242/740/740
vt -0.000000 0.168491
vn -0.995037 0.000000 0.099504
vt 0.009167 0.168247
vn -0.861727 0.500000 0.086173
vt 0.009167 -0.081753
vn -0.861727 0.500000 0.086173
vt -0.000000 -0.081509
vn -0.995037 0.000000 0.099504
f 231/741/741 232/742/742 244/743/743 243/744/744
vt 0.400868 0.168247
vn -0.861727 0.500000 0.086173
vt 0.407545 0.167579
vn -0.497519 0.866025 0.049752
vt 0.382545 -0.082421
vn -0.497519 0.866025 0.049752
vt 0.375868 -0.081753
vn -0.861727 0.500000 0.086173
f 232/745/745 233/746/746 245/747/747 244/748/748
vt 0.407545 0.167579
vn -0.497519 0.866025 0.049752
vt 0.416667 0.166667
vn -0.000000 1.000000 0.000000
vt 0.391667 -0.083333
vn -0.000000 1.000000 0.000000
vt 0.382545 -0.082421
vn -0.497519 0.866025 0.049752
f 233/749/749 234/750/750 246/751/751 245/752/752
vt 0.416667 0.166667
vn -0.000000 1.000000 0.000000
vt 0.425788 0.165755
vn 0.497519 0.866025 -0.049752
vt 0.400788 -0.084245
vn 0.497519 0.866025 -0.049752
vt 0.391667 -0.083333
vn -0.000000 1.000000 0.000000
f 234/753/753 235/754/754 247/755/755 246/756/756
vt 0.425788 0.165755
vn 0.497519 0.866025 -0.049752
vt 0.432465 0.165087
vn 0.861727 0.500000 -0.086173
vt 0.407465 -0.084913
vn 0.861727 0.500000 -0.086173
vt 0.400788 -0.084245
vn 0.497519 0.866025 -0.049752
f 235/757/757 236/758/758 248/759/759 247/760/760
vt 0.009167 0.165087
vn 0.861727 0.500000 -0.086173
vt 0.000000 0.164842
vn 0.995037 -0.000000 -0.099504
vt 0.000000 -0.085158
vn 0.995037 -0.000000 -0.099504
vt 0.009167 -0.084913
vn 0.861727 0.500000 -0.086173
f 236/761/761 225/762/762 237/763/763 248/764/764
v 4.700000 -0.220000 -1.000000
v 4.627564 -0.190526 -1.082783
v 4.574538 -0.110000 -1.143385
v 4.555129 -0.000000 -1.165567
v 4.574538 0.110000 -1.143385
v 4.627564 0.190526 -1.082783
v 4.700000 0.220000 -1.000000
v 4.772436 0.190526 -0.917217
v 4.825462 0.110000 -0.856615
v 4.844871 0.000000 -0.834433
v 4.825462 -0.110000 -0.856615
v 4.772436 -0.190526 -0.917217
v 5.500000 -0.220000 -1.700000
v 5.427564 -0.190526 -1.782783
v 5.374538 -0.110000 -1.843385
v 5.355129 -0.000000 -1.865567
v 5.374538 0.110000 -1.843385
v 5.427564 0.190526 -1.782783
v 5.500000 0.220000 -1.700000
v 5.572436 0.190526 -1.617217
v 5.625462 0.110000 -1.556615
v 5.644871 0.000000 -1.534433
v 5.625462 -0.110000 -1.556615
v 5.572436 -0.190526 -1.617217
vt -0.015877 -0.076435
vn -0.752577 -0.000000 0.658505
vt -0.009167 -0.071385
vn -0.752577 -0.000000 0.658505
vt 0.000000 -0.069536
vn -0.752577 -0.000000 0.658505
vt 0.009167 -0.071385
vn -0.752577 -0.000000 0.658505
vt 0.015877 -0.076435
vn -0.752577 -0.000000 0.658505
vt 0.018333 -0.083333
vn -0.752577 -0.000000 0.658505
vt 0.015877 -0.090232
vn -0.752577 -0.000000 0.658505
vt 0.009167 -0.095282
vn -0.752577 -0.000000 0.658505
vt -0.000000 -0.097131
vn -0.752577 -0.000000 0.658505
vt -0.009167 -0.095282
vn -0.752577 -0.000000 0.658505
vt -0.015877 -0.090232
vn -0.752577 -0.000000 0.658505
vt -0.018333 -0.083333
vn -0.752577 -0.000000 0.658505
f 260/765/765 259/766/766 258/767/767 257/768/768 256/769/769 255/770/770 254/771/771 253/772/772 252/773/773 251/774/774 250/775/775 249/776/776
vt -0.018333 -0.141667
vn 0.752577 0.000000 -0.658505
vt -0.015877 -0.148565
vn 0.752577 0.000000 -0.658505
vt -0.009167 -0.153615
vn 0.752577 0.000000 -0.658505
vt -0.000000 -0.155464
vn 0.752577 0.000000 -0.658505
vt 0.009167 -0.153615
vn 0.752577 0.000000 -0.658505
vt 0.015877 -0.148565
vn 0.752577 0.000000 -0.658505
vt 0.018333 -0.141667
vn 0.752577 0.000000 -0.658505
vt 0.015877 -0.134768
vn 0.752577 0.000000 -0.658505
vt 0.009167 -0.129718
vn 0.752577 0.000000 -0.658505
vt 0.000000 -0.127869
vn 0.752577 0.000000 -0.658505
vt -0.009167 -0.129718
vn 0.752577 0.000000 -0.658505
vt -0.015877 -0.134768
vn 0.752577 0.000000 -0.658505
f 261/777/777 262/778/778 263/779/779 264/780/780 265/781/781 266/782/782 267/783/783 268/784/784 269/785/785 270/786/786 271/787/787 272/788/788
vt 0.391667 -0.083333
vn 0.000000 -1.000000 0.000000
vt 0.385630 -0.090232
vn -0.329252 -0.866025 -0.376288
vt 0.452297 -0.148565
vn -0.329252 -0.866025 -0.376288
vt 0.458333 -0.141667
vn 0.000000 -1.000000 0.000000
f 249/789/789 250/790/790 262/791/791 261/792/792
vt 0.385630 -0.090232
vn -0.329252 -0.866025 -0.376288
vt 0.381212 -0.095282
vn -0.570282 -0.500000 -0.651751
vt 0.447878 -0.153615
vn -0.570282 -0.500000 -0.651751
vt 0.452297 -0.148565
vn -0.329252 -0.866025 -0.376288
f 250/793/793 251/794/794 263/795/795 262/796/796
vt 0.381212 -0.009167
vn -0.570282 -0.500000 -0.651751
vt 0.379594 -0.000000
vn -0.658505 0.000000 -0.752577
vt 0.446261 -0.000000
vn -0.658505 0.000000 -0.752577
vt 0.447878 -0.009167
vn -0.570282 -0.500000 -0.651751
f 251/797/797 252/798/798 264/799/799 263/800/800
vt 0.379594 -0.000000
vn -0.658505 0.000000 -0.752577
vt 0.381212 0.009167
vn -0.570282 0.500000 -0.651751
vt 0.447878 0.009167
vn -0.570282 0.500000 -0.651751
vt 0.446261 -0.000000
vn -0.658505 0.000000 -0.752577
f 252/801/801 253/802/802 265/803/803 264/804/804
vt 0.381212 -0.095282
vn -0.570282 0.500000 -0.651751
vt 0.385630 -0.090232
vn -0.329252 0.866025 -0.376288
vt 0.452297 -0.148565
vn -0.329252 0.866025 -0.376288
vt 0.447878 -0.153615
vn -0.570282 0.500000 -0.651751
f 253/805/805 254/806/806 266/807/807 265/808/808
vt 0.385630 -0.090232
vn -0.329252 0.866025 -0.376288
vt 0.391667 -0.083333
vn -0.000000 1.000000 -0.000000
vt 0.458333 -0.141667
vn -0.000000 1.000000 -0.000000
vt 0.452297 -0.148565
vn -0.329252 0.866025 -0.376288
f 254/809/809 255/810/810 267/811/811 266/812/812
vt 0.391667 -0.083333
vn -0.000000 1.000000 -0.000000
vt 0.397703 -0.076435
vn 0.329252 0.866025 0.376288
vt 0.464370 -0.134768
vn 0.329252 0.866025 0.376288
vt 0.458333 -0.141667
vn -0.000000 1.000000 -0.000000
f 255/813/813 256/814/814 268/815/815 267/816/816
vt 0.397703 -0.076435
vn 0.329252 0.866025 0.376288
vt 0.402122 -0.071385
vn 0.570282 0.500000 0.651751
vt 0.468788 -0.129718
vn 0.570282 0.500000 0.651751
vt 0.464370 -0.134768
vn 0.329252 0.866025 0.376288
f 256/817/817 257/818/818 269/819/819 268/820/820
vt 0.402122 0.009167
vn 0.570282 0.500000 0.651751
vt 0.403739 0.000000
vn 0.658505 0.000000 0.752577
vt 0.470406 0.000000
vn 0.658505 0.000000 0.752577
vt 0.468788 0.009167
vn 0.570282 0.500000 0.651751
f 257/821/821 258/822/822 270/823/823 269/824/824
vt 0.403739 0.000000
vn 0.658505 0.000000 0.752577
vt 0.402122 -0.009167
vn 0.570282 -0.500000 0.651751
vt 0.468788 -0.009167
vn 0.570282 -0.500000 0.651751
vt 0.470406 0.000000
vn 0.658505 0.000000 0.752577
f 258/825/825 259/826/826 271/827/827 270/828/828
vt 0.402122 -0.071385
vn 0.570282 -0.500000 0.651751
vt 0.397703 -0.076435
vn 0.329252 -0.866025 0.376288
vt 0.464370 -0.134768
vn 0.329252 -0.866025 0.376288
vt 0.468788 -0.129718
vn 0.570282 -0.500000 0.651751
f 259/829/829 260/830/830 272/831/831 271/832/832
vt 0.397703 -0.076435
vn 0.329252 -0.866025 0.376288
vt 0.391667 -0.083333
vn 0.000000 -1.000000 0.000000
vt 0.458333 -0.141667
vn 0.000000 -1.000000 0.000000
vt 0.464370 -0.134768
vn 0.329252 -0.866025 0.376288
f 260/833/833 249/834/834 261/835/835 272/836/836
v 18.000000 -0.750000 7.000000
v 18.000000 -0.735589 6.853682
v 18.000000 -0.692910 6.712987
v 18.000000 -0.623602 6.583322
v 18.000000 -0.530330 6.469670
v 18.000000 -0.416678 6.376398
v 18.000000 -0.287013 6.307090
v 18.000000 -0.146318 6.264411
v 18.000000 -0.000000 6.250000
v 18.000000 0.146318 6.264411
v 18.000000 0.287013 6.307090
v 18.000000 0.416678 6.376398
v 18.000000 0.530330 6.469670
v 18.000000 0.623602 6.583322
v 18.000000 0.692910 6.712987
v 18.000000 0.735589 6.853682
v 18.000000 0.750000 7.000000
v 18.000000 0.735589 7.146318
v 18.000000 0.692910 7.287013
v 18.000000 0.623602 7.416678
v 18.000000 0.530330 7.530330
v 18.000000 0.416678 7.623602
v 18.000000 0.287013 7.692910
v 18.000000 0.146318 7.735589
v 18.000000 0.000000 7.750000
v 18.000000 -0.146318 7.735589
v 18.000000 -0.287013 7.692910
v 18.000000 -0.416678 7.623602
v 18.000000 -0.530330 7.530330
v 18.000000 -0.623602 7.416678
v 18.000000 -0.692910 7.287013
v 18.000000 -0.735589 7.146318
v 31.000000 -0.750000 7.000000
v 31.000000 -0.735589 6.853682
v 31.000000 -0.692910 6.712987
v 31.000000 -0.623602 6.583322
v 31.000000 -0.530330 6.469670
v 31.000000 -0.416678 6.376398
v 31.000000 -0.287013 6.307090
v 31.000000 -0.146318 6.264411
v 31.000000 -0.000000 6.250000
v 31.000000 0.146318 6.264411
v 31.000000 0.287013 6.307090
v 31.000000 0.416678 6.376398
v 31.000000 0.530330 6.469670
v 31.000000 0.623602 6.583322
v 31.000000 0.692910 6.712987
v 31.000000 0.735589 6.853682
v 31.000000 0.750000 7.000000
v 31.000000 0.735589 7.146318
v 31.000000 0.692910 7.287013
v 31.000000 0.623602 7.416678
v 31.000000 0.530330 7.530330
v 31.000000 0.416678 7.623602
v 31.000000 0.287013 7.692910
v 31.000000 0.146318 7.735589
v 31.000000 0.000000 7.750000
v 31.000000 -0.146318 7.735589
v 31.000000 -0.287013 7.692910
v 31.000000 -0.416678 7.623602
v 31.000000 -0.530330 7.530330
v 31.000000 -0.623602 7.416678
v 31.000000 -0.692910 7.287013
v 31.000000 -0.735589 7.146318
vt -0.061299 0.595526
vn -1.000000 0.000000 0.000000
vt -0.057742 0.607251
vn -1.000000 0.000000 0.000000
vt -0.051967 0.618056
vn -1.000000 0.000000 0.000000
vt -0.044194 0.627528
vn -1.000000 0.000000 0.000000
vt -0.034723 0.635300
vn -1.000000 0.000000 0.000000
vt -0.023918 0.641076
vn -1.000000 0.000000 0.000000
vt -0.012193 0.644632
vn -1.000000 0.000000 0.000000
vt 0.000000 0.645833
vn -1.000000 0.000000 0.000000
vt 0.012193 0.644632
vn -1.000000 0.000000 0.000000
vt 0.023918 0.641076
vn -1.000000 0.000000 0.000000
vt 0.034723 0.635300
vn -1.000000 0.000000 0.000000
vt 0.044194 0.627528
vn -1.000000 0.000000 0.000000
vt 0.051967 0.618056
vn -1.000000 0.000000 0.000000
vt 0.057742 0.607251
vn -1.000000 0.000000 0.000000
vt 0.061299 0.595526
vn -1.000000 0.000000 0.000000
vt 0.062500 0.583333
vn -1.000000 0.000000 0.000000
vt 0.061299 0.571140
vn -1.000000 0.000000 0.000000
vt 0.057742 0.559416
vn -1.000000 0.000000 0.000000
vt 0.051967 0.548610
vn -1.000000 0.000000 0.000000
vt 0.044194 0.539139
vn -1.000000 0.000000 0.000000
vt 0.034723 0.531366
vn -1.000000 0.000000 0.000000
vt 0.023918 0.525591
vn -1.000000 0.000000 0.000000
vt 0.012193 0.522034
vn -1.000000 0.000000 0.000000
vt -0.000000 0.520833
vn -1.000000 0.000000 0.000000
vt -0.012193 0.522034
vn -1.000000 0.000000 0.000000
vt -0.023918 0.525591
vn -1.000000 0.000000 0.000000
vt -0.034723 0.531366
vn -1.000000 0.000000 0.000000
vt -0.044194 0.539139
vn -1.000000 0.000000 0.000000
vt -0.051967 0.548610
vn -1.000000 0.000000 0.000000
vt -0.057742 0.559416
vn -1.000000 0.000000 0.000000
vt -0.061299 0.571140
vn -1.000000 0.000000 0.000000
vt -0.062500 0.583333
vn -1.000000 0.000000 0.000000
f 304/837/837 303/838/838 302/839/839 301/840/840 300/841/841 299/842/842 298/843/843 297/844/844 296/845/845 295/846/846 294/847/847 293/848/848 292/849/849 291/850/850 290/851/851 289/852/852 288/853/853 287/854/854 286/855/855 285/856/856 284/857/857 283/858/858 282/859/859 281/860/860 280/861/861 279/862/862 278/863/863 277/864/864 276/865/865 275/866/866 274/867/867 273/868/868
vt -0.062500 0.583333
vn 1.000000 0.000000 0.000000
vt -0.061299 0.571140
vn 1.000000 0.000000 0.000000
vt -0.057742 0.559416
vn 1.000000 0.000000 0.000000
vt -0.051967 0.548610
vn 1.000000 0.000000 0.000000
vt -0.044194 0.539139
vn 1.000000 0.000000 0.000000
vt -0.034723 0.531366
vn 1.000000 0.000000 0.000000
vt -0.023918 0.525591
vn 1.000000 0.000000 0.000000
vt -0.012193 0.522034
vn 1.000000 0.000000 0.000000
vt -0.000000 0.520833
vn 1.000000 0.000000 0.000000
vt 0.012193 0.522034
vn 1.000000 0.000000 0.000000
vt 0.023918 0.525591
vn 1.000000 0.000000 0.000000
vt 0.034723 0.531366
vn 1.000000 0.000000 0.000000
vt 0.044194 0.539139
vn 1.000000 0.000000 0.000000
vt 0.051967 0.548610
vn 1.000000 0.000000 0.000000
vt 0.057742 0.559416
vn 1.000000 0.000000 0.000000
vt 0.061299 0.571140
vn 1.000000 0.000000 0.000000
vt 0.062500 0.583333
vn 1.000000 0.000000 0.000000
vt 0.061299 0.595526
vn 1.000000 0.000000 0.000000
vt 0.057742 0.607251
vn 1.000000 0.000000 0.000000
vt 0.051967 0.618056
vn 1.000000 0.000000 0.000000
vt 0.044194 0.627528
vn 1.000000 0.000000 0.000000
vt 0.034723 0.635300
vn 1.000000 0.000000 0.000000
vt 0.023918 0.641076
vn 1.000000 0.000000 0.000000
vt 0.012193 0.644632
vn 1.000000 0.000000 0.000000
vt 0.000000 0.645833
vn 1.000000 0.000000 0.000000
vt -0.012193 0.644632
vn 1.000000 0.000000 0.000000
vt -0.023918 0.641076
vn 1.000000 0.000000 0.000000
vt -0.034723 0.635300
vn 1.000000 0.000000 0.000000
vt -0.044194 0.627528
vn 1.000000 0.000000 0.000000
vt -0.051967 0.618056
vn 1.000000 0.000000 0.000000
vt -0.057742 0.607251
vn 1.000000 0.000000 0.000000
vt -0.061299 0.595526
vn 1.000000 0.000000 0.000000
f 305/869/869 306/870/870 307/871/871 308/872/872 309/873/873 310/874/874 311/875/875 312/876/876 313/877/877 314/878/878 315/879/879 316/880/880 317/881/881 318/882/882 319/883/883 320/884/884 321/885/885 322/886/886 323/887/887 324/888/888 325/889/889 326/890/890 327/891/891 328/892/892 329/893/893 330/894/894 331/895/895 332/896/896 333/897/897 334/898/898 335/899/899 336/900/900
vt 1.500000 0.583333
vn 0.000000 -1.000000 0.000000
vt 1.500000 0.571140
vn 0.000000 -0.980785 -0.195090
vt 2.583333 0.571140
vn 0.000000 -0.980785 -0.195090
vt 2.583333 0.583333
vn 0.000000 -1.000000 0.000000
f 273/901/901 274/902/902 306/903/903 305/904/904
vt 1.500000 0.571140
vn 0.000000 -0.980785 -0.195090
vt 1.500000 0.559416
vn 0.000000 -0.923880 -0.382683
vt 2.583333 0.559416
vn 0.000000 -0.923880 -0.382683
vt 2.583333 0.571140
vn 0.000000 -0.980785 -0.195090
f 274/905/905 275/906/906 307/907/907 306/908/908
vt 1.500000 0.559416
vn 0.000000 -0.923880 -0.382683
vt 1.500000 0.548610
vn 0.000000 -0.831470 -0.555570
vt 2.583333 0.548610
vn 0.000000 -0.831470 -0.555570
vt 2.583333 0.559416
vn 0.000000 -0.923880 -0.382683
f 275/909/909 276/910/910 308/911/911 307/912/912
vt 1.500000 0.548610
vn 0.000000 -0.831470 -0.555570
vt 1.500000 0.539139
vn 0.000000 -0.707107 -0.707107
vt 2.583333 0.539139
vn 0.000000 -0.707107 -0.707107
vt 2.583333 0.548610
vn 0.000000 -0.831470 -0.555570
f 276/913/913 277/914/914 309/915/915 308/916/916
vt 1.500000 -0.044194
vn 0.000000 -0.707107 -0.707107
vt 1.500000 -0.034723
vn 0.000000 -0.555570 -0.831470
vt 2.583333 -0.034723
vn 0.000000 -0.555570 -0.831470
vt 2.583333 -0.044194
vn 0.000000 -0.707107 -0.707107
f 277/917/917 278/918/918 310/919/919 309/920/920
vt 1.500000 -0.034723
vn 0.000000 -0.555570 -0.831470
vt 1.500000 -0.023918
vn 0.000000 -0.382683 -0.923880
vt 2.583333 -0.023918
vn 0.000000 -0.382683 -0.923880
vt 2.583333 -0.034723
vn 0.000000 -0.555570 -0.831470
f 278/921/921 279/922/922 311/923/923 310/924/924
vt 1.500000 -0.023918
vn 0.000000 -0.382683 -0.923880
vt 1.500000 -0.012193
vn 0.000000 -0.195090 -0.980785
vt 2.583333 -0.012193
vn 0.000000 -0.195090 -0.980785
vt 2.583333 -0.023918
vn 0.000000 -0.382683 -0.923880
f 279/925/925 280/926/926 312/927/927 311/928/928
vt 1.500000 -0.012193
vn 0.000000 -0.195090 -0.980785
vt 1.500000 -0.000000
vn 0.000000 0.000000 -1.000000
vt 2.583333 -0.000000
vn 0.000000 0.000000 -1.000000
vt 2.583333 -0.012193
vn 0.000000 -0.195090 -0.980785
f 280/929/929 281/930/930 313/931/931 312/932/932
vt 1.500000 -0.000000
vn 0.000000 0.000000 -1.000000
vt 1.500000 0.012193
vn 0.000000 0.195090 -0.980785
vt 2.583333 0.012193
vn 0.000000 0.195090 -0.980785
vt 2.583333 -0.000000
vn 0.000000 0.000000 -1.000000
f 281/933/933 282/934/934 314/935/935 313/936/936
vt 1.500000 0.012193
vn 0.000000 0.195090 -0.980785
vt 1.500000 0.023918
vn 0.000000 0.382683 -0.923880
vt 2.583333 0.023918
vn 0.000000 0.382683 -0.923880
vt 2.583333 0.012193
vn 0.000000 0.195090 -0.980785
f 282/937/937 283/938/938 315/939/939 314/940/940
vt 1.500000 0.023918
vn 0.000000 0.382683 -0.923880
vt 1.500000 0.034723
vn 0.000000 0.555570 -0.831470
vt 2.583333 0.034723
vn 0.000000 0.555570 -0.831470
vt 2.583333 0.023918
vn 0.000000 0.382683 -0.923880
f 283/941/941 284/942/942 316/943/943 315/944/944
vt 1.500000 0.034723
vn 0.000000 0.555570 -0.831470
vt 1.500000 0.044194
vn 0.000000 0.707107 -0.707107
vt 2.583333 0.044194
vn 0.000000 0.707107 -0.707107
vt 2.583333 0.034723
vn 0.000000 0.555570 -0.831470
f 284/945/945 285/946/946 317/947/947 316/948/948
vt 1.500000 0.539139
vn 0.000000 0.707107 -0.707107
vt 1.500000 0.548610
vn 0.000000 0.831470 -0.555570
vt 2.583333 0.548610
vn 0.000000 0.831470 -0.555570
vt 2.583333 0.539139
vn 0.000000 0.707107 -0.707107
f 285/949/949 286/950/950 318/951/951 317/952/952
vt 1.500000 0.548610
vn 0.000000 0.831470 -0.555570
vt 1.500000 0.559416
vn 0.000000 0.923880 -0.382683
vt 2.583333 0.559416
vn 0.000000 0.923880 -0.382683
vt 2.583333 0.548610
vn 0.000000 0.831470 -0.555570
f 286/953/953 287/954/954 319/955/955 318/956/956
vt 1.500000 0.559416
vn 0.000000 0.923880 -0.382683
vt 1.500000 0.571140
vn 0.000000 0.980785 -0.195090
vt 2.583333 0.571140
vn 0.000000 0.980785 -0.195090
vt 2.583333 0.559416
vn 0.000000 0.923880 -0.382683
f 287/957/957 288/958/958 320/959/959 319/960/960
vt 1.500000 0.571140
vn 0.000000 0.980785 -0.195090
vt 1.500000 0.583333
vn 0.000000 1.000000 0.000000
vt 2.583333 0.583333
vn 0.000000 1.000000 0.000000
vt 2.583333 0.571140
vn 0.000000 0.980785 -0.195090
f 288/961/961 289/962/962 321/963/963 320/964/964
vt 1.500000 0.583333
vn 0.000000 1.000000 0.000000
vt 1.500000 0.595526
vn 0.000000 0.980785 0.195090
vt 2.583333 0.595526
vn 0.000000 0.980785 0.195090
vt 2.583333 0.583333
vn 0.000000 1.000000 0.000000
f 289/965/965 290/966/966 322/967/967 321/968/968
vt 1.500000 0.595526
vn 0.000000 0.980785 0.195090
vt 1.500000 0.607251
vn 0.000000 0.923880 0.382683
vt 2.583333 0.607251
vn 0.000000 0.923880 0.382683
vt 2.583333 0.595526
vn 0.000000 0.980785 0.195090
f 290/969/969 291/970/970 323/971/971 322/972/972
vt 1.500000 0.607251
vn 0.000000 0.923880 0.382683
vt 1.500000 0.618056
vn 0.000000 0.831470 0.555570
vt 2.583333 0.618056
vn 0.000000 0.831470 0.555570
vt 2.583333 0.607251
vn 0.000000 0.923880 0.382683
f 291/973/973 292/974/974 324/975/975 323/976/976
vt 1.500000 0.618056
vn 0.000000 0.831470 0.555570
vt 1.500000 0.627528
vn 0.000000 0.707107 0.707107
vt 2.583333 0.627528
vn 0.000000 0.707107 0.707107
vt 2.583333 0.618056
vn 0.000000 0.831470 0.555570
f 292/977/977 293/978/978 325/979/979 324/980/980
vt 1.500000 0.044194
vn 0.000000 0.707107 0.707107
vt 1.500000 0.034723
vn 0.000000 0.555570 0.831470
vt 2.583333 0.034723
vn 0.000000 0.555570 0.831470
vt 2.583333 0.044194
vn 0.000000 0.707107 0.707107
f 293/981/981 294/982/982 326/983/983 325/984/984
vt 1.500000 0.034723
vn 0.000000 0.555570 0.831470
vt 1.500000 0.023918
vn 0.000000 0.382683 0.923880
vt 2.583333 0.023918
vn 0.000000 0.382683 0.923880
vt 2.583333 0.034723
vn 0.000000 0.555570 0.831470
f 294/985/985 295/986/986 327/987/987 326/988/988
vt 1.500000 0.023918
vn 0.000000 0.382683 0.923880
vt 1.500000 0.012193
vn 0.000000 0.195090 0.980785
vt 2.583333 0.012193
vn 0.000000 0.195090 0.980785
vt 2.583333 0.023918
vn 0.000000 0.382683 0.923880
f 295/989/989 296/990/990 328/991/991 327/992/992
vt 1.500000 0.012193
vn 0.000000 0.195090 0.980785
vt 1.500000 0.000000
vn 0.000000 0.000000 1.000000
vt 2.583333 0.000000
vn 0.000000 0.000000 1.000000
vt 2.583333 0.012193
vn 0.000000 0.195090 0.980785
f 296/993/993 297/994/994 329/995/995 328/996/996
vt 1.500000 0.000000
vn 0.000000 0.000000 1.000000
vt 1.500000 -0.012193
vn 0.000000 -0.195090 0.980785
vt 2.583333 -0.012193
vn 0.000000 -0.195090 0.980785
vt 2.583333 0.000000
vn 0.000000 0.000000 1.000000
f 297/997/997 298/998/998 330/999/999 329/1000/1000
vt 1.500000 -0.012193
vn 0.000000 -0.195090 0.980785
vt 1.500000 -0.023918
vn 0.000000 -0.382683 0.923880
vt 2.583333 -0.023918
vn 0.000000 -0.382683 0.923880
vt 2.583333 -0.012193
vn 0.000000 -0.195090 0.980785
f 298/1001/1001 299/1002/1002 331/1003/1003 330/1004/1004
vt 1.500000 -0.023918
vn 0.000000 -0.382683 0.923880
vt 1.500000 -0.034723
vn 0.000000 -0.555570 0.831470
vt 2.583333 -0.034723
vn 0.000000 -0.555570 0.831470
vt 2.583333 -0.023918
vn 0.000000 -0.382683 0.923880
f 299/1005/1005 300/1006/1006 332/1007/1007 331/1008/1008
vt 1.500000 -0.034723
vn 0.000000 -0.555570 0.831470
vt 1.500000 -0.044194
vn 0.000000 -0.707107 0.707107
vt 2.583333 -0.044194
vn 0.000000 -0.707107 0.707107
vt 2.583333 -0.034723
vn 0.000000 -0.555570 0.831470
f 300/1009/1009 301/1010/1010 333/1011/1011 332/1012/1012
vt 1.500000 0.627528
vn 0.000000 -0.707107 0.707107
vt 1.500000 0.618056
vn 0.000000 -0.831470 0.555570
vt 2.583333 0.618056
vn 0.000000 -0.831470 0.555570
vt 2.583333 0.627528
vn 0.000000 -0.707107 0.707107
f 301/1013/1013 302/1014/1014 334/1015/1015 333/1016/1016
vt 1.500000 0.618056
vn 0.000000 -0.831470 0.555570
vt 1.500000 0.607251
vn 0.000000 -0.923880 0.382683
vt 2.583333 0.607251
vn 0.000000 -0.923880 0.382683
vt 2.583333 0.618056
vn 0.000000 -0.831470 0.555570
f 302/1017/1017 303/1018/1018 335/1019/1019 334/1020/1020
vt 1.500000 0.607251
vn 0.000000 -0.923880 0.382683
vt 1.500000 0.595526
vn 0.000000 -0.980785 0.195090
vt 2.583333 0.595526
vn 0.000000 -0.980785 0.195090
vt 2.583333 0.607251
vn 0.000000 -0.923880 0.382683
f 303/1021/1021 304/1022/1022 336/1023/1023 335/1024/1024
vt 1.500000 0.595526
vn 0.000000 -0.980785 0.195090
vt 1.500000 0.583333
vn 0.000000 -1.000000 0.000000
vt 2.583333 0.583333
vn 0.000000 -1.000000 0.000000
vt 2.583333 0.595526
vn 0.000000 -0.980785 0.195090
f 304/1025/1025 273/1026/1026 305/1027/1027 336/1028/1028
v 30.000000 -1.300000 7.000000
v 30.000000 -1.275021 6.746383
v 30.000000 -1.201043 6.502512
v 30.000000 -1.080910 6.277759
v 30.000000 -0.919239 6.080761
v 30.000000 -0.722241 5.919090
v 30.000000 -0.497488 5.798957
v 30.000000 -0.253617 5.724979
v 30.000000 -0.000000 5.700000
v 30.000000 0.253617 5.724979
v 30.000000 0.497488 5.798957
v 30.000000 0.722241 5.919090
v 30.000000 0.919239 6.080761
v 30.000000 1.080910 6.277759
v 30.000000 1.201043 6.502512
v 30.000000 1.275021 6.746383
v 30.000000 1.300000 7.000000
v 30.000000 1.275021 7.253617
v 30.000000 1.201043 7.497488
v 30.000000 1.080910 7.722241
v 30.000000 0.919239 7.919239
v 30.000000 0.722241 8.080910
v 30.000000 0.497488 8.201043
v 30.000000 0.253617 8.275021
v 30.000000 0.000000 8.300000
v 30.000000 -0.253617 8.275021
v 30.000000 -0.497488 8.201043
v 30.000000 -0.722241 8.080910
v 30.000000 -0.919239 7.919239
v 30.000000 -1.080910 7.722241
v 30.000000 -1.201043 7.497488
v 30.000000 -1.275021 7.253617
v 34.000000 -1.100000 7.000000
v 34.000000 -1.078864 6.785401
v 34.000000 -1.016267 6.579048
v 34.000000 -0.914617 6.388873
v 34.000000 -0.777817 6.222183
v 34.000000 -0.611127 6.085383
v 34.000000 -0.420952 5.983733
v 34.000000 -0.214599 5.921136
v 34.000000 -0.000000 5.900000
v 34.000000 0.214599 5.921136
v 34.000000 0.420952 5.983733
v 34.000000 0.611127 6.085383
v 34.000000 0.777817 6.222183
v 34.000000 0.914617 6.388873
v 34.000000 1.016267 6.579048
v 34.000000 1.078864 6.785401
v 34.000000 1.100000 7.000000
v 34.000000 1.078864 7.214599
v 34.000000 1.016267 7.420952
v 34.000000 0.914617 7.611127
v 34.000000 0.777817 7.777817
v 34.000000 0.611127 7.914617
v 34.000000 0.420952 8.016267
v 34.000000 0.214599 8.078864
v 34.000000 0.000000 8.100000
v 34.000000 -0.214599 8.078864
v 34.000000 -0.420952 8.016267
v 34.000000 -0.611127 7.914617
v 34.000000 -0.777817 7.777817
v 34.000000 -0.914617 7.611127
v 34.000000 -1.016267 7.420952
v 34.000000 -1.078864 7.214599
vt -0.106252 0.604468
vn -1.000000 0.000000 0.000000
vt -0.100087 0.624791
vn -1.000000 0.000000 0.000000
vt -0.090076 0.643520
vn -1.000000 0.000000 0.000000
vt -0.076603 0.659937
vn -1.000000 0.000000 0.000000
vt -0.060187 0.673409
vn -1.000000 0.000000 0.000000
vt -0.041457 0.683420
vn -1.000000 0.000000 0.000000
vt -0.021135 0.689585
vn -1.000000 0.000000 0.000000
vt 0.000000 0.691667
vn -1.000000 0.000000 0.000000
vt 0.021135 0.689585
vn -1.000000 0.000000 0.000000
vt 0.041457 0.683420
vn -1.000000 0.000000 0.000000
vt 0.060187 0.673409
vn -1.000000 0.000000 0.000000
vt 0.076603 0.659937
vn -1.000000 0.000000 0.000000
vt 0.090076 0.643520
vn -1.000000 0.000000 0.000000
vt 0.100087 0.624791
vn -1.000000 0.000000 0.000000
vt 0.106252 0.604468
vn -1.000000 0.000000 0.000000
vt 0.108333 0.583333
vn -1.000000 0.000000 0.000000
vt 0.106252 0.562199
vn -1.000000 0.000000 0.000000
vt 0.100087 0.541876
vn -1.000000 0.000000 0.000000
vt 0.090076 0.523147
vn -1.000000 0.000000 0.000000
vt 0.076603 0.506730
vn -1.000000 0.000000 0.000000
vt 0.060187 0.493257
vn -1.000000 0.000000 0.000000
vt 0.041457 0.483246
vn -1.000000 0.000000 0.000000
vt 0.021135 0.477082
vn -1.000000 0.000000 0.000000
vt -0.000000 0.475000
vn -1.000000 0.000000 0.000000
vt -0.021135 0.477082
vn -1.000000 0.000000 0.000000
vt -0.041457 0.483246
vn -1.000000 0.000000 0.000000
vt -0.060187 0.493257
vn -1.000000 0.000000 0.000000
vt -0.076603 0.506730
vn -1.000000 0.000000 0.000000
vt -0.090076 0.523147
vn -1.000000 0.000000 0.000000
vt -0.100087 0.541876
vn -1.000000 0.000000 0.000000
vt -0.106252 0.562199
vn -1.000000 0.000000 0.000000
vt -0.108333 0.583333
vn -1.000000 0.000000 0.000000
f 368/1029/1029 367/1030/1030 366/1031/1031 365/1032/1032 364/1033/1033 363/1034/1034 362/1035/1035 361/1036/1036 360/1037/1037 359/1038/1038 358/1039/1039 357/1040/1040 356/1041/1041 355/1042/1042 354/1043/1043 353/1044/1044 352/1045/1045 351/1046/1046 350/1047/1047 349/1048/1048 348/1049/1049 347/1050/1050 346/1051/1051 345/1052/1052 344/1053/1053 343/1054/1054 342/1055/1055 341/1056/1056 340/1057/1057 339/1058/1058 338/1059/1059 337/1060/1060
vt -0.091667 0.583333
vn 1.000000 0.000000 0.000000
vt -0.089905 0.565450
vn 1.000000 0.000000 0.000000
vt -0.084689 0.548254
vn 1.000000 0.000000 0.000000
vt -0.076218 0.532406
vn 1.000000 0.000000 0.000000
vt -0.064818 0.518515
vn 1.000000 0.000000 0.000000
vt -0.050927 0.507115
vn 1.000000 0.000000 0.000000
vt -0.035079 0.498644
vn 1.000000 0.000000 0.000000
vt -0.017883 0.493428
vn 1.000000 0.000000 0.000000
vt -0.000000 0.491667
vn 1.000000 0.000000 0.000000
vt 0.017883 0.493428
vn 1.000000 0.000000 0.000000
vt 0.035079 0.498644
vn 1.000000 0.000000 0.000000
vt 0.050927 0.507115
vn 1.000000 0.000000 0.000000
vt 0.064818 0.518515
vn 1.000000 0.000000 0.000000
vt 0.076218 0.532406
vn 1.000000 0.000000 0.000000
vt 0.084689 0.548254
vn 1.000000 0.000000 0.000000
vt 0.089905 0.565450
vn 1.000000 0.000000 0.000000
vt 0.091667 0.583333
vn 1.000000 0.000000 0.000000
vt 0.089905 0.601217
vn 1.000000 0.000000 0.000000
vt 0.084689 0.618413
vn 1.000000 0.000000 0.000000
vt 0.076218 0.634261
vn 1.000000 0.000000 0.000000
vt 0.064818 0.648151
vn 1.000000 0.000000 0.000000
vt 0.050927 0.659551
vn 1.000000 0.000000 0.000000
vt 0.035079 0.668022
vn 1.000000 0.000000 0.000000
vt 0.017883 0.673239
vn 1.000000 0.000000 0.000000
vt 0.000000 0.675000
vn 1.000000 0.000000 0.000000
vt -0.017883 0.673239
vn 1.000000 0.000000 0.000000
vt -0.035079 0.668022
vn 1.000000 0.000000 0.000000
vt -0.050927 0.659551
vn 1.000000 0.000000 0.000000
vt -0.064818 0.648151
vn 1.000000 0.000000 0.000000
vt -0.076218 0.634261
vn 1.000000 0.000000 0.000000
vt -0.084689 0.618413
vn 1.000000 0.000000 0.000000
vt -0.089905 0.601217
vn 1.000000 0.000000 0.000000
f 369/1061/1061 370/1062/1062 371/1063/1063 372/1064/1064 373/1065/1065 374/1066/1066 375/1067/1067 376/1068/1068 377/1069/1069 378/1070/1070 379/1071/1071 380/1072/1072 381/1073/1073 382/1074/1074 383/1075/1075 384/1076/1076 385/1077/1077 386/1078/1078 387/1079/1079 388/1080/1080 389/1081/1081 390/1082/1082 391/1083/1083 392/1084/1084 393/1085/1085 394/1086/1086 395/1087/1087 396/1088/1088 397/1089/1089 398/1090/1090 399/1091/1091 400/1092/1092
vt 2.500000 0.583333
vn 0.049938 -0.998752 0.000000
vt 2.500000 0.562199
vn 0.049938 -0.979562 -0.194847
vt 2.833333 0.565450
vn 0.049938 -0.979562 -0.194847
vt 2.833333 0.583333
vn 0.049938 -0.998752 0.000000
f 337/1093/1093 338/1094/1094 370/1095/1095 369/1096/1096
vt 2.500000 0.562199
vn 0.049938 -0.979562 -0.194847
vt 2.500000 0.541876
vn 0.049938 -0.922727 -0.382206
vt 2.833333 0.548254
vn 0.049938 -0.922727 -0.382206
vt 2.833333 0.565450
vn 0.049938 -0.979562 -0.194847
f 338/1097/1097 339/1098/1098 371/1099/1099 370/1100/1100
vt 2.500000 0.541876
vn 0.049938 -0.922727 -0.382206
vt 2.500000 0.523147
vn 0.049938 -0.830432 -0.554877
vt 2.833333 0.532406
vn 0.049938 -0.830432 -0.554877
vt 2.833333 0.548254
vn 0.049938 -0.922727 -0.382206
f 339/1101/1101 340/1102/1102 372/1103/1103 371/1104/1104
vt 2.500000 0.523147
vn 0.049938 -0.830432 -0.554877
vt 2.500000 0.506730
vn 0.049938 -0.706225 -0.706225
vt 2.833333 0.518515
vn 0.049938 -0.706225 -0.706225
vt 2.833333 0.532406
vn 0.049938 -0.830432 -0.554877
f 340/1105/1105 341/1106/1106 373/1107/1107 372/1108/1108
vt 2.500000 -0.076603
vn 0.049938 -0.706225 -0.706225
vt 2.500000 -0.060187
vn 0.049938 -0.554877 -0.830432
vt 2.833333 -0.050927
vn 0.049938 -0.554877 -0.830432
vt 2.833333 -0.064818
vn 0.049938 -0.706225 -0.706225
f 341/1109/1109 342/1110/1110 374/1111/1111 373/1112/1112
vt 2.500000 -0.060187
vn 0.049938 -0.554877 -0.830432
vt 2.500000 -0.041457
vn 0.049938 -0.382206 -0.922727
vt 2.833333 -0.035079
vn 0.049938 -0.382206 -0.922727
vt 2.833333 -0.050927
vn 0.049938 -0.554877 -0.830432
f 342/1113/1113 343/1114/1114 375/1115/1115 374/1116/1116
vt 2.500000 -0.041457
vn 0.049938 -0.382206 -0.922727
vt 2.500000 -0.021135
vn 0.049938 -0.194847 -0.979562
vt 2.833333 -0.017883
vn 0.049938 -0.194847 -0.979562
vt 2.833333 -0.035079
vn 0.049938 -0.382206 -0.922727
f 343/1117/1117 344/1118/1118 376/1119/1119 375/1120/1120
vt 2.500000 -0.021135
vn 0.049938 -0.194847 -0.979562
vt 2.500000 -0.000000
vn 0.049938 0.000000 -0.998752
vt 2.833333 -0.000000
vn 0.049938 0.000000 -0.998752
vt 2.833333 -0.017883
vn 0.049938 -0.194847 -0.979562
f 344/1121/1121 345/1122/1122 377/1123/1123 376/1124/1124
vt 2.500000 -0.000000
vn 0.049938 0.000000 -0.998752
vt 2.500000 0.021135
vn 0.049938 0.194847 -0.979562
vt 2.833333 0.017883
vn 0.049938 0.194847 -0.979562
vt 2.833333 -0.000000
vn 0.049938 0.000000 -0.998752
f 345/1125/1125 346/1126/1126 378/1127/1127 377/1128/1128
vt 2.500000 0.021135
vn 0.049938 0.194847 -0.979562
vt 2.500000 0.041457
vn 0.049938 0.382206 -0.922727
vt 2.833333 0.035079
vn 0.049938 0.382206 -0.922727
vt 2.833333 0.017883
vn 0.049938 0.194847 -0.979562
f 346/1129/1129 347/1130/1130 379/1131/1131 378/1132/1132
vt 2.500000 0.041457
vn 0.049938 0.382206 -0.922727
vt 2.500000 0.060187
vn 0.049938 0.554877 -0.830432
vt 2.833333 0.050927
vn 0.049938 0.554877 -0.830432
vt 2.833333 0.035079
vn 0.049938 0.382206 -0.922727
f 347/1133/1133 348/1134/1134 380/1135/1135 379/1136/1136
vt 2.500000 0.060187
vn 0.049938 0.554877 -0.830432
vt 2.500000 0.076603
vn 0.049938 0.706225 -0.706225
vt 2.833333 0.064818
vn 0.049938 0.706225 -0.706225
vt 2.833333 0.050927
vn 0.049938 0.554877 -0.830432
f 348/1137/1137 349/1138/1138 381/1139/1139 380/1140/1140
vt 2.500000 0.506730
vn 0.049938 0.706225 -0.706225
vt 2.500000 0.523147
vn 0.049938 0.830432 -0.554877
vt 2.833333 0.532406
vn 0.049938 0.830432 -0.554877
vt 2.833333 0.518515
vn 0.049938 0.706225 -0.706225
f 349/1141/1141 350/1142/1142 382/1143/1143 381/1144/1144
vt 2.500000 0.523147
vn 0.049938 0.830432 -0.554877
vt 2.500000 0.541876
vn 0.049938 0.922727 -0.382206
vt 2.833333 0.548254
vn 0.049938 0.922727 -0.382206
vt 2.833333 0.532406
vn 0.049938 0.830432 -0.554877
f 350/1145/1145 351/1146/1146 383/1147/1147 382/1148/1148
vt 2.500000 0.541876
vn 0.049938 0.922727 -0.382206
vt 2.500000 0.562199
vn 0.049938 0.979562 -0.194847
vt 2.833333 0.565450
vn 0.049938 0.979562 -0.194847
vt 2.833333 0.548254
vn 0.049938 0.922727 -0.382206
f 351/1149/1149 352/1150/1150 384/1151/1151 383/1152/1152
vt 2.500000 0.562199
vn 0.049938 0.979562 -0.194847
vt 2.500000 0.583333
vn 0.049938 0.998752 0.000000
vt 2.833333 0.583333
vn 0.049938 0.998752 0.000000
vt 2.833333 0.565450
vn 0.049938 0.979562 -0.194847
f 352/1153/1153 353/1154/1154 385/1155/1155 384/1156/1156
vt 2.500000 0.583333
vn 0.049938 0.998752 0.000000
vt 2.500000 0.604468
vn 0.049938 0.979562 0.194847
vt 2.833333 0.601217
vn 0.049938 0.979562 0.194847
vt 2.833333 0.583333
vn 0.049938 0.998752 0.000000
f 353/1157/1157 354/1158/1158 386/1159/1159 385/1160/1160
vt 2.500000 0.604468
vn 0.049938 0.979562 0.194847
vt 2.500000 0.624791
vn 0.049938 0.922727 0.382206
vt 2.833333 0.618413
vn 0.049938 0.922727 0.382206
vt 2.833333 0.601217
vn 0.049938 0.979562 0.194847
f 354/1161/1161 355/1162/1162 387/1163/1163 386/1164/1164
vt 2.500000 0.624791
vn 0.049938 0.922727 0.382206
vt 2.500000 0.643520
vn 0.049938 0.830432 0.554877
vt 2.833333 0.634261
vn 0.049938 0.830432 0.554877
vt 2.833333 0.618413
vn 0.049938 0.922727 0.382206
f 355/1165/1165 356/1166/1166 388/1167/1167 387/1168/1168
vt 2.500000 0.643520
vn 0.049938 0.830432 0.554877
vt 2.500000 0.659937
vn 0.049938 0.706225 0.706225
vt 2.833333 0.648151
vn 0.049938 0.706225 0.706225
vt 2.833333 0.634261
vn 0.049938 0.830432 0.554877
f 356/1169/1169 357/1170/1170 389/1171/1171 388/1172/1172
vt 2.500000 0.076603
vn 0.049938 0.706225 0.706225
vt 2.500000 0.060187
vn 0.049938 0.554877 0.830432
vt 2.833333 0.050927
vn 0.049938 0.554877 0.830432
vt 2.833333 0.064818
vn 0.049938 0.706225 0.706225
f 357/1173/1173 358/1174/1174 390/1175/1175 389/1176/1176
vt 2.500000 0.060187
vn 0.049938 0.554877 0.830432
vt 2.500000 0.041457
vn 0.049938 0.382206 0.922727
vt 2.833333 0.035079
vn 0.049938 0.382206 0.922727
vt 2.833333 0.050927
vn 0.049938 0.554877 0.830432
f 358/1177/1177 359/1178/1178 391/1179/1179 390/1180/1180
vt 2.500000 0.041457
vn 0.049938 0.382206 0.922727
vt 2.500000 0.021135
vn 0.049938 0.194847 0.979562
vt 2.833333 0.017883
vn 0.049938 0.194847 0.979562
vt 2.833333 0.035079
vn 0.049938 0.382206 0.922727
f 359/1181/1181 360/1182/1182 392/1183/1183 391/1184/1184
vt 2.500000 0.021135
vn 0.049938 0.194847 0.979562
vt 2.500000 0.000000
vn 0.049938 0.000000 0.998752
vt 2.833333 0.000000
vn 0.049938 0.000000 0.998752
vt 2.833333 0.017883
vn 0.049938 0.194847 0.979562
f 360/1185/1185 361/1186/1186 393/1187/1187 392/1188/1188
vt 2.500000 0.000000
vn 0.049938 0.000000 0.998752
vt 2.500000 -0.021135
vn 0.049938 -0.194847 0.979562
vt 2.833333 -0.017883
vn 0.049938 -0.194847 0.979562
vt 2.833333 0.000000
vn 0.049938 0.000000 0.998752
f 361/1189/1189 362/1190/1190 394/1191/1191 393/1192/1192
vt 2.500000 -0.021135
vn 0.049938 -0.194847 0.979562
vt 2.500000 -0.041457
vn 0.049938 -0.382206 0.922727
vt 2.833333 -0.035079
vn 0.049938 -0.382206 0.922727
vt 2.833333 -0.017883
vn 0.049938 -0.194847 0.979562
f 362/1193/1193 363/1194/1194 395/1195/1195 394/1196/1196
vt 2.500000 -0.041457
vn 0.049938 -0.382206 0.922727
vt 2.500000 -0.060187
vn 0.049938 -0.554877 0.830432
vt 2.833333 -0.050927
vn 0.049938 -0.554877 0.830432
vt 2.833333 -0.035079
vn 0.049938 -0.382206 0.922727
f 363/1197/1197 364/1198/1198 396/1199/1199 395/1200/1200
vt 2.500000 -0.060187
vn 0.049938 -0.554877 0.830432
vt 2.500000 -0.076603
vn 0.049938 -0.706225 0.706225
vt 2.833333 -0.064818
vn 0.049938 -0.706225 0.706225
vt 2.833333 -0.050927
vn 0.049938 -0.554877 0.830432
f 364/1201/1201 365/1202/1202 397/1203/1203 396/1204/1204
vt 2.500000 0.659937
vn 0.049938 -0.706225 0.706225
vt 2.500000 0.643520
vn 0.049938 -0.830432 0.554877
vt 2.833333 0.634261
vn 0.049938 -0.830432 0.554877
vt 2.833333 0.648151
vn 0.049938 -0.706225 0.706225
f 365/1205/1205 366/1206/1206 398/1207/1207 397/1208/1208
vt 2.500000 0.643520
vn 0.049938 -0.830432 0.554877
vt 2.500000 0.624791
vn 0.049938 -0.922727 0.382206
vt 2.833333 0.618413
vn 0.049938 -0.922727 0.382206
vt 2.833333 0.634261
vn 0.049938 -0.830432 0.554877
f 366/1209/1209 367/1210/1210 399/1211/1211 398/1212/1212
vt 2.500000 0.624791
vn 0.049938 -0.922727 0.382206
vt 2.500000 0.604468
vn 0.049938 -0.979562 0.194847
vt 2.833333 0.601217
vn 0.049938 -0.979562 0.194847
vt 2.833333 0.618413
vn 0.049938 -0.922727 0.382206
f 367/1213/1213 368/1214/1214 400/1215/1215 399/1216/1216
vt 2.500000 0.604468
vn 0.049938 -0.979562 0.194847
vt 2.500000 0.583333
vn 0.049938 -0.998752 0.000000
vt 2.833333 0.583333
vn 0.049938 -0.998752 0.000000
vt 2.833333 0.601217
vn 0.049938 -0.979562 0.194847
f 368/1217/1217 337/1218/1218 369/1219/1219 400/1220/1220
v -25.000000 -1.650000 7.000000
v -25.000000 -1.643275 6.931718
v -25.000000 -1.623358 6.866061
v -25.000000 -1.591014 6.805550
v -25.000000 -1.547487 6.752513
v -25.000000 -1.494450 6.708986
v -25.000000 -1.433939 6.676642
v -25.000000 -1.368282 6.656725
v -25.000000 -1.300000 6.650000
v -25.000000 -1.231718 6.656725
v -25.000000 -1.166061 6.676642
v -25.000000 -1.105550 6.708986
v -25.000000 -1.052513 6.752513
v -25.000000 -1.008986 6.805550
v -25.000000 -0.976642 6.866061
v -25.000000 -0.956725 6.931718
v -25.000000 -0.950000 7.000000
v -25.000000 -0.956725 7.068282
v -25.000000 -0.976642 7.133939
v -25.000000 -1.008986 7.194450
v -25.000000 -1.052513 7.247487
v -25.000000 -1.105550 7.291014
v -25.000000 -1.166061 7.323358
v -25.000000 -1.231718 7.343275
v -25.000000 -1.300000 7.350000
v -25.000000 -1.368282 7.343275
v -25.000000 -1.433939 7.323358
v -25.000000 -1.494450 7.291014
v -25.000000 -1.547487 7.247487
v -25.000000 -1.591014 7.194450
v -25.000000 -1.623358 7.133939
v -25.000000 -1.643275 7.068282
v -6.000000 -1.650000 7.000000
v -6.000000 -1.643275 6.931718
v -6.000000 -1.623358 6.866061
v -6.000000 -1.591014 6.805550
v -6.000000 -1.547487 6.752513
v -6.000000 -1.494450 6.708986
v -6.000000 -1.433939 6.676642
v -6.000000 -1.368282 6.656725
v -6.000000 -1.300000 6.650000
v -6.000000 -1.231718 6.656725
v -6.000000 -1.166061 6.676642
v -6.000000 -1.105550 6.708986
v -6.000000 -1.052513 6.752513
v -6.000000 -1.008986 6.805550
v -6.000000 -0.976642 6.866061
v -6.000000 -0.956725 6.931718
v -6.000000 -0.950000 7.000000
v -6.000000 -0.956725 7.068282
v -6.000000 -0.976642 7.133939
v -6.000000 -1.008986 7.194450
v -6.000000 -1.052513 7.247487
v -6.000000 -1.105550 7.291014
v -6.000000 -1.166061 7.323358
v -6.000000 -1.231718 7.343275
v -6.000000 -1.300000 7.350000
v -6.000000 -1.368282 7.343275
v -6.000000 -1.433939 7.323358
v -6.000000 -1.494450 7.291014
v -6.000000 -1.547487 7.247487
v -6.000000 -1.591014 7.194450
v -6.000000 -1.623358 7.133939
v -6.000000 -1.643275 7.068282
vt -0.136940 0.589023
vn -1.000000 0.000000 0.000000
vt -0.135280 0.594495
vn -1.000000 0.000000 0.000000
vt -0.132585 0.599537
vn -1.000000 0.000000 0.000000
vt -0.128957 0.603957
vn -1.000000 0.000000 0.000000
vt -0.124537 0.607585
vn -1.000000 0.000000 0.000000
vt -0.119495 0.610280
vn -1.000000 0.000000 0.000000
vt -0.114023 0.611940
vn -1.000000 0.000000 0.000000
vt -0.108333 0.612500
vn -1.000000 0.000000 0.000000
vt -0.102643 0.611940
vn -1.000000 0.000000 0.000000
vt -0.097172 0.610280
vn -1.000000 0.000000 0.000000
vt -0.092129 0.607585
vn -1.000000 0.000000 0.000000
vt -0.087709 0.603957
vn -1.000000 0.000000 0.000000
vt -0.084082 0.599537
vn -1.000000 0.000000 0.000000
vt -0.081387 0.594495
vn -1.000000 0.000000 0.000000
vt -0.079727 0.589023
vn -1.000000 0.000000 0.000000
vt -0.079167 0.583333
vn -1.000000 0.000000 0.000000
vt -0.079727 0.577643
vn -1.000000 0.000000 0.000000
vt -0.081387 0.572172
vn -1.000000 0.000000 0.000000
vt -0.084082 0.567129
vn -1.000000 0.000000 0.000000
vt -0.087709 0.562709
vn -1.000000 0.000000 0.000000
vt -0.092129 0.559082
vn -1.000000 0.000000 0.000000
vt -0.097172 0.556387
vn -1.000000 0.000000 0.000000
vt -0.102643 0.554727
vn -1.000000 0.000000 0.000000
vt -0.108333 0.554167
vn -1.000000 0.000000 0.000000
vt -0.114023 0.554727
vn -1.000000 0.000000 0.000000
vt -0.119495 0.556387
vn -1.000000 0.000000 0.000000
vt -0.124537 0.559082
vn -1.000000 0.000000 0.000000
vt -0.128957 0.562709
vn -1.000000 0.000000 0.000000
vt -0.132585 0.567129
vn -1.000000 0.000000 0.000000
vt -0.135280 0.572172
vn -1.000000 0.000000 0.000000
vt -0.136940 0.577643
vn -1.000000 0.000000 0.000000
vt -0.137500 0.583333
vn -1.000000 0.000000 0.000000
f 432/1221/1221 431/1222/1222 430/1223/1223 429/1224/1224 428/1225/1225 427/1226/1226 426/1227/1227 425/1228/1228 424/1229/1229 423/1230/1230 422/1231/1231 421/1232/1232 420/1233/1233 419/1234/1234 418/1235/1235 417/1236/1236 416/1237/1237 415/1238/1238 414/1239/1239 413/1240/1240 412/1241/1241 411/1242/1242 410/1243/1243 409/1244/1244 408/1245/1245 407/1246/1246 406/1247/1247 405/1248/1248 404/1249/1249 403/1250/1250 402/1251/1251 401/1252/1252
vt -0.137500 0.583333
vn 1.000000 0.000000 0.000000
vt -0.136940 0.577643
vn 1.000000 0.000000 0.000000
vt -0.135280 0.572172
vn 1.000000 0.000000 0.000000
vt -0.132585 0.567129
vn 1.000000 0.000000 0.000000
vt -0.128957 0.562709
vn 1.000000 0.000000 0.000000
vt -0.124537 0.559082
vn 1.000000 0.000000 0.000000
vt -0.119495 0.556387
vn 1.000000 0.000000 0.000000
vt -0.114023 0.554727
vn 1.000000 0.000000 0.000000
vt -0.108333 0.554167
vn 1.000000 0.000000 0.000000
vt -0.102643 0.554727
vn 1.000000 0.000000 0.000000
vt -0.097172 0.556387
vn 1.000000 0.000000 0.000000
vt -0.092129 0.559082
vn 1.000000 0.000000 0.000000
vt -0.087709 0.562709
vn 1.000000 0.000000 0.000000
vt -0.084082 0.567129
vn 1.000000 0.000000 0.000000
vt -0.081387 0.572172
vn 1.000000 0.000000 0.000000
vt -0.079727 0.577643
vn 1.000000 0.000000 0.000000
vt -0.079167 0.583333
vn 1.000000 0.000000 0.000000
vt -0.079727 0.589023
vn 1.000000 0.000000 0.000000
vt -0.081387 0.594495
vn 1.000000 0.000000 0.000000
vt -0.084082 0.599537
vn 1.000000 0.000000 0.000000
vt -0.087709 0.603957
vn 1.000000 0.000000 0.000000
vt -0.092129 0.607585
vn 1.000000 0.000000 0.000000
vt -0.097172 0.610280
vn 1.000000 0.000000 0.000000
vt -0.102643 0.611940
vn 1.000000 0.000000 0.000000
vt -0.108333 0.612500
vn 1.000000 0.000000 0.000000
vt -0.114023 0.611940
vn 1.000000 0.000000 0.000000
vt -0.119495 0.610280
vn 1.000000 0.000000 0.000000
vt -0.124537 0.607585
vn 1.000000 0.000000 0.000000
vt -0.128957 0.603957
vn 1.000000 0.000000 0.000000
vt -0.132585 0.599537
vn 1.000000 0.000000 0.000000
vt -0.135280 0.594495
vn 1.000000 0.000000 0.000000
vt -0.136940 0.589023
vn 1.000000 0.000000 0.000000
f 433/1253/1253 434/1254/1254 435/1255/1255 436/1256/1256 437/1257/1257 438/1258/1258 439/1259/1259 440/1260/1260 441/1261/1261 442/1262/1262 443/1263/1263 444/1264/1264 445/1265/1265 446/1266/1266 447/1267/1267 448/1268/1268 449/1269/1269 450/1270/1270 451/1271/1271 452/1272/1272 453/1273/1273 454/1274/1274 455/1275/1275 456/1276/1276 457/1277/1277 458/1278/1278 459/1279/1279 460/1280/1280 461/1281/1281 462/1282/1282 463/1283/1283 464/1284/1284
vt -2.083333 0.583333
vn 0.000000 -1.000000 0.000000
vt -2.083333 0.577643
vn 0.000000 -0.980785 -0.195090
vt -0.500000 0.577643
vn 0.000000 -0.980785 -0.195090
vt -0.500000 0.583333
vn 0.000000 -1.000000 0.000000
f 401/1285/1285 402/1286/1286 434/1287/1287 433/1288/1288
vt -2.083333 0.577643
vn 0.000000 -0.980785 -0.195090
vt -2.083333 0.572172
vn 0.000000 -0.923880 -0.382683
vt -0.500000 0.572172
vn 0.000000 -0.923880 -0.382683
vt -0.500000 0.577643
vn 0.000000 -0.980785 -0.195090
f 402/1289/1289 403/1290/1290 435/1291/1291 434/1292/1292
vt -2.083333 0.572172
vn 0.000000 -0.923880 -0.382683
vt -2.083333 0.567129
vn 0.000000 -0.831470 -0.555570
vt -0.500000 0.567129
vn 0.000000 -0.831470 -0.555570
vt -0.500000 0.572172
vn 0.000000 -0.923880 -0.382683
f 403/1293/1293 404/1294/1294 436/1295/1295 435/1296/1296
vt -2.083333 0.567129
vn 0.000000 -0.831470 -0.555570
vt -2.083333 0.562709
vn 0.000000 -0.707107 -0.707107
vt -0.500000 0.562709
vn 0.000000 -0.707107 -0.707107
vt -0.500000 0.567129
vn 0.000000 -0.831470 -0.555570
f 404/1297/1297 405/1298/1298 437/1299/1299 436/1300/1300
vt -2.083333 -0.128957
vn 0.000000 -0.707107 -0.707107
vt -2.083333 -0.124537
vn 0.000000 -0.555570 -0.831470
vt -0.500000 -0.124537
vn 0.000000 -0.555570 -0.831470
vt -0.500000 -0.128957
vn 0.000000 -0.707107 -0.707107
f 405/1301/1301 406/1302/1302 438/1303/1303 437/1304/1304
vt -2.083333 -0.124537
vn 0.000000 -0.555570 -0.831470
vt -2.083333 -0.119495
vn 0.000000 -0.382683 -0.923880
vt -0.500000 -0.119495
vn 0.000000 -0.382683 -0.923880
vt -0.500000 -0.124537
vn 0.000000 -0.555570 -0.831470
f 406/1305/1305 407/1306/1306 439/1307/1307 438/1308/1308
vt -2.083333 -0.119495
vn 0.000000 -0.382683 -0.923880
vt -2.083333 -0.114023
vn 0.000000 -0.195090 -0.980785
vt -0.500000 -0.114023
vn 0.000000 -0.195090 -0.980785
vt -0.500000 -0.119495
vn 0.000000 -0.382683 -0.923880
f 407/1309/1309 408/1310/1310 440/1311/1311 439/1312/1312
vt -2.083333 -0.114023
vn 0.000000 -0.195090 -0.980785
vt -2.083333 -0.108333
vn 0.000000 0.000000 -1.000000
vt -0.500000 -0.108333
vn 0.000000 0.000000 -1.000000
vt -0.500000 -0.114023
vn 0.000000 -0.195090 -0.980785
f 408/1313/1313 409/1314/1314 441/1315/1315 440/1316/1316
vt -2.083333 -0.108333
vn 0.000000 0.000000 -1.000000
vt -2.083333 -0.102643
vn 0.000000 0.195090 -0.980785
vt -0.500000 -0.102643
vn 0.000000 0.195090 -0.980785
vt -0.500000 -0.108333
vn 0.000000 0.000000 -1.000000
f 409/1317/1317 410/1318/1318 442/1319/1319 441/1320/1320
vt -2.083333 -0.102643
vn 0.000000 0.195090 -0.980785
vt -2.083333 -0.097172
vn 0.000000 0.382683 -0.923880
vt -0.500000 -0.097172
vn 0.000000 0.382683 -0.923880
vt -0.500000 -0.102643
vn 0.000000 0.195090 -0.980785
f 410/1321/1321 411/1322/1322 443/1323/1323 442/1324/1324
vt -2.083333 -0.097172
vn 0.000000 0.382683 -0.923880
vt -2.083333 -0.092129
vn 0.000000 0.555570 -0.831470
vt -0.500000 -0.092129
vn 0.000000 0.555570 -0.831470
vt -0.500000 -0.097172
vn 0.000000 0.382683 -0.923880
f 411/1325/1325 412/1326/1326 444/1327/1327 443/1328/1328
vt -2.083333 -0.092129
vn 0.000000 0.555570 -0.831470
vt -2.083333 -0.087709
vn 0.000000 0.707107 -0.707107
vt -0.500000 -0.087709
vn 0.000000 0.707107 -0.707107
vt -0.500000 -0.092129
vn 0.000000 0.555570 -0.831470
f 412/1329/1329 413/1330/1330 445/1331/1331 444/1332/1332
vt -2.083333 0.562709
vn 0.000000 0.707107 -0.707107
vt -2.083333 0.567129
vn 0.000000 0.831470 -0.555570
vt -0.500000 0.567129
vn 0.000000 0.831470 -0.555570
vt -0.500000 0.562709
vn 0.000000 0.707107 -0.707107
f 413/1333/1333 414/1334/1334 446/1335/1335 445/1336/1336
vt -2.083333 0.567129
vn 0.000000 0.831470 -0.555570
vt -2.083333 0.572172
vn 0.000000 0.923880 -0.382683
vt -0.500000 0.572172
vn 0.000000 0.923880 -0.382683
vt -0.500000 0.567129
vn 0.000000 0.831470 -0.555570
f 414/1337/1337 415/1338/1338 447/1339/1339 446/1340/1340
vt -2.083333 0.572172
vn 0.000000 0.923880 -0.382683
vt -2.083333 0.577643
vn 0.000000 0.980785 -0.195090
vt -0.500000 0.577643
vn 0.000000 0.980785 -0.195090
vt -0.500000 0.572172
vn 0.000000 0.923880 -0.382683
f 415/1341/1341 416/1342/1342 448/1343/1343 447/1344/1344
vt -2.083333 0.577643
vn 0.000000 0.980785 -0.195090
vt -2.083333 0.583333
vn 0.000000 1.000000 0.000000
vt -0.500000 0.583333
vn 0.000000 1.000000 0.000000
vt -0.500000 0.577643
vn 0.000000 0.980785 -0.195090
f 416/1345/1345 417/1346/1346 449/1347/1347 448/1348/1348
vt -2.083333 0.583333
vn 0.000000 1.000000 0.000000
vt -2.083333 0.589023
vn 0.000000 0.980785 0.195090
vt -0.500000 0.589023
vn 0.000000 0.980785 0.195090
vt -0.500000 0.583333
vn 0.000000 1.000000 0.000000
f 417/1349/1349 418/1350/1350 450/1351/1351 449/1352/1352
vt -2.083333 0.589023
vn 0.000000 0.980785 0.195090
vt -2.083333 0.594495
vn 0.000000 0.923880 0.382683
vt -0.500000 0.594495
vn 0.000000 0.923880 0.382683
vt -0.500000 0.589023
vn 0.000000 0.980785 0.195090
f 418/1353/1353 419/1354/1354 451/1355/1355 450/1356/1356
vt -2.083333 0.594495
vn 0.000000 0.923880 0.382683
vt -2.083333 0.599537
vn 0.000000 0.831470 0.555570
vt -0.500000 0.599537
vn 0.000000 0.831470 0.555570
vt -0.500000 0.594495
vn 0.000000 0.923880 0.382683
f 419/1357/1357 420/1358/1358 452/1359/1359 451/1360/1360
vt -2.083333 0.599537
vn 0.000000 0.831470 0.555570
vt -2.083333 0.603957
vn 0.000000 0.707107 0.707107
vt -0.500000 0.603957
vn 0.000000 0.707107 0.707107
vt -0.500000 0.599537
vn 0.000000 0.831470 0.555570
f 420/1361/1361 421/1362/1362 453/1363/1363 452/1364/1364
vt -2.083333 -0.087709
vn 0.000000 0.707107 0.707107
vt -2.083333 -0.092129
vn 0.000000 0.555570 0.831470
vt -0.500000 -0.092129
vn 0.000000 0.555570 0.831470
vt -0.500000 -0.087709
vn 0.000000 0.707107 0.707107
f 421/1365/1365 422/1366/1366 454/1367/1367 453/1368/1368
vt -2.083333 -0.092129
vn 0.000000 0.555570 0.831470
vt -2.083333 -0.097172
vn 0.000000 0.382683 0.923880
vt -0.500000 -0.097172
vn 0.000000 0.382683 0.923880
vt -0.500000 -0.092129
vn 0.000000 0.555570 0.831470
f 422/1369/1369 423/1370/1370 455/1371/1371 454/1372/1372
vt -2.083333 -0.097172
vn 0.000000 0.382683 0.923880
vt -2.083333 -0.102643
vn 0.000000 0.195090 0.980785
vt -0.500000 -0.102643
vn 0.000000 0.195090 0.980785
vt -0.500000 -0.097172
vn 0.000000 0.382683 0.923880
f 423/1373/1373 424/1374/1374 456/1375/1375 455/1376/1376
vt -2.083333 -0.102643
vn 0.000000 0.195090 0.980785
vt -2.083333 -0.108333
vn 0.000000 0.000000 1.000000
vt -0.500000 -0.108333
vn 0.000000 0.000000 1.000000
vt -0.500000 -0.102643
vn 0.000000 0.195090 0.980785
f 424/1377/1377 425/1378/1378 457/1379/1379 456/1380/1380
vt -2.083333 -0.108333
vn 0.000000 0.000000 1.000000
vt -2.083333 -0.114023
vn 0.000000 -0.195090 0.980785
vt -0.500000 -0.114023
vn 0.000000 -0.195090 0.980785
vt -0.500000 -0.108333
vn 0.000000 0.000000 1.000000
f 425/1381/1381 426/1382/1382 458/1383/1383 457/1384/1384
vt -2.083333 -0.114023
vn 0.000000 -0.195090 0.980785
vt -2.083333 -0.119495
vn 0.000000 -0.382683 0.923880
vt -0.500000 -0.119495
vn 0.000000 -0.382683 0.923880
vt -0.500000 -0.114023
vn 0.000000 -0.195090 0.980785
f 426/1385/1385 427/1386/1386 459/1387/1387 458/1388/1388
vt -2.083333 -0.119495
vn 0.000000 -0.382683 0.923880
vt -2.083333 -0.124537
vn 0.000000 -0.555570 0.831470
vt -0.500000 -0.124537
vn 0.000000 -0.555570 0.831470
vt -0.500000 -0.119495
vn 0.000000 -0.382683 0.923880
f 427/1389/1389 428/1390/1390 460/1391/1391 459/1392/1392
vt -2.083333 -0.124537
vn 0.000000 -0.555570 0.831470
vt -2.083333 -0.128957
vn 0.000000 -0.707107 0.707107
vt -0.500000 -0.128957
vn 0.000000 -0.707107 0.707107
vt -0.500000 -0.124537
vn 0.000000 -0.555570 0.831470
f 428/1393/1393 429/1394/1394 461/1395/1395 460/1396/1396
vt -2.083333 0.603957
vn 0.000000 -0.707107 0.707107
vt -2.083333 0.599537
vn 0.000000 -0.831470 0.555570
vt -0.500000 0.599537
vn 0.000000 -0.831470 0.555570
vt -0.500000 0.603957
vn 0.000000 -0.707107 0.707107
f 429/1397/1397 430/1398/1398 462/1399/1399 461/1400/1400
vt -2.083333 0.599537
vn 0.000000 -0.831470 0.555570
vt -2.083333 0.594495
vn 0.000000 -0.923880 0.382683
vt -0.500000 0.594495
vn 0.000000 -0.923880 0.382683
vt -0.500000 0.599537
vn 0.000000 -0.831470 0.555570
f 430/1401/1401 431/1402/1402 463/1403/1403 462/1404/1404
vt -2.083333 0.594495
vn 0.000000 -0.923880 0.382683
vt -2.083333 0.589023
vn 0.000000 -0.980785 0.195090
vt -0.500000 0.589023
vn 0.000000 -0.980785 0.195090
vt -0.500000 0.594495
vn 0.000000 -0.923880 0.382683
f 431/1405/1405 432/1406/1406 464/1407/1407 463/1408/1408
vt -2.083333 0.589023
vn 0.000000 -0.980785 0.195090
vt -2.083333 0.583333
vn 0.000000 -1.000000 0.000000
vt -0.500000 0.583333
vn 0.000000 -1.000000 0.000000
vt -0.500000 0.589023
vn 0.000000 -0.980785 0.195090
f 432/1409/1409 401/1410/1410 433/1411/1411 464/1412/1412
v -25.000000 0.950000 7.000000
v -25.000000 0.956725 6.931718
v -25.000000 0.976642 6.866061
v -25.000000 1.008986 6.805550
v -25.000000 1.052513 6.752513
v -25.000000 1.105550 6.708986
v -25.000000 1.166061 6.676642
v -25.000000 1.231718 6.656725
v -25.000000 1.300000 6.650000
v -25.000000 1.368282 6.656725
v -25.000000 1.433939 6.676642
v -25.000000 1.494450 6.708986
v -25.000000 1.547487 6.752513
v -25.000000 1.591014 6.805550
v -25.000000 1.623358 6.866061
v -25.000000 1.643275 6.931718
v -25.000000 1.650000 7.000000
v -25.000000 1.643275 7.068282
v -25.000000 1.623358 7.133939
v -25.000000 1.591014 7.194450
v -25.000000 1.547487 7.247487
v -25.000000 1.494450 7.291014
v -25.000000 1.433939 7.323358
v -25.000000 1.368282 7.343275
v -25.000000 1.300000 7.350000
v -25.000000 1.231718 7.343275
v -25.000000 1.166061 7.323358
v -25.000000 1.105550 7.291014
v -25.000000 1.052513 7.247487
v -25.000000 1.008986 7.194450
v -25.000000 0.976642 7.133939
v -25.000000 0.956725 7.068282
v -6.000000 0.950000 7.000000
v -6.000000 0.956725 6.931718
v -6.000000 0.976642 6.866061
v -6.000000 1.008986 6.805550
v -6.000000 1.052513 6.752513
v -6.000000 1.105550 6.708986
v -6.000000 1.166061 6.676642
v -6.000000 1.231718 6.656725
v -6.000000 1.300000 6.650000
v -6.000000 1.368282 6.656725
v -6.000000 1.433939 6.676642
v -6.000000 1.494450 6.708986
v -6.000000 1.547487 6.752513
v -6.000000 1.591014 6.805550
v -6.000000 1.623358 6.866061
v -6.000000 1.643275 6.931718
v -6.000000 1.650000 7.000000
v -6.000000 1.643275 7.068282
v -6.000000 1.623358 7.133939
v -6.000000 1.591014 7.194450
v -6.000000 1.547487 7.247487
v -6.000000 1.494450 7.291014
v -6.000000 1.433939 7.323358
v -6.000000 1.368282 7.343275
v -6.000000 1.300000 7.350000
v -6.000000 1.231718 7.343275
v -6.000000 1.166061 7.323358
v -6.000000 1.105550 7.291014
v -6.000000 1.052513 7.247487
v -6.000000 1.008986 7.194450
v -6.000000 0.976642 7.133939
v -6.000000 0.956725 7.068282
vt 0.079727 0.589023
vn -1.000000 0.000000 0.000000
vt 0.081387 0.594495
vn -1.000000 0.000000 0.000000
vt 0.084082 0.599537
vn -1.000000 0.000000 0.000000
vt 0.087709 0.603957
vn -1.000000 0.000000 0.000000
vt 0.092129 0.607585
vn -1.000000 0.000000 0.000000
vt 0.097172 0.610280
vn -1.000000 0.000000 0.000000
vt 0.102643 0.611940
vn -1.000000 0.000000 0.000000
vt 0.108333 0.612500
vn -1.000000 0.000000 0.000000
vt 0.114023 0.611940
vn -1.000000 0.000000 0.000000
vt 0.119495 0.610280
vn -1.000000 0.000000 0.000000
vt 0.124537 0.607585
vn -1.000000 0.000000 0.000000
vt 0.128957 0.603957
vn -1.000000 0.000000 0.000000
vt 0.132585 0.599537
vn -1.000000 0.000000 0.000000
vt 0.135280 0.594495
vn -1.000000 0.000000 0.000000
vt 0.136940 0.589023
vn -1.000000 0.000000 0.000000
vt 0.137500 0.583333
vn -1.000000 0.000000 0.000000
vt 0.136940 0.577643
vn -1.000000 0.000000 0.000000
vt 0.135280 0.572172
vn -1.000000 0.000000 0.000000
vt 0.132585 0.567129
vn -1.000000 0.000000 0.000000
vt 0.128957 0.562709
vn -1.000000 0.000000 0.000000
vt 0.124537 0.559082
vn -1.000000 0.000000 0.000000
vt 0.119495 0.556387
vn -1.000000 0.000000 0.000000
vt 0.114023 0.554727
vn -1.000000 0.000000 0.000000
vt 0.108333 0.554167
vn -1.000000 0.000000 0.000000
vt 0.102643 0.554727
vn -1.000000 0.000000 0.000000
vt 0.097172 0.556387
vn -1.000000 0.000000 0.000000
vt 0.092129 0.559082
vn -1.000000 0.000000 0.000000
vt 0.087709 0.562709
vn -1.000000 0.000000 0.000000
vt 0.084082 0.567129
vn -1.000000 0.000000 0.000000
vt 0.081387 0.572172
vn -1.000000 0.000000 0.000000
vt 0.079727 0.577643
vn -1.000000 0.000000 0.000000
vt 0.079167 0.583333
vn -1.000000 0.000000 0.000000
f 496/1413/1413 495/1414/1414 494/1415/1415 493/1416/1416 492/1417/1417 491/1418/1418 490/1419/1419 489/1420/1420 488/1421/1421 487/1422/1422 486/1423/1423 485/1424/1424 484/1425/1425 483/1426/1426 482/1427/1427 481/1428/1428 480/1429/1429 479/1430/1430 478/1431/1431 477/1432/1432 476/1433/1433 475/1434/1434 474/1435/1435 473/1436/1436 472/1437/1437 471/1438/1438 470/1439/1439 469/1440/1440 468/1441/1441 467/1442/1442 466/1443/1443 465/1444/1444
vt 0.079167 0.583333
vn 1.000000 0.000000 0.000000
vt 0.079727 0.577643
vn 1.000000 0.000000 0.000000
vt 0.081387 0.572172
vn 1.000000 0.000000 0.000000
vt 0.084082 0.567129
vn 1.000000 0.000000 0.000000
vt 0.087709 0.562709
vn 1.000000 0.000000 0.000000
vt 0.092129 0.559082
vn 1.000000 0.000000 0.000000
vt 0.097172 0.556387
vn 1.000000 0.000000 0.000000
vt 0.102643 0.554727
vn 1.000000 0.000000 0.000000
vt 0.108333 0.554167
vn 1.000000 0.000000 0.000000
vt 0.114023 0.554727
vn 1.000000 0.000000 0.000000
vt 0.119495 0.556387
vn 1.000000 0.000000 0.000000
vt 0.124537 0.559082
vn 1.000000 0.000000 0.000000
vt 0.128957 0.562709
vn 1.000000 0.000000 0.000000
vt 0.132585 0.567129
vn 1.000000 0.000000 0.000000
vt 0.135280 0.572172
vn 1.000000 0.000000 0.000000
vt 0.136940 0.577643
vn 1.000000 0.000000 0.000000
vt 0.137500 0.583333
vn 1.000000 0.000000 0.000000
vt 0.136940 0.589023
vn 1.000000 0.000000 0.000000
vt 0.135280 0.594495
vn 1.000000 0.000000 0.000000
vt 0.132585 0.599537
vn 1.000000 0.000000 0.000000
vt 0.128957 0.603957
vn 1.000000 0.000000 0.000000
vt 0.124537 0.607585
vn 1.000000 0.000000 0.000000
vt 0.119495 0.610280
vn 1.000000 0.000000 0.000000
vt 0.114023 0.611940
vn 1.000000 0.000000 0.000000
vt 0.108333 0.612500
vn 1.000000 0.000000 0.000000
vt 0.102643 0.611940
vn 1.000000 0.000000 0.000000
vt 0.097172 0.610280
vn 1.000000 0.000000 0.000000
vt 0.092129 0.607585
vn 1.000000 0.000000 0.000000
vt 0.087709 0.603957
vn 1.000000 0.000000 0.000000
vt 0.084082 0.599537
vn 1.000000 0.000000 0.000000
vt 0.081387 0.594495
vn 1.000000 0.000000 0.000000
vt 0.079727 0.589023
vn 1.000000 0.000000 0.000000
f 497/1445/1445 498/1446/1446 499/1447/1447 500/1448/1448 501/1449/1449 502/1450/1450 503/1451/1451 504/1452/1452 505/1453/1453 506/1454/1454 507/1455/1455 508/1456/1456 509/1457/1457 510/1458/1458 511/1459/1459 512/1460/1460 513/1461/1461 514/1462/1462 515/1463/1463 516/1464/1464 517/1465/1465 518/1466/1466 519/1467/1467 520/1468/1468 521/1469/1469 522/1470/1470 523/1471/1471 524/1472/1472 525/1473/1473 526/1474/1474 527/1475/1475 528/1476/1476
vt -2.083333 0.583333
vn 0.000000 -1.000000 0.000000
vt -2.083333 0.577643
vn 0.000000 -0.980785 -0.195090
vt -0.500000 0.577643
vn 0.000000 -0.980785 -0.195090
vt -0.500000 0.583333
vn 0.000000 -1.000000 0.000000
f 465/1477/1477 466/1478/1478 498/1479/1479 497/1480/1480
vt -2.083333 0.577643
vn 0.000000 -0.980785 -0.195090
vt -2.083333 0.572172
vn 0.000000 -0.923880 -0.382683
vt -0.500000 0.572172
vn 0.000000 -0.923880 -0.382683
vt -0.500000 0.577643
vn 0.000000 -0.980785 -0.195090
f 466/1481/1481 467/1482/1482 499/1483/1483 498/1484/1484
vt -2.083333 0.572172
vn 0.000000 -0.923880 -0.382683
vt -2.083333 0.567129
vn 0.000000 -0.831470 -0.555570
vt -0.500000 0.567129
vn 0.000000 -0.831470 -0.555570
vt -0.500000 0.572172
vn 0.000000 -0.923880 -0.382683
f 467/1485/1485 468/1486/1486 500/1487/1487 499/1488/1488
vt -2.083333 0.567129
vn 0.000000 -0.831470 -0.555570
vt -2.083333 0.562709
vn 0.000000 -0.707107 -0.707107
vt -0.500000 0.562709
vn 0.000000 -0.707107 -0.707107
vt -0.500000 0.567129
vn 0.000000 -0.831470 -0.555570
f 468/1489/1489 469/1490/1490 501/1491/1491 500/1492/1492
vt -2.083333 0.087709
vn 0.000000 -0.707107 -0.707107
vt -2.083333 0.092129
vn 0.000000 -0.555570 -0.831470
vt -0.500000 0.092129
vn 0.000000 -0.555570 -0.831470
vt -0.500000 0.087709
vn 0.000000 -0.707107 -0.707107
f 469/1493/1493 470/1494/1494 502/1495/1495 501/1496/1496
vt -2.083333 0.092129
vn 0.000000 -0.555570 -0.831470
vt -2.083333 0.097172
vn 0.000000 -0.382683 -0.923880
vt -0.500000 0.097172
vn 0.000000 -0.382683 -0.923880
vt -0.500000 0.092129
vn 0.000000 -0.555570 -0.831470
f 470/1497/1497 471/1498/1498 503/1499/1499 502/1500/1500
vt -2.083333 0.097172
vn 0.000000 -0.382683 -0.923880
vt -2.083333 0.102643
vn 0.000000 -0.195090 -0.980785
vt -0.500000 0.102643
vn 0.000000 -0.195090 -0.980785
vt -0.500000 0.097172
vn 0.000000 -0.382683 -0.923880
f 471/1501/1501 472/1502/1502 504/1503/1503 503/1504/1504
vt -2.083333 0.102643
vn 0.000000 -0.195090 -0.980785
vt -2.083333 0.108333
vn 0.000000 0.000000 -1.000000
vt -0.500000 0.108333
vn 0.000000 0.000000 -1.000000
vt -0.500000 0.102643
vn 0.000000 -0.195090 -0.980785
f 472/1505/1505 473/1506/1506 505/1507/1507 504/1508/1508
vt -2.083333 0.108333
vn 0.000000 0.000000 -1.000000
vt -2.083333 0.114023
vn 0.000000 0.195090 -0.980785
vt -0.500000 0.114023
vn 0.000000 0.195090 -0.980785
vt -0.500000 0.108333
vn 0.000000 0.000000 -1.000000
f 473/1509/1509 474/1510/1510 506/1511/1511 505/1512/1512
vt -2.083333 0.114023
vn 0.000000 0.195090 -0.980785
vt -2.083333 0.119495
vn 0.000000 0.382683 -0.923880
vt -0.500000 0.119495
vn 0.000000 0.382683 -0.923880
vt -0.500000 0.114023
vn 0.000000 0.195090 -0.980785
f 474/1513/1513 475/1514/1514 507/1515/1515 506/1516/1516
vt -2.083333 0.119495
vn 0.000000 0.382683 -0.923880
vt -2.083333 0.124537
vn 0.000000 0.555570 -0.831470
vt -0.500000 0.124537
vn 0.000000 0.555570 -0.831470
vt -0.500000 0.119495
vn 0.000000 0.382683 -0.923880
f 475/1517/1517 476/1518/1518 508/1519/1519 507/1520/1520
vt -2.083333 0.124537
vn 0.000000 0.555570 -0.831470
vt -2.083333 0.128957
vn 0.000000 0.707107 -0.707107
vt -0.500000 0.128957
vn 0.000000 0.707107 -0.707107
vt -0.500000 0.124537
vn 0.000000 0.555570 -0.831470
f 476/1521/1521 477/1522/1522 509/1523/1523 508/1524/1524
vt -2.083333 0.562709
vn 0.000000 0.707107 -0.707107
vt -2.083333 0.567129
vn 0.000000 0.831470 -0.555570
vt -0.500000 0.567129
vn 0.000000 0.831470 -0.555570
vt -0.500000 0.562709
vn 0.000000 0.707107 -0.707107
f 477/1525/1525 478/1526/1526 510/1527/1527 509/1528/1528
vt -2.083333 0.567129
vn 0.000000 0.831470 -0.555570
vt -2.083333 0.572172
vn 0.000000 0.923880 -0.382683
vt -0.500000 0.572172
vn 0.000000 0.923880 -0.382683
vt -0.500000 0.567129
vn 0.000000 0.831470 -0.555570
f 478/1529/1529 479/1530/1530 511/1531/1531 510/1532/1532
vt -2.083333 0.572172
vn 0.000000 0.923880 -0.382683
vt -2.083333 0.577643
vn 0.000000 0.980785 -0.195090
vt -0.500000 0.577643
vn 0.000000 0.980785 -0.195090
vt -0.500000 0.572172
vn 0.000000 0.923880 -0.382683
f 479/1533/1533 480/1534/1534 512/1535/1535 511/1536/1536
vt -2.083333 0.577643
vn 0.000000 0.980785 -0.195090
vt -2.083333 0.583333
vn 0.000000 1.000000 0.000000
vt -0.500000 0.583333
vn 0.000000 1.000000 0.000000
vt -0.500000 0.577643
vn 0.000000 0.980785 -0.195090
f 480/1537/1537 481/1538/1538 513/1539/1539 512/1540/1540
vt -2.083333 0.583333
vn 0.000000 1.000000 0.000000
vt -2.083333 0.589023
vn 0.000000 0.980785 0.195090
vt -0.500000 0.589023
vn 0.000000 0.980785 0.195090
vt -0.500000 0.583333
vn 0.000000 1.000000 0.000000
f 481/1541/1541 482/1542/1542 514/1543/1543 513/1544/1544
vt -2.083333 0.589023
vn 0.000000 0.980785 0.195090
vt -2.083333 0.594495
vn 0.000000 0.923880 0.382683
vt -0.500000 0.594495
vn 0.000000 0.923880 0.382683
vt -0.500000 0.589023
vn 0.000000 0.980785 0.195090
f 482/1545/1545 483/1546/1546 515/1547/1547 514/1548/1548
vt -2.083333 0.594495
vn 0.000000 0.923880 0.382683
vt -2.083333 0.599537
vn 0.000000 0.831470 0.555570
vt -0.500000 0.599537
vn 0.000000 0.831470 0.555570
vt -0.500000 0.594495
vn 0.000000 0.923880 0.382683
f 483/1549/1549 484/1550/1550 516/1551/1551 515/1552/1552
vt -2.083333 0.599537
vn 0.000000 0.831470 0.555570
vt -2.083333 0.603957
vn 0.000000 0.707107 0.707107
vt -0.500000 0.603957
vn 0.000000 0.707107 0.707107
vt -0.500000 0.599537
vn 0.000000 0.831470 0.555570
f 484/1553/1553 485/1554/1554 517/1555/1555 516/1556/1556
vt -2.083333 0.128957
vn 0.000000 0.707107 0.707107
vt -2.083333 0.124537
vn 0.000000 0.555570 0.831470
vt -0.500000 0.124537
vn 0.000000 0.555570 0.831470
vt -0.500000 0.128957
vn 0.000000 0.707107 0.707107
f 485/1557/1557 486/1558/1558 518/1559/1559 517/1560/1560
vt -2.083333 0.124537
vn 0.000000 0.555570 0.831470
vt -2.083333 0.119495
vn 0.000000 0.382683 0.923880
vt -0.500000 0.119495
vn 0.000000 0.382683 0.923880
vt -0.500000 0.124537
vn 0.000000 0.555570 0.831470
f 486/1561/1561 487/1562/1562 519/1563/1563 518/1564/1564
vt -2.083333 0.119495
vn 0.000000 0.382683 0.923880
vt -2.083333 0.114023
vn 0.000000 0.195090 0.980785
vt -0.500000 0.114023
vn 0.000000 0.195090 0.980785
vt -0.500000 0.119495
vn 0.000000 0.382683 0.923880
f 487/1565/1565 488/1566/1566 520/1567/1567 519/1568/1568
vt -2.083333 0.114023
vn 0.000000 0.195090 0.980785
vt -2.083333 0.108333
vn 0.000000 0.000000 1.000000
vt -0.500000 0.108333
vn 0.000000 0.000000 1.000000
vt -0.500000 0.114023
vn 0.000000 0.195090 0.980785
f 488/1569/1569 489/1570/1570 521/1571/1571 520/1572/1572
vt -2.083333 0.108333
vn 0.000000 0.000000 1.000000
vt -2.083333 0.102643
vn 0.000000 -0.195090 0.980785
vt -0.500000 0.102643
vn 0.000000 -0.195090 0.980785
vt -0.500000 0.108333
vn 0.000000 0.000000 1.000000
f 489/1573/1573 490/1574/1574 522/1575/1575 521/1576/1576
vt -2.083333 0.102643
vn 0.000000 -0.195090 0.980785
vt -2.083333 0.097172
vn 0.000000 -0.382683 0.923880
vt -0.500000 0.097172
vn 0.000000 -0.382683 0.923880
vt -0.500000 0.102643
vn 0.000000 -0.195090 0.980785
f 490/1577/1577 491/1578/1578 523/1579/1579 522/1580/1580
vt -2.083333 0.097172
vn 0.000000 -0.382683 0.923880
vt -2.083333 0.092129
vn 0.000000 -0.555570 0.831470
vt -0.500000 0.092129
vn 0.000000 -0.555570 0.831470
vt -0.500000 0.097172
vn 0.000000 -0.382683 0.923880
f 491/1581/1581 492/1582/1582 524/1583/1583 523/1584/1584
vt -2.083333 0.092129
vn 0.000000 -0.555570 0.831470
vt -2.083333 0.087709
vn 0.000000 -0.707107 0.707107
vt -0.500000 0.087709
vn 0.000000 -0.707107 0.707107
vt -0.500000 0.092129
vn 0.000000 -0.555570 0.831470
f 492/1585/1585 493/1586/1586 525/1587/1587 524/1588/1588
vt -2.083333 0.603957
vn 0.000000 -0.707107 0.707107
vt -2.083333 0.599537
vn 0.000000 -0.831470 0.555570
vt -0.500000 0.599537
vn 0.000000 -0.831470 0.555570
vt -0.500000 0.603957
vn 0.000000 -0.707107 0.707107
f 493/1589/1589 494/1590/1590 526/1591/1591 525/1592/1592
vt -2.083333 0.599537
vn 0.000000 -0.831470 0.555570
vt -2.083333 0.594495
vn 0.000000 -0.923880 0.382683
vt -0.500000 0.594495
vn 0.000000 -0.923880 0.382683
vt -0.500000 0.599537
vn 0.000000 -0.831470 0.555570
f 494/1593/1593 495/1594/1594 527/1595/1595 526/1596/1596
vt -2.083333 0.594495
vn 0.000000 -0.923880 0.382683
vt -2.083333 0.589023
vn 0.000000 -0.980785 0.195090
vt -0.500000 0.589023
vn 0.000000 -0.980785 0.195090
vt -0.500000 0.594495
vn 0.000000 -0.923880 0.382683
f 495/1597/1597 496/1598/1598 528/1599/1599 527/1600/1600
vt -2.083333 0.589023
vn 0.000000 -0.980785 0.195090
vt -2.083333 0.583333
vn 0.000000 -1.000000 0.000000
vt -0.500000 0.583333
vn 0.000000 -1.000000 0.000000
vt -0.500000 0.589023
vn 0.000000 -0.980785 0.195090
f 496/1601/1601 465/1602/1602 497/1603/1603 528/1604/1604
v 9.064080 -1.300000 2.857910
v 12.997214 -1.300000 2.857910
v 13.980497 -1.300000 -4.025075
v 16.930348 -1.300000 -13.857910
v 13.980497 -1.300000 -14.841193
v 10.047363 -1.300000 -5.991642
v 9.000000 -1.140000 3.000000
v 13.000000 -1.140000 3.000000
v 14.000000 -1.140000 -4.000000
v 17.000000 -1.140000 -14.000000
v 14.000000 -1.140000 -15.000000
v 10.000000 -1.140000 -6.000000
v 9.000000 1.140000 3.000000
v 13.000000 1.140000 3.000000
v 14.000000 1.140000 -4.000000
v 17.000000 1.140000 -14.000000
v 14.000000 1.140000 -15.000000
v 10.000000 1.140000 -6.000000
v 9.064080 1.300000 2.857910
v 12.997214 1.300000 2.857910
v 13.980497 1.300000 -4.025075
v 16.930348 1.300000 -13.857910
v 13.980497 1.300000 -14.841193
v 10.047363 1.300000 -5.991642
vt 0.755340 0.238159
vn -0.000000 1.000000 0.000000
vt 1.083101 0.238159
vn -0.000000 1.000000 0.000000
vt 1.165041 -0.335423
vn -0.000000 1.000000 0.000000
vt 1.410862 -1.154826
vn -0.000000 1.000000 0.000000
vt 1.165041 -1.236766
vn -0.000000 1.000000 0.000000
vt 0.837280 -0.499303
vn -0.000000 1.000000 0.000000
f 529/1605/1605 530/1606/1606 531/1607/1607 532/1608/1608 533/1609/1609 534/1610/1610
vt 0.837280 -0.499303
vn 0.000000 -1.000000 0.000000
vt 1.165041 -1.236766
vn 0.000000 -1.000000 0.000000
vt 1.410862 -1.154826
vn 0.000000 -1.000000 0.000000
vt 1.165041 -0.335423
vn 0.000000 -1.000000 0.000000
vt 1.083101 0.238159
vn 0.000000 -1.000000 0.000000
vt 0.755340 0.238159
vn 0.000000 -1.000000 0.000000
f 552/1611/1611 551/1612/1612 550/1613/1613 549/1614/1614 548/1615/1615 547/1616/1616
vt 0.750000 -0.095000
vn 0.000000 0.664020 -0.747715
vt 1.083333 -0.095000
vn 0.000000 0.664020 -0.747715
vt 1.083101 -0.108333
vn 0.000000 0.664020 -0.747715
vt 0.755340 -0.108333
vn 0.000000 0.664020 -0.747715
f 535/1617/1617 536/1618/1618 530/1619/1619 529/1620/1620
vt -0.095000 0.250000
vn -0.980004 0.141394 -0.140001
vt -0.095000 -0.333333
vn -0.980004 0.141394 -0.140001
vt -0.108333 -0.335423
vn -0.980004 0.141394 -0.140001
vt -0.108333 0.238159
vn -0.980004 0.141394 -0.140001
f 536/1621/1621 537/1622/1622 531/1623/1623 530/1624/1624
vt -0.095000 -0.333333
vn -0.945532 0.159707 -0.283660
vt -0.095000 -1.166667
vn -0.945532 0.159707 -0.283660
vt -0.108333 -1.154826
vn -0.945532 0.159707 -0.283660
vt -0.108333 -0.335423
vn -0.945532 0.159707 -0.283660
f 537/1625/1625 538/1626/1626 532/1627/1627 531/1628/1628
vt 1.416667 -1.166667
vn -0.225836 0.699985 0.677509
vt 1.166667 -1.250000
vn -0.225836 0.699985 0.677509
vt 1.165041 -1.236766
vn -0.225836 0.699985 0.677509
vt 1.410862 -1.154826
vn -0.225836 0.699985 0.677509
f 538/1629/1629 539/1630/1630 533/1631/1631 532/1632/1632
vt -0.095000 -1.250000
vn 0.877245 0.280051 0.389887
vt -0.095000 -0.500000
vn 0.877245 0.280051 0.389887
vt -0.108333 -0.499303
vn 0.877245 0.280051 0.389887
vt -0.108333 -1.236766
vn 0.877245 0.280051 0.389887
f 539/1633/1633 540/1634/1634 534/1635/1635 533/1636/1636
vt -0.095000 -0.500000
vn 0.951973 0.287330 0.105775
vt -0.095000 0.250000
vn 0.951973 0.287330 0.105775
vt -0.108333 0.238159
vn 0.951973 0.287330 0.105775
vt -0.108333 -0.499303
vn 0.951973 0.287330 0.105775
f 540/1637/1637 535/1638/1638 529/1639/1639 534/1640/1640
vt 0.750000 0.095000
vn 0.000000 0.000000 -1.000000
vt 1.083333 0.095000
vn 0.000000 0.000000 -1.000000
vt 1.083333 -0.095000
vn 0.000000 0.000000 -1.000000
vt 0.750000 -0.095000
vn 0.000000 0.000000 -1.000000
f 541/1641/1641 542/1642/1642 536/1643/1643 535/1644/1644
vt 0.095000 0.250000
vn -0.989949 0.000000 -0.141421
vt 0.095000 -0.333333
vn -0.989949 0.000000 -0.141421
vt -0.095000 -0.333333
vn -0.989949 0.000000 -0.141421
vt -0.095000 0.250000
vn -0.989949 0.000000 -0.141421
f 542/1645/1645 543/1646/1646 537/1647/1647 536/1648/1648
vt 0.095000 -0.333333
vn -0.957826 0.000000 -0.287348
vt 0.095000 -1.166667
vn -0.957826 0.000000 -0.287348
vt -0.095000 -1.166667
vn -0.957826 0.000000 -0.287348
vt -0.095000 -0.333333
vn -0.957826 0.000000 -0.287348
f 543/1649/1649 544/1650/1650 538/1651/1651 537/1652/1652
vt 1.416667 0.095000
vn -0.316228 0.000000 0.948683
vt 1.166667 0.095000
vn -0.316228 0.000000 0.948683
vt 1.166667 -0.095000
vn -0.316228 0.000000 0.948683
vt 1.416667 -0.095000
vn -0.316228 0.000000 0.948683
f 544/1653/1653 545/1654/1654 539/1655/1655 538/1656/1656
vt 0.095000 -1.250000
vn 0.913812 0.000000 0.406138
vt 0.095000 -0.500000
vn 0.913812 0.000000 0.406138
vt -0.095000 -0.500000
vn 0.913812 0.000000 0.406138
vt -0.095000 -1.250000
vn 0.913812 0.000000 0.406138
f 545/1657/1657 546/1658/1658 540/1659/1659 539/1660/1660
vt 0.095000 -0.500000
vn 0.993884 0.000000 0.110432
vt 0.095000 0.250000
vn 0.993884 0.000000 0.110432
vt -0.095000 0.250000
vn 0.993884 0.000000 0.110432
vt -0.095000 -0.500000
vn 0.993884 0.000000 0.110432
f 546/1661/1661 541/1662/1662 535/1663/1663 540/1664/1664
vt 0.755340 0.108333
vn 0.000000 -0.664020 -0.747715
vt 1.083101 0.108333
vn 0.000000 -0.664020 -0.747715
vt 1.083333 0.095000
vn 0.000000 -0.664020 -0.747715
vt 0.750000 0.095000
vn 0.000000 -0.664020 -0.747715
f 547/1665/1665 548/1666/1666 542/1667/1667 541/1668/1668
vt 0.108333 0.238159
vn -0.980004 -0.141394 -0.140001
vt 0.108333 -0.335423
vn -0.980004 -0.141394 -0.140001
vt 0.095000 -0.333333
vn -0.980004 -0.141394 -0.140001
vt 0.095000 0.250000
vn -0.980004 -0.141394 -0.140001
f 548/1669/1669 549/1670/1670 543/1671/1671 542/1672/1672
vt 0.108333 -0.335423
vn -0.945532 -0.159707 -0.283660
vt 0.108333 -1.154826
vn -0.945532 -0.159707 -0.283660
vt 0.095000 -1.166667
vn -0.945532 -0.159707 -0.283660
vt 0.095000 -0.333333
vn -0.945532 -0.159707 -0.283660
f 549/1673/1673 550/1674/1674 544/1675/1675 543/1676/1676
vt 1.410862 -1.154826
vn -0.225836 -0.699985 0.677509
vt 1.165041 -1.236766
vn -0.225836 -0.699985 0.677509
vt 1.166667 -1.250000
vn -0.225836 -0.699985 0.677509
vt 1.416667 -1.166667
vn -0.225836 -0.699985 0.677509
f 550/1677/1677 551/1678/1678 545/1679/1679 544/1680/1680
vt 0.108333 -1.236766
vn 0.877245 -0.280051 0.389887
vt 0.108333 -0.499303
vn 0.877245 -0.280051 0.389887
vt 0.095000 -0.500000
vn 0.877245 -0.280051 0.389887
vt 0.095000 -1.250000
vn 0.877245 -0.280051 0.389887
f 551/1681/1681 552/1682/1682 546/1683/1683 545/1684/1684
vt 0.108333 -0.499303
vn 0.951973 -0.287330 0.105775
vt 0.108333 0.238159
vn 0.951973 -0.287330 0.105775
vt 0.095000 0.250000
vn 0.951973 -0.287330 0.105775
vt 0.095000 -0.500000
vn 0.951973 -0.287330 0.105775
f 552/1685/1685 547/1686/1686 541/1687/1687 546/1688/1688
v 6.539992 2.300000 6.650800
v 6.579352 2.300000 6.611440
v 11.420648 2.300000 6.611440
v 11.460008 2.300000 6.650800
v 11.460008 2.300000 6.749200
v 11.420648 2.300000 6.788560
v 6.579352 2.300000 6.788560
v 6.539992 2.300000 6.749200
v 6.500000 2.340000 6.650000
v 6.540000 2.340000 6.610000
v 11.460000 2.340000 6.610000
v 11.500000 2.340000 6.650000
v 11.500000 2.340000 6.750000
v 11.460000 2.340000 6.790000
v 6.540000 2.340000 6.790000
v 6.500000 2.340000 6.750000
v 6.500000 2.460000 6.650000
v 6.540000 2.460000 6.610000
v 11.460000 2.460000 6.610000
v 11.500000 2.460000 6.650000
v 11.500000 2.460000 6.750000
v 11.460000 2.460000 6.790000
v 6.540000 2.460000 6.790000
v 6.500000 2.460000 6.750000
v 6.539992 2.500000 6.650800
v 6.579352 2.500000 6.611440
v 11.420648 2.500000 6.611440
v 11.460008 2.500000 6.650800
v 11.460008 2.500000 6.749200
v 11.420648 2.500000 6.788560
v 6.579352 2.500000 6.788560
v 6.539992 2.500000 6.749200
vt 0.544999 0.554233
vn 0.000000 -1.000000 0.000000
vt 0.548279 0.550953
vn 0.000000 -1.000000 0.000000
vt 0.951721 0.550953
vn 0.000000 -1.000000 0.000000
vt 0.955001 0.554233
vn 0.000000 -1.000000 0.000000
vt 0.955001 0.562433
vn 0.000000 -1.000000 0.000000
vt 0.951721 0.565713
vn 0.000000 -1.000000 0.000000
vt 0.548279 0.565713
vn 0.000000 -1.000000 0.000000
vt 0.544999 0.562433
vn 0.000000 -1.000000 0.000000
f 553/1689/1689 554/1690/1690 555/1691/1691 556/1692/1692 557/1693/1693 558/1694/1694 559/1695/1695 560/1696/1696
vt 0.544999 0.562433
vn 0.000000 1.000000 0.000000
vt 0.548279 0.565713
vn 0.000000 1.000000 0.000000
vt 0.951721 0.565713
vn 0.000000 1.000000 0.000000
vt 0.955001 0.562433
vn 0.000000 1.000000 0.000000
vt 0.955001 0.554233
vn 0.000000 1.000000 0.000000
vt 0.951721 0.550953
vn 0.000000 1.000000 0.000000
vt 0.548279 0.550953
vn 0.000000 1.000000 0.000000
vt 0.544999 0.554233
vn 0.000000 1.000000 0.000000
f 584/1697/1697 583/1698/1698 582/1699/1699 581/1700/1700 580/1701/1701 579/1702/1702 578/1703/1703 577/1704/1704
vt 0.541667 0.554167
vn -0.573541 -0.584895 -0.573541
vt 0.545000 0.550833
vn -0.573541 -0.584895 -0.573541
vt 0.548279 0.550953
vn -0.573541 -0.584895 -0.573541
vt 0.544999 0.554233
vn -0.573541 -0.584895 -0.573541
f 561/1705/1705 562/1706/1706 554/1707/1707 553/1708/1708
vt 0.545000 0.195000
vn 0.000000 -0.035970 -0.999353
vt 0.955000 0.195000
vn 0.000000 -0.035970 -0.999353
vt 0.951721 0.191667
vn 0.000000 -0.035970 -0.999353
vt 0.548279 0.191667
vn 0.000000 -0.035970 -0.999353
f 562/1709/1709 563/1710/1710 555/1711/1711 554/1712/1712
vt 0.955000 0.550833
vn 0.573541 -0.584895 -0.573541
vt 0.958333 0.554167
vn 0.573541 -0.584895 -0.573541
vt 0.955001 0.554233
vn 0.573541 -0.584895 -0.573541
vt 0.951721 0.550953
vn 0.573541 -0.584895 -0.573541
f 563/1713/1713 564/1714/1714 556/1715/1715 555/1716/1716
vt 0.195000 0.554167
vn 0.707177 -0.707036 0.000000
vt 0.195000 0.562500
vn 0.707177 -0.707036 0.000000
vt 0.191667 0.562433
vn 0.707177 -0.707036 0.000000
vt 0.191667 0.554233
vn 0.707177 -0.707036 0.000000
f 564/1717/1717 565/1718/1718 557/1719/1719 556/1720/1720
vt 0.958333 0.562500
vn 0.573541 -0.584895 0.573541
vt 0.955000 0.565833
vn 0.573541 -0.584895 0.573541
vt 0.951721 0.565713
vn 0.573541 -0.584895 0.573541
vt 0.955001 0.562433
vn 0.573541 -0.584895 0.573541
f 565/1721/1721 566/1722/1722 558/1723/1723 557/1724/1724
vt 0.955000 0.195000
vn 0.000000 -0.035970 0.999353
vt 0.545000 0.195000
vn 0.000000 -0.035970 0.999353
vt 0.548279 0.191667
vn 0.000000 -0.035970 0.999353
vt 0.951721 0.191667
vn 0.000000 -0.035970 0.999353
f 566/1725/1725 567/1726/1726 559/1727/1727 558/1728/1728
vt 0.545000 0.565833
vn -0.573541 -0.584895 0.573541
vt 0.541667 0.562500
vn -0.573541 -0.584895 0.573541
vt 0.544999 0.562433
vn -0.573541 -0.584895 0.573541
vt 0.548279 0.565713
vn -0.573541 -0.584895 0.573541
f 567/1729/1729 568/1730/1730 560/1731/1731 559/1732/1732
vt 0.195000 0.562500
vn -0.707177 -0.707036 -0.000000
vt 0.195000 0.554167
vn -0.707177 -0.707036 -0.000000
vt 0.191667 0.554233
vn -0.707177 -0.707036 -0.000000
vt 0.191667 0.562433
vn -0.707177 -0.707036 -0.000000
f 568/1733/1733 561/1734/1734 553/1735/1735 560/1736/1736
vt 0.205000 0.554167
vn -0.707107 0.000000 -0.707107
vt 0.205000 0.550833
vn -0.707107 0.000000 -0.707107
vt 0.195000 0.550833
vn -0.707107 0.000000 -0.707107
vt 0.195000 0.554167
vn -0.707107 0.000000 -0.707107
f 569/1737/1737 570/1738/1738 562/1739/1739 561/1740/1740
vt 0.545000 0.205000
vn 0.000000 0.000000 -1.000000
vt 0.955000 0.205000
vn 0.000000 0.000000 -1.000000
vt 0.955000 0.195000
vn 0.000000 0.000000 -1.000000
vt 0.545000 0.195000
vn 0.000000 0.000000 -1.000000
f 570/1741/1741 571/1742/1742 563/1743/1743 562/1744/1744
vt 0.205000 0.550833
vn 0.707107 0.000000 -0.707107
vt 0.205000 0.554167
vn 0.707107 0.000000 -0.707107
vt 0.195000 0.554167
vn 0.707107 0.000000 -0.707107
vt 0.195000 0.550833
vn 0.707107 0.000000 -0.707107
f 571/1745/1745 572/1746/1746 564/1747/1747 563/1748/1748
vt 0.205000 0.554167
vn 1.000000 0.000000 -0.000000
vt 0.205000 0.562500
vn 1.000000 0.000000 -0.000000
vt 0.195000 0.562500
vn 1.000000 0.000000 -0.000000
vt 0.195000 0.554167
vn 1.000000 0.000000 -0.000000
f 572/1749/1749 573/1750/1750 565/1751/1751 564/1752/1752
vt 0.205000 0.562500
vn 0.707107 0.000000 0.707107
vt 0.205000 0.565833
vn 0.707107 0.000000 0.707107
vt 0.195000 0.565833
vn 0.707107 0.000000 0.707107
vt 0.195000 0.562500
vn 0.707107 0.000000 0.707107
f 573/1753/1753 574/1754/1754 566/1755/1755 565/1756/1756
vt 0.955000 0.205000
vn 0.000000 0.000000 1.000000
vt 0.545000 0.205000
vn 0.000000 0.000000 1.000000
vt 0.545000 0.195000
vn 0.000000 0.000000 1.000000
vt 0.955000 0.195000
vn 0.000000 0.000000 1.000000
f 574/1757/1757 575/1758/1758 567/1759/1759 566/1760/1760
vt 0.205000 0.565833
vn -0.707107 0.000000 0.707107
vt 0.205000 0.562500
vn -0.707107 0.000000 0.707107
vt 0.195000 0.562500
vn -0.707107 0.000000 0.707107
vt 0.195000 0.565833
vn -0.707107 0.000000 0.707107
f 575/1761/1761 576/1762/1762 568/1763/1763 567/1764/1764
vt 0.205000 0.562500
vn -1.000000 0.000000 -0.000000
vt 0.205000 0.554167
vn -1.000000 0.000000 -0.000000
vt 0.195000 0.554167
vn -1.000000 0.000000 -0.000000
vt 0.195000 0.562500
vn -1.000000 0.000000 -0.000000
f 576/1765/1765 569/1766/1766 561/1767/1767 568/1768/1768
vt 0.544999 0.554233
vn -0.573541 0.584895 -0.573541
vt 0.548279 0.550953
vn -0.573541 0.584895 -0.573541
vt 0.545000 0.550833
vn -0.573541 0.584895 -0.573541
vt 0.541667 0.554167
vn -0.573541 0.584895 -0.573541
f 577/1769/1769 578/1770/1770 570/1771/1771 569/1772/1772
vt 0.548279 0.208333
vn 0.000000 0.035970 -0.999353
vt 0.951721 0.208333
vn 0.000000 0.035970 -0.999353
vt 0.955000 0.205000
vn 0.000000 0.035970 -0.999353
vt 0.545000 0.205000
vn 0.000000 0.035970 -0.999353
f 578/1773/1773 579/1774/1774 571/1775/1775 570/1776/1776
vt 0.951721 0.550953
vn 0.573541 0.584895 -0.573541
vt 0.955001 0.554233
vn 0.573541 0.584895 -0.573541
vt 0.958333 0.554167
vn 0.573541 0.584895 -0.573541
vt 0.955000 0.550833
vn 0.573541 0.584895 -0.573541
f 579/1777/1777 580/1778/1778 572/1779/1779 571/1780/1780
vt 0.208333 0.554233
vn 0.707177 0.707036 -0.000000
vt 0.208333 0.562433
vn 0.707177 0.707036 -0.000000
vt 0.205000 0.562500
vn 0.707177 0.707036 -0.000000
vt 0.205000 0.554167
vn 0.707177 0.707036 -0.000000
f 580/1781/1781 581/1782/1782 573/1783/1783 572/1784/1784
vt 0.955001 0.562433
vn 0.573541 0.584895 0.573541
vt 0.951721 0.565713
vn 0.573541 0.584895 0.573541
vt 0.955000 0.565833
vn 0.573541 0.584895 0.573541
vt 0.958333 0.562500
vn 0.573541 0.584895 0.573541
f 581/1785/1785 582/1786/1786 574/1787/1787 573/1788/1788
vt 0.951721 0.208333
vn 0.000000 0.035970 0.999353
vt 0.548279 0.208333
vn 0.000000 0.035970 0.999353
vt 0.545000 0.205000
vn 0.000000 0.035970 0.999353
vt 0.955000 0.205000
vn 0.000000 0.035970 0.999353
f 582/1789/1789 583/1790/1790 575/1791/1791 574/1792/1792
vt 0.548279 0.565713
vn -0.573541 0.584895 0.573541
vt 0.544999 0.562433
vn -0.573541 0.584895 0.573541
vt 0.541667 0.562500
vn -0.573541 0.584895 0.573541
vt 0.545000 0.565833
vn -0.573541 0.584895 0.573541
f 583/1793/1793 584/1794/1794 576/1795/1795 575/1796/1796
vt 0.208333 0.562433
vn -0.707177 0.707036 0.000000
vt 0.208333 0.554233
vn -0.707177 0.707036 0.000000
vt 0.205000 0.554167
vn -0.707177 0.707036 0.000000
vt 0.205000 0.562500
vn -0.707177 0.707036 0.000000
f 584/1797/1797 577/1798/1798 569/1799/1799 576/1800/1800
v -4.350000 -2.200000 7.000000
v -4.343275 -2.200000 6.931718
v -4.323358 -2.200000 6.866061
v -4.291014 -2.200000 6.805550
v -4.247487 -2.200000 6.752513
v -4.194450 -2.200000 6.708986
v -4.133939 -2.200000 6.676642
v -4.068282 -2.200000 6.656725
v -4.000000 -2.200000 6.650000
v -3.931718 -2.200000 6.656725
v -3.866061 -2.200000 6.676642
v -3.805550 -2.200000 6.708986
v -3.752513 -2.200000 6.752513
v -3.708986 -2.200000 6.805550
v -3.676642 -2.200000 6.866061
v -3.656725 -2.200000 6.931718
v -3.650000 -2.200000 7.000000
v -3.656725 -2.200000 7.068282
v -3.676642 -2.200000 7.133939
v -3.708986 -2.200000 7.194450
v -3.752513 -2.200000 7.247487
v -3.805550 -2.200000 7.291014
v -3.866061 -2.200000 7.323358
v -3.931718 -2.200000 7.343275
v -4.000000 -2.200000 7.350000
v -4.068282 -2.200000 7.343275
v -4.133939 -2.200000 7.323358
v -4.194450 -2.200000 7.291014
v -4.247487 -2.200000 7.247487
v -4.291014 -2.200000 7.194450
v -4.323358 -2.200000 7.133939
v -4.343275 -2.200000 7.068282
v -4.350000 -3.400000 7.000000
v -4.343275 -3.400000 6.931718
v -4.323358 -3.400000 6.866061
v -4.291014 -3.400000 6.805550
v -4.247487 -3.400000 6.752513
v -4.194450 -3.400000 6.708986
v -4.133939 -3.400000 6.676642
v -4.068282 -3.400000 6.656725
v -4.000000 -3.400000 6.650000
v -3.931718 -3.400000 6.656725
v -3.866061 -3.400000 6.676642
v -3.805550 -3.400000 6.708986
v -3.752513 -3.400000 6.752513
v -3.708986 -3.400000 6.805550
v -3.676642 -3.400000 6.866061
v -3.656725 -3.400000 6.931718
v -3.650000 -3.400000 7.000000
v -3.656725 -3.400000 7.068282
v -3.676642 -3.400000 7.133939
v -3.708986 -3.400000 7.194450
v -3.752513 -3.400000 7.247487
v -3.805550 -3.400000 7.291014
v -3.866061 -3.400000 7.323358
v -3.931718 -3.400000 7.343275
v -4.000000 -3.400000 7.350000
v -4.068282 -3.400000 7.343275
v -4.133939 -3.400000 7.323358
v -4.194450 -3.400000 7.291014
v -4.247487 -3.400000 7.247487
v -4.291014 -3.400000 7.194450
v -4.323358 -3.400000 7.133939
v -4.343275 -3.400000 7.068282
vt -0.361940 0.589023
vn 0.000000 1.000000 0.000000
vt -0.360280 0.594495
vn 0.000000 1.000000 0.000000
vt -0.357585 0.599537
vn 0.000000 1.000000 0.000000
vt -0.353957 0.603957
vn 0.000000 1.000000 0.000000
vt -0.349537 0.607585
vn 0.000000 1.000000 0.000000
vt -0.344495 0.610280
vn 0.000000 1.000000 0.000000
vt -0.339023 0.611940
vn 0.000000 1.000000 0.000000
vt -0.333333 0.612500
vn 0.000000 1.000000 0.000000
vt -0.327643 0.611940
vn 0.000000 1.000000 0.000000
vt -0.322172 0.610280
vn 0.000000 1.000000 0.000000
vt -0.317129 0.607585
vn 0.000000 1.000000 0.000000
vt -0.312709 0.603957
vn 0.000000 1.000000 0.000000
vt -0.309082 0.599537
vn 0.000000 1.000000 0.000000
vt -0.306387 0.594495
vn 0.000000 1.000000 0.000000
vt -0.304727 0.589023
vn 0.000000 1.000000 0.000000
vt -0.304167 0.583333
vn 0.000000 1.000000 0.000000
vt -0.304727 0.577643
vn 0.000000 1.000000 0.000000
vt -0.306387 0.572172
vn 0.000000 1.000000 0.000000
vt -0.309082 0.567129
vn 0.000000 1.000000 0.000000
vt -0.312709 0.562709
vn 0.000000 1.000000 0.000000
vt -0.317129 0.559082
vn 0.000000 1.000000 0.000000
vt -0.322172 0.556387
vn 0.000000 1.000000 0.000000
vt -0.327643 0.554727
vn 0.000000 1.000000 0.000000
vt -0.333333 0.554167
vn 0.000000 1.000000 0.000000
vt -0.339023 0.554727
vn 0.000000 1.000000 0.000000
vt -0.344495 0.556387
vn 0.000000 1.000000 0.000000
vt -0.349537 0.559082
vn 0.000000 1.000000 0.000000
vt -0.353957 0.562709
vn 0.000000 1.000000 0.000000
vt -0.357585 0.567129
vn 0.000000 1.000000 0.000000
vt -0.360280 0.572172
vn 0.000000 1.000000 0.000000
vt -0.361940 0.577643
vn 0.000000 1.000000 0.000000
vt -0.362500 0.583333
vn 0.000000 1.000000 0.000000
f 616/1801/1801 615/1802/1802 614/1803/1803 613/1804/1804 612/1805/1805 611/1806/1806 610/1807/1807 609/1808/1808 608/1809/1809 607/1810/1810 606/1811/1811 605/1812/1812 604/1813/1813 603/1814/1814 602/1815/1815 601/1816/1816 600/1817/1817 599/1818/1818 598/1819/1819 597/1820/1820 596/1821/1821 595/1822/1822 594/1823/1823 593/1824/1824 592/1825/1825 591/1826/1826 590/1827/1827 589/1828/1828 588/1829/1829 587/1830/1830 586/1831/1831 585/1832/1832
vt -0.362500 0.583333
vn 0.000000 -1.000000 0.000000
vt -0.361940 0.577643
vn 0.000000 -1.000000 0.000000
vt -0.360280 0.572172
vn 0.000000 -1.000000 0.000000
vt -0.357585 0.567129
vn 0.000000 -1.000000 0.000000
vt -0.353957 0.562709
vn 0.000000 -1.000000 0.000000
vt -0.349537 0.559082
vn 0.000000 -1.000000 0.000000
vt -0.344495 0.556387
vn 0.000000 -1.000000 0.000000
vt -0.339023 0.554727
vn 0.000000 -1.000000 0.000000
vt -0.333333 0.554167
vn 0.000000 -1.000000 0.000000
vt -0.327643 0.554727
vn 0.000000 -1.000000 0.000000
vt -0.322172 0.556387
vn 0.000000 -1.000000 0.000000
vt -0.317129 0.559082
vn 0.000000 -1.000000 0.000000
vt -0.312709 0.562709
vn 0.000000 -1.000000 0.000000
vt -0.309082 0.567129
vn 0.000000 -1.000000 0.000000
vt -0.306387 0.572172
vn 0.000000 -1.000000 0.000000
vt -0.304727 0.577643
vn 0.000000 -1.000000 0.000000
vt -0.304167 0.583333
vn 0.000000 -1.000000 0.000000
vt -0.304727 0.589023
vn 0.000000 -1.000000 0.000000
vt -0.306387 0.594495
vn 0.000000 -1.000000 0.000000
vt -0.309082 0.599537
vn 0.000000 -1.000000 0.000000
vt -0.312709 0.603957
vn 0.000000 -1.000000 0.000000
vt -0.317129 0.607585
vn 0.000000 -1.000000 0.000000
vt -0.322172 0.610280
vn 0.000000 -1.000000 0.000000
vt -0.327643 0.611940
vn 0.000000 -1.000000 0.000000
vt -0.333333 0.612500
vn 0.000000 -1.000000 0.000000
vt -0.339023 0.611940
vn 0.000000 -1.000000 0.000000
vt -0.344495 0.610280
vn 0.000000 -1.000000 0.000000
vt -0.349537 0.607585
vn 0.000000 -1.000000 0.000000
vt -0.353957 0.603957
vn 0.000000 -1.000000 0.000000
vt -0.357585 0.599537
vn 0.000000 -1.000000 0.000000
vt -0.360280 0.594495
vn 0.000000 -1.000000 0.000000
vt -0.361940 0.589023
vn 0.000000 -1.000000 0.000000
f 617/1833/1833 618/1834/1834 619/1835/1835 620/1836/1836 621/1837/1837 622/1838/1838 623/1839/1839 624/1840/1840 625/1841/1841 626/1842/1842 627/1843/1843 628/1844/1844 629/1845/1845 630/1846/1846 631/1847/1847 632/1848/1848 633/1849/1849 634/1850/1850 635/1851/1851 636/1852/1852 637/1853/1853 638/1854/1854 639/1855/1855 640/1856/1856 641/1857/1857 642/1858/1858 643/1859/1859 644/1860/1860 645/1861/1861 646/1862/1862 647/1863/1863 648/1864/1864
vt -0.183333 0.583333
vn -1.000000 0.000000 0.000000
vt -0.183333 0.577643
vn -0.980785 0.000000 -0.195090
vt -0.283333 0.577643
vn -0.980785 0.000000 -0.195090
vt -0.283333 0.583333
vn -1.000000 0.000000 0.000000
f 585/1865/1865 586/1866/1866 618/1867/1867 617/1868/1868
vt -0.183333 0.577643
vn -0.980785 0.000000 -0.195090
vt -0.183333 0.572172
vn -0.923880 0.000000 -0.382683
vt -0.283333 0.572172
vn -0.923880 0.000000 -0.382683
vt -0.283333 0.577643
vn -0.980785 0.000000 -0.195090
f 586/1869/1869 587/1870/1870 619/1871/1871 618/1872/1872
vt -0.183333 0.572172
vn -0.923880 0.000000 -0.382683
vt -0.183333 0.567129
vn -0.831470 0.000000 -0.555570
vt -0.283333 0.567129
vn -0.831470 0.000000 -0.555570
vt -0.283333 0.572172
vn -0.923880 0.000000 -0.382683
f 587/1873/1873 588/1874/1874 620/1875/1875 619/1876/1876
vt -0.183333 0.567129
vn -0.831470 0.000000 -0.555570
vt -0.183333 0.562709
vn -0.707107 0.000000 -0.707107
vt -0.283333 0.562709
vn -0.707107 0.000000 -0.707107
vt -0.283333 0.567129
vn -0.831470 0.000000 -0.555570
f 588/1877/1877 589/1878/1878 621/1879/1879 620/1880/1880
vt -0.353957 -0.183333
vn -0.707107 0.000000 -0.707107
vt -0.349537 -0.183333
vn -0.555570 0.000000 -0.831470
vt -0.349537 -0.283333
vn -0.555570 0.000000 -0.831470
vt -0.353957 -0.283333
vn -0.707107 0.000000 -0.707107
f 589/1881/1881 590/1882/1882 622/1883/1883 621/1884/1884
vt -0.349537 -0.183333
vn -0.555570 0.000000 -0.831470
vt -0.344495 -0.183333
vn -0.382683 0.000000 -0.923880
vt -0.344495 -0.283333
vn -0.382683 0.000000 -0.923880
vt -0.349537 -0.283333
vn -0.555570 0.000000 -0.831470
f 590/1885/1885 591/1886/1886 623/1887/1887 622/1888/1888
vt -0.344495 -0.183333
vn -0.382683 0.000000 -0.923880
vt -0.339023 -0.183333
vn -0.195090 0.000000 -0.980785
vt -0.339023 -0.283333
vn -0.195090 0.000000 -0.980785
vt -0.344495 -0.283333
vn -0.382683 0.000000 -0.923880
f 591/1889/1889 592/1890/1890 624/1891/1891 623/1892/1892
vt -0.339023 -0.183333
vn -0.195090 0.000000 -0.980785
vt -0.333333 -0.183333
vn 0.000000 0.000000 -1.000000
vt -0.333333 -0.283333
vn 0.000000 0.000000 -1.000000
vt -0.339023 -0.283333
vn -0.195090 0.000000 -0.980785
f 592/1893/1893 593/1894/1894 625/1895/1895 624/1896/1896
vt -0.333333 -0.183333
vn 0.000000 0.000000 -1.000000
vt -0.327643 -0.183333
vn 0.195090 0.000000 -0.980785
vt -0.327643 -0.283333
vn 0.195090 0.000000 -0.980785
vt -0.333333 -0.283333
vn 0.000000 0.000000 -1.000000
f 593/1897/1897 594/1898/1898 626/1899/1899 625/1900/1900
vt -0.327643 -0.183333
vn 0.195090 0.000000 -0.980785
vt -0.322172 -0.183333
vn 0.382683 0.000000 -0.923880
vt -0.322172 -0.283333
vn 0.382683 0.000000 -0.923880
vt -0.327643 -0.283333
vn 0.195090 0.000000 -0.980785
f 594/1901/1901 595/1902/1902 627/1903/1903 626/1904/1904
vt -0.322172 -0.183333
vn 0.382683 0.000000 -0.923880
vt -0.317129 -0.183333
vn 0.555570 0.000000 -0.831470
vt -0.317129 -0.283333
vn 0.555570 0.000000 -0.831470
vt -0.322172 -0.283333
vn 0.382683 0.000000 -0.923880
f 595/1905/1905 596/1906/1906 628/1907/1907 627/1908/1908
vt -0.317129 -0.183333
vn 0.555570 0.000000 -0.831470
vt -0.312709 -0.183333
vn 0.707107 0.000000 -0.707107
vt -0.312709 -0.283333
vn 0.707107 0.000000 -0.707107
vt -0.317129 -0.283333
vn 0.555570 0.000000 -0.831470
f 596/1909/1909 597/1910/1910 629/1911/1911 628/1912/1912
vt -0.183333 0.562709
vn 0.707107 0.000000 -0.707107
vt -0.183333 0.567129
vn 0.831470 0.000000 -0.555570
vt -0.283333 0.567129
vn 0.831470 0.000000 -0.555570
vt -0.283333 0.562709
vn 0.707107 0.000000 -0.707107
f 597/1913/1913 598/1914/1914 630/1915/1915 629/1916/1916
vt -0.183333 0.567129
vn 0.831470 0.000000 -0.555570
vt -0.183333 0.572172
vn 0.923880 0.000000 -0.382683
vt -0.283333 0.572172
vn 0.923880 0.000000 -0.382683
vt -0.283333 0.567129
vn 0.831470 0.000000 -0.555570
f 598/1917/1917 599/1918/1918 631/1919/1919 630/1920/1920
vt -0.183333 0.572172
vn 0.923880 0.000000 -0.382683
vt -0.183333 0.577643
vn 0.980785 0.000000 -0.195090
vt -0.283333 0.577643
vn 0.980785 0.000000 -0.195090
vt -0.283333 0.572172
vn 0.923880 0.000000 -0.382683
f 599/1921/1921 600/1922/1922 632/1923/1923 631/1924/1924
vt -0.183333 0.577643
vn 0.980785 0.000000 -0.195090
vt -0.183333 0.583333
vn 1.000000 0.000000 0.000000
vt -0.283333 0.583333
vn 1.000000 0.000000 0.000000
vt -0.283333 0.577643
vn 0.980785 0.000000 -0.195090
f 600/1925/1925 601/1926/1926 633/1927/1927 632/1928/1928
vt -0.183333 0.583333
vn 1.000000 0.000000 0.000000
vt -0.183333 0.589023
vn 0.980785 0.000000 0.195090
vt -0.283333 0.589023
vn 0.980785 0.000000 0.195090
vt -0.283333 0.583333
vn 1.000000 0.000000 0.000000
f 601/1929/1929 602/1930/1930 634/1931/1931 633/1932/1932
vt -0.183333 0.589023
vn 0.980785 0.000000 0.195090
vt -0.183333 0.594495
vn 0.923880 0.000000 0.382683
vt -0.283333 0.594495
vn 0.923880 0.000000 0.382683
vt -0.283333 0.589023
vn 0.980785 0.000000 0.195090
f 602/1933/1933 603/1934/1934 635/1935/1935 634/1936/1936
vt -0.183333 0.594495
vn 0.923880 0.000000 0.382683
vt -0.183333 0.599537
vn 0.831470 0.000000 0.555570
vt -0.283333 0.599537
vn 0.831470 0.000000 0.555570
vt -0.283333 0.594495
vn 0.923880 0.000000 0.382683
f 603/1937/1937 604/1938/1938 636/1939/1939 635/1940/1940
vt -0.183333 0.599537
vn 0.831470 0.000000 0.555570
vt -0.183333 0.603957
vn 0.707107 0.000000 0.707107
vt -0.283333 0.603957
vn 0.707107 0.000000 0.707107
vt -0.283333 0.599537
vn 0.831470 0.000000 0.555570
f 604/1941/1941 605/1942/1942 637/1943/1943 636/1944/1944
vt -0.312709 -0.183333
vn 0.707107 0.000000 0.707107
vt -0.317129 -0.183333
vn 0.555570 0.000000 0.831470
vt -0.317129 -0.283333
vn 0.555570 0.000000 0.831470
vt -0.312709 -0.283333
vn 0.707107 0.000000 0.707107
f 605/1945/1945 606/1946/1946 638/1947/1947 637/1948/1948
vt -0.317129 -0.183333
vn 0.555570 0.000000 0.831470
vt -0.322172 -0.183333
vn 0.382683 0.000000 0.923880
vt -0.322172 -0.283333
vn 0.382683 0.000000 0.923880
vt -0.317129 -0.283333
vn 0.555570 0.000000 0.831470
f 606/1949/1949 607/1950/1950 639/1951/1951 638/1952/1952
vt -0.322172 -0.183333
vn 0.382683 0.000000 0.923880
vt -0.327643 -0.183333
vn 0.195090 0.000000 0.980785
vt -0.327643 -0.283333
vn 0.195090 0.000000 0.980785
vt -0.322172 -0.283333
vn 0.382683 0.000000 0.923880
f 607/1953/1953 608/1954/1954 640/1955/1955 639/1956/1956
vt -0.327643 -0.183333
vn 0.195090 0.000000 0.980785
vt -0.333333 -0.183333
vn 0.000000 0.000000 1.000000
vt -0.333333 -0.283333
vn 0.000000 0.000000 1.000000
vt -0.327643 -0.283333
vn 0.195090 0.000000 0.980785
f 608/1957/1957 609/1958/1958 641/1959/1959 640/1960/1960
vt -0.333333 -0.183333
vn 0.000000 0.000000 1.000000
vt -0.339023 -0.183333
vn -0.195090 0.000000 0.980785
vt -0.339023 -0.283333
vn -0.195090 0.000000 0.980785
vt -0.333333 -0.283333
vn 0.000000 0.000000 1.000000
f 609/1961/1961 610/1962/1962 642/1963/1963 641/1964/1964
vt -0.339023 -0.183333
vn -0.195090 0.000000 0.980785
vt -0.344495 -0.183333
vn -0.382683 0.000000 0.923880
vt -0.344495 -0.283333
vn -0.382683 0.000000 0.923880
vt -0.339023 -0.283333
vn -0.195090 0.000000 0.980785
f 610/1965/1965 611/1966/1966 643/1967/1967 642/1968/1968
vt -0.344495 -0.183333
vn -0.382683 0.000000 0.923880
vt -0.349537 -0.183333
vn -0.555570 0.000000 0.831470
vt -0.349537 -0.283333
vn -0.555570 0.000000 0.831470
vt -0.344495 -0.283333
vn -0.382683 0.000000 0.923880
f 611/1969/1969 612/1970/1970 644/1971/1971 643/1972/1972
vt -0.349537 -0.183333
vn -0.555570 0.000000 0.831470
vt -0.353957 -0.183333
vn -0.707107 0.000000 0.707107
vt -0.353957 -0.283333
vn -0.707107 0.000000 0.707107
vt -0.349537 -0.283333
vn -0.555570 0.000000 0.831470
f 612/1973/1973 613/1974/1974 645/1975/1975 644/1976/1976
vt -0.183333 0.603957
vn -0.707107 0.000000 0.707107
vt -0.183333 0.599537
vn -0.831470 0.000000 0.555570
vt -0.283333 0.599537
vn -0.831470 0.000000 0.555570
vt -0.283333 0.603957
vn -0.707107 0.000000 0.707107
f 613/1977/1977 614/1978/1978 646/1979/1979 645/1980/1980
vt -0.183333 0.599537
vn -0.831470 0.000000 0.555570
vt -0.183333 0.594495
vn -0.923880 0.000000 0.382683
vt -0.283333 0.594495
vn -0.923880 0.000000 0.382683
vt -0.283333 0.599537
vn -0.831470 0.000000 0.555570
f 614/1981/1981 615/1982/1982 647/1983/1983 646/1984/1984
vt -0.183333 0.594495
vn -0.923880 0.000000 0.382683
vt -0.183333 0.589023
vn -0.980785 0.000000 0.195090
vt -0.283333 0.589023
vn -0.980785 0.000000 0.195090
vt -0.283333 0.594495
vn -0.923880 0.000000 0.382683
f 615/1985/1985 616/1986/1986 648/1987/1987 647/1988/1988
vt -0.183333 0.589023
vn -0.980785 0.000000 0.195090
vt -0.183333 0.583333
vn -1.000000 0.000000 0.000000
vt -0.283333 0.583333
vn -1.000000 0.000000 0.000000
vt -0.283333 0.589023
vn -0.980785 0.000000 0.195090
f 616/1989/1989 585/1990/1990 617/1991/1991 648/1992/1992
v -4.000000 -3.700000 7.000000
v -4.000000 -3.694236 6.941473
v -4.000000 -3.677164 6.885195
v -4.000000 -3.649441 6.833329
v -4.000000 -3.612132 6.787868
v -4.000000 -3.566671 6.750559
v -4.000000 -3.514805 6.722836
v -4.000000 -3.458527 6.705764
v -4.000000 -3.400000 6.700000
v -4.000000 -3.341473 6.705764
v -4.000000 -3.285195 6.722836
v -4.000000 -3.233329 6.750559
v -4.000000 -3.187868 6.787868
v -4.000000 -3.150559 6.833329
v -4.000000 -3.122836 6.885195
v -4.000000 -3.105764 6.941473
v -4.000000 -3.100000 7.000000
v -4.000000 -3.105764 7.058527
v -4.000000 -3.122836 7.114805
v -4.000000 -3.150559 7.166671
v -4.000000 -3.187868 7.212132
v -4.000000 -3.233329 7.249441
v -4.000000 -3.285195 7.277164
v -4.000000 -3.341473 7.294236
v -4.000000 -3.400000 7.300000
v -4.000000 -3.458527 7.294236
v -4.000000 -3.514805 7.277164
v -4.000000 -3.566671 7.249441
v -4.000000 -3.612132 7.212132
v -4.000000 -3.649441 7.166671
v -4.000000 -3.677164 7.114805
v -4.000000 -3.694236 7.058527
v -1.000000 -3.700000 7.000000
v -1.000000 -3.694236 6.941473
v -1.000000 -3.677164 6.885195
v -1.000000 -3.649441 6.833329
v -1.000000 -3.612132 6.787868
v -1.000000 -3.566671 6.750559
v -1.000000 -3.514805 6.722836
v -1.000000 -3.458527 6.705764
v -1.000000 -3.400000 6.700000
v -1.000000 -3.341473 6.705764
v -1.000000 -3.285195 6.722836
v -1.000000 -3.233329 6.750559
v -1.000000 -3.187868 6.787868
v -1.000000 -3.150559 6.833329
v -1.000000 -3.122836 6.885195
v -1.000000 -3.105764 6.941473
v -1.000000 -3.100000 7.000000
v -1.000000 -3.105764 7.058527
v -1.000000 -3.122836 7.114805
v -1.000000 -3.150559 7.166671
v -1.000000 -3.187868 7.212132
v -1.000000 -3.233329 7.249441
v -1.000000 -3.285195 7.277164
v -1.000000 -3.341473 7.294236
v -1.000000 -3.400000 7.300000
v -1.000000 -3.458527 7.294236
v -1.000000 -3.514805 7.277164
v -1.000000 -3.566671 7.249441
v -1.000000 -3.612132 7.212132
v -1.000000 -3.649441 7.166671
v -1.000000 -3.677164 7.114805
v -1.000000 -3.694236 7.058527
vt -0.307853 0.588211
vn -1.000000 0.000000 0.000000
vt -0.306430 0.592900
vn -1.000000 0.000000 0.000000
vt -0.304120 0.597223
vn -1.000000 0.000000 0.000000
vt -0.301011 0.601011
vn -1.000000 0.000000 0.000000
vt -0.297223 0.604120
vn -1.000000 0.000000 0.000000
vt -0.292900 0.606430
vn -1.000000 0.000000 0.000000
vt -0.288211 0.607853
vn -1.000000 0.000000 0.000000
vt -0.283333 0.608333
vn -1.000000 0.000000 0.000000
vt -0.278456 0.607853
vn -1.000000 0.000000 0.000000
vt -0.273766 0.606430
vn -1.000000 0.000000 0.000000
vt -0.269444 0.604120
vn -1.000000 0.000000 0.000000
vt -0.265656 0.601011
vn -1.000000 0.000000 0.000000
vt -0.262547 0.597223
vn -1.000000 0.000000 0.000000
vt -0.260236 0.592900
vn -1.000000 0.000000 0.000000
vt -0.258814 0.588211
vn -1.000000 0.000000 0.000000
vt -0.258333 0.583333
vn -1.000000 0.000000 0.000000
vt -0.258814 0.578456
vn -1.000000 0.000000 0.000000
vt -0.260236 0.573766
vn -1.000000 0.000000 0.000000
vt -0.262547 0.569444
vn -1.000000 0.000000 0.000000
vt -0.265656 0.565656
vn -1.000000 0.000000 0.000000
vt -0.269444 0.562547
vn -1.000000 0.000000 0.000000
vt -0.273766 0.560236
vn -1.000000 0.000000 0.000000
vt -0.278456 0.558814
vn -1.000000 0.000000 0.000000
vt -0.283333 0.558333
vn -1.000000 0.000000 0.000000
vt -0.288211 0.558814
vn -1.000000 0.000000 0.000000
vt -0.292900 0.560236
vn -1.000000 0.000000 0.000000
vt -0.297223 0.562547
vn -1.000000 0.000000 0.000000
vt -0.301011 0.565656
vn -1.000000 0.000000 0.000000
vt -0.304120 0.569444
vn -1.000000 0.000000 0.000000
vt -0.306430 0.573766
vn -1.000000 0.000000 0.000000
vt -0.307853 0.578456
vn -1.000000 0.000000 0.000000
vt -0.308333 0.583333
vn -1.000000 0.000000 0.000000
f 680/1993/1993 679/1994/1994 678/1995/1995 677/1996/1996 676/1997/1997 675/1998/1998 674/1999/1999 673/2000/2000 672/2001/2001 671/2002/2002 670/2003/2003 669/2004/2004 668/2005/2005 667/2006/2006 666/2007/2007 665/2008/2008 664/2009/2009 663/2010/2010 662/2011/2011 661/2012/2012 660/2013/2013 659/2014/2014 658/2015/2015 657/2016/2016 656/2017/2017 655/2018/2018 654/2019/2019 653/2020/2020 652/2021/2021 651/2022/2022 650/2023/2023 649/2024/2024
vt -0.308333 0.583333
vn 1.000000 0.000000 0.000000
vt -0.307853 0.578456
vn 1.000000 0.000000 0.000000
vt -0.306430 0.573766
vn 1.000000 0.000000 0.000000
vt -0.304120 0.569444
vn 1.000000 0.000000 0.000000
vt -0.301011 0.565656
vn 1.000000 0.000000 0.000000
vt -0.297223 0.562547
vn 1.000000 0.000000 0.000000
vt -0.292900 0.560236
vn 1.000000 0.000000 0.000000
vt -0.288211 0.558814
vn 1.000000 0.000000 0.000000
vt -0.283333 0.558333
vn 1.000000 0.000000 0.000000
vt -0.278456 0.558814
vn 1.000000 0.000000 0.000000
vt -0.273766 0.560236
vn 1.000000 0.000000 0.000000
vt -0.269444 0.562547
vn 1.000000 0.000000 0.000000
vt -0.265656 0.565656
vn 1.000000 0.000000 0.000000
vt -0.262547 0.569444
vn 1.000000 0.000000 0.000000
vt -0.260236 0.573766
vn 1.000000 0.000000 0.000000
vt -0.258814 0.578456
vn 1.000000 0.000000 0.000000
vt -0.258333 0.583333
vn 1.000000 0.000000 0.000000
vt -0.258814 0.588211
vn 1.000000 0.000000 0.000000
vt -0.260236 0.592900
vn 1.000000 0.000000 0.000000
vt -0.262547 0.597223
vn 1.000000 0.000000 0.000000
vt -0.265656 0.601011
vn 1.000000 0.000000 0.000000
vt -0.269444 0.604120
vn 1.000000 0.000000 0.000000
vt -0.273766 0.606430
vn 1.000000 0.000000 0.000000
vt -0.278456 0.607853
vn 1.000000 0.000000 0.000000
vt -0.283333 0.608333
vn 1.000000 0.000000 0.000000
vt -0.288211 0.607853
vn 1.000000 0.000000 0.000000
vt -0.292900 0.606430
vn 1.000000 0.000000 0.000000
vt -0.297223 0.604120
vn 1.000000 0.000000 0.000000
vt -0.301011 0.601011
vn 1.000000 0.000000 0.000000
vt -0.304120 0.597223
vn 1.000000 0.000000 0.000000
vt -0.306430 0.592900
vn 1.000000 0.000000 0.000000
vt -0.307853 0.588211
vn 1.000000 0.000000 0.000000
f 681/2025/2025 682/2026/2026 683/2027/2027 684/2028/2028 685/2029/2029 686/2030/2030 687/2031/2031 688/2032/2032 689/2033/2033 690/2034/2034 691/2035/2035 692/2036/2036 693/2037/2037 694/2038/2038 695/2039/2039 696/2040/2040 697/2041/2041 698/2042/2042 699/2043/2043 700/2044/2044 701/2045/2045 702/2046/2046 703/2047/2047 704/2048/2048 705/2049/2049 706/2050/2050 707/2051/2051 708/2052/2052 709/2053/2053 710/2054/2054 711/2055/2055 712/2056/2056
vt -0.333333 0.583333
vn 0.000000 -1.000000 0.000000
vt -0.333333 0.578456
vn 0.000000 -0.980785 -0.195090
vt -0.083333 0.578456
vn 0.000000 -0.980785 -0.195090
vt -0.083333 0.583333
vn 0.000000 -1.000000 0.000000
f 649/2057/2057 650/2058/2058 682/2059/2059 681/2060/2060
vt -0.333333 0.578456
vn 0.000000 -0.980785 -0.195090
vt -0.333333 0.573766
vn 0.000000 -0.923880 -0.382683
vt -0.083333 0.573766
vn 0.000000 -0.923880 -0.382683
vt -0.083333 0.578456
vn 0.000000 -0.980785 -0.195090
f 650/2061/2061 651/2062/2062 683/2063/2063 682/2064/2064
vt -0.333333 0.573766
vn 0.000000 -0.923880 -0.382683
vt -0.333333 0.569444
vn 0.000000 -0.831470 -0.555570
vt -0.083333 0.569444
vn 0.000000 -0.831470 -0.555570
vt -0.083333 0.573766
vn 0.000000 -0.923880 -0.382683
f 651/2065/2065 652/2066/2066 684/2067/2067 683/2068/2068
vt -0.333333 0.569444
vn 0.000000 -0.831470 -0.555570
vt -0.333333 0.565656
vn 0.000000 -0.707107 -0.707107
vt -0.083333 0.565656
vn 0.000000 -0.707107 -0.707107
vt -0.083333 0.569444
vn 0.000000 -0.831470 -0.555570
f 652/2069/2069 653/2070/2070 685/2071/2071 684/2072/2072
vt -0.333333 -0.301011
vn 0.000000 -0.707107 -0.707107
vt -0.333333 -0.297223
vn 0.000000 -0.555570 -0.831470
vt -0.083333 -0.297223
vn 0.000000 -0.555570 -0.831470
vt -0.083333 -0.301011
vn 0.000000 -0.707107 -0.707107
f 653/2073/2073 654/2074/2074 686/2075/2075 685/2076/2076
vt -0.333333 -0.297223
vn 0.000000 -0.555570 -0.831470
vt -0.333333 -0.292900
vn 0.000000 -0.382683 -0.923880
vt -0.083333 -0.292900
vn 0.000000 -0.382683 -0.923880
vt -0.083333 -0.297223
vn 0.000000 -0.555570 -0.831470
f 654/2077/2077 655/2078/2078 687/2079/2079 686/2080/2080
vt -0.333333 -0.292900
vn 0.000000 -0.382683 -0.923880
vt -0.333333 -0.288211
vn 0.000000 -0.195090 -0.980785
vt -0.083333 -0.288211
vn 0.000000 -0.195090 -0.980785
vt -0.083333 -0.292900
vn 0.000000 -0.382683 -0.923880
f 655/2081/2081 656/2082/2082 688/2083/2083 687/2084/2084
vt -0.333333 -0.288211
vn 0.000000 -0.195090 -0.980785
vt -0.333333 -0.283333
vn 0.000000 0.000000 -1.000000
vt -0.083333 -0.283333
vn 0.000000 0.000000 -1.000000
vt -0.083333 -0.288211
vn 0.000000 -0.195090 -0.980785
f 656/2085/2085 657/2086/2086 689/2087/2087 688/2088/2088
vt -0.333333 -0.283333
vn 0.000000 0.000000 -1.000000
vt -0.333333 -0.278456
vn 0.000000 0.195090 -0.980785
vt -0.083333 -0.278456
vn 0.000000 0.195090 -0.980785
vt -0.083333 -0.283333
vn 0.000000 0.000000 -1.000000
f 657/2089/2089 658/2090/2090 690/2091/2091 689/2092/2092
vt -0.333333 -0.278456
vn 0.000000 0.195090 -0.980785
vt -0.333333 -0.273766
vn 0.000000 0.382683 -0.923880
vt -0.083333 -0.273766
vn 0.000000 0.382683 -0.923880
vt -0.083333 -0.278456
vn 0.000000 0.195090 -0.980785
f 658/2093/2093 659/2094/2094 691/2095/2095 690/2096/2096
vt -0.333333 -0.273766
vn 0.000000 0.382683 -0.923880
vt -0.333333 -0.269444
vn 0.000000 0.555570 -0.831470
vt -0.083333 -0.269444
vn 0.000000 0.555570 -0.831470
vt -0.083333 -0.273766
vn 0.000000 0.382683 -0.923880
f 659/2097/2097 660/2098/2098 692/2099/2099 691/2100/2100
vt -0.333333 -0.269444
vn 0.000000 0.555570 -0.831470
vt -0.333333 -0.265656
vn 0.000000 0.707107 -0.707107
vt -0.083333 -0.265656
vn 0.000000 0.707107 -0.707107
vt -0.083333 -0.269444
vn 0.000000 0.555570 -0.831470
f 660/2101/2101 661/2102/2102 693/2103/2103 692/2104/2104
vt -0.333333 0.565656
vn 0.000000 0.707107 -0.707107
vt -0.333333 0.569444
vn 0.000000 0.831470 -0.555570
vt -0.083333 0.569444
vn 0.000000 0.831470 -0.555570
vt -0.083333 0.565656
vn 0.000000 0.707107 -0.707107
f 661/2105/2105 662/2106/2106 694/2107/2107 693/2108/2108
vt -0.333333 0.569444
vn 0.000000 0.831470 -0.555570
vt -0.333333 0.573766
vn 0.000000 0.923880 -0.382683
vt -0.083333 0.573766
vn 0.000000 0.923880 -0.382683
vt -0.083333 0.569444
vn 0.000000 0.831470 -0.555570
f 662/2109/2109 663/2110/2110 695/2111/2111 694/2112/2112
vt -0.333333 0.573766
vn 0.000000 0.923880 -0.382683
vt -0.333333 0.578456
vn 0.000000 0.980785 -0.195090
vt -0.083333 0.578456
vn 0.000000 0.980785 -0.195090
vt -0.083333 0.573766
vn 0.000000 0.923880 -0.382683
f 663/2113/2113 664/2114/2114 696/2115/2115 695/2116/2116
vt -0.333333 0.578456
vn 0.000000 0.980785 -0.195090
vt -0.333333 0.583333
vn 0.000000 1.000000 0.000000
vt -0.083333 0.583333
vn 0.000000 1.000000 0.000000
vt -0.083333 0.578456
vn 0.000000 0.980785 -0.195090
f 664/2117/2117 665/2118/2118 697/2119/2119 696/2120/2120
vt -0.333333 0.583333
vn 0.000000 1.000000 0.000000
vt -0.333333 0.588211
vn 0.000000 0.980785 0.195090
vt -0.083333 0.588211
vn 0.000000 0.980785 0.195090
vt -0.083333 0.583333
vn 0.000000 1.000000 0.000000
f 665/2121/2121 666/2122/2122 698/2123/2123 697/2124/2124
vt -0.333333 0.588211
vn 0.000000 0.980785 0.195090
vt -0.333333 0.592900
vn 0.000000 0.923880 0.382683
vt -0.083333 0.592900
vn 0.000000 0.923880 0.382683
vt -0.083333 0.588211
vn 0.000000 0.980785 0.195090
f 666/2125/2125 667/2126/2126 699/2127/2127 698/2128/2128
vt -0.333333 0.592900
vn 0.000000 0.923880 0.382683
vt -0.333333 0.597223
vn 0.000000 0.831470 0.555570
vt -0.083333 0.597223
vn 0.000000 0.831470 0.555570
vt -0.083333 0.592900
vn 0.000000 0.923880 0.382683
f 667/2129/2129 668/2130/2130 700/2131/2131 699/2132/2132
vt -0.333333 0.597223
vn 0.000000 0.831470 0.555570
vt -0.333333 0.601011
vn 0.000000 0.707107 0.707107
vt -0.083333 0.601011
vn 0.000000 0.707107 0.707107
vt -0.083333 0.597223
vn 0.000000 0.831470 0.555570
f 668/2133/2133 669/2134/2134 701/2135/2135 700/2136/2136
vt -0.333333 -0.265656
vn 0.000000 0.707107 0.707107
vt -0.333333 -0.269444
vn 0.000000 0.555570 0.831470
vt -0.083333 -0.269444
vn 0.000000 0.555570 0.831470
vt -0.083333 -0.265656
vn 0.000000 0.707107 0.707107
f 669/2137/2137 670/2138/2138 702/2139/2139 701/2140/2140
vt -0.333333 -0.269444
vn 0.000000 0.555570 0.831470
vt -0.333333 -0.273766
vn 0.000000 0.382683 0.923880
vt -0.083333 -0.273766
vn 0.000000 0.382683 0.923880
vt -0.083333 -0.269444
vn 0.000000 0.555570 0.831470
f 670/2141/2141 671/2142/2142 703/2143/2143 702/2144/2144
vt -0.333333 -0.273766
vn 0.000000 0.382683 0.923880
vt -0.333333 -0.278456
vn 0.000000 0.195090 0.980785
vt -0.083333 -0.278456
vn 0.000000 0.195090 0.980785
vt -0.083333 -0.273766
vn 0.000000 0.382683 0.923880
f 671/2145/2145 672/2146/2146 704/2147/2147 703/2148/2148
vt -0.333333 -0.278456
vn 0.000000 0.195090 0.980785
vt -0.333333 -0.283333
vn 0.000000 0.000000 1.000000
vt -0.083333 -0.283333
vn 0.000000 0.000000 1.000000
vt -0.083333 -0.278456
vn 0.000000 0.195090 0.980785
f 672/2149/2149 673/2150/2150 705/2151/2151 704/2152/2152
vt -0.333333 -0.283333
vn 0.000000 0.000000 1.000000
vt -0.333333 -0.288211
vn 0.000000 -0.195090 0.980785
vt -0.083333 -0.288211
vn 0.000000 -0.195090 0.980785
vt -0.083333 -0.283333
vn 0.000000 0.000000 1.000000
f 673/2153/2153 674/2154/2154 706/2155/2155 705/2156/2156
vt -0.333333 -0.288211
vn 0.000000 -0.195090 0.980785
vt -0.333333 -0.292900
vn 0.000000 -0.382683 0.923880
vt -0.083333 -0.292900
vn 0.000000 -0.382683 0.923880
vt -0.083333 -0.288211
vn 0.000000 -0.195090 0.980785
f 674/2157/2157 675/2158/2158 707/2159/2159 706/2160/2160
vt -0.333333 -0.292900
vn 0.000000 -0.382683 0.923880
vt -0.333333 -0.297223
vn 0.000000 -0.555570 0.831470
vt -0.083333 -0.297223
vn 0.000000 -0.555570 0.831470
vt -0.083333 -0.292900
vn 0.000000 -0.382683 0.923880
f 675/2161/2161 676/2162/2162 708/2163/2163 707/2164/2164
vt -0.333333 -0.297223
vn 0.000000 -0.555570 0.831470
vt -0.333333 -0.301011
vn 0.000000 -0.707107 0.707107
vt -0.083333 -0.301011
vn 0.000000 -0.707107 0.707107
vt -0.083333 -0.297223
vn 0.000000 -0.555570 0.831470
f 676/2165/2165 677/2166/2166 709/2167/2167 708/2168/2168
vt -0.333333 0.601011
vn 0.000000 -0.707107 0.707107
vt -0.333333 0.597223
vn 0.000000 -0.831470 0.555570
vt -0.083333 0.597223
vn 0.000000 -0.831470 0.555570
vt -0.083333 0.601011
vn 0.000000 -0.707107 0.707107
f 677/2169/2169 678/2170/2170 710/2171/2171 709/2172/2172
vt -0.333333 0.597223
vn 0.000000 -0.831470 0.555570
vt -0.333333 0.592900
vn 0.000000 -0.923880 0.382683
vt -0.083333 0.592900
vn 0.000000 -0.923880 0.382683
vt -0.083333 0.597223
vn 0.000000 -0.831470 0.555570
f 678/2173/2173 679/2174/2174 711/2175/2175 710/2176/2176
vt -0.333333 0.592900
vn 0.000000 -0.923880 0.382683
vt -0.333333 0.588211
vn 0.000000 -0.980785 0.195090
vt -0.083333 0.588211
vn 0.000000 -0.980785 0.195090
vt -0.083333 0.592900
vn 0.000000 -0.923880 0.382683
f 679/2177/2177 680/2178/2178 712/2179/2179 711/2180/2180
vt -0.333333 0.588211
vn 0.000000 -0.980785 0.195090
vt -0.333333 0.583333
vn 0.000000 -1.000000 0.000000
vt -0.083333 0.583333
vn 0.000000 -1.000000 0.000000
vt -0.083333 0.588211
vn 0.000000 -0.980785 0.195090
f 680/2181/2181 649/2182/2182 681/2183/2183 712/2184/2184
v -3.320000 -2.200000 4.000000
v -3.295641 -2.200000 3.877541
v -3.226274 -2.200000 3.773726
v -3.122459 -2.200000 3.704359
v -3.000000 -2.200000 3.680000
v -2.877541 -2.200000 3.704359
v -2.773726 -2.200000 3.773726
v -2.704359 -2.200000 3.877541
v -2.680000 -2.200000 4.000000
v -2.704359 -2.200000 4.122459
v -2.773726 -2.200000 4.226274
v -2.877541 -2.200000 4.295641
v -3.000000 -2.200000 4.320000
v -3.122459 -2.200000 4.295641
v -3.226274 -2.200000 4.226274
v -3.295641 -2.200000 4.122459
v -3.320000 -2.450000 4.000000
v -3.295641 -2.450000 3.877541
v -3.226274 -2.450000 3.773726
v -3.122459 -2.450000 3.704359
v -3.000000 -2.450000 3.680000
v -2.877541 -2.450000 3.704359
v -2.773726 -2.450000 3.773726
v -2.704359 -2.450000 3.877541
v -2.680000 -2.450000 4.000000
v -2.704359 -2.450000 4.122459
v -2.773726 -2.450000 4.226274
v -2.877541 -2.450000 4.295641
v -3.000000 -2.450000 4.320000
v -3.122459 -2.450000 4.295641
v -3.226274 -2.450000 4.226274
v -3.295641 -2.450000 4.122459
vt -0.274637 0.343538
vn 0.000000 1.000000 0.000000
vt -0.268856 0.352190
vn 0.000000 1.000000 0.000000
vt -0.260205 0.357970
vn 0.000000 1.000000 0.000000
vt -0.250000 0.360000
vn 0.000000 1.000000 0.000000
vt -0.239795 0.357970
vn 0.000000 1.000000 0.000000
vt -0.231144 0.352190
vn 0.000000 1.000000 0.000000
vt -0.225363 0.343538
vn 0.000000 1.000000 0.000000
vt -0.223333 0.333333
vn 0.000000 1.000000 0.000000
vt -0.225363 0.323128
vn 0.000000 1.000000 0.000000
vt -0.231144 0.314477
vn 0.000000 1.000000 0.000000
vt -0.239795 0.308697
vn 0.000000 1.000000 0.000000
vt -0.250000 0.306667
vn 0.000000 1.000000 0.000000
vt -0.260205 0.308697
vn 0.000000 1.000000 0.000000
vt -0.268856 0.314477
vn 0.000000 1.000000 0.000000
vt -0.274637 0.323128
vn 0.000000 1.000000 0.000000
vt -0.276667 0.333333
vn 0.000000 1.000000 0.000000
f 728/2185/2185 727/2186/2186 726/2187/2187 725/2188/2188 724/2189/2189 723/2190/2190 722/2191/2191 721/2192/2192 720/2193/2193 719/2194/2194 718/2195/2195 717/2196/2196 716/2197/2197 715/2198/2198 714/2199/2199 713/2200/2200
vt -0.276667 0.333333
vn 0.000000 -1.000000 0.000000
vt -0.274637 0.323128
vn 0.000000 -1.000000 0.000000
vt -0.268856 0.314477
vn 0.000000 -1.000000 0.000000
vt -0.260205 0.308697
vn 0.000000 -1.000000 0.000000
vt -0.250000 0.306667
vn 0.000000 -1.000000 0.000000
vt -0.239795 0.308697
vn 0.000000 -1.000000 0.000000
vt -0.231144 0.314477
vn 0.000000 -1.000000 0.000000
vt -0.225363 0.323128
vn 0.000000 -1.000000 0.000000
vt -0.223333 0.333333
vn 0.000000 -1.000000 0.000000
vt -0.225363 0.343538
vn 0.000000 -1.000000 0.000000
vt -0.231144 0.352190
vn 0.000000 -1.000000 0.000000
vt -0.239795 0.357970
vn 0.000000 -1.000000 0.000000
vt -0.250000 0.360000
vn 0.000000 -1.000000 0.000000
vt -0.260205 0.357970
vn 0.000000 -1.000000 0.000000
vt -0.268856 0.352190
vn 0.000000 -1.000000 0.000000
vt -0.274637 0.343538
vn 0.000000 -1.000000 0.000000
f 729/2201/2201 730/2202/2202 731/2203/2203 732/2204/2204 733/2205/2205 734/2206/2206 735/2207/2207 736/2208/2208 737/2209/2209 738/2210/2210 739/2211/2211 740/2212/2212 741/2213/2213 742/2214/2214 743/2215/2215 744/2216/2216
vt -0.183333 0.333333
vn -1.000000 0.000000 0.000000
vt -0.183333 0.323128
vn -0.923880 0.000000 -0.382683
vt -0.204167 0.323128
vn -0.923880 0.000000 -0.382683
vt -0.204167 0.333333
vn -1.000000 0.000000 0.000000
f 713/2217/2217 714/2218/2218 730/2219/2219 729/2220/2220
vt -0.183333 0.323128
vn -0.923880 0.000000 -0.382683
vt -0.183333 0.314477
vn -0.707107 0.000000 -0.707107
vt -0.204167 0.314477
vn -0.707107 0.000000 -0.707107
vt -0.204167 0.323128
vn -0.923880 0.000000 -0.382683
f 714/2221/2221 715/2222/2222 731/2223/2223 730/2224/2224
vt -0.268856 -0.183333
vn -0.707107 0.000000 -0.707107
vt -0.260205 -0.183333
vn -0.382683 0.000000 -0.923880
vt -0.260205 -0.204167
vn -0.382683 0.000000 -0.923880
vt -0.268856 -0.204167
vn -0.707107 0.000000 -0.707107
f 715/2225/2225 716/2226/2226 732/2227/2227 731/2228/2228
vt -0.260205 -0.183333
vn -0.382683 0.000000 -0.923880
vt -0.250000 -0.183333
vn 0.000000 0.000000 -1.000000
vt -0.250000 -0.204167
vn 0.000000 0.000000 -1.000000
vt -0.260205 -0.204167
vn -0.382683 0.000000 -0.923880
f 716/2229/2229 717/2230/2230 733/2231/2231 732/2232/2232
vt -0.250000 -0.183333
vn 0.000000 0.000000 -1.000000
vt -0.239795 -0.183333
vn 0.382683 0.000000 -0.923880
vt -0.239795 -0.204167
vn 0.382683 0.000000 -0.923880
vt -0.250000 -0.204167
vn 0.000000 0.000000 -1.000000
f 717/2233/2233 718/2234/2234 734/2235/2235 733/2236/2236
vt -0.239795 -0.183333
vn 0.382683 0.000000 -0.923880
vt -0.231144 -0.183333
vn 0.707107 0.000000 -0.707107
vt -0.231144 -0.204167
vn 0.707107 0.000000 -0.707107
vt -0.239795 -0.204167
vn 0.382683 0.000000 -0.923880
f 718/2237/2237 719/2238/2238 735/2239/2239 734/2240/2240
vt -0.183333 0.314477
vn 0.707107 0.000000 -0.707107
vt -0.183333 0.323128
vn 0.923880 0.000000 -0.382683
vt -0.204167 0.323128
vn 0.923880 0.000000 -0.382683
vt -0.204167 0.314477
vn 0.707107 0.000000 -0.707107
f 719/2241/2241 720/2242/2242 736/2243/2243 735/2244/2244
vt -0.183333 0.323128
vn 0.923880 0.000000 -0.382683
vt -0.183333 0.333333
vn 1.000000 0.000000 0.000000
vt -0.204167 0.333333
vn 1.000000 0.000000 0.000000
vt -0.204167 0.323128
vn 0.923880 0.000000 -0.382683
f 720/2245/2245 721/2246/2246 737/2247/2247 736/2248/2248
vt -0.183333 0.333333
vn 1.000000 0.000000 0.000000
vt -0.183333 0.343538
vn 0.923880 0.000000 0.382683
vt -0.204167 0.343538
vn 0.923880 0.000000 0.382683
vt -0.204167 0.333333
vn 1.000000 0.000000 0.000000
f 721/2249/2249 722/2250/2250 738/2251/2251 737/2252/2252
vt -0.183333 0.343538
vn 0.923880 0.000000 0.382683
vt -0.183333 0.352190
vn 0.707107 0.000000 0.707107
vt -0.204167 0.352190
vn 0.707107 0.000000 0.707107
vt -0.204167 0.343538
vn 0.923880 0.000000 0.382683
f 722/2253/2253 723/2254/2254 739/2255/2255 738/2256/2256
vt -0.231144 -0.183333
vn 0.707107 0.000000 0.707107
vt -0.239795 -0.183333
vn 0.382683 0.000000 0.923880
vt -0.239795 -0.204167
vn 0.382683 0.000000 0.923880
vt -0.231144 -0.204167
vn 0.707107 0.000000 0.707107
f 723/2257/2257 724/2258/2258 740/2259/2259 739/2260/2260
vt -0.239795 -0.183333
vn 0.382683 0.000000 0.923880
vt -0.250000 -0.183333
vn 0.000000 0.000000 1.000000
vt -0.250000 -0.204167
vn 0.000000 0.000000 1.000000
vt -0.239795 -0.204167
vn 0.382683 0.000000 0.923880
f 724/2261/2261 725/2262/2262 741/2263/2263 740/2264/2264
vt -0.250000 -0.183333
vn 0.000000 0.000000 1.000000
vt -0.260205 -0.183333
vn -0.382683 0.000000 0.923880
vt -0.260205 -0.204167
vn -0.382683 0.000000 0.923880
vt -0.250000 -0.204167
vn 0.000000 0.000000 1.000000
f 725/2265/2265 726/2266/2266 742/2267/2267 741/2268/2268
vt -0.260205 -0.183333
vn -0.382683 0.000000 0.923880
vt -0.268856 -0.183333
vn -0.707107 0.000000 0.707107
vt -0.268856 -0.204167
vn -0.707107 0.000000 0.707107
vt -0.260205 -0.204167
vn -0.382683 0.000000 0.923880
f 726/2269/2269 727/2270/2270 743/2271/2271 742/2272/2272
vt -0.183333 0.352190
vn -0.707107 0.000000 0.707107
vt -0.183333 0.343538
vn -0.923880 0.000000 0.382683
vt -0.204167 0.343538
vn -0.923880 0.000000 0.382683
vt -0.204167 0.352190
vn -0.707107 0.000000 0.707107
f 727/2273/2273 728/2274/2274 744/2275/2275 743/2276/2276
vt -0.183333 0.343538
vn -0.923880 0.000000 0.382683
vt -0.183333 0.333333
vn -1.000000 0.000000 0.000000
vt -0.204167 0.333333
vn -1.000000 0.000000 0.000000
vt -0.204167 0.343538
vn -0.923880 0.000000 0.382683
f 728/2277/2277 713/2278/2278 729/2279/2279 744/2280/2280
v -2.680000 2.200000 4.000000
v -2.704359 2.200000 3.877541
v -2.773726 2.200000 3.773726
v -2.877541 2.200000 3.704359
v -3.000000 2.200000 3.680000
v -3.122459 2.200000 3.704359
v -3.226274 2.200000 3.773726
v -3.295641 2.200000 3.877541
v -3.320000 2.200000 4.000000
v -3.295641 2.200000 4.122459
v -3.226274 2.200000 4.226274
v -3.122459 2.200000 4.295641
v -3.000000 2.200000 4.320000
v -2.877541 2.200000 4.295641
v -2.773726 2.200000 4.226274
v -2.704359 2.200000 4.122459
v -2.680000 2.450000 4.000000
v -2.704359 2.450000 3.877541
v -2.773726 2.450000 3.773726
v -2.877541 2.450000 3.704359
v -3.000000 2.450000 3.680000
v -3.122459 2.450000 3.704359
v -3.226274 2.450000 3.773726
v -3.295641 2.450000 3.877541
v -3.320000 2.450000 4.000000
v -3.295641 2.450000 4.122459
v -3.226274 2.450000 4.226274
v -3.122459 2.450000 4.295641
v -3.000000 2.450000 4.320000
v -2.877541 2.450000 4.295641
v -2.773726 2.450000 4.226274
v -2.704359 2.450000 4.122459
vt -0.225363 0.343538
vn 0.000000 -1.000000 0.000000
vt -0.231144 0.352190
vn 0.000000 -1.000000 0.000000
vt -0.239795 0.357970
vn 0.000000 -1.000000 0.000000
vt -0.250000 0.360000
vn 0.000000 -1.000000 0.000000
vt -0.260205 0.357970
vn 0.000000 -1.000000 0.000000
vt -0.268856 0.352190
vn 0.000000 -1.000000 0.000000
vt -0.274637 0.343538
vn 0.000000 -1.000000 0.000000
vt -0.276667 0.333333
vn 0.000000 -1.000000 0.000000
vt -0.274637 0.323128
vn 0.000000 -1.000000 0.000000
vt -0.268856 0.314477
vn 0.000000 -1.000000 0.000000
vt -0.260205 0.308697
vn 0.000000 -1.000000 0.000000
vt -0.250000 0.306667
vn 0.000000 -1.000000 0.000000
vt -0.239795 0.308697
vn 0.000000 -1.000000 0.000000
vt -0.231144 0.314477
vn 0.000000 -1.000000 0.000000
vt -0.225363 0.323128
vn 0.000000 -1.000000 0.000000
vt -0.223333 0.333333
vn 0.000000 -1.000000 0.000000
f 760/2281/2281 759/2282/2282 758/2283/2283 757/2284/2284 756/2285/2285 755/2286/2286 754/2287/2287 753/2288/2288 752/2289/2289 751/2290/2290 750/2291/2291 749/2292/2292 748/2293/2293 747/2294/2294 746/2295/2295 745/2296/2296
vt -0.223333 0.333333
vn 0.000000 1.000000 0.000000
vt -0.225363 0.323128
vn 0.000000 1.000000 0.000000
vt -0.231144 0.314477
vn 0.000000 1.000000 0.000000
vt -0.239795 0.308697
vn 0.000000 1.000000 0.000000
vt -0.250000 0.306667
vn 0.000000 1.000000 0.000000
vt -0.260205 0.308697
vn 0.000000 1.000000 0.000000
vt -0.268856 0.314477
vn 0.000000 1.000000 0.000000
vt -0.274637 0.323128
vn 0.000000 1.000000 0.000000
vt -0.276667 0.333333
vn 0.000000 1.000000 0.000000
vt -0.274637 0.343538
vn 0.000000 1.000000 0.000000
vt -0.268856 0.352190
vn 0.000000 1.000000 0.000000
vt -0.260205 0.357970
vn 0.000000 1.000000 0.000000
vt -0.250000 0.360000
vn 0.000000 1.000000 0.000000
vt -0.239795 0.357970
vn 0.000000 1.000000 0.000000
vt -0.231144 0.352190
vn 0.000000 1.000000 0.000000
vt -0.225363 0.343538
vn 0.000000 1.000000 0.000000
f 761/2297/2297 762/2298/2298 763/2299/2299 764/2300/2300 765/2301/2301 766/2302/2302 767/2303/2303 768/2304/2304 769/2305/2305 770/2306/2306 771/2307/2307 772/2308/2308 773/2309/2309 774/2310/2310 775/2311/2311 776/2312/2312
vt 0.183333 0.333333
vn 1.000000 0.000000 0.000000
vt 0.183333 0.323128
vn 0.923880 0.000000 -0.382683
vt 0.204167 0.323128
vn 0.923880 0.000000 -0.382683
vt 0.204167 0.333333
vn 1.000000 0.000000 0.000000
f 745/2313/2313 746/2314/2314 762/2315/2315 761/2316/2316
vt 0.183333 0.323128
vn 0.923880 0.000000 -0.382683
vt 0.183333 0.314477
vn 0.707107 0.000000 -0.707107
vt 0.204167 0.314477
vn 0.707107 0.000000 -0.707107
vt 0.204167 0.323128
vn 0.923880 0.000000 -0.382683
f 746/2317/2317 747/2318/2318 763/2319/2319 762/2320/2320
vt -0.231144 0.183333
vn 0.707107 0.000000 -0.707107
vt -0.239795 0.183333
vn 0.382683 0.000000 -0.923880
vt -0.239795 0.204167
vn 0.382683 0.000000 -0.923880
vt -0.231144 0.204167
vn 0.707107 0.000000 -0.707107
f 747/2321/2321 748/2322/2322 764/2323/2323 763/2324/2324
vt -0.239795 0.183333
vn 0.382683 0.000000 -0.923880
vt -0.250000 0.183333
vn 0.000000 0.000000 -1.000000
vt -0.250000 0.204167
vn 0.000000 0.000000 -1.000000
vt -0.239795 0.204167
vn 0.382683 0.000000 -0.923880
f 748/2325/2325 749/2326/2326 765/2327/2327 764/2328/2328
vt -0.250000 0.183333
vn 0.000000 0.000000 -1.000000
vt -0.260205 0.183333
vn -0.382683 0.000000 -0.923880
vt -0.260205 0.204167
vn -0.382683 0.000000 -0.923880
vt -0.250000 0.204167
vn 0.000000 0.000000 -1.000000
f 749/2329/2329 750/2330/2330 766/2331/2331 765/2332/2332
vt -0.260205 0.183333
vn -0.382683 0.000000 -0.923880
vt -0.268856 0.183333
vn -0.707107 0.000000 -0.707107
vt -0.268856 0.204167
vn -0.707107 0.000000 -0.707107
vt -0.260205 0.204167
vn -0.382683 0.000000 -0.923880
f 750/2333/2333 751/2334/2334 767/2335/2335 766/2336/2336
vt 0.183333 0.314477
vn -0.707107 0.000000 -0.707107
vt 0.183333 0.323128
vn -0.923880 0.000000 -0.382683
vt 0.204167 0.323128
vn -0.923880 0.000000 -0.382683
vt 0.204167 0.314477
vn -0.707107 0.000000 -0.707107
f 751/2337/2337 752/2338/2338 768/2339/2339 767/2340/2340
vt 0.183333 0.323128
vn -0.923880 0.000000 -0.382683
vt 0.183333 0.333333
vn -1.000000 0.000000 0.000000
vt 0.204167 0.333333
vn -1.000000 0.000000 0.000000
vt 0.204167 0.323128
vn -0.923880 0.000000 -0.382683
f 752/2341/2341 753/2342/2342 769/2343/2343 768/2344/2344
vt 0.183333 0.333333
vn -1.000000 0.000000 0.000000
vt 0.183333 0.343538
vn -0.923880 0.000000 0.382683
vt 0.204167 0.343538
vn -0.923880 0.000000 0.382683
vt 0.204167 0.333333
vn -1.000000 0.000000 0.000000
f 753/2345/2345 754/2346/2346 770/2347/2347 769/2348/2348
vt 0.183333 0.343538
vn -0.923880 0.000000 0.382683
vt 0.183333 0.352190
vn -0.707107 0.000000 0.707107
vt 0.204167 0.352190
vn -0.707107 0.000000 0.707107
vt 0.204167 0.343538
vn -0.923880 0.000000 0.382683
f 754/2349/2349 755/2350/2350 771/2351/2351 770/2352/2352
vt -0.268856 0.183333
vn -0.707107 0.000000 0.707107
vt -0.260205 0.183333
vn -0.382683 0.000000 0.923880
vt -0.260205 0.204167
vn -0.382683 0.000000 0.923880
vt -0.268856 0.204167
vn -0.707107 0.000000 0.707107
f 755/2353/2353 756/2354/2354 772/2355/2355 771/2356/2356
vt -0.260205 0.183333
vn -0.382683 0.000000 0.923880
vt -0.250000 0.183333
vn 0.000000 0.000000 1.000000
vt -0.250000 0.204167
vn 0.000000 0.000000 1.000000
vt -0.260205 0.204167
vn -0.382683 0.000000 0.923880
f 756/2357/2357 757/2358/2358 773/2359/2359 772/2360/2360
vt -0.250000 0.183333
vn 0.000000 0.000000 1.000000
vt -0.239795 0.183333
vn 0.382683 0.000000 0.923880
vt -0.239795 0.204167
vn 0.382683 0.000000 0.923880
vt -0.250000 0.204167
vn 0.000000 0.000000 1.000000
f 757/2361/2361 758/2362/2362 774/2363/2363 773/2364/2364
vt -0.239795 0.183333
vn 0.382683 0.000000 0.923880
vt -0.231144 0.183333
vn 0.707107 0.000000 0.707107
vt -0.231144 0.204167
vn 0.707107 0.000000 0.707107
vt -0.239795 0.204167
vn 0.382683 0.000000 0.923880
f 758/2365/2365 759/2366/2366 775/2367/2367 774/2368/2368
vt 0.183333 0.352190
vn 0.707107 0.000000 0.707107
vt 0.183333 0.343538
vn 0.923880 0.000000 0.382683
vt 0.204167 0.343538
vn 0.923880 0.000000 0.382683
vt 0.204167 0.352190
vn 0.707107 0.000000 0.707107
f 759/2369/2369 760/2370/2370 776/2371/2371 775/2372/2372
vt 0.183333 0.343538
vn 0.923880 0.000000 0.382683
vt 0.183333 0.333333
vn 1.000000 0.000000 0.000000
vt 0.204167 0.333333
vn 1.000000 0.000000 0.000000
vt 0.204167 0.343538
vn 0.923880 0.000000 0.382683
f 760/2373/2373 745/2374/2374 761/2375/2375 776/2376/2376
v 12.680000 -2.200000 4.000000
v 12.704359 -2.200000 3.877541
v 12.773726 -2.200000 3.773726
v 12.877541 -2.200000 3.704359
v 13.000000 -2.200000 3.680000
v 13.122459 -2.200000 3.704359
v 13.226274 -2.200000 3.773726
v 13.295641 -2.200000 3.877541
v 13.320000 -2.200000 4.000000
v 13.295641 -2.200000 4.122459
v 13.226274 -2.200000 4.226274
v 13.122459 -2.200000 4.295641
v 13.000000 -2.200000 4.320000
v 12.877541 -2.200000 4.295641
v 12.773726 -2.200000 4.226274
v 12.704359 -2.200000 4.122459
v 12.680000 -2.450000 4.000000
v 12.704359 -2.450000 3.877541
v 12.773726 -2.450000 3.773726
v 12.877541 -2.450000 3.704359
v 13.000000 -2.450000 3.680000
v 13.122459 -2.450000 3.704359
v 13.226274 -2.450000 3.773726
v 13.295641 -2.450000 3.877541
v 13.320000 -2.450000 4.000000
v 13.295641 -2.450000 4.122459
v 13.226274 -2.450000 4.226274
v 13.122459 -2.450000 4.295641
v 13.000000 -2.450000 4.320000
v 12.877541 -2.450000 4.295641
v 12.773726 -2.450000 4.226274
v 12.704359 -2.450000 4.122459
vt 1.058697 0.343538
vn 0.000000 1.000000 0.000000
vt 1.064477 0.352190
vn 0.000000 1.000000 0.000000
vt 1.073128 0.357970
vn 0.000000 1.000000 0.000000
vt 1.083333 0.360000
vn 0.000000 1.000000 0.000000
vt 1.093538 0.357970
vn 0.000000 1.000000 0.000000
vt 1.102190 0.352190
vn 0.000000 1.000000 0.000000
vt 1.107970 0.343538
vn 0.000000 1.000000 0.000000
vt 1.110000 0.333333
vn 0.000000 1.000000 0.000000
vt 1.107970 0.323128
vn 0.000000 1.000000 0.000000
vt 1.102190 0.314477
vn 0.000000 1.000000 0.000000
vt 1.093538 0.308697
vn 0.000000 1.000000 0.000000
vt 1.083333 0.306667
vn 0.000000 1.000000 0.000000
vt 1.073128 0.308697
vn 0.000000 1.000000 0.000000
vt 1.064477 0.314477
vn 0.000000 1.000000 0.000000
vt 1.058697 0.323128
vn 0.000000 1.000000 0.000000
vt 1.056667 0.333333
vn 0.000000 1.000000 0.000000
f 792/2377/2377 791/2378/2378 790/2379/2379 789/2380/2380 788/2381/2381 787/2382/2382 786/2383/2383 785/2384/2384 784/2385/2385 783/2386/2386 782/2387/2387 781/2388/2388 780/2389/2389 779/2390/2390 778/2391/2391 777/2392/2392
vt 1.056667 0.333333
vn 0.000000 -1.000000 0.000000
vt 1.058697 0.323128
vn 0.000000 -1.000000 0.000000
vt 1.064477 0.314477
vn 0.000000 -1.000000 0.000000
vt 1.073128 0.308697
vn 0.000000 -1.000000 0.000000
vt 1.083333 0.306667
vn 0.000000 -1.000000 0.000000
vt 1.093538 0.308697
vn 0.000000 -1.000000 0.000000
vt 1.102190 0.314477
vn 0.000000 -1.000000 0.000000
vt 1.107970 0.323128
vn 0.000000 -1.000000 0.000000
vt 1.110000 0.333333
vn 0.000000 -1.000000 0.000000
vt 1.107970 0.343538
vn 0.000000 -1.000000 0.000000
vt 1.102190 0.352190
vn 0.000000 -1.000000 0.000000
vt 1.093538 0.357970
vn 0.000000 -1.000000 0.000000
vt 1.083333 0.360000
vn 0.000000 -1.000000 0.000000
vt 1.073128 0.357970
vn 0.000000 -1.000000 0.000000
vt 1.064477 0.352190
vn 0.000000 -1.000000 0.000000
vt 1.058697 0.343538
vn 0.000000 -1.000000 0.000000
f 793/2393/2393 794/2394/2394 795/2395/2395 796/2396/2396 797/2397/2397 798/2398/2398 799/2399/2399 800/2400/2400 801/2401/2401 802/2402/2402 803/2403/2403 804/2404/2404 805/2405/2405 806/2406/2406 807/2407/2407 808/2408/2408
vt -0.183333 0.333333
vn -1.000000 0.000000 -0.000000
vt -0.183333 0.323128
vn -0.923880 0.000000 -0.382683
vt -0.204167 0.323128
vn -0.923880 0.000000 -0.382683
vt -0.204167 0.333333
vn -1.000000 0.000000 -0.000000
f 777/2409/2409 778/2410/2410 794/2411/2411 793/2412/2412
vt -0.183333 0.323128
vn -0.923880 0.000000 -0.382683
vt -0.183333 0.314477
vn -0.707107 0.000000 -0.707107
vt -0.204167 0.314477
vn -0.707107 0.000000 -0.707107
vt -0.204167 0.323128
vn -0.923880 0.000000 -0.382683
f 778/2413/2413 779/2414/2414 795/2415/2415 794/2416/2416
vt 1.064477 -0.183333
vn -0.707107 0.000000 -0.707107
vt 1.073128 -0.183333
vn -0.382683 0.000000 -0.923880
vt 1.073128 -0.204167
vn -0.382683 0.000000 -0.923880
vt 1.064477 -0.204167
vn -0.707107 0.000000 -0.707107
f 779/2417/2417 780/2418/2418 796/2419/2419 795/2420/2420
vt 1.073128 -0.183333
vn -0.382683 0.000000 -0.923880
vt 1.083333 -0.183333
vn 0.000000 0.000000 -1.000000
vt 1.083333 -0.204167
vn 0.000000 0.000000 -1.000000
vt 1.073128 -0.204167
vn -0.382683 0.000000 -0.923880
f 780/2421/2421 781/2422/2422 797/2423/2423 796/2424/2424
vt 1.083333 -0.183333
vn 0.000000 0.000000 -1.000000
vt 1.093538 -0.183333
vn 0.382683 0.000000 -0.923880
vt 1.093538 -0.204167
vn 0.382683 0.000000 -0.923880
vt 1.083333 -0.204167
vn 0.000000 0.000000 -1.000000
f 781/2425/2425 782/2426/2426 798/2427/2427 797/2428/2428
vt 1.093538 -0.183333
vn 0.382683 0.000000 -0.923880
vt 1.102190 -0.183333
vn 0.707107 0.000000 -0.707107
vt 1.102190 -0.204167
vn 0.707107 0.000000 -0.707107
vt 1.093538 -0.204167
vn 0.382683 0.000000 -0.923880
f 782/2429/2429 783/2430/2430 799/2431/2431 798/2432/2432
vt -0.183333 0.314477
vn 0.707107 0.000000 -0.707107
vt -0.183333 0.323128
vn 0.923880 0.000000 -0.382683
vt -0.204167 0.323128
vn 0.923880 0.000000 -0.382683
vt -0.204167 0.314477
vn 0.707107 0.000000 -0.707107
f 783/2433/2433 784/2434/2434 800/2435/2435 799/2436/2436
vt -0.183333 0.323128
vn 0.923880 0.000000 -0.382683
vt -0.183333 0.333333
vn 1.000000 0.000000 0.000000
vt -0.204167 0.333333
vn 1.000000 0.000000 0.000000
vt -0.204167 0.323128
vn 0.923880 0.000000 -0.382683
f 784/2437/2437 785/2438/2438 801/2439/2439 800/2440/2440
vt -0.183333 0.333333
vn 1.000000 0.000000 0.000000
vt -0.183333 0.343538
vn 0.923880 0.000000 0.382683
vt -0.204167 0.343538
vn 0.923880 0.000000 0.382683
vt -0.204167 0.333333
vn 1.000000 0.000000 0.000000
f 785/2441/2441 786/2442/2442 802/2443/2443 801/2444/2444
vt -0.183333 0.343538
vn 0.923880 0.000000 0.382683
vt -0.183333 0.352190
vn 0.707107 0.000000 0.707107
vt -0.204167 0.352190
vn 0.707107 0.000000 0.707107
vt -0.204167 0.343538
vn 0.923880 0.000000 0.382683
f 786/2445/2445 787/2446/2446 803/2447/2447 802/2448/2448
vt 1.102190 -0.183333
vn 0.707107 0.000000 0.707107
vt 1.093538 -0.183333
vn 0.382683 0.000000 0.923880
vt 1.093538 -0.204167
vn 0.382683 0.000000 0.923880
vt 1.102190 -0.204167
vn 0.707107 0.000000 0.707107
f 787/2449/2449 788/2450/2450 804/2451/2451 803/2452/2452
vt 1.093538 -0.183333
vn 0.382683 0.000000 0.923880
vt 1.083333 -0.183333
vn 0.000000 0.000000 1.000000
vt 1.083333 -0.204167
vn 0.000000 0.000000 1.000000
vt 1.093538 -0.204167
vn 0.382683 0.000000 0.923880
f 788/2453/2453 789/2454/2454 805/2455/2455 804/2456/2456
vt 1.083333 -0.183333
vn 0.000000 0.000000 1.000000
vt 1.073128 -0.183333
vn -0.382683 0.000000 0.923880
vt 1.073128 -0.204167
vn -0.382683 0.000000 0.923880
vt 1.083333 -0.204167
vn 0.000000 0.000000 1.000000
f 789/2457/2457 790/2458/2458 806/2459/2459 805/2460/2460
vt 1.073128 -0.183333
vn -0.382683 0.000000 0.923880
vt 1.064477 -0.183333
vn -0.707107 0.000000 0.707107
vt 1.064477 -0.204167
vn -0.707107 0.000000 0.707107
vt 1.073128 -0.204167
vn -0.382683 0.000000 0.923880
f 790/2461/2461 791/2462/2462 807/2463/2463 806/2464/2464
vt -0.183333 0.352190
vn -0.707107 0.000000 0.707107
vt -0.183333 0.343538
vn -0.923880 0.000000 0.382683
vt -0.204167 0.343538
vn -0.923880 0.000000 0.382683
vt -0.204167 0.352190
vn -0.707107 0.000000 0.707107
f 791/2465/2465 792/2466/2466 808/2467/2467 807/2468/2468
vt -0.183333 0.343538
vn -0.923880 0.000000 0.382683
vt -0.183333 0.333333
vn -1.000000 0.000000 -0.000000
vt -0.204167 0.333333
vn -1.000000 0.000000 -0.000000
vt -0.204167 0.343538
vn -0.923880 0.000000 0.382683
f 792/2469/2469 777/2470/2470 793/2471/2471 808/2472/2472
v 13.320000 2.200000 4.000000
v 13.295641 2.200000 3.877541
v 13.226274 2.200000 3.773726
v 13.122459 2.200000 3.704359
v 13.000000 2.200000 3.680000
v 12.877541 2.200000 3.704359
v 12.773726 2.200000 3.773726
v 12.704359 2.200000 3.877541
v 12.680000 2.200000 4.000000
v 12.704359 2.200000 4.122459
v 12.773726 2.200000 4.226274
v 12.877541 2.200000 4.295641
v 13.000000 2.200000 4.320000
v 13.122459 2.200000 4.295641
v 13.226274 2.200000 4.226274
v 13.295641 2.200000 4.122459
v 13.320000 2.450000 4.000000
v 13.295641 2.450000 3.877541
v 13.226274 2.450000 3.773726
v 13.122459 2.450000 3.704359
v 13.000000 2.450000 3.680000
v 12.877541 2.450000 3.704359
v 12.773726 2.450000 3.773726
v 12.704359 2.450000 3.877541
v 12.680000 2.450000 4.000000
v 12.704359 2.450000 4.122459
v 12.773726 2.450000 4.226274
v 12.877541 2.450000 4.295641
v 13.000000 2.450000 4.320000
v 13.122459 2.450000 4.295641
v 13.226274 2.450000 4.226274
v 13.295641 2.450000 4.122459
vt 1.107970 0.343538
vn 0.000000 -1.000000 0.000000
vt 1.102190 0.352190
vn 0.000000 -1.000000 0.000000
vt 1.093538 0.357970
vn 0.000000 -1.000000 0.000000
vt 1.083333 0.360000
vn 0.000000 -1.000000 0.000000
vt 1.073128 0.357970
vn 0.000000 -1.000000 0.000000
vt 1.064477 0.352190
vn 0.000000 -1.000000 0.000000
vt 1.058697 0.343538
vn 0.000000 -1.000000 0.000000
vt 1.056667 0.333333
vn 0.000000 -1.000000 0.000000
vt 1.058697 0.323128
vn 0.000000 -1.000000 0.000000
vt 1.064477 0.314477
vn 0.000000 -1.000000 0.000000
vt 1.073128 0.308697
vn 0.000000 -1.000000 0.000000
vt 1.083333 0.306667
vn 0.000000 -1.000000 0.000000
vt 1.093538 0.308697
vn 0.000000 -1.000000 0.000000
vt 1.102190 0.314477
vn 0.000000 -1.000000 0.000000
vt 1.107970 0.323128
vn 0.000000 -1.000000 0.000000
vt 1.110000 0.333333
vn 0.000000 -1.000000 0.000000
f 824/2473/2473 823/2474/2474 822/2475/2475 821/2476/2476 820/2477/2477 819/2478/2478 818/2479/2479 817/2480/2480 816/2481/2481 815/2482/2482 814/2483/2483 813/2484/2484 812/2485/2485 811/2486/2486 810/2487/2487 809/2488/2488
vt 1.110000 0.333333
vn 0.000000 1.000000 0.000000
vt 1.107970 0.323128
vn 0.000000 1.000000 0.000000
vt 1.102190 0.314477
vn 0.000000 1.000000 0.000000
vt 1.093538 0.308697
vn 0.000000 1.000000 0.000000
vt 1.083333 0.306667
vn 0.000000 1.000000 0.000000
vt 1.073128 0.308697
vn 0.000000 1.000000 0.000000
vt 1.064477 0.314477
vn 0.000000 1.000000 0.000000
vt 1.058697 0.323128
vn 0.000000 1.000000 0.000000
vt 1.056667 0.333333
vn 0.000000 1.000000 0.000000
vt 1.058697 0.343538
vn 0.000000 1.000000 0.000000
vt 1.064477 0.352190
vn 0.000000 1.000000 0.000000
vt 1.073128 0.357970
vn 0.000000 1.000000 0.000000
vt 1.083333 0.360000
vn 0.000000 1.000000 0.000000
vt 1.093538 0.357970
vn 0.000000 1.000000 0.000000
vt 1.102190 0.352190
vn 0.000000 1.000000 0.000000
vt 1.107970 0.343538
vn 0.000000 1.000000 0.000000
f 825/2489/2489 826/2490/2490 827/2491/2491 828/2492/2492 829/2493/2493 830/2494/2494 831/2495/2495 832/2496/2496 833/2497/2497 834/2498/2498 835/2499/2499 836/2500/2500 837/2501/2501 838/2502/2502 839/2503/2503 840/2504/2504
vt 0.183333 0.333333
vn 1.000000 0.000000 -0.000000
vt 0.183333 0.323128
vn 0.923880 0.000000 -0.382683
vt 0.204167 0.323128
vn 0.923880 0.000000 -0.382683
vt 0.204167 0.333333
vn 1.000000 0.000000 -0.000000
f 809/2505/2505 810/2506/2506 826/2507/2507 825/2508/2508
vt 0.183333 0.323128
vn 0.923880 0.000000 -0.382683
vt 0.183333 0.314477
vn 0.707107 0.000000 -0.707107
vt 0.204167 0.314477
vn 0.707107 0.000000 -0.707107
vt 0.204167 0.323128
vn 0.923880 0.000000 -0.382683
f 810/2509/2509 811/2510/2510 827/2511/2511 826/2512/2512
vt 1.102190 0.183333
vn 0.707107 0.000000 -0.707107
vt 1.093538 0.183333
vn 0.382683 0.000000 -0.923880
vt 1.093538 0.204167
vn 0.382683 0.000000 -0.923880
vt 1.102190 0.204167
vn 0.707107 0.000000 -0.707107
f 811/2513/2513 812/2514/2514 828/2515/2515 827/2516/2516
vt 1.093538 0.183333
vn 0.382683 0.000000 -0.923880
vt 1.083333 0.183333
vn 0.000000 0.000000 -1.000000
vt 1.083333 0.204167
vn 0.000000 0.000000 -1.000000
vt 1.093538 0.204167
vn 0.382683 0.000000 -0.923880
f 812/2517/2517 813/2518/2518 829/2519/2519 828/2520/2520
vt 1.083333 0.183333
vn 0.000000 0.000000 -1.000000
vt 1.073128 0.183333
vn -0.382683 0.000000 -0.923880
vt 1.073128 0.204167
vn -0.382683 0.000000 -0.923880
vt 1.083333 0.204167
vn 0.000000 0.000000 -1.000000
f 813/2521/2521 814/2522/2522 830/2523/2523 829/2524/2524
vt 1.073128 0.183333
vn -0.382683 0.000000 -0.923880
vt 1.064477 0.183333
vn -0.707107 0.000000 -0.707107
vt 1.064477 0.204167
vn -0.707107 0.000000 -0.707107
vt 1.073128 0.204167
vn -0.382683 0.000000 -0.923880
f 814/2525/2525 815/2526/2526 831/2527/2527 830/2528/2528
vt 0.183333 0.314477
vn -0.707107 0.000000 -0.707107
vt 0.183333 0.323128
vn -0.923880 0.000000 -0.382683
vt 0.204167 0.323128
vn -0.923880 0.000000 -0.382683
vt 0.204167 0.314477
vn -0.707107 0.000000 -0.707107
f 815/2529/2529 816/2530/2530 832/2531/2531 831/2532/2532
vt 0.183333 0.323128
vn -0.923880 0.000000 -0.382683
vt 0.183333 0.333333
vn -1.000000 0.000000 0.000000
vt 0.204167 0.333333
vn -1.000000 0.000000 0.000000
vt 0.204167 0.323128
vn -0.923880 0.000000 -0.382683
f 816/2533/2533 817/2534/2534 833/2535/2535 832/2536/2536
vt 0.183333 0.333333
vn -1.000000 0.000000 0.000000
vt 0.183333 0.343538
vn -0.923880 0.000000 0.382683
vt 0.204167 0.343538
vn -0.923880 0.000000 0.382683
vt 0.204167 0.333333
vn -1.000000 0.000000 0.000000
f 817/2537/2537 818/2538/2538 834/2539/2539 833/2540/2540
vt 0.183333 0.343538
vn -0.923880 0.000000 0.382683
vt 0.183333 0.352190
vn -0.707107 0.000000 0.707107
vt 0.204167 0.352190
vn -0.707107 0.000000 0.707107
vt 0.204167 0.343538
vn -0.923880 0.000000 0.382683
f 818/2541/2541 819/2542/2542 835/2543/2543 834/2544/2544
vt 1.064477 0.183333
vn -0.707107 0.000000 0.707107
vt 1.073128 0.183333
vn -0.382683 0.000000 0.923880
vt 1.073128 0.204167
vn -0.382683 0.000000 0.923880
vt 1.064477 0.204167
vn -0.707107 0.000000 0.707107
f 819/2545/2545 820/2546/2546 836/2547/2547 835/2548/2548
vt 1.073128 0.183333
vn -0.382683 0.000000 0.923880
vt 1.083333 0.183333
vn 0.000000 0.000000 1.000000
vt 1.083333 0.204167
vn 0.000000 0.000000 1.000000
vt 1.073128 0.204167
vn -0.382683 0.000000 0.923880
f 820/2549/2549 821/2550/2550 837/2551/2551 836/2552/2552
vt 1.083333 0.183333
vn 0.000000 0.000000 1.000000
vt 1.093538 0.183333
vn 0.382683 0.000000 0.923880
vt 1.093538 0.204167
vn 0.382683 0.000000 0.923880
vt 1.083333 0.204167
vn 0.000000 0.000000 1.000000
f 821/2553/2553 822/2554/2554 838/2555/2555 837/2556/2556
vt 1.093538 0.183333
vn 0.382683 0.000000 0.923880
vt 1.102190 0.183333
vn 0.707107 0.000000 0.707107
vt 1.102190 0.204167
vn 0.707107 0.000000 0.707107
vt 1.093538 0.204167
vn 0.382683 0.000000 0.923880
f 822/2557/2557 823/2558/2558 839/2559/2559 838/2560/2560
vt 0.183333 0.352190
vn 0.707107 0.000000 0.707107
vt 0.183333 0.343538
vn 0.923880 0.000000 0.382683
vt 0.204167 0.343538
vn 0.923880 0.000000 0.382683
vt 0.204167 0.352190
vn 0.707107 0.000000 0.707107
f 823/2561/2561 824/2562/2562 840/2563/2563 839/2564/2564
vt 0.183333 0.343538
vn 0.923880 0.000000 0.382683
vt 0.183333 0.333333
vn 1.000000 0.000000 -0.000000
vt 0.204167 0.333333
vn 1.000000 0.000000 -0.000000
vt 0.204167 0.343538
vn 0.923880 0.000000 0.382683
f 824/2565/2565 809/2566/2566 825/2567/2567 840/2568/2568
v -5.920013 -1.000000 10.031431
v -5.840686 -1.000000 9.952105
v 12.840686 -1.000000 9.952105
v 12.920013 -1.000000 10.031431
v 12.920013 -1.000000 10.368569
v 12.840686 -1.000000 10.447895
v -5.840686 -1.000000 10.447895
v -5.920013 -1.000000 10.368569
v -6.000000 -0.920000 10.030000
v -5.920000 -0.920000 9.950000
v 12.920000 -0.920000 9.950000
v 13.000000 -0.920000 10.030000
v 13.000000 -0.920000 10.370000
v 12.920000 -0.920000 10.450000
v -5.920000 -0.920000 10.450000
v -6.000000 -0.920000 10.370000
v -6.000000 0.920000 10.030000
v -5.920000 0.920000 9.950000
v 12.920000 0.920000 9.950000
v 13.000000 0.920000 10.030000
v 13.000000 0.920000 10.370000
v 12.920000 0.920000 10.450000
v -5.920000 0.920000 10.450000
v -6.000000 0.920000 10.370000
v -5.920013 1.000000 10.031431
v -5.840686 1.000000 9.952105
v 12.840686 1.000000 9.952105
v 12.920013 1.000000 10.031431
v 12.920013 1.000000 10.368569
v 12.840686 1.000000 10.447895
v -5.840686 1.000000 10.447895
v -5.920013 1.000000 10.368569
vt -0.493334 0.835953
vn 0.000000 -1.000000 0.000000
vt -0.486724 0.829342
vn 0.000000 -1.000000 0.000000
vt 1.070057 0.829342
vn 0.000000 -1.000000 0.000000
vt 1.076668 0.835953
vn 0.000000 -1.000000 0.000000
vt 1.076668 0.864047
vn 0.000000 -1.000000 0.000000
vt 1.070057 0.870658
vn 0.000000 -1.000000 0.000000
vt -0.486724 0.870658
vn 0.000000 -1.000000 0.000000
vt -0.493334 0.864047
vn 0.000000 -1.000000 0.000000
f 841/2569/2569 842/2570/2570 843/2571/2571 844/2572/2572 845/2573/2573 846/2574/2574 847/2575/2575 848/2576/2576
vt -0.493334 0.864047
vn 0.000000 1.000000 0.000000
vt -0.486724 0.870658
vn 0.000000 1.000000 0.000000
vt 1.070057 0.870658
vn 0.000000 1.000000 0.000000
vt 1.076668 0.864047
vn 0.000000 1.000000 0.000000
vt 1.076668 0.835953
vn 0.000000 1.000000 0.000000
vt 1.070057 0.829342
vn 0.000000 1.000000 0.000000
vt -0.486724 0.829342
vn 0.000000 1.000000 0.000000
vt -0.493334 0.835953
vn 0.000000 1.000000 0.000000
f 872/2577/2577 871/2578/2578 870/2579/2579 869/2580/2580 868/2581/2581 867/2582/2582 866/2583/2583 865/2584/2584
vt -0.500000 0.835833
vn -0.573938 -0.584115 -0.573938
vt -0.493333 0.829167
vn -0.573938 -0.584115 -0.573938
vt -0.486724 0.829342
vn -0.573938 -0.584115 -0.573938
vt -0.493334 0.835953
vn -0.573938 -0.584115 -0.573938
f 849/2585/2585 850/2586/2586 842/2587/2587 841/2588/2588
vt -0.493333 -0.076667
vn 0.000000 -0.026302 -0.999654
vt 1.076667 -0.076667
vn 0.000000 -0.026302 -0.999654
vt 1.070057 -0.083333
vn 0.000000 -0.026302 -0.999654
vt -0.486724 -0.083333
vn 0.000000 -0.026302 -0.999654
f 850/2589/2589 851/2590/2590 843/2591/2591 842/2592/2592
vt 1.076667 0.829167
vn 0.573938 -0.584115 -0.573938
vt 1.083333 0.835833
vn 0.573938 -0.584115 -0.573938
vt 1.076668 0.835953
vn 0.573938 -0.584115 -0.573938
vt 1.070057 0.829342
vn 0.573938 -0.584115 -0.573938
f 851/2593/2593 852/2594/2594 844/2595/2595 843/2596/2596
vt -0.076667 0.835833
vn 0.707163 -0.707050 0.000000
vt -0.076667 0.864167
vn 0.707163 -0.707050 0.000000
vt -0.083333 0.864047
vn 0.707163 -0.707050 0.000000
vt -0.083333 0.835953
vn 0.707163 -0.707050 0.000000
f 852/2597/2597 853/2598/2598 845/2599/2599 844/2600/2600
vt 1.083333 0.864167
vn 0.573938 -0.584115 0.573938
vt 1.076667 0.870833
vn 0.573938 -0.584115 0.573938
vt 1.070057 0.870658
vn 0.573938 -0.584115 0.573938
vt 1.076668 0.864047
vn 0.573938 -0.584115 0.573938
f 853/2601/2601 854/2602/2602 846/2603/2603 845/2604/2604
vt 1.076667 -0.076667
vn 0.000000 -0.026302 0.999654
vt -0.493333 -0.076667
vn 0.000000 -0.026302 0.999654
vt -0.486724 -0.083333
vn 0.000000 -0.026302 0.999654
vt 1.070057 -0.083333
vn 0.000000 -0.026302 0.999654
f 854/2605/2605 855/2606/2606 847/2607/2607 846/2608/2608
vt -0.493333 0.870833
vn -0.573938 -0.584115 0.573938
vt -0.500000 0.864167
vn -0.573938 -0.584115 0.573938
vt -0.493334 0.864047
vn -0.573938 -0.584115 0.573938
vt -0.486724 0.870658
vn -0.573938 -0.584115 0.573938
f 855/2609/2609 856/2610/2610 848/2611/2611 847/2612/2612
vt -0.076667 0.864167
vn -0.707163 -0.707050 -0.000000
vt -0.076667 0.835833
vn -0.707163 -0.707050 -0.000000
vt -0.083333 0.835953
vn -0.707163 -0.707050 -0.000000
vt -0.083333 0.864047
vn -0.707163 -0.707050 -0.000000
f 856/2613/2613 849/2614/2614 841/2615/2615 848/2616/2616
vt 0.076667 0.835833
vn -0.707107 0.000000 -0.707107
vt 0.076667 0.829167
vn -0.707107 0.000000 -0.707107
vt -0.076667 0.829167
vn -0.707107 0.000000 -0.707107
vt -0.076667 0.835833
vn -0.707107 0.000000 -0.707107
f 857/2617/2617 858/2618/2618 850/2619/2619 849/2620/2620
vt -0.493333 0.076667
vn 0.000000 0.000000 -1.000000
vt 1.076667 0.076667
vn 0.000000 0.000000 -1.000000
vt 1.076667 -0.076667
vn 0.000000 0.000000 -1.000000
vt -0.493333 -0.076667
vn 0.000000 0.000000 -1.000000
f 858/2621/2621 859/2622/2622 851/2623/2623 850/2624/2624
vt 0.076667 0.829167
vn 0.707107 0.000000 -0.707107
vt 0.076667 0.835833
vn 0.707107 0.000000 -0.707107
vt -0.076667 0.835833
vn 0.707107 0.000000 -0.707107
vt -0.076667 0.829167
vn 0.707107 0.000000 -0.707107
f 859/2625/2625 860/2626/2626 852/2627/2627 851/2628/2628
vt 0.076667 0.835833
vn 1.000000 0.000000 -0.000000
vt 0.076667 0.864167
vn 1.000000 0.000000 -0.000000
vt -0.076667 0.864167
vn 1.000000 0.000000 -0.000000
vt -0.076667 0.835833
vn 1.000000 0.000000 -0.000000
f 860/2629/2629 861/2630/2630 853/2631/2631 852/2632/2632
vt 0.076667 0.864167
vn 0.707107 0.000000 0.707107
vt 0.076667 0.870833
vn 0.707107 0.000000 0.707107
vt -0.076667 0.870833
vn 0.707107 0.000000 0.707107
vt -0.076667 0.864167
vn 0.707107 0.000000 0.707107
f 861/2633/2633 862/2634/2634 854/2635/2635 853/2636/2636
vt 1.076667 0.076667
vn 0.000000 0.000000 1.000000
vt -0.493333 0.076667
vn 0.000000 0.000000 1.000000
vt -0.493333 -0.076667
vn 0.000000 0.000000 1.000000
vt 1.076667 -0.076667
vn 0.000000 0.000000 1.000000
f 862/2637/2637 863/2638/2638 855/2639/2639 854/2640/2640
vt 0.076667 0.870833
vn -0.707107 0.000000 0.707107
vt 0.076667 0.864167
vn -0.707107 0.000000 0.707107
vt -0.076667 0.864167
vn -0.707107 0.000000 0.707107
vt -0.076667 0.870833
vn -0.707107 0.000000 0.707107
f 863/2641/2641 864/2642/2642 856/2643/2643 855/2644/2644
vt 0.076667 0.864167
vn -1.000000 0.000000 -0.000000
vt 0.076667 0.835833
vn -1.000000 0.000000 -0.000000
vt -0.076667 0.835833
vn -1.000000 0.000000 -0.000000
vt -0.076667 0.864167
vn -1.000000 0.000000 -0.000000
f 864/2645/2645 857/2646/2646 849/2647/2647 856/2648/2648
vt -0.493334 0.835953
vn -0.573938 0.584115 -0.573938
vt -0.486724 0.829342
vn -0.573938 0.584115 -0.573938
vt -0.493333 0.829167
vn -0.573938 0.584115 -0.573938
vt -0.500000 0.835833
vn -0.573938 0.584115 -0.573938
f 865/2649/2649 866/2650/2650 858/2651/2651 857/2652/2652
vt -0.486724 0.083333
vn 0.000000 0.026302 -0.999654
vt 1.070057 0.083333
vn 0.000000 0.026302 -0.999654
vt 1.076667 0.076667
vn 0.000000 0.026302 -0.999654
vt -0.493333 0.076667
vn 0.000000 0.026302 -0.999654
f 866/2653/2653 867/2654/2654 859/2655/2655 858/2656/2656
vt 1.070057 0.829342
vn 0.573938 0.584115 -0.573938
vt 1.076668 0.835953
vn 0.573938 0.584115 -0.573938
vt 1.083333 0.835833
vn 0.573938 0.584115 -0.573938
vt 1.076667 0.829167
vn 0.573938 0.584115 -0.573938
f 867/2657/2657 868/2658/2658 860/2659/2659 859/2660/2660
vt 0.083333 0.835953
vn 0.707163 0.707050 -0.000000
vt 0.083333 0.864047
vn 0.707163 0.707050 -0.000000
vt 0.076667 0.864167
vn 0.707163 0.707050 -0.000000
vt 0.076667 0.835833
vn 0.707163 0.707050 -0.000000
f 868/2661/2661 869/2662/2662 861/2663/2663 860/2664/2664
vt 1.076668 0.864047
vn 0.573938 0.584115 0.573938
vt 1.070057 0.870658
vn 0.573938 0.584115 0.573938
vt 1.076667 0.870833
vn 0.573938 0.584115 0.573938
vt 1.083333 0.864167
vn 0.573938 0.584115 0.573938
f 869/2665/2665 870/2666/2666 862/2667/2667 861/2668/2668
vt 1.070057 0.083333
vn 0.000000 0.026302 0.999654
vt -0.486724 0.083333
vn 0.000000 0.026302 0.999654
vt -0.493333 0.076667
vn 0.000000 0.026302 0.999654
vt 1.076667 0.076667
vn 0.000000 0.026302 0.999654
f 870/2669/2669 871/2670/2670 863/2671/2671 862/2672/2672
vt -0.486724 0.870658
vn -0.573938 0.584115 0.573938
vt -0.493334 0.864047
vn -0.573938 0.584115 0.573938
vt -0.500000 0.864167
vn -0.573938 0.584115 0.573938
vt -0.493333 0.870833
vn -0.573938 0.584115 0.573938
f 871/2673/2673 872/2674/2674 864/2675/2675 863/2676/2676
vt 0.083333 0.864047
vn -0.707163 0.707050 0.000000
vt 0.083333 0.835953
vn -0.707163 0.707050 0.000000
vt 0.076667 0.835833
vn -0.707163 0.707050 0.000000
vt 0.076667 0.864167
vn -0.707163 0.707050 0.000000
f 872/2677/2677 865/2678/2678 857/2679/2679 864/2680/2680
v -6.162750 -1.150000 10.419800
v -6.130200 -1.150000 10.387250
v -5.869800 -1.150000 10.387250
v -5.837250 -1.150000 10.419800
v -5.837250 -1.150000 10.680200
v -5.869800 -1.150000 10.712750
v -6.130200 -1.150000 10.712750
v -6.162750 -1.150000 10.680200
v -6.175000 -1.115000 10.410000
v -6.140000 -1.115000 10.375000
v -5.860000 -1.115000 10.375000
v -5.825000 -1.115000 10.410000
v -5.825000 -1.115000 10.690000
v -5.860000 -1.115000 10.725000
v -6.140000 -1.115000 10.725000
v -6.175000 -1.115000 10.690000
v -6.175000 1.115000 10.410000
v -6.140000 1.115000 10.375000
v -5.860000 1.115000 10.375000
v -5.825000 1.115000 10.410000
v -5.825000 1.115000 10.690000
v -5.860000 1.115000 10.725000
v -6.140000 1.115000 10.725000
v -6.175000 1.115000 10.690000
v -6.162750 1.150000 10.419800
v -6.130200 1.150000 10.387250
v -5.869800 1.150000 10.387250
v -5.837250 1.150000 10.419800
v -5.837250 1.150000 10.680200
v -5.869800 1.150000 10.712750
v -6.130200 1.150000 10.712750
v -6.162750 1.150000 10.680200
vt -0.513563 0.868317
vn 0.000000 -1.000000 0.000000
vt -0.510850 0.865604
vn 0.000000 -1.000000 0.000000
vt -0.489150 0.865604
vn 0.000000 -1.000000 0.000000
vt -0.486438 0.868317
vn 0.000000 -1.000000 0.000000
vt -0.486438 0.890017
vn 0.000000 -1.000000 0.000000
vt -0.489150 0.892729
vn 0.000000 -1.000000 0.000000
vt -0.510850 0.892729
vn 0.000000 -1.000000 0.000000
vt -0.513563 0.890017
vn 0.000000 -1.000000 0.000000
f 873/2681/2681 874/2682/2682 875/2683/2683 876/2684/2684 877/2685/2685 878/2686/2686 879/2687/2687 880/2688/2688
vt -0.513563 0.890017
vn 0.000000 1.000000 0.000000
vt -0.510850 0.892729
vn 0.000000 1.000000 0.000000
vt -0.489150 0.892729
vn 0.000000 1.000000 0.000000
vt -0.486438 0.890017
vn 0.000000 1.000000 0.000000
vt -0.486438 0.868317
vn 0.000000 1.000000 0.000000
vt -0.489150 0.865604
vn 0.000000 1.000000 0.000000
vt -0.510850 0.865604
vn 0.000000 1.000000 0.000000
vt -0.513563 0.868317
vn 0.000000 1.000000 0.000000
f 904/2689/2689 903/2690/2690 902/2691/2691 901/2692/2692 900/2693/2693 899/2694/2694 898/2695/2695 897/2696/2696
vt -0.092917 0.867500
vn -0.645915 -0.406926 -0.645915
vt -0.092917 0.864583
vn -0.645915 -0.406926 -0.645915
vt -0.095833 0.865604
vn -0.645915 -0.406926 -0.645915
vt -0.095833 0.868317
vn -0.645915 -0.406926 -0.645915
f 881/2697/2697 882/2698/2698 874/2699/2699 873/2700/2700
vt -0.511667 -0.092917
vn 0.000000 -0.330350 -0.943858
vt -0.488333 -0.092917
vn 0.000000 -0.330350 -0.943858
vt -0.489150 -0.095833
vn 0.000000 -0.330350 -0.943858
vt -0.510850 -0.095833
vn 0.000000 -0.330350 -0.943858
f 882/2701/2701 883/2702/2702 875/2703/2703 874/2704/2704
vt -0.092917 0.864583
vn 0.645915 -0.406926 -0.645915
vt -0.092917 0.867500
vn 0.645915 -0.406926 -0.645915
vt -0.095833 0.868317
vn 0.645915 -0.406926 -0.645915
vt -0.095833 0.865604
vn 0.645915 -0.406926 -0.645915
f 883/2705/2705 884/2706/2706 876/2707/2707 875/2708/2708
vt -0.092917 0.867500
vn 0.943858 -0.330350 0.000000
vt -0.092917 0.890833
vn 0.943858 -0.330350 0.000000
vt -0.095833 0.890017
vn 0.943858 -0.330350 0.000000
vt -0.095833 0.868317
vn 0.943858 -0.330350 0.000000
f 884/2709/2709 885/2710/2710 877/2711/2711 876/2712/2712
vt -0.092917 0.890833
vn 0.645915 -0.406926 0.645915
vt -0.092917 0.893750
vn 0.645915 -0.406926 0.645915
vt -0.095833 0.892729
vn 0.645915 -0.406926 0.645915
vt -0.095833 0.890017
vn 0.645915 -0.406926 0.645915
f 885/2713/2713 886/2714/2714 878/2715/2715 877/2716/2716
vt -0.488333 -0.092917
vn 0.000000 -0.330350 0.943858
vt -0.511667 -0.092917
vn 0.000000 -0.330350 0.943858
vt -0.510850 -0.095833
vn 0.000000 -0.330350 0.943858
vt -0.489150 -0.095833
vn 0.000000 -0.330350 0.943858
f 886/2717/2717 887/2718/2718 879/2719/2719 878/2720/2720
vt -0.092917 0.893750
vn -0.645915 -0.406926 0.645915
vt -0.092917 0.890833
vn -0.645915 -0.406926 0.645915
vt -0.095833 0.890017
vn -0.645915 -0.406926 0.645915
vt -0.095833 0.892729
vn -0.645915 -0.406926 0.645915
f 887/2721/2721 888/2722/2722 880/2723/2723 879/2724/2724
vt -0.092917 0.890833
vn -0.943858 -0.330350 -0.000000
vt -0.092917 0.867500
vn -0.943858 -0.330350 -0.000000
vt -0.095833 0.868317
vn -0.943858 -0.330350 -0.000000
vt -0.095833 0.890017
vn -0.943858 -0.330350 -0.000000
f 888/2725/2725 881/2726/2726 873/2727/2727 880/2728/2728
vt 0.092917 0.867500
vn -0.707107 0.000000 -0.707107
vt 0.092917 0.864583
vn -0.707107 0.000000 -0.707107
vt -0.092917 0.864583
vn -0.707107 0.000000 -0.707107
vt -0.092917 0.867500
vn -0.707107 0.000000 -0.707107
f 889/2729/2729 890/2730/2730 882/2731/2731 881/2732/2732
vt -0.511667 0.092917
vn 0.000000 0.000000 -1.000000
vt -0.488333 0.092917
vn 0.000000 0.000000 -1.000000
vt -0.488333 -0.092917
vn 0.000000 0.000000 -1.000000
vt -0.511667 -0.092917
vn 0.000000 0.000000 -1.000000
f 890/2733/2733 891/2734/2734 883/2735/2735 882/2736/2736
vt 0.092917 0.864583
vn 0.707107 0.000000 -0.707107
vt 0.092917 0.867500
vn 0.707107 0.000000 -0.707107
vt -0.092917 0.867500
vn 0.707107 0.000000 -0.707107
vt -0.092917 0.864583
vn 0.707107 0.000000 -0.707107
f 891/2737/2737 892/2738/2738 884/2739/2739 883/2740/2740
vt 0.092917 0.867500
vn 1.000000 0.000000 -0.000000
vt 0.092917 0.890833
vn 1.000000 0.000000 -0.000000
vt -0.092917 0.890833
vn 1.000000 0.000000 -0.000000
vt -0.092917 0.867500
vn 1.000000 0.000000 -0.000000
f 892/2741/2741 893/2742/2742 885/2743/2743 884/2744/2744
vt 0.092917 0.890833
vn 0.707107 0.000000 0.707107
vt 0.092917 0.893750
vn 0.707107 0.000000 0.707107
vt -0.092917 0.893750
vn 0.707107 0.000000 0.707107
vt -0.092917 0.890833
vn 0.707107 0.000000 0.707107
f 893/2745/2745 894/2746/2746 886/2747/2747 885/2748/2748
vt -0.488333 0.092917
vn 0.000000 0.000000 1.000000
vt -0.511667 0.092917
vn 0.000000 0.000000 1.000000
vt -0.511667 -0.092917
vn 0.000000 0.000000 1.000000
vt -0.488333 -0.092917
vn 0.000000 0.000000 1.000000
f 894/2749/2749 895/2750/2750 887/2751/2751 886/2752/2752
vt 0.092917 0.893750
vn -0.707107 0.000000 0.707107
vt 0.092917 0.890833
vn -0.707107 0.000000 0.707107
vt -0.092917 0.890833
vn -0.707107 0.000000 0.707107
vt -0.092917 0.893750
vn -0.707107 0.000000 0.707107
f 895/2753/2753 896/2754/2754 888/2755/2755 887/2756/2756
vt 0.092917 0.890833
vn -1.000000 0.000000 -0.000000
vt 0.092917 0.867500
vn -1.000000 0.000000 -0.000000
vt -0.092917 0.867500
vn -1.000000 0.000000 -0.000000
vt -0.092917 0.890833
vn -1.000000 0.000000 -0.000000
f 896/2757/2757 889/2758/2758 881/2759/2759 888/2760/2760
vt 0.095833 0.868317
vn -0.645915 0.406926 -0.645915
vt 0.095833 0.865604
vn -0.645915 0.406926 -0.645915
vt 0.092917 0.864583
vn -0.645915 0.406926 -0.645915
vt 0.092917 0.867500
vn -0.645915 0.406926 -0.645915
f 897/2761/2761 898/2762/2762 890/2763/2763 889/2764/2764
vt -0.510850 0.095833
vn 0.000000 0.330350 -0.943858
vt -0.489150 0.095833
vn 0.000000 0.330350 -0.943858
vt -0.488333 0.092917
vn 0.000000 0.330350 -0.943858
vt -0.511667 0.092917
vn 0.000000 0.330350 -0.943858
f 898/2765/2765 899/2766/2766 891/2767/2767 890/2768/2768
vt 0.095833 0.865604
vn 0.645915 0.406926 -0.645915
vt 0.095833 0.868317
vn 0.645915 0.406926 -0.645915
vt 0.092917 0.867500
vn 0.645915 0.406926 -0.645915
vt 0.092917 0.864583
vn 0.645915 0.406926 -0.645915
f 899/2769/2769 900/2770/2770 892/2771/2771 891/2772/2772
vt 0.095833 0.868317
vn 0.943858 0.330350 -0.000000
vt 0.095833 0.890017
vn 0.943858 0.330350 -0.000000
vt 0.092917 0.890833
vn 0.943858 0.330350 -0.000000
vt 0.092917 0.867500
vn 0.943858 0.330350 -0.000000
f 900/2773/2773 901/2774/2774 893/2775/2775 892/2776/2776
vt 0.095833 0.890017
vn 0.645915 0.406926 0.645915
vt 0.095833 0.892729
vn 0.645915 0.406926 0.645915
vt 0.092917 0.893750
vn 0.645915 0.406926 0.645915
vt 0.092917 0.890833
vn 0.645915 0.406926 0.645915
f 901/2777/2777 902/2778/2778 894/2779/2779 893/2780/2780
vt -0.489150 0.095833
vn 0.000000 0.330350 0.943858
vt -0.510850 0.095833
vn 0.000000 0.330350 0.943858
vt -0.511667 0.092917
vn 0.000000 0.330350 0.943858
vt -0.488333 0.092917
vn 0.000000 0.330350 0.943858
f 902/2781/2781 903/2782/2782 895/2783/2783 894/2784/2784
vt 0.095833 0.892729
vn -0.645915 0.406926 0.645915
vt 0.095833 0.890017
vn -0.645915 0.406926 0.645915
vt 0.092917 0.890833
vn -0.645915 0.406926 0.645915
vt 0.092917 0.893750
vn -0.645915 0.406926 0.645915
f 903/2785/2785 904/2786/2786 896/2787/2787 895/2788/2788
vt 0.095833 0.890017
vn -0.943858 0.330350 0.000000
vt 0.095833 0.868317
vn -0.943858 0.330350 0.000000
vt 0.092917 0.867500
vn -0.943858 0.330350 0.000000
vt 0.092917 0.890833
vn -0.943858 0.330350 0.000000
f 904/2789/2789 897/2790/2790 889/2791/2791 896/2792/2792
v -5.362750 -1.150000 10.419800
v -5.330200 -1.150000 10.387250
v -5.069800 -1.150000 10.387250
v -5.037250 -1.150000 10.419800
v -5.037250 -1.150000 10.680200
v -5.069800 -1.150000 10.712750
v -5.330200 -1.150000 10.712750
v -5.362750 -1.150000 10.680200
v -5.375000 -1.115000 10.410000
v -5.340000 -1.115000 10.375000
v -5.060000 -1.115000 10.375000
v -5.025000 -1.115000 10.410000
v -5.025000 -1.115000 10.690000
v -5.060000 -1.115000 10.725000
v -5.340000 -1.115000 10.725000
v -5.375000 -1.115000 10.690000
v -5.375000 1.115000 10.410000
v -5.340000 1.115000 10.375000
v -5.060000 1.115000 10.375000
v -5.025000 1.115000 10.410000
v -5.025000 1.115000 10.690000
v -5.060000 1.115000 10.725000
v -5.340000 1.115000 10.725000
v -5.375000 1.115000 10.690000
v -5.362750 1.150000 10.419800
v -5.330200 1.150000 10.387250
v -5.069800 1.150000 10.387250
v -5.037250 1.150000 10.419800
v -5.037250 1.150000 10.680200
v -5.069800 1.150000 10.712750
v -5.330200 1.150000 10.712750
v -5.362750 1.150000 10.680200
vt -0.446896 0.868317
vn 0.000000 -1.000000 0.000000
vt -0.444183 0.865604
vn 0.000000 -1.000000 0.000000
vt -0.422483 0.865604
vn 0.000000 -1.000000 0.000000
vt -0.419771 0.868317
vn 0.000000 -1.000000 0.000000
vt -0.419771 0.890017
vn 0.000000 -1.000000 0.000000
vt -0.422483 0.892729
vn 0.000000 -1.000000 0.000000
vt -0.444183 0.892729
vn 0.000000 -1.000000 0.000000
vt -0.446896 0.890017
vn 0.000000 -1.000000 0.000000
f 905/2793/2793 906/2794/2794 907/2795/2795 908/2796/2796 909/2797/2797 910/2798/2798 911/2799/2799 912/2800/2800
vt -0.446896 0.890017
vn 0.000000 1.000000 0.000000
vt -0.444183 0.892729
vn 0.000000 1.000000 0.000000
vt -0.422483 0.892729
vn 0.000000 1.000000 0.000000
vt -0.419771 0.890017
vn 0.000000 1.000000 0.000000
vt -0.419771 0.868317
vn 0.000000 1.000000 0.000000
vt -0.422483 0.865604
vn 0.000000 1.000000 0.000000
vt -0.444183 0.865604
vn 0.000000 1.000000 0.000000
vt -0.446896 0.868317
vn 0.000000 1.000000 0.000000
f 936/2801/2801 935/2802/2802 934/2803/2803 933/2804/2804 932/2805/2805 931/2806/2806 930/2807/2807 929/2808/2808
vt -0.092917 0.867500
vn -0.645915 -0.406926 -0.645915
vt -0.092917 0.864583
vn -0.645915 -0.406926 -0.645915
vt -0.095833 0.865604
vn -0.645915 -0.406926 -0.645915
vt -0.095833 0.868317
vn -0.645915 -0.406926 -0.645915
f 913/2809/2809 914/2810/2810 906/2811/2811 905/2812/2812
vt -0.445000 -0.092917
vn 0.000000 -0.330350 -0.943858
vt -0.421667 -0.092917
vn 0.000000 -0.330350 -0.943858
vt -0.422483 -0.095833
vn 0.000000 -0.330350 -0.943858
vt -0.444183 -0.095833
vn 0.000000 -0.330350 -0.943858
f 914/2813/2813 915/2814/2814 907/2815/2815 906/2816/2816
vt -0.092917 0.864583
vn 0.645915 -0.406926 -0.645915
vt -0.092917 0.867500
vn 0.645915 -0.406926 -0.645915
vt -0.095833 0.868317
vn 0.645915 -0.406926 -0.645915
vt -0.095833 0.865604
vn 0.645915 -0.406926 -0.645915
f 915/2817/2817 916/2818/2818 908/2819/2819 907/2820/2820
vt -0.092917 0.867500
vn 0.943858 -0.330350 0.000000
vt -0.092917 0.890833
vn 0.943858 -0.330350 0.000000
vt -0.095833 0.890017
vn 0.943858 -0.330350 0.000000
vt -0.095833 0.868317
vn 0.943858 -0.330350 0.000000
f 916/2821/2821 917/2822/2822 909/2823/2823 908/2824/2824
vt -0.092917 0.890833
vn 0.645915 -0.406926 0.645915
vt -0.092917 0.893750
vn 0.645915 -0.406926 0.645915
vt -0.095833 0.892729
vn 0.645915 -0.406926 0.645915
vt -0.095833 0.890017
vn 0.645915 -0.406926 0.645915
f 917/2825/2825 918/2826/2826 910/2827/2827 909/2828/2828
vt -0.421667 -0.092917
vn 0.000000 -0.330350 0.943858
vt -0.445000 -0.092917
vn 0.000000 -0.330350 0.943858
vt -0.444183 -0.095833
vn 0.000000 -0.330350 0.943858
vt -0.422483 -0.095833
vn 0.000000 -0.330350 0.943858
f 918/2829/2829 919/2830/2830 911/2831/2831 910/2832/2832
vt -0.092917 0.893750
vn -0.645915 -0.406926 0.645915
vt -0.092917 0.890833
vn -0.645915 -0.406926 0.645915
vt -0.095833 0.890017
vn -0.645915 -0.406926 0.645915
vt -0.095833 0.892729
vn -0.645915 -0.406926 0.645915
f 919/2833/2833 920/2834/2834 912/2835/2835 911/2836/2836
vt -0.092917 0.890833
vn -0.943858 -0.330350 -0.000000
vt -0.092917 0.867500
vn -0.943858 -0.330350 -0.000000
vt -0.095833 0.868317
vn -0.943858 -0.330350 -0.000000
vt -0.095833 0.890017
vn -0.943858 -0.330350 -0.000000
f 920/2837/2837 913/2838/2838 905/2839/2839 912/2840/2840
vt 0.092917 0.867500
vn -0.707107 0.000000 -0.707107
vt 0.092917 0.864583
vn -0.707107 0.000000 -0.707107
vt -0.092917 0.864583
vn -0.707107 0.000000 -0.707107
vt -0.092917 0.867500
vn -0.707107 0.000000 -0.707107
f 921/2841/2841 922/2842/2842 914/2843/2843 913/2844/2844
vt -0.445000 0.092917
vn 0.000000 0.000000 -1.000000
vt -0.421667 0.092917
vn 0.000000 0.000000 -1.000000
vt -0.421667 -0.092917
vn 0.000000 0.000000 -1.000000
vt -0.445000 -0.092917
vn 0.000000 0.000000 -1.000000
f 922/2845/2845 923/2846/2846 915/2847/2847 914/2848/2848
vt 0.092917 0.864583
vn 0.707107 0.000000 -0.707107
vt 0.092917 0.867500
vn 0.707107 0.000000 -0.707107
vt -0.092917 0.867500
vn 0.707107 0.000000 -0.707107
vt -0.092917 0.864583
vn 0.707107 0.000000 -0.707107
f 923/2849/2849 924/2850/2850 916/2851/2851 915/2852/2852
vt 0.092917 0.867500
vn 1.000000 0.000000 -0.000000
vt 0.092917 0.890833
vn 1.000000 0.000000 -0.000000
vt -0.092917 0.890833
vn 1.000000 0.000000 -0.000000
vt -0.092917 0.867500
vn 1.000000 0.000000 -0.000000
f 924/2853/2853 925/2854/2854 917/2855/2855 916/2856/2856
vt 0.092917 0.890833
vn 0.707107 0.000000 0.707107
vt 0.092917 0.893750
vn 0.707107 0.000000 0.707107
vt -0.092917 0.893750
vn 0.707107 0.000000 0.707107
vt -0.092917 0.890833
vn 0.707107 0.000000 0.707107
f 925/2857/2857 926/2858/2858 918/2859/2859 917/2860/2860
vt -0.421667 0.092917
vn 0.000000 0.000000 1.000000
vt -0.445000 0.092917
vn 0.000000 0.000000 1.000000
vt -0.445000 -0.092917
vn 0.000000 0.000000 1.000000
vt -0.421667 -0.092917
vn 0.000000 0.000000 1.000000
f 926/2861/2861 927/2862/2862 919/2863/2863 918/2864/2864
vt 0.092917 0.893750
vn -0.707107 0.000000 0.707107
vt 0.092917 0.890833
vn -0.707107 0.000000 0.707107
vt -0.092917 0.890833
vn -0.707107 0.000000 0.707107
vt -0.092917 0.893750
vn -0.707107 0.000000 0.707107
f 927/2865/2865 928/2866/2866 920/2867/2867 919/2868/2868
vt 0.092917 0.890833
vn -1.000000 0.000000 -0.000000
vt 0.092917 0.867500
vn -1.000000 0.000000 -0.000000
vt -0.092917 0.867500
vn -1.000000 0.000000 -0.000000
vt -0.092917 0.890833
vn -1.000000 0.000000 -0.000000
f 928/2869/2869 921/2870/2870 913/2871/2871 920/2872/2872
vt 0.095833 0.868317
vn -0.645915 0.406926 -0.645915
vt 0.095833 0.865604
vn -0.645915 0.406926 -0.645915
vt 0.092917 0.864583
vn -0.645915 0.406926 -0.645915
vt 0.092917 0.867500
vn -0.645915 0.406926 -0.645915
f 929/2873/2873 930/2874/2874 922/2875/2875 921/2876/2876
vt -0.444183 0.095833
vn 0.000000 0.330350 -0.943858
vt -0.422483 0.095833
vn 0.000000 0.330350 -0.943858
vt -0.421667 0.092917
vn 0.000000 0.330350 -0.943858
vt -0.445000 0.092917
vn 0.000000 0.330350 -0.943858
f 930/2877/2877 931/2878/2878 923/2879/2879 922/2880/2880
vt 0.095833 0.865604
vn 0.645915 0.406926 -0.645915
vt 0.095833 0.868317
vn 0.645915 0.406926 -0.645915
vt 0.092917 0.867500
vn 0.645915 0.406926 -0.645915
vt 0.092917 0.864583
vn 0.645915 0.406926 -0.645915
f 931/2881/2881 932/2882/2882 924/2883/2883 923/2884/2884
vt 0.095833 0.868317
vn 0.943858 0.330350 -0.000000
vt 0.095833 0.890017
vn 0.943858 0.330350 -0.000000
vt 0.092917 0.890833
vn 0.943858 0.330350 -0.000000
vt 0.092917 0.867500
vn 0.943858 0.330350 -0.000000
f 932/2885/2885 933/2886/2886 925/2887/2887 924/2888/2888
vt 0.095833 0.890017
vn 0.645915 0.406926 0.645915
vt 0.095833 0.892729
vn 0.645915 0.406926 0.645915
vt 0.092917 0.893750
vn 0.645915 0.406926 0.645915
vt 0.092917 0.890833
vn 0.645915 0.406926 0.645915
f 933/2889/2889 934/2890/2890 926/2891/2891 925/2892/2892
vt -0.422483 0.095833
vn 0.000000 0.330350 0.943858
vt -0.444183 0.095833
vn 0.000000 0.330350 0.943858
vt -0.445000 0.092917
vn 0.000000 0.330350 0.943858
vt -0.421667 0.092917
vn 0.000000 0.330350 0.943858
f 934/2893/2893 935/2894/2894 927/2895/2895 926/2896/2896
vt 0.095833 0.892729
vn -0.645915 0.406926 0.645915
vt 0.095833 0.890017
vn -0.645915 0.406926 0.645915
vt 0.092917 0.890833
vn -0.645915 0.406926 0.645915
vt 0.092917 0.893750
vn -0.645915 0.406926 0.645915
f 935/2897/2897 936/2898/2898 928/2899/2899 927/2900/2900
vt 0.095833 0.890017
vn -0.943858 0.330350 0.000000
vt 0.095833 0.868317
vn -0.943858 0.330350 0.000000
vt 0.092917 0.867500
vn -0.943858 0.330350 0.000000
vt 0.092917 0.890833
vn -0.943858 0.330350 0.000000
f 936/2901/2901 929/2902/2902 921/2903/2903 928/2904/2904
v -4.562750 -1.150000 10.419800
v -4.530200 -1.150000 10.387250
v -4.269800 -1.150000 10.387250
v -4.237250 -1.150000 10.419800
v -4.237250 -1.150000 10.680200
v -4.269800 -1.150000 10.712750
v -4.530200 -1.150000 10.712750
v -4.562750 -1.150000 10.680200
v -4.575000 -1.115000 10.410000
v -4.540000 -1.115000 10.375000
v -4.260000 -1.115000 10.375000
v -4.225000 -1.115000 10.410000
v -4.225000 -1.115000 10.690000
v -4.260000 -1.115000 10.725000
v -4.540000 -1.115000 10.725000
v -4.575000 -1.115000 10.690000
v -4.575000 1.115000 10.410000
v -4.540000 1.115000 10.375000
v -4.260000 1.115000 10.375000
v -4.225000 1.115000 10.410000
v -4.225000 1.115000 10.690000
v -4.260000 1.115000 10.725000
v -4.540000 1.115000 10.725000
v -4.575000 1.115000 10.690000
v -4.562750 1.150000 10.419800
v -4.530200 1.150000 10.387250
v -4.269800 1.150000 10.387250
v -4.237250 1.150000 10.419800
v -4.237250 1.150000 10.680200
v -4.269800 1.150000 10.712750
v -4.530200 1.150000 10.712750
v -4.562750 1.150000 10.680200
vt -0.380229 0.868317
vn 0.000000 -1.000000 0.000000
vt -0.377517 0.865604
vn 0.000000 -1.000000 0.000000
vt -0.355817 0.865604
vn 0.000000 -1.000000 0.000000
vt -0.353104 0.868317
vn 0.000000 -1.000000 0.000000
vt -0.353104 0.890017
vn 0.000000 -1.000000 0.000000
vt -0.355817 0.892729
vn 0.000000 -1.000000 0.000000
vt -0.377517 0.892729
vn 0.000000 -1.000000 0.000000
vt -0.380229 0.890017
vn 0.000000 -1.000000 0.000000
f 937/2905/2905 938/2906/2906 939/2907/2907 940/2908/2908 941/2909/2909 942/2910/2910 943/2911/2911 944/2912/2912
vt -0.380229 0.890017
vn 0.000000 1.000000 0.000000
vt -0.377517 0.892729
vn 0.000000 1.000000 0.000000
vt -0.355817 0.892729
vn 0.000000 1.000000 0.000000
vt -0.353104 0.890017
vn 0.000000 1.000000 0.000000
vt -0.353104 0.868317
vn 0.000000 1.000000 0.000000
vt -0.355817 0.865604
vn 0.000000 1.000000 0.000000
vt -0.377517 0.865604
vn 0.000000 1.000000 0.000000
vt -0.380229 0.868317
vn 0.000000 1.000000 0.000000
f 968/2913/2913 967/2914/2914 966/2915/2915 965/2916/2916 964/2917/2917 963/2918/2918 962/2919/2919 961/2920/2920
vt -0.092917 0.867500
vn -0.645915 -0.406926 -0.645915
vt -0.092917 0.864583
vn -0.645915 -0.406926 -0.645915
vt -0.095833 0.865604
vn -0.645915 -0.406926 -0.645915
vt -0.095833 0.868317
vn -0.645915 -0.406926 -0.645915
f 945/2921/2921 946/2922/2922 938/2923/2923 937/2924/2924
vt -0.378333 -0.092917
vn 0.000000 -0.330350 -0.943858
vt -0.355000 -0.092917
vn 0.000000 -0.330350 -0.943858
vt -0.355817 -0.095833
vn 0.000000 -0.330350 -0.943858
vt -0.377517 -0.095833
vn 0.000000 -0.330350 -0.943858
f 946/2925/2925 947/2926/2926 939/2927/2927 938/2928/2928
vt -0.092917 0.864583
vn 0.645915 -0.406926 -0.645915
vt -0.092917 0.867500
vn 0.645915 -0.406926 -0.645915
vt -0.095833 0.868317
vn 0.645915 -0.406926 -0.645915
vt -0.095833 0.865604
vn 0.645915 -0.406926 -0.645915
f 947/2929/2929 948/2930/2930 940/2931/2931 939/2932/2932
vt -0.092917 0.867500
vn 0.943858 -0.330350 0.000000
vt -0.092917 0.890833
vn 0.943858 -0.330350 0.000000
vt -0.095833 0.890017
vn 0.943858 -0.330350 0.000000
vt -0.095833 0.868317
vn 0.943858 -0.330350 0.000000
f 948/2933/2933 949/2934/2934 941/2935/2935 940/2936/2936
vt -0.092917 0.890833
vn 0.645915 -0.406926 0.645915
vt -0.092917 0.893750
vn 0.645915 -0.406926 0.645915
vt -0.095833 0.892729
vn 0.645915 -0.406926 0.645915
vt -0.095833 0.890017
vn 0.645915 -0.406926 0.645915
f 949/2937/2937 950/2938/2938 942/2939/2939 941/2940/2940
vt -0.355000 -0.092917
vn 0.000000 -0.330350 0.943858
vt -0.378333 -0.092917
vn 0.000000 -0.330350 0.943858
vt -0.377517 -0.095833
vn 0.000000 -0.330350 0.943858
vt -0.355817 -0.095833
vn 0.000000 -0.330350 0.943858
f 950/2941/2941 951/2942/2942 943/2943/2943 942/2944/2944
vt -0.092917 0.893750
vn -0.645915 -0.406926 0.645915
vt -0.092917 0.890833
vn -0.645915 -0.406926 0.645915
vt -0.095833 0.890017
vn -0.645915 -0.406926 0.645915
vt -0.095833 0.892729
vn -0.645915 -0.406926 0.645915
f 951/2945/2945 952/2946/2946 944/2947/2947 943/2948/2948
vt -0.092917 0.890833
vn -0.943858 -0.330350 -0.000000
vt -0.092917 0.867500
vn -0.943858 -0.330350 -0.000000
vt -0.095833 0.868317
vn -0.943858 -0.330350 -0.000000
vt -0.095833 0.890017
vn -0.943858 -0.330350 -0.000000
f 952/2949/2949 945/2950/2950 937/2951/2951 944/2952/2952
vt 0.092917 0.867500
vn -0.707107 0.000000 -0.707107
vt 0.092917 0.864583
vn -0.707107 0.000000 -0.707107
vt -0.092917 0.864583
vn -0.707107 0.000000 -0.707107
vt -0.092917 0.867500
vn -0.707107 0.000000 -0.707107
f 953/2953/2953 954/2954/2954 946/2955/2955 945/2956/2956
vt -0.378333 0.092917
vn 0.000000 0.000000 -1.000000
vt -0.355000 0.092917
vn 0.000000 0.000000 -1.000000
vt -0.355000 -0.092917
vn 0.000000 0.000000 -1.000000
vt -0.378333 -0.092917
vn 0.000000 0.000000 -1.000000
f 954/2957/2957 955/2958/2958 947/2959/2959 946/2960/2960
vt 0.092917 0.864583
vn 0.707107 0.000000 -0.707107
vt 0.092917 0.867500
vn 0.707107 0.000000 -0.707107
vt -0.092917 0.867500
vn 0.707107 0.000000 -0.707107
vt -0.092917 0.864583
vn 0.707107 0.000000 -0.707107
f 955/2961/2961 956/2962/2962 948/2963/2963 947/2964/2964
vt 0.092917 0.867500
vn 1.000000 0.000000 -0.000000
vt 0.092917 0.890833
vn 1.000000 0.000000 -0.000000
vt -0.092917 0.890833
vn 1.000000 0.000000 -0.000000
vt -0.092917 0.867500
vn 1.000000 0.000000 -0.000000
f 956/2965/2965 957/2966/2966 949/2967/2967 948/2968/2968
vt 0.092917 0.890833
vn 0.707107 0.000000 0.707107
vt 0.092917 0.893750
vn 0.707107 0.000000 0.707107
vt -0.092917 0.893750
vn 0.707107 0.000000 0.707107
vt -0.092917 0.890833
vn 0.707107 0.000000 0.707107
f 957/2969/2969 958/2970/2970 950/2971/2971 949/2972/2972
vt -0.355000 0.092917
vn 0.000000 0.000000 1.000000
vt -0.378333 0.092917
vn 0.000000 0.000000 1.000000
vt -0.378333 -0.092917
vn 0.000000 0.000000 1.000000
vt -0.355000 -0.092917
vn 0.000000 0.000000 1.000000
f 958/2973/2973 959/2974/2974 951/2975/2975 950/2976/2976
vt 0.092917 0.893750
vn -0.707107 0.000000 0.707107
vt 0.092917 0.890833
vn -0.707107 0.000000 0.707107
vt -0.092917 0.890833
vn -0.707107 0.000000 0.707107
vt -0.092917 0.893750
vn -0.707107 0.000000 0.707107
f 959/2977/2977 960/2978/2978 952/2979/2979 951/2980/2980
vt 0.092917 0.890833
vn -1.000000 0.000000 -0.000000
vt 0.092917 0.867500
vn -1.000000 0.000000 -0.000000
vt -0.092917 0.867500
vn -1.000000 0.000000 -0.000000
vt -0.092917 0.890833
vn -1.000000 0.000000 -0.000000
f 960/2981/2981 953/2982/2982 945/2983/2983 952/2984/2984
vt 0.095833 0.868317
vn -0.645915 0.406926 -0.645915
vt 0.095833 0.865604
vn -0.645915 0.406926 -0.645915
vt 0.092917 0.864583
vn -0.645915 0.406926 -0.645915
vt 0.092917 0.867500
vn -0.645915 0.406926 -0.645915
f 961/2985/2985 962/2986/2986 954/2987/2987 953/2988/2988
vt -0.377517 0.095833
vn 0.000000 0.330350 -0.943858
vt -0.355817 0.095833
vn 0.000000 0.330350 -0.943858
vt -0.355000 0.092917
vn 0.000000 0.330350 -0.943858
vt -0.378333 0.092917
vn 0.000000 0.330350 -0.943858
f 962/2989/2989 963/2990/2990 955/2991/2991 954/2992/2992
vt 0.095833 0.865604
vn 0.645915 0.406926 -0.645915
vt 0.095833 0.868317
vn 0.645915 0.406926 -0.645915
vt 0.092917 0.867500
vn 0.645915 0.406926 -0.645915
vt 0.092917 0.864583
vn 0.645915 0.406926 -0.645915
f 963/2993/2993 964/2994/2994 956/2995/2995 955/2996/2996
vt 0.095833 0.868317
vn 0.943858 0.330350 -0.000000
vt 0.095833 0.890017
vn 0.943858 0.330350 -0.000000
vt 0.092917 0.890833
vn 0.943858 0.330350 -0.000000
vt 0.092917 0.867500
vn 0.943858 0.330350 -0.000000
f 964/2997/2997 965/2998/2998 957/2999/2999 956/3000/3000
vt 0.095833 0.890017
vn 0.645915 0.406926 0.645915
vt 0.095833 0.892729
vn 0.645915 0.406926 0.645915
vt 0.092917 0.893750
vn 0.645915 0.406926 0.645915
vt 0.092917 0.890833
vn 0.645915 0.406926 0.645915
f 965/3001/3001 966/3002/3002 958/3003/3003 957/3004/3004
vt -0.355817 0.095833
vn 0.000000 0.330350 0.943858
vt -0.377517 0.095833
vn 0.000000 0.330350 0.943858
vt -0.378333 0.092917
vn 0.000000 0.330350 0.943858
vt -0.355000 0.092917
vn 0.000000 0.330350 0.943858
f 966/3005/3005 967/3006/3006 959/3007/3007 958/3008/3008
vt 0.095833 0.892729
vn -0.645915 0.406926 0.645915
vt 0.095833 0.890017
vn -0.645915 0.406926 0.645915
vt 0.092917 0.890833
vn -0.645915 0.406926 0.645915
vt 0.092917 0.893750
vn -0.645915 0.406926 0.645915
f 967/3009/3009 968/3010/3010 960/3011/3011 959/3012/3012
vt 0.095833 0.890017
vn -0.943858 0.330350 0.000000
vt 0.095833 0.868317
vn -0.943858 0.330350 0.000000
vt 0.092917 0.867500
vn -0.943858 0.330350 0.000000
vt 0.092917 0.890833
vn -0.943858 0.330350 0.000000
f 968/3013/3013 961/3014/3014 953/3015/3015 960/3016/3016
v -3.762750 -1.150000 10.419800
v -3.730200 -1.150000 10.387250
v -3.469800 -1.150000 10.387250
v -3.437250 -1.150000 10.419800
v -3.437250 -1.150000 10.680200
v -3.469800 -1.150000 10.712750
v -3.730200 -1.150000 10.712750
v -3.762750 -1.150000 10.680200
v -3.775000 -1.115000 10.410000
v -3.740000 -1.115000 10.375000
v -3.460000 -1.115000 10.375000
v -3.425000 -1.115000 10.410000
v -3.425000 -1.115000 10.690000
v -3.460000 -1.115000 10.725000
v -3.740000 -1.115000 10.725000
v -3.775000 -1.115000 10.690000
v -3.775000 1.115000 10.410000
v -3.740000 1.115000 10.375000
v -3.460000 1.115000 10.375000
v -3.425000 1.115000 10.410000
v -3.425000 1.115000 10.690000
v -3.460000 1.115000 10.725000
v -3.740000 1.115000 10.725000
v -3.775000 1.115000 10.690000
v -3.762750 1.150000 10.419800
v -3.730200 1.150000 10.387250
v -3.469800 1.150000 10.387250
v -3.437250 1.150000 10.419800
v -3.437250 1.150000 10.680200
v -3.469800 1.150000 10.712750
v -3.730200 1.150000 10.712750
v -3.762750 1.150000 10.680200
vt -0.313562 0.868317
vn 0.000000 -1.000000 0.000000
vt -0.310850 0.865604
vn 0.000000 -1.000000 0.000000
vt -0.289150 0.865604
vn 0.000000 -1.000000 0.000000
vt -0.286437 0.868317
vn 0.000000 -1.000000 0.000000
vt -0.286437 0.890017
vn 0.000000 -1.000000 0.000000
vt -0.289150 0.892729
vn 0.000000 -1.000000 0.000000
vt -0.310850 0.892729
vn 0.000000 -1.000000 0.000000
vt -0.313562 0.890017
vn 0.000000 -1.000000 0.000000
f 969/3017/3017 970/3018/3018 971/3019/3019 972/3020/3020 973/3021/3021 974/3022/3022 975/3023/3023 976/3024/3024
vt -0.313562 0.890017
vn 0.000000 1.000000 0.000000
vt -0.310850 0.892729
vn 0.000000 1.000000 0.000000
vt -0.289150 0.892729
vn 0.000000 1.000000 0.000000
vt -0.286437 0.890017
vn 0.000000 1.000000 0.000000
vt -0.286437 0.868317
vn 0.000000 1.000000 0.000000
vt -0.289150 0.865604
vn 0.000000 1.000000 0.000000
vt -0.310850 0.865604
vn 0.000000 1.000000 0.000000
vt -0.313562 0.868317
vn 0.000000 1.000000 0.000000
f 1000/3025/3025 999/3026/3026 998/3027/3027 997/3028/3028 996/3029/3029 995/3030/3030 994/3031/3031 993/3032/3032
vt -0.092917 0.867500
vn -0.645915 -0.406926 -0.645915
vt -0.092917 0.864583
vn -0.645915 -0.406926 -0.645915
vt -0.095833 0.865604
vn -0.645915 -0.406926 -0.645915
vt -0.095833 0.868317
vn -0.645915 -0.406926 -0.645915
f 977/3033/3033 978/3034/3034 970/3035/3035 969/3036/3036
vt -0.311667 -0.092917
vn 0.000000 -0.330350 -0.943858
vt -0.288333 -0.092917
vn 0.000000 -0.330350 -0.943858
vt -0.289150 -0.095833
vn 0.000000 -0.330350 -0.943858
vt -0.310850 -0.095833
vn 0.000000 -0.330350 -0.943858
f 978/3037/3037 979/3038/3038 971/3039/3039 970/3040/3040
vt -0.092917 0.864583
vn 0.645915 -0.406926 -0.645915
vt -0.092917 0.867500
vn 0.645915 -0.406926 -0.645915
vt -0.095833 0.868317
vn 0.645915 -0.406926 -0.645915
vt -0.095833 0.865604
vn 0.645915 -0.406926 -0.645915
f 979/3041/3041 980/3042/3042 972/3043/3043 971/3044/3044
vt -0.092917 0.867500
vn 0.943858 -0.330350 0.000000
vt -0.092917 0.890833
vn 0.943858 -0.330350 0.000000
vt -0.095833 0.890017
vn 0.943858 -0.330350 0.000000
vt -0.095833 0.868317
vn 0.943858 -0.330350 0.000000
f 980/3045/3045 981/3046/3046 973/3047/3047 972/3048/3048
vt -0.092917 0.890833
vn 0.645915 -0.406926 0.645915
vt -0.092917 0.893750
vn 0.645915 -0.406926 0.645915
vt -0.095833 0.892729
vn 0.645915 -0.406926 0.645915
vt -0.095833 0.890017
vn 0.645915 -0.406926 0.645915
f 981/3049/3049 982/3050/3050 974/3051/3051 973/3052/3052
vt -0.288333 -0.092917
vn 0.000000 -0.330350 0.943858
vt -0.311667 -0.092917
vn 0.000000 -0.330350 0.943858
vt -0.310850 -0.095833
vn 0.000000 -0.330350 0.943858
vt -0.289150 -0.095833
vn 0.000000 -0.330350 0.943858
f 982/3053/3053 983/3054/3054 975/3055/3055 974/3056/3056
vt -0.092917 0.893750
vn -0.645915 -0.406926 0.645915
vt -0.092917 0.890833
vn -0.645915 -0.406926 0.645915
vt -0.095833 0.890017
vn -0.645915 -0.406926 0.645915
vt -0.095833 0.892729
vn -0.645915 -0.406926 0.645915
f 983/3057/3057 984/3058/3058 976/3059/3059 975/3060/3060
vt -0.092917 0.890833
vn -0.943858 -0.330350 -0.000000
vt -0.092917 0.867500
vn -0.943858 -0.330350 -0.000000
vt -0.095833 0.868317
vn -0.943858 -0.330350 -0.000000
vt -0.095833 0.890017
vn -0.943858 -0.330350 -0.000000
f 984/3061/3061 977/3062/3062 969/3063/3063 976/3064/3064
vt 0.092917 0.867500
vn -0.707107 0.000000 -0.707107
vt 0.092917 0.864583
vn -0.707107 0.000000 -0.707107
vt -0.092917 0.864583
vn -0.707107 0.000000 -0.707107
vt -0.092917 0.867500
vn -0.707107 0.000000 -0.707107
f 985/3065/3065 986/3066/3066 978/3067/3067 977/3068/3068
vt -0.311667 0.092917
vn 0.000000 0.000000 -1.000000
vt -0.288333 0.092917
vn 0.000000 0.000000 -1.000000
vt -0.288333 -0.092917
vn 0.000000 0.000000 -1.000000
vt -0.311667 -0.092917
vn 0.000000 0.000000 -1.000000
f 986/3069/3069 987/3070/3070 979/3071/3071 978/3072/3072
vt 0.092917 0.864583
vn 0.707107 0.000000 -0.707107
vt 0.092917 0.867500
vn 0.707107 0.000000 -0.707107
vt -0.092917 0.867500
vn 0.707107 0.000000 -0.707107
vt -0.092917 0.864583
vn 0.707107 0.000000 -0.707107
f 987/3073/3073 988/3074/3074 980/3075/3075 979/3076/3076
vt 0.092917 0.867500
vn 1.000000 0.000000 -0.000000
vt 0.092917 0.890833
vn 1.000000 0.000000 -0.000000
vt -0.092917 0.890833
vn 1.000000 0.000000 -0.000000
vt -0.092917 0.867500
vn 1.000000 0.000000 -0.000000
f 988/3077/3077 989/3078/3078 981/3079/3079 980/3080/3080
vt 0.092917 0.890833
vn 0.707107 0.000000 0.707107
vt 0.092917 0.893750
vn 0.707107 0.000000 0.707107
vt -0.092917 0.893750
vn 0.707107 0.000000 0.707107
vt -0.092917 0.890833
vn 0.707107 0.000000 0.707107
f 989/3081/3081 990/3082/3082 982/3083/3083 981/3084/3084
vt -0.288333 0.092917
vn 0.000000 0.000000 1.000000
vt -0.311667 0.092917
vn 0.000000 0.000000 1.000000
vt -0.311667 -0.092917
vn 0.000000 0.000000 1.000000
vt -0.288333 -0.092917
vn 0.000000 0.000000 1.000000
f 990/3085/3085 991/3086/3086 983/3087/3087 982/3088/3088
vt 0.092917 0.893750
vn -0.707107 0.000000 0.707107
vt 0.092917 0.890833
vn -0.707107 0.000000 0.707107
vt -0.092917 0.890833
vn -0.707107 0.000000 0.707107
vt -0.092917 0.893750
vn -0.707107 0.000000 0.707107
f 991/3089/3089 992/3090/3090 984/3091/3091 983/3092/3092
vt 0.092917 0.890833
vn -1.000000 0.000000 -0.000000
vt 0.092917 0.867500
vn -1.000000 0.000000 -0.000000
vt -0.092917 0.867500
vn -1.000000 0.000000 -0.000000
vt -0.092917 0.890833
vn -1.000000 0.000000 -0.000000
f 992/3093/3093 985/3094/3094 977/3095/3095 984/3096/3096
vt 0.095833 0.868317
vn -0.645915 0.406926 -0.645915
vt 0.095833 0.865604
vn -0.645915 0.406926 -0.645915
vt 0.092917 0.864583
vn -0.645915 0.406926 -0.645915
vt 0.092917 0.867500
vn -0.645915 0.406926 -0.645915
f 993/3097/3097 994/3098/3098 986/3099/3099 985/3100/3100
vt -0.310850 0.095833
vn 0.000000 0.330350 -0.943858
vt -0.289150 0.095833
vn 0.000000 0.330350 -0.943858
vt -0.288333 0.092917
vn 0.000000 0.330350 -0.943858
vt -0.311667 0.092917
vn 0.000000 0.330350 -0.943858
f 994/3101/3101 995/3102/3102 987/3103/3103 986/3104/3104
vt 0.095833 0.865604
vn 0.645915 0.406926 -0.645915
vt 0.095833 0.868317
vn 0.645915 0.406926 -0.645915
vt 0.092917 0.867500
vn 0.645915 0.406926 -0.645915
vt 0.092917 0.864583
vn 0.645915 0.406926 -0.645915
f 995/3105/3105 996/3106/3106 988/3107/3107 987/3108/3108
vt 0.095833 0.868317
vn 0.943858 0.330350 -0.000000
vt 0.095833 0.890017
vn 0.943858 0.330350 -0.000000
vt 0.092917 0.890833
vn 0.943858 0.330350 -0.000000
vt 0.092917 0.867500
vn 0.943858 0.330350 -0.000000
f 996/3109/3109 997/3110/3110 989/3111/3111 988/3112/3112
vt 0.095833 0.890017
vn 0.645915 0.406926 0.645915
vt 0.095833 0.892729
vn 0.645915 0.406926 0.645915
vt 0.092917 0.893750
vn 0.645915 0.406926 0.645915
vt 0.092917 0.890833
vn 0.645915 0.406926 0.645915
f 997/3113/3113 998/3114/3114 990/3115/3115 989/3116/3116
vt -0.289150 0.095833
vn 0.000000 0.330350 0.943858
vt -0.310850 0.095833
vn 0.000000 0.330350 0.943858
vt -0.311667 0.092917
vn 0.000000 0.330350 0.943858
vt -0.288333 0.092917
vn 0.000000 0.330350 0.943858
f 998/3117/3117 999/3118/3118 991/3119/3119 990/3120/3120
vt 0.095833 0.892729
vn -0.645915 0.406926 0.645915
vt 0.095833 0.890017
vn -0.645915 0.406926 0.645915
vt 0.092917 0.890833
vn -0.645915 0.406926 0.645915
vt 0.092917 0.893750
vn -0.645915 0.406926 0.645915
f 999/3121/3121 1000/3122/3122 992/3123/3123 991/3124/3124
vt 0.095833 0.890017
vn -0.943858 0.330350 0.000000
vt 0.095833 0.868317
vn -0.943858 0.330350 0.000000
vt 0.092917 0.867500
vn -0.943858 0.330350 0.000000
vt 0.092917 0.890833
vn -0.943858 0.330350 0.000000
f 1000/3125/3125 993/3126/3126 985/3127/3127 992/3128/3128
v -2.962750 -1.150000 10.419800
v -2.930200 -1.150000 10.387250
v -2.669800 -1.150000 10.387250
v -2.637250 -1.150000 10.419800
v -2.637250 -1.150000 10.680200
v -2.669800 -1.150000 10.712750
v -2.930200 -1.150000 10.712750
v -2.962750 -1.150000 10.680200
v -2.975000 -1.115000 10.410000
v -2.940000 -1.115000 10.375000
v -2.660000 -1.115000 10.375000
v -2.625000 -1.115000 10.410000
v -2.625000 -1.115000 10.690000
v -2.660000 -1.115000 10.725000
v -2.940000 -1.115000 10.725000
v -2.975000 -1.115000 10.690000
v -2.975000 1.115000 10.410000
v -2.940000 1.115000 10.375000
v -2.660000 1.115000 10.375000
v -2.625000 1.115000 10.410000
v -2.625000 1.115000 10.690000
v -2.660000 1.115000 10.725000
v -2.940000 1.115000 10.725000
v -2.975000 1.115000 10.690000
v -2.962750 1.150000 10.419800
v -2.930200 1.150000 10.387250
v -2.669800 1.150000 10.387250
v -2.637250 1.150000 10.419800
v -2.637250 1.150000 10.680200
v -2.669800 1.150000 10.712750
v -2.930200 1.150000 10.712750
v -2.962750 1.150000 10.680200
vt -0.246896 0.868317
vn 0.000000 -1.000000 0.000000
vt -0.244183 0.865604
vn 0.000000 -1.000000 0.000000
vt -0.222483 0.865604
vn 0.000000 -1.000000 0.000000
vt -0.219771 0.868317
vn 0.000000 -1.000000 0.000000
vt -0.219771 0.890017
vn 0.000000 -1.000000 0.000000
vt -0.222483 0.892729
vn 0.000000 -1.000000 0.000000
vt -0.244183 0.892729
vn 0.000000 -1.000000 0.000000
vt -0.246896 0.890017
vn 0.000000 -1.000000 0.000000
f 1001/3129/3129 1002/3130/3130 1003/3131/3131 1004/3132/3132 1005/3133/3133 1006/3134/3134 1007/3135/3135 1008/3136/3136
vt -0.246896 0.890017
vn 0.000000 1.000000 0.000000
vt -0.244183 0.892729
vn 0.000000 1.000000 0.000000
vt -0.222483 0.892729
vn 0.000000 1.000000 0.000000
vt -0.219771 0.890017
vn 0.000000 1.000000 0.000000
vt -0.219771 0.868317
vn 0.000000 1.000000 0.000000
vt -0.222483 0.865604
vn 0.000000 1.000000 0.000000
vt -0.244183 0.865604
vn 0.000000 1.000000 0.000000
vt -0.246896 0.868317
vn 0.000000 1.000000 0.000000
f 1032/3137/3137 1031/3138/3138 1030/3139/3139 1029/3140/3140 1028/3141/3141 1027/3142/3142 1026/3143/3143 1025/3144/3144
vt -0.092917 0.867500
vn -0.645915 -0.406926 -0.645915
vt -0.092917 0.864583
vn -0.645915 -0.406926 -0.645915
vt -0.095833 0.865604
vn -0.645915 -0.406926 -0.645915
vt -0.095833 0.868317
vn -0.645915 -0.406926 -0.645915
f 1009/3145/3145 1010/3146/3146 1002/3147/3147 1001/3148/3148
vt -0.245000 -0.092917
vn 0.000000 -0.330350 -0.943858
vt -0.221667 -0.092917
vn 0.000000 -0.330350 -0.943858
vt -0.222483 -0.095833
vn 0.000000 -0.330350 -0.943858
vt -0.244183 -0.095833
vn 0.000000 -0.330350 -0.943858
f 1010/3149/3149 1011/3150/3150 1003/3151/3151 1002/3152/3152
vt -0.092917 0.864583
vn 0.645915 -0.406926 -0.645915
vt -0.092917 0.867500
vn 0.645915 -0.406926 -0.645915
vt -0.095833 0.868317
vn 0.645915 -0.406926 -0.645915
vt -0.095833 0.865604
vn 0.645915 -0.406926 -0.645915
f 1011/3153/3153 1012/3154/3154 1004/3155/3155 1003/3156/3156
vt -0.092917 0.867500
vn 0.943858 -0.330350 0.000000
vt -0.092917 0.890833
vn 0.943858 -0.330350 0.000000
vt -0.095833 0.890017
vn 0.943858 -0.330350 0.000000
vt -0.095833 0.868317
vn 0.943858 -0.330350 0.000000
f 1012/3157/3157 1013/3158/3158 1005/3159/3159 1004/3160/3160
vt -0.092917 0.890833
vn 0.645915 -0.406926 0.645915
vt -0.092917 0.893750
vn 0.645915 -0.406926 0.645915
vt -0.095833 0.892729
vn 0.645915 -0.406926 0.645915
vt -0.095833 0.890017
vn 0.645915 -0.406926 0.645915
f 1013/3161/3161 1014/3162/3162 1006/3163/3163 1005/3164/3164
vt -0.221667 -0.092917
vn 0.000000 -0.330350 0.943858
vt -0.245000 -0.092917
vn 0.000000 -0.330350 0.943858
vt -0.244183 -0.095833
vn 0.000000 -0.330350 0.943858
vt -0.222483 -0.095833
vn 0.000000 -0.330350 0.943858
f 1014/3165/3165 1015/3166/3166 1007/3167/3167 1006/3168/3168
vt -0.092917 0.893750
vn -0.645915 -0.406926 0.645915
vt -0.092917 0.890833
vn -0.645915 -0.406926 0.645915
vt -0.095833 0.890017
vn -0.645915 -0.406926 0.645915
vt -0.095833 0.892729
vn -0.645915 -0.406926 0.645915
f 1015/3169/3169 1016/3170/3170 1008/3171/3171 1007/3172/3172
vt -0.092917 0.890833
vn -0.943858 -0.330350 -0.000000
vt -0.092917 0.867500
vn -0.943858 -0.330350 -0.000000
vt -0.095833 0.868317
vn -0.943858 -0.330350 -0.000000
vt -0.095833 0.890017
vn -0.943858 -0.330350 -0.000000
f 1016/3173/3173 1009/3174/3174 1001/3175/3175 1008/3176/3176
vt 0.092917 0.867500
vn -0.707107 0.000000 -0.707107
vt 0.092917 0.864583
vn -0.707107 0.000000 -0.707107
vt -0.092917 0.864583
vn -0.707107 0.000000 -0.707107
vt -0.092917 0.867500
vn -0.707107 0.000000 -0.707107
f 1017/3177/3177 1018/3178/3178 1010/3179/3179 1009/3180/3180
vt -0.245000 0.092917
vn 0.000000 0.000000 -1.000000
vt -0.221667 0.092917
vn 0.000000 0.000000 -1.000000
vt -0.221667 -0.092917
vn 0.000000 0.000000 -1.000000
vt -0.245000 -0.092917
vn 0.000000 0.000000 -1.000000
f 1018/3181/3181 1019/3182/3182 1011/3183/3183 1010/3184/3184
vt 0.092917 0.864583
vn 0.707107 0.000000 -0.707107
vt 0.092917 0.867500
vn 0.707107 0.000000 -0.707107
vt -0.092917 0.867500
vn 0.707107 0.000000 -0.707107
vt -0.092917 0.864583
vn 0.707107 0.000000 -0.707107
f 1019/3185/3185 1020/3186/3186 1012/3187/3187 1011/3188/3188
vt 0.092917 0.867500
vn 1.000000 0.000000 -0.000000
vt 0.092917 0.890833
vn 1.000000 0.000000 -0.000000
vt -0.092917 0.890833
vn 1.000000 0.000000 -0.000000
vt -0.092917 0.867500
vn 1.000000 0.000000 -0.000000
f 1020/3189/3189 1021/3190/3190 1013/3191/3191 1012/3192/3192
vt 0.092917 0.890833
vn 0.707107 0.000000 0.707107
vt 0.092917 0.893750
vn 0.707107 0.000000 0.707107
vt -0.092917 0.893750
vn 0.707107 0.000000 0.707107
vt -0.092917 0.890833
vn 0.707107 0.000000 0.707107
f 1021/3193/3193 1022/3194/3194 1014/3195/3195 1013/3196/3196
vt -0.221667 0.092917
vn 0.000000 0.000000 1.000000
vt -0.245000 0.092917
vn 0.000000 0.000000 1.000000
vt -0.245000 -0.092917
vn 0.000000 0.000000 1.000000
vt -0.221667 -0.092917
vn 0.000000 0.000000 1.000000
f 1022/3197/3197 1023/3198/3198 1015/3199/3199 1014/3200/3200
vt 0.092917 0.893750
vn -0.707107 0.000000 0.707107
vt 0.092917 0.890833
vn -0.707107 0.000000 0.707107
vt -0.092917 0.890833
vn -0.707107 0.000000 0.707107
vt -0.092917 0.893750
vn -0.707107 0.000000 0.707107
f 1023/3201/3201 1024/3202/3202 1016/3203/3203 1015/3204/3204
vt 0.092917 0.890833
vn -1.000000 0.000000 -0.000000
vt 0.092917 0.867500
vn -1.000000 0.000000 -0.000000
vt -0.092917 0.867500
vn -1.000000 0.000000 -0.000000
vt -0.092917 0.890833
vn -1.000000 0.000000 -0.000000
f 1024/3205/3205 1017/3206/3206 1009/3207/3207 1016/3208/3208
vt 0.095833 0.868317
vn -0.645915 0.406926 -0.645915
vt 0.095833 0.865604
vn -0.645915 0.406926 -0.645915
vt 0.092917 0.864583
vn -0.645915 0.406926 -0.645915
vt 0.092917 0.867500
vn -0.645915 0.406926 -0.645915
f 1025/3209/3209 1026/3210/3210 1018/3211/3211 1017/3212/3212
vt -0.244183 0.095833
vn 0.000000 0.330350 -0.943858
vt -0.222483 0.095833
vn 0.000000 0.330350 -0.943858
vt -0.221667 0.092917
vn 0.000000 0.330350 -0.943858
vt -0.245000 0.092917
vn 0.000000 0.330350 -0.943858
f 1026/3213/3213 1027/3214/3214 1019/3215/3215 1018/3216/3216
vt 0.095833 0.865604
vn 0.645915 0.406926 -0.645915
vt 0.095833 0.868317
vn 0.645915 0.406926 -0.645915
vt 0.092917 0.867500
vn 0.645915 0.406926 -0.645915
vt 0.092917 0.864583
vn 0.645915 0.406926 -0.645915
f 1027/3217/3217 1028/3218/3218 1020/3219/3219 1019/3220/3220
vt 0.095833 0.868317
vn 0.943858 0.330350 -0.000000
vt 0.095833 0.890017
vn 0.943858 0.330350 -0.000000
vt 0.092917 0.890833
vn 0.943858 0.330350 -0.000000
vt 0.092917 0.867500
vn 0.943858 0.330350 -0.000000
f 1028/3221/3221 1029/3222/3222 1021/3223/3223 1020/3224/3224
vt 0.095833 0.890017
vn 0.645915 0.406926 0.645915
vt 0.095833 0.892729
vn 0.645915 0.406926 0.645915
vt 0.092917 0.893750
vn 0.645915 0.406926 0.645915
vt 0.092917 0.890833
vn 0.645915 0.406926 0.645915
f 1029/3225/3225 1030/3226/3226 1022/3227/3227 1021/3228/3228
vt -0.222483 0.095833
vn 0.000000 0.330350 0.943858
vt -0.244183 0.095833
vn 0.000000 0.330350 0.943858
vt -0.245000 0.092917
vn 0.000000 0.330350 0.943858
vt -0.221667 0.092917
vn 0.000000 0.330350 0.943858
f 1030/3229/3229 1031/3230/3230 1023/3231/3231 1022/3232/3232
vt 0.095833 0.892729
vn -0.645915 0.406926 0.645915
vt 0.095833 0.890017
vn -0.645915 0.406926 0.645915
vt 0.092917 0.890833
vn -0.645915 0.406926 0.645915
vt 0.092917 0.893750
vn -0.645915 0.406926 0.645915
f 1031/3233/3233 1032/3234/3234 1024/3235/3235 1023/3236/3236
vt 0.095833 0.890017
vn -0.943858 0.330350 0.000000
vt 0.095833 0.868317
vn -0.943858 0.330350 0.000000
vt 0.092917 0.867500
vn -0.943858 0.330350 0.000000
vt 0.092917 0.890833
vn -0.943858 0.330350 0.000000
f 1032/3237/3237 1025/3238/3238 1017/3239/3239 1024/3240/3240
v -2.162750 -1.150000 10.419800
v -2.130200 -1.150000 10.387250
v -1.869800 -1.150000 10.387250
v -1.837250 -1.150000 10.419800
v -1.837250 -1.150000 10.680200
v -1.869800 -1.150000 10.712750
v -2.130200 -1.150000 10.712750
v -2.162750 -1.150000 10.680200
v -2.175000 -1.115000 10.410000
v -2.140000 -1.115000 10.375000
v -1.860000 -1.115000 10.375000
v -1.825000 -1.115000 10.410000
v -1.825000 -1.115000 10.690000
v -1.860000 -1.115000 10.725000
v -2.140000 -1.115000 10.725000
v -2.175000 -1.115000 10.690000
v -2.175000 1.115000 10.410000
v -2.140000 1.115000 10.375000
v -1.860000 1.115000 10.375000
v -1.825000 1.115000 10.410000
v -1.825000 1.115000 10.690000
v -1.860000 1.115000 10.725000
v -2.140000 1.115000 10.725000
v -2.175000 1.115000 10.690000
v -2.162750 1.150000 10.419800
v -2.130200 1.150000 10.387250
v -1.869800 1.150000 10.387250
v -1.837250 1.150000 10.419800
v -1.837250 1.150000 10.680200
v -1.869800 1.150000 10.712750
v -2.130200 1.150000 10.712750
v -2.162750 1.150000 10.680200
vt -0.180229 0.868317
vn 0.000000 -1.000000 0.000000
vt -0.177517 0.865604
vn 0.000000 -1.000000 0.000000
vt -0.155817 0.865604
vn 0.000000 -1.000000 0.000000
vt -0.153104 0.868317
vn 0.000000 -1.000000 0.000000
vt -0.153104 0.890017
vn 0.000000 -1.000000 0.000000
vt -0.155817 0.892729
vn 0.000000 -1.000000 0.000000
vt -0.177517 0.892729
vn 0.000000 -1.000000 0.000000
vt -0.180229 0.890017
vn 0.000000 -1.000000 0.000000
f 1033/3241/3241 1034/3242/3242 1035/3243/3243 1036/3244/3244 1037/3245/3245 1038/3246/3246 1039/3247/3247 1040/3248/3248
vt -0.180229 0.890017
vn 0.000000 1.000000 0.000000
vt -0.177517 0.892729
vn 0.000000 1.000000 0.000000
vt -0.155817 0.892729
vn 0.000000 1.000000 0.000000
vt -0.153104 0.890017
vn 0.000000 1.000000 0.000000
vt -0.153104 0.868317
vn 0.000000 1.000000 0.000000
vt -0.155817 0.865604
vn 0.000000 1.000000 0.000000
vt -0.177517 0.865604
vn 0.000000 1.000000 0.000000
vt -0.180229 0.868317
vn 0.000000 1.000000 0.000000
f 1064/3249/3249 1063/3250/3250 1062/3251/3251 1061/3252/3252 1060/3253/3253 1059/3254/3254 1058/3255/3255 1057/3256/3256
vt -0.092917 0.867500
vn -0.645915 -0.406926 -0.645915
vt -0.092917 0.864583
vn -0.645915 -0.406926 -0.645915
vt -0.095833 0.865604
vn -0.645915 -0.406926 -0.645915
vt -0.095833 0.868317
vn -0.645915 -0.406926 -0.645915
f 1041/3257/3257 1042/3258/3258 1034/3259/3259 1033/3260/3260
vt -0.178333 -0.092917
vn 0.000000 -0.330350 -0.943858
vt -0.155000 -0.092917
vn 0.000000 -0.330350 -0.943858
vt -0.155817 -0.095833
vn 0.000000 -0.330350 -0.943858
vt -0.177517 -0.095833
vn 0.000000 -0.330350 -0.943858
f 1042/3261/3261 1043/3262/3262 1035/3263/3263 1034/3264/3264
vt -0.092917 0.864583
vn 0.645915 -0.406926 -0.645915
vt -0.092917 0.867500
vn 0.645915 -0.406926 -0.645915
vt -0.095833 0.868317
vn 0.645915 -0.406926 -0.645915
vt -0.095833 0.865604
vn 0.645915 -0.406926 -0.645915
f 1043/3265/3265 1044/3266/3266 1036/3267/3267 1035/3268/3268
vt -0.092917 0.867500
vn 0.943858 -0.330350 0.000000
vt -0.092917 0.890833
vn 0.943858 -0.330350 0.000000
vt -0.095833 0.890017
vn 0.943858 -0.330350 0.000000
vt -0.095833 0.868317
vn 0.943858 -0.330350 0.000000
f 1044/3269/3269 1045/3270/3270 1037/3271/3271 1036/3272/3272
vt -0.092917 0.890833
vn 0.645915 -0.406926 0.645915
vt -0.092917 0.893750
vn 0.645915 -0.406926 0.645915
vt -0.095833 0.892729
vn 0.645915 -0.406926 0.645915
vt -0.095833 0.890017
vn 0.645915 -0.406926 0.645915
f 1045/3273/3273 1046/3274/3274 1038/3275/3275 1037/3276/3276
vt -0.155000 -0.092917
vn 0.000000 -0.330350 0.943858
vt -0.178333 -0.092917
vn 0.000000 -0.330350 0.943858
vt -0.177517 -0.095833
vn 0.000000 -0.330350 0.943858
vt -0.155817 -0.095833
vn 0.000000 -0.330350 0.943858
f 1046/3277/3277 1047/3278/3278 1039/3279/3279 1038/3280/3280
vt -0.092917 0.893750
vn -0.645915 -0.406926 0.645915
vt -0.092917 0.890833
vn -0.645915 -0.406926 0.645915
vt -0.095833 0.890017
vn -0.645915 -0.406926 0.645915
vt -0.095833 0.892729
vn -0.645915 -0.406926 0.645915
f 1047/3281/3281 1048/3282/3282 1040/3283/3283 1039/3284/3284
vt -0.092917 0.890833
vn -0.943858 -0.330350 -0.000000
vt -0.092917 0.867500
vn -0.943858 -0.330350 -0.000000
vt -0.095833 0.868317
vn -0.943858 -0.330350 -0.000000
vt -0.095833 0.890017
vn -0.943858 -0.330350 -0.000000
f 1048/3285/3285 1041/3286/3286 1033/3287/3287 1040/3288/3288
vt 0.092917 0.867500
vn -0.707107 0.000000 -0.707107
vt 0.092917 0.864583
vn -0.707107 0.000000 -0.707107
vt -0.092917 0.864583
vn -0.707107 0.000000 -0.707107
vt -0.092917 0.867500
vn -0.707107 0.000000 -0.707107
f 1049/3289/3289 1050/3290/3290 1042/3291/3291 1041/3292/3292
vt -0.178333 0.092917
vn 0.000000 0.000000 -1.000000
vt -0.155000 0.092917
vn 0.000000 0.000000 -1.000000
vt -0.155000 -0.092917
vn 0.000000 0.000000 -1.000000
vt -0.178333 -0.092917
vn 0.000000 0.000000 -1.000000
f 1050/3293/3293 1051/3294/3294 1043/3295/3295 1042/3296/3296
vt 0.092917 0.864583
vn 0.707107 0.000000 -0.707107
vt 0.092917 0.867500
vn 0.707107 0.000000 -0.707107
vt -0.092917 0.867500
vn 0.707107 0.000000 -0.707107
vt -0.092917 0.864583
vn 0.707107 0.000000 -0.707107
f 1051/3297/3297 1052/3298/3298 1044/3299/3299 1043/3300/3300
vt 0.092917 0.867500
vn 1.000000 0.000000 -0.000000
vt 0.092917 0.890833
vn 1.000000 0.000000 -0.000000
vt -0.092917 0.890833
vn 1.000000 0.000000 -0.000000
vt -0.092917 0.867500
vn 1.000000 0.000000 -0.000000
f 1052/3301/3301 1053/3302/3302 1045/3303/3303 1044/3304/3304
vt 0.092917 0.890833
vn 0.707107 0.000000 0.707107
vt 0.092917 0.893750
vn 0.707107 0.000000 0.707107
vt -0.092917 0.893750
vn 0.707107 0.000000 0.707107
vt -0.092917 0.890833
vn 0.707107 0.000000 0.707107
f 1053/3305/3305 1054/3306/3306 1046/3307/3307 1045/3308/3308
vt -0.155000 0.092917
vn 0.000000 0.000000 1.000000
vt -0.178333 0.092917
vn 0.000000 0.000000 1.000000
vt -0.178333 -0.092917
vn 0.000000 0.000000 1.000000
vt -0.155000 -0.092917
vn 0.000000 0.000000 1.000000
f 1054/3309/3309 1055/3310/3310 1047/3311/3311 1046/3312/3312
vt 0.092917 0.893750
vn -0.707107 0.000000 0.707107
vt 0.092917 0.890833
vn -0.707107 0.000000 0.707107
vt -0.092917 0.890833
vn -0.707107 0.000000 0.707107
vt -0.092917 0.893750
vn -0.707107 0.000000 0.707107
f 1055/3313/3313 1056/3314/3314 1048/3315/3315 1047/3316/3316
vt 0.092917 0.890833
vn -1.000000 0.000000 -0.000000
vt 0.092917 0.867500
vn -1.000000 0.000000 -0.000000
vt -0.092917 0.867500
vn -1.000000 0.000000 -0.000000
vt -0.092917 0.890833
vn -1.000000 0.000000 -0.000000
f 1056/3317/3317 1049/3318/3318 1041/3319/3319 1048/3320/3320
vt 0.095833 0.868317
vn -0.645915 0.406926 -0.645915
vt 0.095833 0.865604
vn -0.645915 0.406926 -0.645915
vt 0.092917 0.864583
vn -0.645915 0.406926 -0.645915
vt 0.092917 0.867500
vn -0.645915 0.406926 -0.645915
f 1057/3321/3321 1058/3322/3322 1050/3323/3323 1049/3324/3324
vt -0.177517 0.095833
vn 0.000000 0.330350 -0.943858
vt -0.155817 0.095833
vn 0.000000 0.330350 -0.943858
vt -0.155000 0.092917
vn 0.000000 0.330350 -0.943858
vt -0.178333 0.092917
vn 0.000000 0.330350 -0.943858
f 1058/3325/3325 1059/3326/3326 1051/3327/3327 1050/3328/3328
vt 0.095833 0.865604
vn 0.645915 0.406926 -0.645915
vt 0.095833 0.868317
vn 0.645915 0.406926 -0.645915
vt 0.092917 0.867500
vn 0.645915 0.406926 -0.645915
vt 0.092917 0.864583
vn 0.645915 0.406926 -0.645915
f 1059/3329/3329 1060/3330/3330 1052/3331/3331 1051/3332/3332
vt 0.095833 0.868317
vn 0.943858 0.330350 -0.000000
vt 0.095833 0.890017
vn 0.943858 0.330350 -0.000000
vt 0.092917 0.890833
vn 0.943858 0.330350 -0.000000
vt 0.092917 0.867500
vn 0.943858 0.330350 -0.000000
f 1060/3333/3333 1061/3334/3334 1053/3335/3335 1052/3336/3336
vt 0.095833 0.890017
vn 0.645915 0.406926 0.645915
vt 0.095833 0.892729
vn 0.645915 0.406926 0.645915
vt 0.092917 0.893750
vn 0.645915 0.406926 0.645915
vt 0.092917 0.890833
vn 0.645915 0.406926 0.645915
f 1061/3337/3337 1062/3338/3338 1054/3339/3339 1053/3340/3340
vt -0.155817 0.095833
vn 0.000000 0.330350 0.943858
vt -0.177517 0.095833
vn 0.000000 0.330350 0.943858
vt -0.178333 0.092917
vn 0.000000 0.330350 0.943858
vt -0.155000 0.092917
vn 0.000000 0.330350 0.943858
f 1062/3341/3341 1063/3342/3342 1055/3343/3343 1054/3344/3344
vt 0.095833 0.892729
vn -0.645915 0.406926 0.645915
vt 0.095833 0.890017
vn -0.645915 0.406926 0.645915
vt 0.092917 0.890833
vn -0.645915 0.406926 0.645915
vt 0.092917 0.893750
vn -0.645915 0.406926 0.645915
f 1063/3345/3345 1064/3346/3346 1056/3347/3347 1055/3348/3348
vt 0.095833 0.890017
vn -0.943858 0.330350 0.000000
vt 0.095833 0.868317
vn -0.943858 0.330350 0.000000
vt 0.092917 0.867500
vn -0.943858 0.330350 0.000000
vt 0.092917 0.890833
vn -0.943858 0.330350 0.000000
f 1064/3349/3349 1057/3350/3350 1049/3351/3351 1056/3352/3352
v -1.362750 -1.150000 10.419800
v -1.330200 -1.150000 10.387250
v -1.069800 -1.150000 10.387250
v -1.037250 -1.150000 10.419800
v -1.037250 -1.150000 10.680200
v -1.069800 -1.150000 10.712750
v -1.330200 -1.150000 10.712750
v -1.362750 -1.150000 10.680200
v -1.375000 -1.115000 10.410000
v -1.340000 -1.115000 10.375000
v -1.060000 -1.115000 10.375000
v -1.025000 -1.115000 10.410000
v -1.025000 -1.115000 10.690000
v -1.060000 -1.115000 10.725000
v -1.340000 -1.115000 10.725000
v -1.375000 -1.115000 10.690000
v -1.375000 1.115000 10.410000
v -1.340000 1.115000 10.375000
v -1.060000 1.115000 10.375000
v -1.025000 1.115000 10.410000
v -1.025000 1.115000 10.690000
v -1.060000 1.115000 10.725000
v -1.340000 1.115000 10.725000
v -1.375000 1.115000 10.690000
v -1.362750 1.150000 10.419800
v -1.330200 1.150000 10.387250
v -1.069800 1.150000 10.387250
v -1.037250 1.150000 10.419800
v -1.037250 1.150000 10.680200
v -1.069800 1.150000 10.712750
v -1.330200 1.150000 10.712750
v -1.362750 1.150000 10.680200
vt -0.113562 0.868317
vn 0.000000 -1.000000 0.000000
vt -0.110850 0.865604
vn 0.000000 -1.000000 0.000000
vt -0.089150 0.865604
vn 0.000000 -1.000000 0.000000
vt -0.086437 0.868317
vn 0.000000 -1.000000 0.000000
vt -0.086437 0.890017
vn 0.000000 -1.000000 0.000000
vt -0.089150 0.892729
vn 0.000000 -1.000000 0.000000
vt -0.110850 0.892729
vn 0.000000 -1.000000 0.000000
vt -0.113562 0.890017
vn 0.000000 -1.000000 0.000000
f 1065/3353/3353 1066/3354/3354 1067/3355/3355 1068/3356/3356 1069/3357/3357 1070/3358/3358 1071/3359/3359 1072/3360/3360
vt -0.113562 0.890017
vn 0.000000 1.000000 0.000000
vt -0.110850 0.892729
vn 0.000000 1.000000 0.000000
vt -0.089150 0.892729
vn 0.000000 1.000000 0.000000
vt -0.086437 0.890017
vn 0.000000 1.000000 0.000000
vt -0.086437 0.868317
vn 0.000000 1.000000 0.000000
vt -0.089150 0.865604
vn 0.000000 1.000000 0.000000
vt -0.110850 0.865604
vn 0.000000 1.000000 0.000000
vt -0.113562 0.868317
vn 0.000000 1.000000 0.000000
f 1096/3361/3361 1095/3362/3362 1094/3363/3363 1093/3364/3364 1092/3365/3365 1091/3366/3366 1090/3367/3367 1089/3368/3368
vt -0.092917 0.867500
vn -0.645915 -0.406926 -0.645915
vt -0.092917 0.864583
vn -0.645915 -0.406926 -0.645915
vt -0.095833 0.865604
vn -0.645915 -0.406926 -0.645915
vt -0.095833 0.868317
vn -0.645915 -0.406926 -0.645915
f 1073/3369/3369 1074/3370/3370 1066/3371/3371 1065/3372/3372
vt -0.111667 -0.092917
vn 0.000000 -0.330350 -0.943858
vt -0.088333 -0.092917
vn 0.000000 -0.330350 -0.943858
vt -0.089150 -0.095833
vn 0.000000 -0.330350 -0.943858
vt -0.110850 -0.095833
vn 0.000000 -0.330350 -0.943858
f 1074/3373/3373 1075/3374/3374 1067/3375/3375 1066/3376/3376
vt -0.092917 0.864583
vn 0.645915 -0.406926 -0.645915
vt -0.092917 0.867500
vn 0.645915 -0.406926 -0.645915
vt -0.095833 0.868317
vn 0.645915 -0.406926 -0.645915
vt -0.095833 0.865604
vn 0.645915 -0.406926 -0.645915
f 1075/3377/3377 1076/3378/3378 1068/3379/3379 1067/3380/3380
vt -0.092917 0.867500
vn 0.943858 -0.330350 0.000000
vt -0.092917 0.890833
vn 0.943858 -0.330350 0.000000
vt -0.095833 0.890017
vn 0.943858 -0.330350 0.000000
vt -0.095833 0.868317
vn 0.943858 -0.330350 0.000000
f 1076/3381/3381 1077/3382/3382 1069/3383/3383 1068/3384/3384
vt -0.092917 0.890833
vn 0.645915 -0.406926 0.645915
vt -0.092917 0.893750
vn 0.645915 -0.406926 0.645915
vt -0.095833 0.892729
vn 0.645915 -0.406926 0.645915
vt -0.095833 0.890017
vn 0.645915 -0.406926 0.645915
f 1077/3385/3385 1078/3386/3386 1070/3387/3387 1069/3388/3388
vt -0.088333 -0.092917
vn 0.000000 -0.330350 0.943858
vt -0.111667 -0.092917
vn 0.000000 -0.330350 0.943858
vt -0.110850 -0.095833
vn 0.000000 -0.330350 0.943858
vt -0.089150 -0.095833
vn 0.000000 -0.330350 0.943858
f 1078/3389/3389 1079/3390/3390 1071/3391/3391 1070/3392/3392
vt -0.092917 0.893750
vn -0.645915 -0.406926 0.645915
vt -0.092917 0.890833
vn -0.645915 -0.406926 0.645915
vt -0.095833 0.890017
vn -0.645915 -0.406926 0.645915
vt -0.095833 0.892729
vn -0.645915 -0.406926 0.645915
f 1079/3393/3393 1080/3394/3394 1072/3395/3395 1071/3396/3396
vt -0.092917 0.890833
vn -0.943858 -0.330350 -0.000000
vt -0.092917 0.867500
vn -0.943858 -0.330350 -0.000000
vt -0.095833 0.868317
vn -0.943858 -0.330350 -0.000000
vt -0.095833 0.890017
vn -0.943858 -0.330350 -0.000000
f 1080/3397/3397 1073/3398/3398 1065/3399/3399 1072/3400/3400
vt 0.092917 0.867500
vn -0.707107 0.000000 -0.707107
vt 0.092917 0.864583
vn -0.707107 0.000000 -0.707107
vt -0.092917 0.864583
vn -0.707107 0.000000 -0.707107
vt -0.092917 0.867500
vn -0.707107 0.000000 -0.707107
f 1081/3401/3401 1082/3402/3402 1074/3403/3403 1073/3404/3404
vt -0.111667 0.092917
vn 0.000000 0.000000 -1.000000
vt -0.088333 0.092917
vn 0.000000 0.000000 -1.000000
vt -0.088333 -0.092917
vn 0.000000 0.000000 -1.000000
vt -0.111667 -0.092917
vn 0.000000 0.000000 -1.000000
f 1082/3405/3405 1083/3406/3406 1075/3407/3407 1074/3408/3408
vt 0.092917 0.864583
vn 0.707107 0.000000 -0.707107
vt 0.092917 0.867500
vn 0.707107 0.000000 -0.707107
vt -0.092917 0.867500
vn 0.707107 0.000000 -0.707107
vt -0.092917 0.864583
vn 0.707107 0.000000 -0.707107
f 1083/3409/3409 1084/3410/3410 1076/3411/3411 1075/3412/3412
vt 0.092917 0.867500
vn 1.000000 0.000000 -0.000000
vt 0.092917 0.890833
vn 1.000000 0.000000 -0.000000
vt -0.092917 0.890833
vn 1.000000 0.000000 -0.000000
vt -0.092917 0.867500
vn 1.000000 0.000000 -0.000000
f 1084/3413/3413 1085/3414/3414 1077/3415/3415 1076/3416/3416
vt 0.092917 0.890833
vn 0.707107 0.000000 0.707107
vt 0.092917 0.893750
vn 0.707107 0.000000 0.707107
vt -0.092917 0.893750
vn 0.707107 0.000000 0.707107
vt -0.092917 0.890833
vn 0.707107 0.000000 0.707107
f 1085/3417/3417 1086/3418/3418 1078/3419/3419 1077/3420/3420
vt -0.088333 0.092917
vn 0.000000 0.000000 1.000000
vt -0.111667 0.092917
vn 0.000000 0.000000 1.000000
vt -0.111667 -0.092917
vn 0.000000 0.000000 1.000000
vt -0.088333 -0.092917
vn 0.000000 0.000000 1.000000
f 1086/3421/3421 1087/3422/3422 1079/3423/3423 1078/3424/3424
vt 0.092917 0.893750
vn -0.707107 0.000000 0.707107
vt 0.092917 0.890833
vn -0.707107 0.000000 0.707107
vt -0.092917 0.890833
vn -0.707107 0.000000 0.707107
vt -0.092917 0.893750
vn -0.707107 0.000000 0.707107
f 1087/3425/3425 1088/3426/3426 1080/3427/3427 1079/3428/3428
vt 0.092917 0.890833
vn -1.000000 0.000000 -0.000000
vt 0.092917 0.867500
vn -1.000000 0.000000 -0.000000
vt -0.092917 0.867500
vn -1.000000 0.000000 -0.000000
vt -0.092917 0.890833
vn -1.000000 0.000000 -0.000000
f 1088/3429/3429 1081/3430/3430 1073/3431/3431 1080/3432/3432
vt 0.095833 0.868317
vn -0.645915 0.406926 -0.645915
vt 0.095833 0.865604
vn -0.645915 0.406926 -0.645915
vt 0.092917 0.864583
vn -0.645915 0.406926 -0.645915
vt 0.092917 0.867500
vn -0.645915 0.406926 -0.645915
f 1089/3433/3433 1090/3434/3434 1082/3435/3435 1081/3436/3436
vt -0.110850 0.095833
vn 0.000000 0.330350 -0.943858
vt -0.089150 0.095833
vn 0.000000 0.330350 -0.943858
vt -0.088333 0.092917
vn 0.000000 0.330350 -0.943858
vt -0.111667 0.092917
vn 0.000000 0.330350 -0.943858
f 1090/3437/3437 1091/3438/3438 1083/3439/3439 1082/3440/3440
vt 0.095833 0.865604
vn 0.645915 0.406926 -0.645915
vt 0.095833 0.868317
vn 0.645915 0.406926 -0.645915
vt 0.092917 0.867500
vn 0.645915 0.406926 -0.645915
vt 0.092917 0.864583
vn 0.645915 0.406926 -0.645915
f 1091/3441/3441 1092/3442/3442 1084/3443/3443 1083/3444/3444
vt 0.095833 0.868317
vn 0.943858 0.330350 -0.000000
vt 0.095833 0.890017
vn 0.943858 0.330350 -0.000000
vt 0.092917 0.890833
vn 0.943858 0.330350 -0.000000
vt 0.092917 0.867500
vn 0.943858 0.330350 -0.000000
f 1092/3445/3445 1093/3446/3446 1085/3447/3447 1084/3448/3448
vt 0.095833 0.890017
vn 0.645915 0.406926 0.645915
vt 0.095833 0.892729
vn 0.645915 0.406926 0.645915
vt 0.092917 0.893750
vn 0.645915 0.406926 0.645915
vt 0.092917 0.890833
vn 0.645915 0.406926 0.645915
f 1093/3449/3449 1094/3450/3450 1086/3451/3451 1085/3452/3452
vt -0.089150 0.095833
vn 0.000000 0.330350 0.943858
vt -0.110850 0.095833
vn 0.000000 0.330350 0.943858
vt -0.111667 0.092917
vn 0.000000 0.330350 0.943858
vt -0.088333 0.092917
vn 0.000000 0.330350 0.943858
f 1094/3453/3453 1095/3454/3454 1087/3455/3455 1086/3456/3456
vt 0.095833 0.892729
vn -0.645915 0.406926 0.645915
vt 0.095833 0.890017
vn -0.645915 0.406926 0.645915
vt 0.092917 0.890833
vn -0.645915 0.406926 0.645915
vt 0.092917 0.893750
vn -0.645915 0.406926 0.645915
f 1095/3457/3457 1096/3458/3458 1088/3459/3459 1087/3460/3460
vt 0.095833 0.890017
vn -0.943858 0.330350 0.000000
vt 0.095833 0.868317
vn -0.943858 0.330350 0.000000
vt 0.092917 0.867500
vn -0.943858 0.330350 0.000000
vt 0.092917 0.890833
vn -0.943858 0.330350 0.000000
f 1096/3461/3461 1089/3462/3462 1081/3463/3463 1088/3464/3464
v -0.562750 -1.150000 10.419800
v -0.530200 -1.150000 10.387250
v -0.269800 -1.150000 10.387250
v -0.237250 -1.150000 10.419800
v -0.237250 -1.150000 10.680200
v -0.269800 -1.150000 10.712750
v -0.530200 -1.150000 10.712750
v -0.562750 -1.150000 10.680200
v -0.575000 -1.115000 10.410000
v -0.540000 -1.115000 10.375000
v -0.260000 -1.115000 10.375000
v -0.225000 -1.115000 10.410000
v -0.225000 -1.115000 10.690000
v -0.260000 -1.115000 10.725000
v -0.540000 -1.115000 10.725000
v -0.575000 -1.115000 10.690000
v -0.575000 1.115000 10.410000
v -0.540000 1.115000 10.375000
v -0.260000 1.115000 10.375000
v -0.225000 1.115000 10.410000
v -0.225000 1.115000 10.690000
v -0.260000 1.115000 10.725000
v -0.540000 1.115000 10.725000
v -0.575000 1.115000 10.690000
v -0.562750 1.150000 10.419800
v -0.530200 1.150000 10.387250
v -0.269800 1.150000 10.387250
v -0.237250 1.150000 10.419800
v -0.237250 1.150000 10.680200
v -0.269800 1.150000 10.712750
v -0.530200 1.150000 10.712750
v -0.562750 1.150000 10.680200
vt -0.046896 0.868317
vn 0.000000 -1.000000 0.000000
vt -0.044183 0.865604
vn 0.000000 -1.000000 0.000000
vt -0.022483 0.865604
vn 0.000000 -1.000000 0.000000
vt -0.019771 0.868317
vn 0.000000 -1.000000 0.000000
vt -0.019771 0.890017
vn 0.000000 -1.000000 0.000000
vt -0.022483 0.892729
vn 0.000000 -1.000000 0.000000
vt -0.044183 0.892729
vn 0.000000 -1.000000 0.000000
vt -0.046896 0.890017
vn 0.000000 -1.000000 0.000000
f 1097/3465/3465 1098/3466/3466 1099/3467/3467 1100/3468/3468 1101/3469/3469 1102/3470/3470 1103/3471/3471 1104/3472/3472
vt -0.046896 0.890017
vn 0.000000 1.000000 0.000000
vt -0.044183 0.892729
vn 0.000000 1.000000 0.000000
vt -0.022483 0.892729
vn 0.000000 1.000000 0.000000
vt -0.019771 0.890017
vn 0.000000 1.000000 0.000000
vt -0.019771 0.868317
vn 0.000000 1.000000 0.000000
vt -0.022483 0.865604
vn 0.000000 1.000000 0.000000
vt -0.044183 0.865604
vn 0.000000 1.000000 0.000000
vt -0.046896 0.868317
vn 0.000000 1.000000 0.000000
f 1128/3473/3473 1127/3474/3474 1126/3475/3475 1125/3476/3476 1124/3477/3477 1123/3478/3478 1122/3479/3479 1121/3480/3480
vt -0.092917 0.867500
vn -0.645915 -0.406926 -0.645915
vt -0.092917 0.864583
vn -0.645915 -0.406926 -0.645915
vt -0.095833 0.865604
vn -0.645915 -0.406926 -0.645915
vt -0.095833 0.868317
vn -0.645915 -0.406926 -0.645915
f 1105/3481/3481 1106/3482/3482 1098/3483/3483 1097/3484/3484
vt -0.045000 -0.092917
vn 0.000000 -0.330350 -0.943858
vt -0.021667 -0.092917
vn 0.000000 -0.330350 -0.943858
vt -0.022483 -0.095833
vn 0.000000 -0.330350 -0.943858
vt -0.044183 -0.095833
vn 0.000000 -0.330350 -0.943858
f 1106/3485/3485 1107/3486/3486 1099/3487/3487 1098/3488/3488
vt -0.092917 0.864583
vn 0.645915 -0.406926 -0.645915
vt -0.092917 0.867500
vn 0.645915 -0.406926 -0.645915
vt -0.095833 0.868317
vn 0.645915 -0.406926 -0.645915
vt -0.095833 0.865604
vn 0.645915 -0.406926 -0.645915
f 1107/3489/3489 1108/3490/3490 1100/3491/3491 1099/3492/3492
vt -0.092917 0.867500
vn 0.943858 -0.330350 0.000000
vt -0.092917 0.890833
vn 0.943858 -0.330350 0.000000
vt -0.095833 0.890017
vn 0.943858 -0.330350 0.000000
vt -0.095833 0.868317
vn 0.943858 -0.330350 0.000000
f 1108/3493/3493 1109/3494/3494 1101/3495/3495 1100/3496/3496
vt -0.092917 0.890833
vn 0.645915 -0.406926 0.645915
vt -0.092917 0.893750
vn 0.645915 -0.406926 0.645915
vt -0.095833 0.892729
vn 0.645915 -0.406926 0.645915
vt -0.095833 0.890017
vn 0.645915 -0.406926 0.645915
f 1109/3497/3497 1110/3498/3498 1102/3499/3499 1101/3500/3500
vt -0.021667 -0.092917
vn 0.000000 -0.330350 0.943858
vt -0.045000 -0.092917
vn 0.000000 -0.330350 0.943858
vt -0.044183 -0.095833
vn 0.000000 -0.330350 0.943858
vt -0.022483 -0.095833
vn 0.000000 -0.330350 0.943858
f 1110/3501/3501 1111/3502/3502 1103/3503/3503 1102/3504/3504
vt -0.092917 0.893750
vn -0.645915 -0.406926 0.645915
vt -0.092917 0.890833
vn -0.645915 -0.406926 0.645915
vt -0.095833 0.890017
vn -0.645915 -0.406926 0.645915
vt -0.095833 0.892729
vn -0.645915 -0.406926 0.645915
f 1111/3505/3505 1112/3506/3506 1104/3507/3507 1103/3508/3508
vt -0.092917 0.890833
vn -0.943858 -0.330350 -0.000000
vt -0.092917 0.867500
vn -0.943858 -0.330350 -0.000000
vt -0.095833 0.868317
vn -0.943858 -0.330350 -0.000000
vt -0.095833 0.890017
vn -0.943858 -0.330350 -0.000000
f 1112/3509/3509 1105/3510/3510 1097/3511/3511 1104/3512/3512
vt 0.092917 0.867500
vn -0.707107 0.000000 -0.707107
vt 0.092917 0.864583
vn -0.707107 0.000000 -0.707107
vt -0.092917 0.864583
vn -0.707107 0.000000 -0.707107
vt -0.092917 0.867500
vn -0.707107 0.000000 -0.707107
f 1113/3513/3513 1114/3514/3514 1106/3515/3515 1105/3516/3516
vt -0.045000 0.092917
vn 0.000000 0.000000 -1.000000
vt -0.021667 0.092917
vn 0.000000 0.000000 -1.000000
vt -0.021667 -0.092917
vn 0.000000 0.000000 -1.000000
vt -0.045000 -0.092917
vn 0.000000 0.000000 -1.000000
f 1114/3517/3517 1115/3518/3518 1107/3519/3519 1106/3520/3520
vt 0.092917 0.864583
vn 0.707107 0.000000 -0.707107
vt 0.092917 0.867500
vn 0.707107 0.000000 -0.707107
vt -0.092917 0.867500
vn 0.707107 0.000000 -0.707107
vt -0.092917 0.864583
vn 0.707107 0.000000 -0.707107
f 1115/3521/3521 1116/3522/3522 1108/3523/3523 1107/3524/3524
vt 0.092917 0.867500
vn 1.000000 0.000000 -0.000000
vt 0.092917 0.890833
vn 1.000000 0.000000 -0.000000
vt -0.092917 0.890833
vn 1.000000 0.000000 -0.000000
vt -0.092917 0.867500
vn 1.000000 0.000000 -0.000000
f 1116/3525/3525 1117/3526/3526 1109/3527/3527 1108/3528/3528
vt 0.092917 0.890833
vn 0.707107 0.000000 0.707107
vt 0.092917 0.893750
vn 0.707107 0.000000 0.707107
vt -0.092917 0.893750
vn 0.707107 0.000000 0.707107
vt -0.092917 0.890833
vn 0.707107 0.000000 0.707107
f 1117/3529/3529 1118/3530/3530 1110/3531/3531 1109/3532/3532
vt -0.021667 0.092917
vn 0.000000 0.000000 1.000000
vt -0.045000 0.092917
vn 0.000000 0.000000 1.000000
vt -0.045000 -0.092917
vn 0.000000 0.000000 1.000000
vt -0.021667 -0.092917
vn 0.000000 0.000000 1.000000
f 1118/3533/3533 1119/3534/3534 1111/3535/3535 1110/3536/3536
vt 0.092917 0.893750
vn -0.707107 0.000000 0.707107
vt 0.092917 0.890833
vn -0.707107 0.000000 0.707107
vt -0.092917 0.890833
vn -0.707107 0.000000 0.707107
vt -0.092917 0.893750
vn -0.707107 0.000000 0.707107
f 1119/3537/3537 1120/3538/3538 1112/3539/3539 1111/3540/3540
vt 0.092917 0.890833
vn -1.000000 0.000000 -0.000000
vt 0.092917 0.867500
vn -1.000000 0.000000 -0.000000
vt -0.092917 0.867500
vn -1.000000 0.000000 -0.000000
vt -0.092917 0.890833
vn -1.000000 0.000000 -0.000000
f 1120/3541/3541 1113/3542/3542 1105/3543/3543 1112/3544/3544
vt 0.095833 0.868317
vn -0.645915 0.406926 -0.645915
vt 0.095833 0.865604
vn -0.645915 0.406926 -0.645915
vt 0.092917 0.864583
vn -0.645915 0.406926 -0.645915
vt 0.092917 0.867500
vn -0.645915 0.406926 -0.645915
f 1121/3545/3545 1122/3546/3546 1114/3547/3547 1113/3548/3548
vt -0.044183 0.095833
vn 0.000000 0.330350 -0.943858
vt -0.022483 0.095833
vn 0.000000 0.330350 -0.943858
vt -0.021667 0.092917
vn 0.000000 0.330350 -0.943858
vt -0.045000 0.092917
vn 0.000000 0.330350 -0.943858
f 1122/3549/3549 1123/3550/3550 1115/3551/3551 1114/3552/3552
vt 0.095833 0.865604
vn 0.645915 0.406926 -0.645915
vt 0.095833 0.868317
vn 0.645915 0.406926 -0.645915
vt 0.092917 0.867500
vn 0.645915 0.406926 -0.645915
vt 0.092917 0.864583
vn 0.645915 0.406926 -0.645915
f 1123/3553/3553 1124/3554/3554 1116/3555/3555 1115/3556/3556
vt 0.095833 0.868317
vn 0.943858 0.330350 -0.000000
vt 0.095833 0.890017
vn 0.943858 0.330350 -0.000000
vt 0.092917 0.890833
vn 0.943858 0.330350 -0.000000
vt 0.092917 0.867500
vn 0.943858 0.330350 -0.000000
f 1124/3557/3557 1125/3558/3558 1117/3559/3559 1116/3560/3560
vt 0.095833 0.890017
vn 0.645915 0.406926 0.645915
vt 0.095833 0.892729
vn 0.645915 0.406926 0.645915
vt 0.092917 0.893750
vn 0.645915 0.406926 0.645915
vt 0.092917 0.890833
vn 0.645915 0.406926 0.645915
f 1125/3561/3561 1126/3562/3562 1118/3563/3563 1117/3564/3564
vt -0.022483 0.095833
vn 0.000000 0.330350 0.943858
vt -0.044183 0.095833
vn 0.000000 0.330350 0.943858
vt -0.045000 0.092917
vn 0.000000 0.330350 0.943858
vt -0.021667 0.092917
vn 0.000000 0.330350 0.943858
f 1126/3565/3565 1127/3566/3566 1119/3567/3567 1118/3568/3568
vt 0.095833 0.892729
vn -0.645915 0.406926 0.645915
vt 0.095833 0.890017
vn -0.645915 0.406926 0.645915
vt 0.092917 0.890833
vn -0.645915 0.406926 0.645915
vt 0.092917 0.893750
vn -0.645915 0.406926 0.645915
f 1127/3569/3569 1128/3570/3570 1120/3571/3571 1119/3572/3572
vt 0.095833 0.890017
vn -0.943858 0.330350 0.000000
vt 0.095833 0.868317
vn -0.943858 0.330350 0.000000
vt 0.092917 0.867500
vn -0.943858 0.330350 0.000000
vt 0.092917 0.890833
vn -0.943858 0.330350 0.000000
f 1128/3573/3573 1121/3574/3574 1113/3575/3575 1120/3576/3576
v 0.237250 -1.150000 10.419800
v 0.269800 -1.150000 10.387250
v 0.530200 -1.150000 10.387250
v 0.562750 -1.150000 10.419800
v 0.562750 -1.150000 10.680200
v 0.530200 -1.150000 10.712750
v 0.269800 -1.150000 10.712750
v 0.237250 -1.150000 10.680200
v 0.225000 -1.115000 10.410000
v 0.260000 -1.115000 10.375000
v 0.540000 -1.115000 10.375000
v 0.575000 -1.115000 10.410000
v 0.575000 -1.115000 10.690000
v 0.540000 -1.115000 10.725000
v 0.260000 -1.115000 10.725000
v 0.225000 -1.115000 10.690000
v 0.225000 1.115000 10.410000
v 0.260000 1.115000 10.375000
v 0.540000 1.115000 10.375000
v 0.575000 1.115000 10.410000
v 0.575000 1.115000 10.690000
v 0.540000 1.115000 10.725000
v 0.260000 1.115000 10.725000
v 0.225000 1.115000 10.690000
v 0.237250 1.150000 10.419800
v 0.269800 1.150000 10.387250
v 0.530200 1.150000 10.387250
v 0.562750 1.150000 10.419800
v 0.562750 1.150000 10.680200
v 0.530200 1.150000 10.712750
v 0.269800 1.150000 10.712750
v 0.237250 1.150000 10.680200
vt 0.019771 0.868317
vn 0.000000 -1.000000 0.000000
vt 0.022483 0.865604
vn 0.000000 -1.000000 0.000000
vt 0.044183 0.865604
vn 0.000000 -1.000000 0.000000
vt 0.046896 0.868317
vn 0.000000 -1.000000 0.000000
vt 0.046896 0.890017
vn 0.000000 -1.000000 0.000000
vt 0.044183 0.892729
vn 0.000000 -1.000000 0.000000
vt 0.022483 0.892729
vn 0.000000 -1.000000 0.000000
vt 0.019771 0.890017
vn 0.000000 -1.000000 0.000000
f 1129/3577/3577 1130/3578/3578 1131/3579/3579 1132/3580/3580 1133/3581/3581 1134/3582/3582 1135/3583/3583 1136/3584/3584
vt 0.019771 0.890017
vn 0.000000 1.000000 0.000000
vt 0.022483 0.892729
vn 0.000000 1.000000 0.000000
vt 0.044183 0.892729
vn 0.000000 1.000000 0.000000
vt 0.046896 0.890017
vn 0.000000 1.000000 0.000000
vt 0.046896 0.868317
vn 0.000000 1.000000 0.000000
vt 0.044183 0.865604
vn 0.000000 1.000000 0.000000
vt 0.022483 0.865604
vn 0.000000 1.000000 0.000000
vt 0.019771 0.868317
vn 0.000000 1.000000 0.000000
f 1160/3585/3585 1159/3586/3586 1158/3587/3587 1157/3588/3588 1156/3589/3589 1155/3590/3590 1154/3591/3591 1153/3592/3592
vt -0.092917 0.867500
vn -0.645915 -0.406926 -0.645915
vt -0.092917 0.864583
vn -0.645915 -0.406926 -0.645915
vt -0.095833 0.865604
vn -0.645915 -0.406926 -0.645915
vt -0.095833 0.868317
vn -0.645915 -0.406926 -0.645915
f 1137/3593/3593 1138/3594/3594 1130/3595/3595 1129/3596/3596
vt 0.021667 -0.092917
vn 0.000000 -0.330350 -0.943858
vt 0.045000 -0.092917
vn 0.000000 -0.330350 -0.943858
vt 0.044183 -0.095833
vn 0.000000 -0.330350 -0.943858
vt 0.022483 -0.095833
vn 0.000000 -0.330350 -0.943858
f 1138/3597/3597 1139/3598/3598 1131/3599/3599 1130/3600/3600
vt -0.092917 0.864583
vn 0.645915 -0.406926 -0.645915
vt -0.092917 0.867500
vn 0.645915 -0.406926 -0.645915
vt -0.095833 0.868317
vn 0.645915 -0.406926 -0.645915
vt -0.095833 0.865604
vn 0.645915 -0.406926 -0.645915
f 1139/3601/3601 1140/3602/3602 1132/3603/3603 1131/3604/3604
vt -0.092917 0.867500
vn 0.943858 -0.330350 0.000000
vt -0.092917 0.890833
vn 0.943858 -0.330350 0.000000
vt -0.095833 0.890017
vn 0.943858 -0.330350 0.000000
vt -0.095833 0.868317
vn 0.943858 -0.330350 0.000000
f 1140/3605/3605 1141/3606/3606 1133/3607/3607 1132/3608/3608
vt -0.092917 0.890833
vn 0.645915 -0.406926 0.645915
vt -0.092917 0.893750
vn 0.645915 -0.406926 0.645915
vt -0.095833 0.892729
vn 0.645915 -0.406926 0.645915
vt -0.095833 0.890017
vn 0.645915 -0.406926 0.645915
f 1141/3609/3609 1142/3610/3610 1134/3611/3611 1133/3612/3612
vt 0.045000 -0.092917
vn 0.000000 -0.330350 0.943858
vt 0.021667 -0.092917
vn 0.000000 -0.330350 0.943858
vt 0.022483 -0.095833
vn 0.000000 -0.330350 0.943858
vt 0.044183 -0.095833
vn 0.000000 -0.330350 0.943858
f 1142/3613/3613 1143/3614/3614 1135/3615/3615 1134/3616/3616
vt -0.092917 0.893750
vn -0.645915 -0.406926 0.645915
vt -0.092917 0.890833
vn -0.645915 -0.406926 0.645915
vt -0.095833 0.890017
vn -0.645915 -0.406926 0.645915
vt -0.095833 0.892729
vn -0.645915 -0.406926 0.645915
f 1143/3617/3617 1144/3618/3618 1136/3619/3619 1135/3620/3620
vt -0.092917 0.890833
vn -0.943858 -0.330350 -0.000000
vt -0.092917 0.867500
vn -0.943858 -0.330350 -0.000000
vt -0.095833 0.868317
vn -0.943858 -0.330350 -0.000000
vt -0.095833 0.890017
vn -0.943858 -0.330350 -0.000000
f 1144/3621/3621 1137/3622/3622 1129/3623/3623 1136/3624/3624
vt 0.092917 0.867500
vn -0.707107 0.000000 -0.707107
vt 0.092917 0.864583
vn -0.707107 0.000000 -0.707107
vt -0.092917 0.864583
vn -0.707107 0.000000 -0.707107
vt -0.092917 0.867500
vn -0.707107 0.000000 -0.707107
f 1145/3625/3625 1146/3626/3626 1138/3627/3627 1137/3628/3628
vt 0.021667 0.092917
vn 0.000000 0.000000 -1.000000
vt 0.045000 0.092917
vn 0.000000 0.000000 -1.000000
vt 0.045000 -0.092917
vn 0.000000 0.000000 -1.000000
vt 0.021667 -0.092917
vn 0.000000 0.000000 -1.000000
f 1146/3629/3629 1147/3630/3630 1139/3631/3631 1138/3632/3632
vt 0.092917 0.864583
vn 0.707107 0.000000 -0.707107
vt 0.092917 0.867500
vn 0.707107 0.000000 -0.707107
vt -0.092917 0.867500
vn 0.707107 0.000000 -0.707107
vt -0.092917 0.864583
vn 0.707107 0.000000 -0.707107
f 1147/3633/3633 1148/3634/3634 1140/3635/3635 1139/3636/3636
vt 0.092917 0.867500
vn 1.000000 0.000000 -0.000000
vt 0.092917 0.890833
vn 1.000000 0.000000 -0.000000
vt -0.092917 0.890833
vn 1.000000 0.000000 -0.000000
vt -0.092917 0.867500
vn 1.000000 0.000000 -0.000000
f 1148/3637/3637 1149/3638/3638 1141/3639/3639 1140/3640/3640
vt 0.092917 0.890833
vn 0.707107 0.000000 0.707107
vt 0.092917 0.893750
vn 0.707107 0.000000 0.707107
vt -0.092917 0.893750
vn 0.707107 0.000000 0.707107
vt -0.092917 0.890833
vn 0.707107 0.000000 0.707107
f 1149/3641/3641 1150/3642/3642 1142/3643/3643 1141/3644/3644
vt 0.045000 0.092917
vn 0.000000 0.000000 1.000000
vt 0.021667 0.092917
vn 0.000000 0.000000 1.000000
vt 0.021667 -0.092917
vn 0.000000 0.000000 1.000000
vt 0.045000 -0.092917
vn 0.000000 0.000000 1.000000
f 1150/3645/3645 1151/3646/3646 1143/3647/3647 1142/3648/3648
vt 0.092917 0.893750
vn -0.707107 0.000000 0.707107
vt 0.092917 0.890833
vn -0.707107 0.000000 0.707107
vt -0.092917 0.890833
vn -0.707107 0.000000 0.707107
vt -0.092917 0.893750
vn -0.707107 0.000000 0.707107
f 1151/3649/3649 1152/3650/3650 1144/3651/3651 1143/3652/3652
vt 0.092917 0.890833
vn -1.000000 0.000000 -0.000000
vt 0.092917 0.867500
vn -1.000000 0.000000 -0.000000
vt -0.092917 0.867500
vn -1.000000 0.000000 -0.000000
vt -0.092917 0.890833
vn -1.000000 0.000000 -0.000000
f 1152/3653/3653 1145/3654/3654 1137/3655/3655 1144/3656/3656
vt 0.095833 0.868317
vn -0.645915 0.406926 -0.645915
vt 0.095833 0.865604
vn -0.645915 0.406926 -0.645915
vt 0.092917 0.864583
vn -0.645915 0.406926 -0.645915
vt 0.092917 0.867500
vn -0.645915 0.406926 -0.645915
f 1153/3657/3657 1154/3658/3658 1146/3659/3659 1145/3660/3660
vt 0.022483 0.095833
vn 0.000000 0.330350 -0.943858
vt 0.044183 0.095833
vn 0.000000 0.330350 -0.943858
vt 0.045000 0.092917
vn 0.000000 0.330350 -0.943858
vt 0.021667 0.092917
vn 0.000000 0.330350 -0.943858
f 1154/3661/3661 1155/3662/3662 1147/3663/3663 1146/3664/3664
vt 0.095833 0.865604
vn 0.645915 0.406926 -0.645915
vt 0.095833 0.868317
vn 0.645915 0.406926 -0.645915
vt 0.092917 0.867500
vn 0.645915 0.406926 -0.645915
vt 0.092917 0.864583
vn 0.645915 0.406926 -0.645915
f 1155/3665/3665 1156/3666/3666 1148/3667/3667 1147/3668/3668
vt 0.095833 0.868317
vn 0.943858 0.330350 -0.000000
vt 0.095833 0.890017
vn 0.943858 0.330350 -0.000000
vt 0.092917 0.890833
vn 0.943858 0.330350 -0.000000
vt 0.092917 0.867500
vn 0.943858 0.330350 -0.000000
f 1156/3669/3669 1157/3670/3670 1149/3671/3671 1148/3672/3672
vt 0.095833 0.890017
vn 0.645915 0.406926 0.645915
vt 0.095833 0.892729
vn 0.645915 0.406926 0.645915
vt 0.092917 0.893750
vn 0.645915 0.406926 0.645915
vt 0.092917 0.890833
vn 0.645915 0.406926 0.645915
f 1157/3673/3673 1158/3674/3674 1150/3675/3675 1149/3676/3676
vt 0.044183 0.095833
vn 0.000000 0.330350 0.943858
vt 0.022483 0.095833
vn 0.000000 0.330350 0.943858
vt 0.021667 0.092917
vn 0.000000 0.330350 0.943858
vt 0.045000 0.092917
vn 0.000000 0.330350 0.943858
f 1158/3677/3677 1159/3678/3678 1151/3679/3679 1150/3680/3680
vt 0.095833 0.892729
vn -0.645915 0.406926 0.645915
vt 0.095833 0.890017
vn -0.645915 0.406926 0.645915
vt 0.092917 0.890833
vn -0.645915 0.406926 0.645915
vt 0.092917 0.893750
vn -0.645915 0.406926 0.645915
f 1159/3681/3681 1160/3682/3682 1152/3683/3683 1151/3684/3684
vt 0.095833 0.890017
vn -0.943858 0.330350 0.000000
vt 0.095833 0.868317
vn -0.943858 0.330350 0.000000
vt 0.092917 0.867500
vn -0.943858 0.330350 0.000000
vt 0.092917 0.890833
vn -0.943858 0.330350 0.000000
f 1160/3685/3685 1153/3686/3686 1145/3687/3687 1152/3688/3688
v 1.037250 -1.150000 10.419800
v 1.069800 -1.150000 10.387250
v 1.330200 -1.150000 10.387250
v 1.362750 -1.150000 10.419800
v 1.362750 -1.150000 10.680200
v 1.330200 -1.150000 10.712750
v 1.069800 -1.150000 10.712750
v 1.037250 -1.150000 10.680200
v 1.025000 -1.115000 10.410000
v 1.060000 -1.115000 10.375000
v 1.340000 -1.115000 10.375000
v 1.375000 -1.115000 10.410000
v 1.375000 -1.115000 10.690000
v 1.340000 -1.115000 10.725000
v 1.060000 -1.115000 10.725000
v 1.025000 -1.115000 10.690000
v 1.025000 1.115000 10.410000
v 1.060000 1.115000 10.375000
v 1.340000 1.115000 10.375000
v 1.375000 1.115000 10.410000
v 1.375000 1.115000 10.690000
v 1.340000 1.115000 10.725000
v 1.060000 1.115000 10.725000
v 1.025000 1.115000 10.690000
v 1.037250 1.150000 10.419800
v 1.069800 1.150000 10.387250
v 1.330200 1.150000 10.387250
v 1.362750 1.150000 10.419800
v 1.362750 1.150000 10.680200
v 1.330200 1.150000 10.712750
v 1.069800 1.150000 10.712750
v 1.037250 1.150000 10.680200
vt 0.086438 0.868317
vn 0.000000 -1.000000 0.000000
vt 0.089150 0.865604
vn 0.000000 -1.000000 0.000000
vt 0.110850 0.865604
vn 0.000000 -1.000000 0.000000
vt 0.113563 0.868317
vn 0.000000 -1.000000 0.000000
vt 0.113563 0.890017
vn 0.000000 -1.000000 0.000000
vt 0.110850 0.892729
vn 0.000000 -1.000000 0.000000
vt 0.089150 0.892729
vn 0.000000 -1.000000 0.000000
vt 0.086438 0.890017
vn 0.000000 -1.000000 0.000000
f 1161/3689/3689 1162/3690/3690 1163/3691/3691 1164/3692/3692 1165/3693/3693 1166/3694/3694 1167/3695/3695 1168/3696/3696
vt 0.086438 0.890017
vn 0.000000 1.000000 0.000000
vt 0.089150 0.892729
vn 0.000000 1.000000 0.000000
vt 0.110850 0.892729
vn 0.000000 1.000000 0.000000
vt 0.113563 0.890017
vn 0.000000 1.000000 0.000000
vt 0.113563 0.868317
vn 0.000000 1.000000 0.000000
vt 0.110850 0.865604
vn 0.000000 1.000000 0.000000
vt 0.089150 0.865604
vn 0.000000 1.000000 0.000000
vt 0.086438 0.868317
vn 0.000000 1.000000 0.000000
f 1192/3697/3697 1191/3698/3698 1190/3699/3699 1189/3700/3700 1188/3701/3701 1187/3702/3702 1186/3703/3703 1185/3704/3704
vt -0.092917 0.867500
vn -0.645915 -0.406926 -0.645915
vt -0.092917 0.864583
vn -0.645915 -0.406926 -0.645915
vt -0.095833 0.865604
vn -0.645915 -0.406926 -0.645915
vt -0.095833 0.868317
vn -0.645915 -0.406926 -0.645915
f 1169/3705/3705 1170/3706/3706 1162/3707/3707 1161/3708/3708
vt 0.088333 -0.092917
vn 0.000000 -0.330350 -0.943858
vt 0.111667 -0.092917
vn 0.000000 -0.330350 -0.943858
vt 0.110850 -0.095833
vn 0.000000 -0.330350 -0.943858
vt 0.089150 -0.095833
vn 0.000000 -0.330350 -0.943858
f 1170/3709/3709 1171/3710/3710 1163/3711/3711 1162/3712/3712
vt -0.092917 0.864583
vn 0.645915 -0.406926 -0.645915
vt -0.092917 0.867500
vn 0.645915 -0.406926 -0.645915
vt -0.095833 0.868317
vn 0.645915 -0.406926 -0.645915
vt -0.095833 0.865604
vn 0.645915 -0.406926 -0.645915
f 1171/3713/3713 1172/3714/3714 1164/3715/3715 1163/3716/3716
vt -0.092917 0.867500
vn 0.943858 -0.330350 0.000000
vt -0.092917 0.890833
vn 0.943858 -0.330350 0.000000
vt -0.095833 0.890017
vn 0.943858 -0.330350 0.000000
vt -0.095833 0.868317
vn 0.943858 -0.330350 0.000000
f 1172/3717/3717 1173/3718/3718 1165/3719/3719 1164/3720/3720
vt -0.092917 0.890833
vn 0.645915 -0.406926 0.645915
vt -0.092917 0.893750
vn 0.645915 -0.406926 0.645915
vt -0.095833 0.892729
vn 0.645915 -0.406926 0.645915
vt -0.095833 0.890017
vn 0.645915 -0.406926 0.645915
f 1173/3721/3721 1174/3722/3722 1166/3723/3723 1165/3724/3724
vt 0.111667 -0.092917
vn 0.000000 -0.330350 0.943858
vt 0.088333 -0.092917
vn 0.000000 -0.330350 0.943858
vt 0.089150 -0.095833
vn 0.000000 -0.330350 0.943858
vt 0.110850 -0.095833
vn 0.000000 -0.330350 0.943858
f 1174/3725/3725 1175/3726/3726 1167/3727/3727 1166/3728/3728
vt -0.092917 0.893750
vn -0.645915 -0.406926 0.645915
vt -0.092917 0.890833
vn -0.645915 -0.406926 0.645915
vt -0.095833 0.890017
vn -0.645915 -0.406926 0.645915
vt -0.095833 0.892729
vn -0.645915 -0.406926 0.645915
f 1175/3729/3729 1176/3730/3730 1168/3731/3731 1167/3732/3732
vt -0.092917 0.890833
vn -0.943858 -0.330350 -0.000000
vt -0.092917 0.867500
vn -0.943858 -0.330350 -0.000000
vt -0.095833 0.868317
vn -0.943858 -0.330350 -0.000000
vt -0.095833 0.890017
vn -0.943858 -0.330350 -0.000000
f 1176/3733/3733 1169/3734/3734 1161/3735/3735 1168/3736/3736
vt 0.092917 0.867500
vn -0.707107 0.000000 -0.707107
vt 0.092917 0.864583
vn -0.707107 0.000000 -0.707107
vt -0.092917 0.864583
vn -0.707107 0.000000 -0.707107
vt -0.092917 0.867500
vn -0.707107 0.000000 -0.707107
f 1177/3737/3737 1178/3738/3738 1170/3739/3739 1169/3740/3740
vt 0.088333 0.092917
vn 0.000000 0.000000 -1.000000
vt 0.111667 0.092917
vn 0.000000 0.000000 -1.000000
vt 0.111667 -0.092917
vn 0.000000 0.000000 -1.000000
vt 0.088333 -0.092917
vn 0.000000 0.000000 -1.000000
f 1178/3741/3741 1179/3742/3742 1171/3743/3743 1170/3744/3744
vt 0.092917 0.864583
vn 0.707107 0.000000 -0.707107
vt 0.092917 0.867500
vn 0.707107 0.000000 -0.707107
vt -0.092917 0.867500
vn 0.707107 0.000000 -0.707107
vt -0.092917 0.864583
vn 0.707107 0.000000 -0.707107
f 1179/3745/3745 1180/3746/3746 1172/3747/3747 1171/3748/3748
vt 0.092917 0.867500
vn 1.000000 0.000000 -0.000000
vt 0.092917 0.890833
vn 1.000000 0.000000 -0.000000
vt -0.092917 0.890833
vn 1.000000 0.000000 -0.000000
vt -0.092917 0.867500
vn 1.000000 0.000000 -0.000000
f 1180/3749/3749 1181/3750/3750 1173/3751/3751 1172/3752/3752
vt 0.092917 0.890833
vn 0.707107 0.000000 0.707107
vt 0.092917 0.893750
vn 0.707107 0.000000 0.707107
vt -0.092917 0.893750
vn 0.707107 0.000000 0.707107
vt -0.092917 0.890833
vn 0.707107 0.000000 0.707107
f 1181/3753/3753 1182/3754/3754 1174/3755/3755 1173/3756/3756
vt 0.111667 0.092917
vn 0.000000 0.000000 1.000000
vt 0.088333 0.092917
vn 0.000000 0.000000 1.000000
vt 0.088333 -0.092917
vn 0.000000 0.000000 1.000000
vt 0.111667 -0.092917
vn 0.000000 0.000000 1.000000
f 1182/3757/3757 1183/3758/3758 1175/3759/3759 1174/3760/3760
vt 0.092917 0.893750
vn -0.707107 0.000000 0.707107
vt 0.092917 0.890833
vn -0.707107 0.000000 0.707107
vt -0.092917 0.890833
vn -0.707107 0.000000 0.707107
vt -0.092917 0.893750
vn -0.707107 0.000000 0.707107
f 1183/3761/3761 1184/3762/3762 1176/3763/3763 1175/3764/3764
vt 0.092917 0.890833
vn -1.000000 0.000000 -0.000000
vt 0.092917 0.867500
vn -1.000000 0.000000 -0.000000
vt -0.092917 0.867500
vn -1.000000 0.000000 -0.000000
vt -0.092917 0.890833
vn -1.000000 0.000000 -0.000000
f 1184/3765/3765 1177/3766/3766 1169/3767/3767 1176/3768/3768
vt 0.095833 0.868317
vn -0.645915 0.406926 -0.645915
vt 0.095833 0.865604
vn -0.645915 0.406926 -0.645915
vt 0.092917 0.864583
vn -0.645915 0.406926 -0.645915
vt 0.092917 0.867500
vn -0.645915 0.406926 -0.645915
f 1185/3769/3769 1186/3770/3770 1178/3771/3771 1177/3772/3772
vt 0.089150 0.095833
vn 0.000000 0.330350 -0.943858
vt 0.110850 0.095833
vn 0.000000 0.330350 -0.943858
vt 0.111667 0.092917
vn 0.000000 0.330350 -0.943858
vt 0.088333 0.092917
vn 0.000000 0.330350 -0.943858
f 1186/3773/3773 1187/3774/3774 1179/3775/3775 1178/3776/3776
vt 0.095833 0.865604
vn 0.645915 0.406926 -0.645915
vt 0.095833 0.868317
vn 0.645915 0.406926 -0.645915
vt 0.092917 0.867500
vn 0.645915 0.406926 -0.645915
vt 0.092917 0.864583
vn 0.645915 0.406926 -0.645915
f 1187/3777/3777 1188/3778/3778 1180/3779/3779 1179/3780/3780
vt 0.095833 0.868317
vn 0.943858 0.330350 -0.000000
vt 0.095833 0.890017
vn 0.943858 0.330350 -0.000000
vt 0.092917 0.890833
vn 0.943858 0.330350 -0.000000
vt 0.092917 0.867500
vn 0.943858 0.330350 -0.000000
f 1188/3781/3781 1189/3782/3782 1181/3783/3783 1180/3784/3784
vt 0.095833 0.890017
vn 0.645915 0.406926 0.645915
vt 0.095833 0.892729
vn 0.645915 0.406926 0.645915
vt 0.092917 0.893750
vn 0.645915 0.406926 0.645915
vt 0.092917 0.890833
vn 0.645915 0.406926 0.645915
f 1189/3785/3785 1190/3786/3786 1182/3787/3787 1181/3788/3788
vt 0.110850 0.095833
vn 0.000000 0.330350 0.943858
vt 0.089150 0.095833
vn 0.000000 0.330350 0.943858
vt 0.088333 0.092917
vn 0.000000 0.330350 0.943858
vt 0.111667 0.092917
vn 0.000000 0.330350 0.943858
f 1190/3789/3789 1191/3790/3790 1183/3791/3791 1182/3792/3792
vt 0.095833 0.892729
vn -0.645915 0.406926 0.645915
vt 0.095833 0.890017
vn -0.645915 0.406926 0.645915
vt 0.092917 0.890833
vn -0.645915 0.406926 0.645915
vt 0.092917 0.893750
vn -0.645915 0.406926 0.645915
f 1191/3793/3793 1192/3794/3794 1184/3795/3795 1183/3796/3796
vt 0.095833 0.890017
vn -0.943858 0.330350 0.000000
vt 0.095833 0.868317
vn -0.943858 0.330350 0.000000
vt 0.092917 0.867500
vn -0.943858 0.330350 0.000000
vt 0.092917 0.890833
vn -0.943858 0.330350 0.000000
f 1192/3797/3797 1185/3798/3798 1177/3799/3799 1184/3800/3800
v 1.837250 -1.150000 10.419800
v 1.869800 -1.150000 10.387250
v 2.130200 -1.150000 10.387250
v 2.162750 -1.150000 10.419800
v 2.162750 -1.150000 10.680200
v 2.130200 -1.150000 10.712750
v 1.869800 -1.150000 10.712750
v 1.837250 -1.150000 10.680200
v 1.825000 -1.115000 10.410000
v 1.860000 -1.115000 10.375000
v 2.140000 -1.115000 10.375000
v 2.175000 -1.115000 10.410000
v 2.175000 -1.115000 10.690000
v 2.140000 -1.115000 10.725000
v 1.860000 -1.115000 10.725000
v 1.825000 -1.115000 10.690000
v 1.825000 1.115000 10.410000
v 1.860000 1.115000 10.375000
v 2.140000 1.115000 10.375000
v 2.175000 1.115000 10.410000
v 2.175000 1.115000 10.690000
v 2.140000 1.115000 10.725000
v 1.860000 1.115000 10.725000
v 1.825000 1.115000 10.690000
v 1.837250 1.150000 10.419800
v 1.869800 1.150000 10.387250
v 2.130200 1.150000 10.387250
v 2.162750 1.150000 10.419800
v 2.162750 1.150000 10.680200
v 2.130200 1.150000 10.712750
v 1.869800 1.150000 10.712750
v 1.837250 1.150000 10.680200
vt 0.153104 0.868317
vn 0.000000 -1.000000 0.000000
vt 0.155817 0.865604
vn 0.000000 -1.000000 0.000000
vt 0.177517 0.865604
vn 0.000000 -1.000000 0.000000
vt 0.180229 0.868317
vn 0.000000 -1.000000 0.000000
vt 0.180229 0.890017
vn 0.000000 -1.000000 0.000000
vt 0.177517 0.892729
vn 0.000000 -1.000000 0.000000
vt 0.155817 0.892729
vn 0.000000 -1.000000 0.000000
vt 0.153104 0.890017
vn 0.000000 -1.000000 0.000000
f 1193/3801/3801 1194/3802/3802 1195/3803/3803 1196/3804/3804 1197/3805/3805 1198/3806/3806 1199/3807/3807 1200/3808/3808
vt 0.153104 0.890017
vn 0.000000 1.000000 0.000000
vt 0.155817 0.892729
vn 0.000000 1.000000 0.000000
vt 0.177517 0.892729
vn 0.000000 1.000000 0.000000
vt 0.180229 0.890017
vn 0.000000 1.000000 0.000000
vt 0.180229 0.868317
vn 0.000000 1.000000 0.000000
vt 0.177517 0.865604
vn 0.000000 1.000000 0.000000
vt 0.155817 0.865604
vn 0.000000 1.000000 0.000000
vt 0.153104 0.868317
vn 0.000000 1.000000 0.000000
f 1224/3809/3809 1223/3810/3810 1222/3811/3811 1221/3812/3812 1220/3813/3813 1219/3814/3814 1218/3815/3815 1217/3816/3816
vt -0.092917 0.867500
vn -0.645915 -0.406926 -0.645915
vt -0.092917 0.864583
vn -0.645915 -0.406926 -0.645915
vt -0.095833 0.865604
vn -0.645915 -0.406926 -0.645915
vt -0.095833 0.868317
vn -0.645915 -0.406926 -0.645915
f 1201/3817/3817 1202/3818/3818 1194/3819/3819 1193/3820/3820
vt 0.155000 -0.092917
vn 0.000000 -0.330350 -0.943858
vt 0.178333 -0.092917
vn 0.000000 -0.330350 -0.943858
vt 0.177517 -0.095833
vn 0.000000 -0.330350 -0.943858
vt 0.155817 -0.095833
vn 0.000000 -0.330350 -0.943858
f 1202/3821/3821 1203/3822/3822 1195/3823/3823 1194/3824/3824
vt -0.092917 0.864583
vn 0.645915 -0.406926 -0.645915
vt -0.092917 0.867500
vn 0.645915 -0.406926 -0.645915
vt -0.095833 0.868317
vn 0.645915 -0.406926 -0.645915
vt -0.095833 0.865604
vn 0.645915 -0.406926 -0.645915
f 1203/3825/3825 1204/3826/3826 1196/3827/3827 1195/3828/3828
vt -0.092917 0.867500
vn 0.943858 -0.330350 0.000000
vt -0.092917 0.890833
vn 0.943858 -0.330350 0.000000
vt -0.095833 0.890017
vn 0.943858 -0.330350 0.000000
vt -0.095833 0.868317
vn 0.943858 -0.330350 0.000000
f 1204/3829/3829 1205/3830/3830 1197/3831/3831 1196/3832/3832
vt -0.092917 0.890833
vn 0.645915 -0.406926 0.645915
vt -0.092917 0.893750
vn 0.645915 -0.406926 0.645915
vt -0.095833 0.892729
vn 0.645915 -0.406926 0.645915
vt -0.095833 0.890017
vn 0.645915 -0.406926 0.645915
f 1205/3833/3833 1206/3834/3834 1198/3835/3835 1197/3836/3836
vt 0.178333 -0.092917
vn 0.000000 -0.330350 0.943858
vt 0.155000 -0.092917
vn 0.000000 -0.330350 0.943858
vt 0.155817 -0.095833
vn 0.000000 -0.330350 0.943858
vt 0.177517 -0.095833
vn 0.000000 -0.330350 0.943858
f 1206/3837/3837 1207/3838/3838 1199/3839/3839 1198/3840/3840
vt -0.092917 0.893750
vn -0.645915 -0.406926 0.645915
vt -0.092917 0.890833
vn -0.645915 -0.406926 0.645915
vt -0.095833 0.890017
vn -0.645915 -0.406926 0.645915
vt -0.095833 0.892729
vn -0.645915 -0.406926 0.645915
f 1207/3841/3841 1208/3842/3842 1200/3843/3843 1199/3844/3844
vt -0.092917 0.890833
vn -0.943858 -0.330350 -0.000000
vt -0.092917 0.867500
vn -0.943858 -0.330350 -0.000000
vt -0.095833 0.868317
vn -0.943858 -0.330350 -0.000000
vt -0.095833 0.890017
vn -0.943858 -0.330350 -0.000000
f 1208/3845/3845 1201/3846/3846 1193/3847/3847 1200/3848/3848
vt 0.092917 0.867500
vn -0.707107 0.000000 -0.707107
vt 0.092917 0.864583
vn -0.707107 0.000000 -0.707107
vt -0.092917 0.864583
vn -0.707107 0.000000 -0.707107
vt -0.092917 0.867500
vn -0.707107 0.000000 -0.707107
f 1209/3849/3849 1210/3850/3850 1202/3851/3851 1201/3852/3852
vt 0.155000 0.092917
vn 0.000000 0.000000 -1.000000
vt 0.178333 0.092917
vn 0.000000 0.000000 -1.000000
vt 0.178333 -0.092917
vn 0.000000 0.000000 -1.000000
vt 0.155000 -0.092917
vn 0.000000 0.000000 -1.000000
f 1210/3853/3853 1211/3854/3854 1203/3855/3855 1202/3856/3856
vt 0.092917 0.864583
vn 0.707107 0.000000 -0.707107
vt 0.092917 0.867500
vn 0.707107 0.000000 -0.707107
vt -0.092917 0.867500
vn 0.707107 0.000000 -0.707107
vt -0.092917 0.864583
vn 0.707107 0.000000 -0.707107
f 1211/3857/3857 1212/3858/3858 1204/3859/3859 1203/3860/3860
vt 0.092917 0.867500
vn 1.000000 0.000000 -0.000000
vt 0.092917 0.890833
vn 1.000000 0.000000 -0.000000
vt -0.092917 0.890833
vn 1.000000 0.000000 -0.000000
vt -0.092917 0.867500
vn 1.000000 0.000000 -0.000000
f 1212/3861/3861 1213/3862/3862 1205/3863/3863 1204/3864/3864
vt 0.092917 0.890833
vn 0.707107 0.000000 0.707107
vt 0.092917 0.893750
vn 0.707107 0.000000 0.707107
vt -0.092917 0.893750
vn 0.707107 0.000000 0.707107
vt -0.092917 0.890833
vn 0.707107 0.000000 0.707107
f 1213/3865/3865 1214/3866/3866 1206/3867/3867 1205/3868/3868
vt 0.178333 0.092917
vn 0.000000 0.000000 1.000000
vt 0.155000 0.092917
vn 0.000000 0.000000 1.000000
vt 0.155000 -0.092917
vn 0.000000 0.000000 1.000000
vt 0.178333 -0.092917
vn 0.000000 0.000000 1.000000
f 1214/3869/3869 1215/3870/3870 1207/3871/3871 1206/3872/3872
vt 0.092917 0.893750
vn -0.707107 0.000000 0.707107
vt 0.092917 0.890833
vn -0.707107 0.000000 0.707107
vt -0.092917 0.890833
vn -0.707107 0.000000 0.707107
vt -0.092917 0.893750
vn -0.707107 0.000000 0.707107
f 1215/3873/3873 1216/3874/3874 1208/3875/3875 1207/3876/3876
vt 0.092917 0.890833
vn -1.000000 0.000000 -0.000000
vt 0.092917 0.867500
vn -1.000000 0.000000 -0.000000
vt -0.092917 0.867500
vn -1.000000 0.000000 -0.000000
vt -0.092917 0.890833
vn -1.000000 0.000000 -0.000000
f 1216/3877/3877 1209/3878/3878 1201/3879/3879 1208/3880/3880
vt 0.095833 0.868317
vn -0.645915 0.406926 -0.645915
vt 0.095833 0.865604
vn -0.645915 0.406926 -0.645915
vt 0.092917 0.864583
vn -0.645915 0.406926 -0.645915
vt 0.092917 0.867500
vn -0.645915 0.406926 -0.645915
f 1217/3881/3881 1218/3882/3882 1210/3883/3883 1209/3884/3884
vt 0.155817 0.095833
vn 0.000000 0.330350 -0.943858
vt 0.177517 0.095833
vn 0.000000 0.330350 -0.943858
vt 0.178333 0.092917
vn 0.000000 0.330350 -0.943858
vt 0.155000 0.092917
vn 0.000000 0.330350 -0.943858
f 1218/3885/3885 1219/3886/3886 1211/3887/3887 1210/3888/3888
vt 0.095833 0.865604
vn 0.645915 0.406926 -0.645915
vt 0.095833 0.868317
vn 0.645915 0.406926 -0.645915
vt 0.092917 0.867500
vn 0.645915 0.406926 -0.645915
vt 0.092917 0.864583
vn 0.645915 0.406926 -0.645915
f 1219/3889/3889 1220/3890/3890 1212/3891/3891 1211/3892/3892
vt 0.095833 0.868317
vn 0.943858 0.330350 -0.000000
vt 0.095833 0.890017
vn 0.943858 0.330350 -0.000000
vt 0.092917 0.890833
vn 0.943858 0.330350 -0.000000
vt 0.092917 0.867500
vn 0.943858 0.330350 -0.000000
f 1220/3893/3893 1221/3894/3894 1213/3895/3895 1212/3896/3896
vt 0.095833 0.890017
vn 0.645915 0.406926 0.645915
vt 0.095833 0.892729
vn 0.645915 0.406926 0.645915
vt 0.092917 0.893750
vn 0.645915 0.406926 0.645915
vt 0.092917 0.890833
vn 0.645915 0.406926 0.645915
f 1221/3897/3897 1222/3898/3898 1214/3899/3899 1213/3900/3900
vt 0.177517 0.095833
vn 0.000000 0.330350 0.943858
vt 0.155817 0.095833
vn 0.000000 0.330350 0.943858
vt 0.155000 0.092917
vn 0.000000 0.330350 0.943858
vt 0.178333 0.092917
vn 0.000000 0.330350 0.943858
f 1222/3901/3901 1223/3902/3902 1215/3903/3903 1214/3904/3904
vt 0.095833 0.892729
vn -0.645915 0.406926 0.645915
vt 0.095833 0.890017
vn -0.645915 0.406926 0.645915
vt 0.092917 0.890833
vn -0.645915 0.406926 0.645915
vt 0.092917 0.893750
vn -0.645915 0.406926 0.645915
f 1223/3905/3905 1224/3906/3906 1216/3907/3907 1215/3908/3908
vt 0.095833 0.890017
vn -0.943858 0.330350 0.000000
vt 0.095833 0.868317
vn -0.943858 0.330350 0.000000
vt 0.092917 0.867500
vn -0.943858 0.330350 0.000000
vt 0.092917 0.890833
vn -0.943858 0.330350 0.000000
f 1224/3909/3909 1217/3910/3910 1209/3911/3911 1216/3912/3912
v 2.637250 -1.150000 10.419800
v 2.669800 -1.150000 10.387250
v 2.930200 -1.150000 10.387250
v 2.962750 -1.150000 10.419800
v 2.962750 -1.150000 10.680200
v 2.930200 -1.150000 10.712750
v 2.669800 -1.150000 10.712750
v 2.637250 -1.150000 10.680200
v 2.625000 -1.115000 10.410000
v 2.660000 -1.115000 10.375000
v 2.940000 -1.115000 10.375000
v 2.975000 -1.115000 10.410000
v 2.975000 -1.115000 10.690000
v 2.940000 -1.115000 10.725000
v 2.660000 -1.115000 10.725000
v 2.625000 -1.115000 10.690000
v 2.625000 1.115000 10.410000
v 2.660000 1.115000 10.375000
v 2.940000 1.115000 10.375000
v 2.975000 1.115000 10.410000
v 2.975000 1.115000 10.690000
v 2.940000 1.115000 10.725000
v 2.660000 1.115000 10.725000
v 2.625000 1.115000 10.690000
v 2.637250 1.150000 10.419800
v 2.669800 1.150000 10.387250
v 2.930200 1.150000 10.387250
v 2.962750 1.150000 10.419800
v 2.962750 1.150000 10.680200
v 2.930200 1.150000 10.712750
v 2.669800 1.150000 10.712750
v 2.637250 1.150000 10.680200
vt 0.219771 0.868317
vn 0.000000 -1.000000 0.000000
vt 0.222483 0.865604
vn 0.000000 -1.000000 0.000000
vt 0.244183 0.865604
vn 0.000000 -1.000000 0.000000
vt 0.246896 0.868317
vn 0.000000 -1.000000 0.000000
vt 0.246896 0.890017
vn 0.000000 -1.000000 0.000000
vt 0.244183 0.892729
vn 0.000000 -1.000000 0.000000
vt 0.222483 0.892729
vn 0.000000 -1.000000 0.000000
vt 0.219771 0.890017
vn 0.000000 -1.000000 0.000000
f 1225/3913/3913 1226/3914/3914 1227/3915/3915 1228/3916/3916 1229/3917/3917 1230/3918/3918 1231/3919/3919 1232/3920/3920
vt 0.219771 0.890017
vn 0.000000 1.000000 0.000000
vt 0.222483 0.892729
vn 0.000000 1.000000 0.000000
vt 0.244183 0.892729
vn 0.000000 1.000000 0.000000
vt 0.246896 0.890017
vn 0.000000 1.000000 0.000000
vt 0.246896 0.868317
vn 0.000000 1.000000 0.000000
vt 0.244183 0.865604
vn 0.000000 1.000000 0.000000
vt 0.222483 0.865604
vn 0.000000 1.000000 0.000000
vt 0.219771 0.868317
vn 0.000000 1.000000 0.000000
f 1256/3921/3921 1255/3922/3922 1254/3923/3923 1253/3924/3924 1252/3925/3925 1251/3926/3926 1250/3927/3927 1249/3928/3928
vt -0.092917 0.867500
vn -0.645915 -0.406926 -0.645915
vt -0.092917 0.864583
vn -0.645915 -0.406926 -0.645915
vt -0.095833 0.865604
vn -0.645915 -0.406926 -0.645915
vt -0.095833 0.868317
vn -0.645915 -0.406926 -0.645915
f 1233/3929/3929 1234/3930/3930 1226/3931/3931 1225/3932/3932
vt 0.221667 -0.092917
vn 0.000000 -0.330350 -0.943858
vt 0.245000 -0.092917
vn 0.000000 -0.330350 -0.943858
vt 0.244183 -0.095833
vn 0.000000 -0.330350 -0.943858
vt 0.222483 -0.095833
vn 0.000000 -0.330350 -0.943858
f 1234/3933/3933 1235/3934/3934 1227/3935/3935 1226/3936/3936
vt -0.092917 0.864583
vn 0.645915 -0.406926 -0.645915
vt -0.092917 0.867500
vn 0.645915 -0.406926 -0.645915
vt -0.095833 0.868317
vn 0.645915 -0.406926 -0.645915
vt -0.095833 0.865604
vn 0.645915 -0.406926 -0.645915
f 1235/3937/3937 1236/3938/3938 1228/3939/3939 1227/3940/3940
vt -0.092917 0.867500
vn 0.943858 -0.330350 0.000000
vt -0.092917 0.890833
vn 0.943858 -0.330350 0.000000
vt -0.095833 0.890017
vn 0.943858 -0.330350 0.000000
vt -0.095833 0.868317
vn 0.943858 -0.330350 0.000000
f 1236/3941/3941 1237/3942/3942 1229/3943/3943 1228/3944/3944
vt -0.092917 0.890833
vn 0.645915 -0.406926 0.645915
vt -0.092917 0.893750
vn 0.645915 -0.406926 0.645915
vt -0.095833 0.892729
vn 0.645915 -0.406926 0.645915
vt -0.095833 0.890017
vn 0.645915 -0.406926 0.645915
f 1237/3945/3945 1238/3946/3946 1230/3947/3947 1229/3948/3948
vt 0.245000 -0.092917
vn 0.000000 -0.330350 0.943858
vt 0.221667 -0.092917
vn 0.000000 -0.330350 0.943858
vt 0.222483 -0.095833
vn 0.000000 -0.330350 0.943858
vt 0.244183 -0.095833
vn 0.000000 -0.330350 0.943858
f 1238/3949/3949 1239/3950/3950 1231/3951/3951 1230/3952/3952
vt -0.092917 0.893750
vn -0.645915 -0.406926 0.645915
vt -0.092917 0.890833
vn -0.645915 -0.406926 0.645915
vt -0.095833 0.890017
vn -0.645915 -0.406926 0.645915
vt -0.095833 0.892729
vn -0.645915 -0.406926 0.645915
f 1239/3953/3953 1240/3954/3954 1232/3955/3955 1231/3956/3956
vt -0.092917 0.890833
vn -0.943858 -0.330350 -0.000000
vt -0.092917 0.867500
vn -0.943858 -0.330350 -0.000000
vt -0.095833 0.868317
vn -0.943858 -0.330350 -0.000000
vt -0.095833 0.890017
vn -0.943858 -0.330350 -0.000000
f 1240/3957/3957 1233/3958/3958 1225/3959/3959 1232/3960/3960
vt 0.092917 0.867500
vn -0.707107 0.000000 -0.707107
vt 0.092917 0.864583
vn -0.707107 0.000000 -0.707107
vt -0.092917 0.864583
vn -0.707107 0.000000 -0.707107
vt -0.092917 0.867500
vn -0.707107 0.000000 -0.707107
f 1241/3961/3961 1242/3962/3962 1234/3963/3963 1233/3964/3964
vt 0.221667 0.092917
vn 0.000000 0.000000 -1.000000
vt 0.245000 0.092917
vn 0.000000 0.000000 -1.000000
vt 0.245000 -0.092917
vn 0.000000 0.000000 -1.000000
vt 0.221667 -0.092917
vn 0.000000 0.000000 -1.000000
f 1242/3965/3965 1243/3966/3966 1235/3967/3967 1234/3968/3968
vt 0.092917 0.864583
vn 0.707107 0.000000 -0.707107
vt 0.092917 0.867500
vn 0.707107 0.000000 -0.707107
vt -0.092917 0.867500
vn 0.707107 0.000000 -0.707107
vt -0.092917 0.864583
vn 0.707107 0.000000 -0.707107
f 1243/3969/3969 1244/3970/3970 1236/3971/3971 1235/3972/3972
vt 0.092917 0.867500
vn 1.000000 0.000000 -0.000000
vt 0.092917 0.890833
vn 1.000000 0.000000 -0.000000
vt -0.092917 0.890833
vn 1.000000 0.000000 -0.000000
vt -0.092917 0.867500
vn 1.000000 0.000000 -0.000000
f 1244/3973/3973 1245/3974/3974 1237/3975/3975 1236/3976/3976
vt 0.092917 0.890833
vn 0.707107 0.000000 0.707107
vt 0.092917 0.893750
vn 0.707107 0.000000 0.707107
vt -0.092917 0.893750
vn 0.707107 0.000000 0.707107
vt -0.092917 0.890833
vn 0.707107 0.000000 0.707107
f 1245/3977/3977 1246/3978/3978 1238/3979/3979 1237/3980/3980
vt 0.245000 0.092917
vn 0.000000 0.000000 1.000000
vt 0.221667 0.092917
vn 0.000000 0.000000 1.000000
vt 0.221667 -0.092917
vn 0.000000 0.000000 1.000000
vt 0.245000 -0.092917
vn 0.000000 0.000000 1.000000
f 1246/3981/3981 1247/3982/3982 1239/3983/3983 1238/3984/3984
vt 0.092917 0.893750
vn -0.707107 0.000000 0.707107
vt 0.092917 0.890833
vn -0.707107 0.000000 0.707107
vt -0.092917 0.890833
vn -0.707107 0.000000 0.707107
vt -0.092917 0.893750
vn -0.707107 0.000000 0.707107
f 1247/3985/3985 1248/3986/3986 1240/3987/3987 1239/3988/3988
vt 0.092917 0.890833
vn -1.000000 0.000000 -0.000000
vt 0.092917 0.867500
vn -1.000000 0.000000 -0.000000
vt -0.092917 0.867500
vn -1.000000 0.000000 -0.000000
vt -0.092917 0.890833
vn -1.000000 0.000000 -0.000000
f 1248/3989/3989 1241/3990/3990 1233/3991/3991 1240/3992/3992
vt 0.095833 0.868317
vn -0.645915 0.406926 -0.645915
vt 0.095833 0.865604
vn -0.645915 0.406926 -0.645915
vt 0.092917 0.864583
vn -0.645915 0.406926 -0.645915
vt 0.092917 0.867500
vn -0.645915 0.406926 -0.645915
f 1249/3993/3993 1250/3994/3994 1242/3995/3995 1241/3996/3996
vt 0.222483 0.095833
vn 0.000000 0.330350 -0.943858
vt 0.244183 0.095833
vn 0.000000 0.330350 -0.943858
vt 0.245000 0.092917
vn 0.000000 0.330350 -0.943858
vt 0.221667 0.092917
vn 0.000000 0.330350 -0.943858
f 1250/3997/3997 1251/3998/3998 1243/3999/3999 1242/4000/4000
vt 0.095833 0.865604
vn 0.645915 0.406926 -0.645915
vt 0.095833 0.868317
vn 0.645915 0.406926 -0.645915
vt 0.092917 0.867500
vn 0.645915 0.406926 -0.645915
vt 0.092917 0.864583
vn 0.645915 0.406926 -0.645915
f 1251/4001/4001 1252/4002/4002 1244/4003/4003 1243/4004/4004
vt 0.095833 0.868317
vn 0.943858 0.330350 -0.000000
vt 0.095833 0.890017
vn 0.943858 0.330350 -0.000000
vt 0.092917 0.890833
vn 0.943858 0.330350 -0.000000
vt 0.092917 0.867500
vn 0.943858 0.330350 -0.000000
f 1252/4005/4005 1253/4006/4006 1245/4007/4007 1244/4008/4008
vt 0.095833 0.890017
vn 0.645915 0.406926 0.645915
vt 0.095833 0.892729
vn 0.645915 0.406926 0.645915
vt 0.092917 0.893750
vn 0.645915 0.406926 0.645915
vt 0.092917 0.890833
vn 0.645915 0.406926 0.645915
f 1253/4009/4009 1254/4010/4010 1246/4011/4011 1245/4012/4012
vt 0.244183 0.095833
vn 0.000000 0.330350 0.943858
vt 0.222483 0.095833
vn 0.000000 0.330350 0.943858
vt 0.221667 0.092917
vn 0.000000 0.330350 0.943858
vt 0.245000 0.092917
vn 0.000000 0.330350 0.943858
f 1254/4013/4013 1255/4014/4014 1247/4015/4015 1246/4016/4016
vt 0.095833 0.892729
vn -0.645915 0.406926 0.645915
vt 0.095833 0.890017
vn -0.645915 0.406926 0.645915
vt 0.092917 0.890833
vn -0.645915 0.406926 0.645915
vt 0.092917 0.893750
vn -0.645915 0.406926 0.645915
f 1255/4017/4017 1256/4018/4018 1248/4019/4019 1247/4020/4020
vt 0.095833 0.890017
vn -0.943858 0.330350 0.000000
vt 0.095833 0.868317
vn -0.943858 0.330350 0.000000
vt 0.092917 0.867500
vn -0.943858 0.330350 0.000000
vt 0.092917 0.890833
vn -0.943858 0.330350 0.000000
f 1256/4021/4021 1249/4022/4022 1241/4023/4023 1248/4024/4024
v 3.437250 -1.150000 10.419800
v 3.469800 -1.150000 10.387250
v 3.730200 -1.150000 10.387250
v 3.762750 -1.150000 10.419800
v 3.762750 -1.150000 10.680200
v 3.730200 -1.150000 10.712750
v 3.469800 -1.150000 10.712750
v 3.437250 -1.150000 10.680200
v 3.425000 -1.115000 10.410000
v 3.460000 -1.115000 10.375000
v 3.740000 -1.115000 10.375000
v 3.775000 -1.115000 10.410000
v 3.775000 -1.115000 10.690000
v 3.740000 -1.115000 10.725000
v 3.460000 -1.115000 10.725000
v 3.425000 -1.115000 10.690000
v 3.425000 1.115000 10.410000
v 3.460000 1.115000 10.375000
v 3.740000 1.115000 10.375000
v 3.775000 1.115000 10.410000
v 3.775000 1.115000 10.690000
v 3.740000 1.115000 10.725000
v 3.460000 1.115000 10.725000
v 3.425000 1.115000 10.690000
v 3.437250 1.150000 10.419800
v 3.469800 1.150000 10.387250
v 3.730200 1.150000 10.387250
v 3.762750 1.150000 10.419800
v 3.762750 1.150000 10.680200
v 3.730200 1.150000 10.712750
v 3.469800 1.150000 10.712750
v 3.437250 1.150000 10.680200
vt 0.286438 0.868317
vn 0.000000 -1.000000 0.000000
vt 0.289150 0.865604
vn 0.000000 -1.000000 0.000000
vt 0.310850 0.865604
vn 0.000000 -1.000000 0.000000
vt 0.313563 0.868317
vn 0.000000 -1.000000 0.000000
vt 0.313563 0.890017
vn 0.000000 -1.000000 0.000000
vt 0.310850 0.892729
vn 0.000000 -1.000000 0.000000
vt 0.289150 0.892729
vn 0.000000 -1.000000 0.000000
vt 0.286438 0.890017
vn 0.000000 -1.000000 0.000000
f 1257/4025/4025 1258/4026/4026 1259/4027/4027 1260/4028/4028 1261/4029/4029 1262/4030/4030 1263/4031/4031 1264/4032/4032
vt 0.286438 0.890017
vn 0.000000 1.000000 0.000000
vt 0.289150 0.892729
vn 0.000000 1.000000 0.000000
vt 0.310850 0.892729
vn 0.000000 1.000000 0.000000
vt 0.313563 0.890017
vn 0.000000 1.000000 0.000000
vt 0.313563 0.868317
vn 0.000000 1.000000 0.000000
vt 0.310850 0.865604
vn 0.000000 1.000000 0.000000
vt 0.289150 0.865604
vn 0.000000 1.000000 0.000000
vt 0.286438 0.868317
vn 0.000000 1.000000 0.000000
f 1288/4033/4033 1287/4034/4034 1286/4035/4035 1285/4036/4036 1284/4037/4037 1283/4038/4038 1282/4039/4039 1281/4040/4040
vt -0.092917 0.867500
vn -0.645915 -0.406926 -0.645915
vt -0.092917 0.864583
vn -0.645915 -0.406926 -0.645915
vt -0.095833 0.865604
vn -0.645915 -0.406926 -0.645915
vt -0.095833 0.868317
vn -0.645915 -0.406926 -0.645915
f 1265/4041/4041 1266/4042/4042 1258/4043/4043 1257/4044/4044
vt 0.288333 -0.092917
vn 0.000000 -0.330350 -0.943858
vt 0.311667 -0.092917
vn 0.000000 -0.330350 -0.943858
vt 0.310850 -0.095833
vn 0.000000 -0.330350 -0.943858
vt 0.289150 -0.095833
vn 0.000000 -0.330350 -0.943858
f 1266/4045/4045 1267/4046/4046 1259/4047/4047 1258/4048/4048
vt -0.092917 0.864583
vn 0.645915 -0.406926 -0.645915
vt -0.092917 0.867500
vn 0.645915 -0.406926 -0.645915
vt -0.095833 0.868317
vn 0.645915 -0.406926 -0.645915
vt -0.095833 0.865604
vn 0.645915 -0.406926 -0.645915
f 1267/4049/4049 1268/4050/4050 1260/4051/4051 1259/4052/4052
vt -0.092917 0.867500
vn 0.943858 -0.330350 0.000000
vt -0.092917 0.890833
vn 0.943858 -0.330350 0.000000
vt -0.095833 0.890017
vn 0.943858 -0.330350 0.000000
vt -0.095833 0.868317
vn 0.943858 -0.330350 0.000000
f 1268/4053/4053 1269/4054/4054 1261/4055/4055 1260/4056/4056
vt -0.092917 0.890833
vn 0.645915 -0.406926 0.645915
vt -0.092917 0.893750
vn 0.645915 -0.406926 0.645915
vt -0.095833 0.892729
vn 0.645915 -0.406926 0.645915
vt -0.095833 0.890017
vn 0.645915 -0.406926 0.645915
f 1269/4057/4057 1270/4058/4058 1262/4059/4059 1261/4060/4060
vt 0.311667 -0.092917
vn 0.000000 -0.330350 0.943858
vt 0.288333 -0.092917
vn 0.000000 -0.330350 0.943858
vt 0.289150 -0.095833
vn 0.000000 -0.330350 0.943858
vt 0.310850 -0.095833
vn 0.000000 -0.330350 0.943858
f 1270/4061/4061 1271/4062/4062 1263/4063/4063 1262/4064/4064
vt -0.092917 0.893750
vn -0.645915 -0.406926 0.645915
vt -0.092917 0.890833
vn -0.645915 -0.406926 0.645915
vt -0.095833 0.890017
vn -0.645915 -0.406926 0.645915
vt -0.095833 0.892729
vn -0.645915 -0.406926 0.645915
f 1271/4065/4065 1272/4066/4066 1264/4067/4067 1263/4068/4068
vt -0.092917 0.890833
vn -0.943858 -0.330350 -0.000000
vt -0.092917 0.867500
vn -0.943858 -0.330350 -0.000000
vt -0.095833 0.868317
vn -0.943858 -0.330350 -0.000000
vt -0.095833 0.890017
vn -0.943858 -0.330350 -0.000000
f 1272/4069/4069 1265/4070/4070 1257/4071/4071 1264/4072/4072
vt 0.092917 0.867500
vn -0.707107 0.000000 -0.707107
vt 0.092917 0.864583
vn -0.707107 0.000000 -0.707107
vt -0.092917 0.864583
vn -0.707107 0.000000 -0.707107
vt -0.092917 0.867500
vn -0.707107 0.000000 -0.707107
f 1273/4073/4073 1274/4074/4074 1266/4075/4075 1265/4076/4076
vt 0.288333 0.092917
vn 0.000000 0.000000 -1.000000
vt 0.311667 0.092917
vn 0.000000 0.000000 -1.000000
vt 0.311667 -0.092917
vn 0.000000 0.000000 -1.000000
vt 0.288333 -0.092917
vn 0.000000 0.000000 -1.000000
f 1274/4077/4077 1275/4078/4078 1267/4079/4079 1266/4080/4080
vt 0.092917 0.864583
vn 0.707107 0.000000 -0.707107
vt 0.092917 0.867500
vn 0.707107 0.000000 -0.707107
vt -0.092917 0.867500
vn 0.707107 0.000000 -0.707107
vt -0.092917 0.864583
vn 0.707107 0.000000 -0.707107
f 1275/4081/4081 1276/4082/4082 1268/4083/4083 1267/4084/4084
vt 0.092917 0.867500
vn 1.000000 0.000000 -0.000000
vt 0.092917 0.890833
vn 1.000000 0.000000 -0.000000
vt -0.092917 0.890833
vn 1.000000 0.000000 -0.000000
vt -0.092917 0.867500
vn 1.000000 0.000000 -0.000000
f 1276/4085/4085 1277/4086/4086 1269/4087/4087 1268/4088/4088
vt 0.092917 0.890833
vn 0.707107 0.000000 0.707107
vt 0.092917 0.893750
vn 0.707107 0.000000 0.707107
vt -0.092917 0.893750
vn 0.707107 0.000000 0.707107
vt -0.092917 0.890833
vn 0.707107 0.000000 0.707107
f 1277/4089/4089 1278/4090/4090 1270/4091/4091 1269/4092/4092
vt 0.311667 0.092917
vn 0.000000 0.000000 1.000000
vt 0.288333 0.092917
vn 0.000000 0.000000 1.000000
vt 0.288333 -0.092917
vn 0.000000 0.000000 1.000000
vt 0.311667 -0.092917
vn 0.000000 0.000000 1.000000
f 1278/4093/4093 1279/4094/4094 1271/4095/4095 1270/4096/4096
vt 0.092917 0.893750
vn -0.707107 0.000000 0.707107
vt 0.092917 0.890833
vn -0.707107 0.000000 0.707107
vt -0.092917 0.890833
vn -0.707107 0.000000 0.707107
vt -0.092917 0.893750
vn -0.707107 0.000000 0.707107
f 1279/4097/4097 1280/4098/4098 1272/4099/4099 1271/4100/4100
vt 0.092917 0.890833
vn -1.000000 0.000000 -0.000000
vt 0.092917 0.867500
vn -1.000000 0.000000 -0.000000
vt -0.092917 0.867500
vn -1.000000 0.000000 -0.000000
vt -0.092917 0.890833
vn -1.000000 0.000000 -0.000000
f 1280/4101/4101 1273/4102/4102 1265/4103/4103 1272/4104/4104
vt 0.095833 0.868317
vn -0.645915 0.406926 -0.645915
vt 0.095833 0.865604
vn -0.645915 0.406926 -0.645915
vt 0.092917 0.864583
vn -0.645915 0.406926 -0.645915
vt 0.092917 0.867500
vn -0.645915 0.406926 -0.645915
f 1281/4105/4105 1282/4106/4106 1274/4107/4107 1273/4108/4108
vt 0.289150 0.095833
vn 0.000000 0.330350 -0.943858
vt 0.310850 0.095833
vn 0.000000 0.330350 -0.943858
vt 0.311667 0.092917
vn 0.000000 0.330350 -0.943858
vt 0.288333 0.092917
vn 0.000000 0.330350 -0.943858
f 1282/4109/4109 1283/4110/4110 1275/4111/4111 1274/4112/4112
vt 0.095833 0.865604
vn 0.645915 0.406926 -0.645915
vt 0.095833 0.868317
vn 0.645915 0.406926 -0.645915
vt 0.092917 0.867500
vn 0.645915 0.406926 -0.645915
vt 0.092917 0.864583
vn 0.645915 0.406926 -0.645915
f 1283/4113/4113 1284/4114/4114 1276/4115/4115 1275/4116/4116
vt 0.095833 0.868317
vn 0.943858 0.330350 -0.000000
vt 0.095833 0.890017
vn 0.943858 0.330350 -0.000000
vt 0.092917 0.890833
vn 0.943858 0.330350 -0.000000
vt 0.092917 0.867500
vn 0.943858 0.330350 -0.000000
f 1284/4117/4117 1285/4118/4118 1277/4119/4119 1276/4120/4120
vt 0.095833 0.890017
vn 0.645915 0.406926 0.645915
vt 0.095833 0.892729
vn 0.645915 0.406926 0.645915
vt 0.092917 0.893750
vn 0.645915 0.406926 0.645915
vt 0.092917 0.890833
vn 0.645915 0.406926 0.645915
f 1285/4121/4121 1286/4122/4122 1278/4123/4123 1277/4124/4124
vt 0.310850 0.095833
vn 0.000000 0.330350 0.943858
vt 0.289150 0.095833
vn 0.000000 0.330350 0.943858
vt 0.288333 0.092917
vn 0.000000 0.330350 0.943858
vt 0.311667 0.092917
vn 0.000000 0.330350 0.943858
f 1286/4125/4125 1287/4126/4126 1279/4127/4127 1278/4128/4128
vt 0.095833 0.892729
vn -0.645915 0.406926 0.645915
vt 0.095833 0.890017
vn -0.645915 0.406926 0.645915
vt 0.092917 0.890833
vn -0.645915 0.406926 0.645915
vt 0.092917 0.893750
vn -0.645915 0.406926 0.645915
f 1287/4129/4129 1288/4130/4130 1280/4131/4131 1279/4132/4132
vt 0.095833 0.890017
vn -0.943858 0.330350 0.000000
vt 0.095833 0.868317
vn -0.943858 0.330350 0.000000
vt 0.092917 0.867500
vn -0.943858 0.330350 0.000000
vt 0.092917 0.890833
vn -0.943858 0.330350 0.000000
f 1288/4133/4133 1281/4134/4134 1273/4135/4135 1280/4136/4136
v 4.237250 -1.150000 10.419800
v 4.269800 -1.150000 10.387250
v 4.530200 -1.150000 10.387250
v 4.562750 -1.150000 10.419800
v 4.562750 -1.150000 10.680200
v 4.530200 -1.150000 10.712750
v 4.269800 -1.150000 10.712750
v 4.237250 -1.150000 10.680200
v 4.225000 -1.115000 10.410000
v 4.260000 -1.115000 10.375000
v 4.540000 -1.115000 10.375000
v 4.575000 -1.115000 10.410000
v 4.575000 -1.115000 10.690000
v 4.540000 -1.115000 10.725000
v 4.260000 -1.115000 10.725000
v 4.225000 -1.115000 10.690000
v 4.225000 1.115000 10.410000
v 4.260000 1.115000 10.375000
v 4.540000 1.115000 10.375000
v 4.575000 1.115000 10.410000
v 4.575000 1.115000 10.690000
v 4.540000 1.115000 10.725000
v 4.260000 1.115000 10.725000
v 4.225000 1.115000 10.690000
v 4.237250 1.150000 10.419800
v 4.269800 1.150000 10.387250
v 4.530200 1.150000 10.387250
v 4.562750 1.150000 10.419800
v 4.562750 1.150000 10.680200
v 4.530200 1.150000 10.712750
v 4.269800 1.150000 10.712750
v 4.237250 1.150000 10.680200
vt 0.353104 0.868317
vn 0.000000 -1.000000 0.000000
vt 0.355817 0.865604
vn 0.000000 -1.000000 0.000000
vt 0.377517 0.865604
vn 0.000000 -1.000000 0.000000
vt 0.380229 0.868317
vn 0.000000 -1.000000 0.000000
vt 0.380229 0.890017
vn 0.000000 -1.000000 0.000000
vt 0.377517 0.892729
vn 0.000000 -1.000000 0.000000
vt 0.355817 0.892729
vn 0.000000 -1.000000 0.000000
vt 0.353104 0.890017
vn 0.000000 -1.000000 0.000000
f 1289/4137/4137 1290/4138/4138 1291/4139/4139 1292/4140/4140 1293/4141/4141 1294/4142/4142 1295/4143/4143 1296/4144/4144
vt 0.353104 0.890017
vn 0.000000 1.000000 0.000000
vt 0.355817 0.892729
vn 0.000000 1.000000 0.000000
vt 0.377517 0.892729
vn 0.000000 1.000000 0.000000
vt 0.380229 0.890017
vn 0.000000 1.000000 0.000000
vt 0.380229 0.868317
vn 0.000000 1.000000 0.000000
vt 0.377517 0.865604
vn 0.000000 1.000000 0.000000
vt 0.355817 0.865604
vn 0.000000 1.000000 0.000000
vt 0.353104 0.868317
vn 0.000000 1.000000 0.000000
f 1320/4145/4145 1319/4146/4146 1318/4147/4147 1317/4148/4148 1316/4149/4149 1315/4150/4150 1314/4151/4151 1313/4152/4152
vt -0.092917 0.867500
vn -0.645915 -0.406926 -0.645915
vt -0.092917 0.864583
vn -0.645915 -0.406926 -0.645915
vt -0.095833 0.865604
vn -0.645915 -0.406926 -0.645915
vt -0.095833 0.868317
vn -0.645915 -0.406926 -0.645915
f 1297/4153/4153 1298/4154/4154 1290/4155/4155 1289/4156/4156
vt 0.355000 -0.092917
vn 0.000000 -0.330350 -0.943858
vt 0.378333 -0.092917
vn 0.000000 -0.330350 -0.943858
vt 0.377517 -0.095833
vn 0.000000 -0.330350 -0.943858
vt 0.355817 -0.095833
vn 0.000000 -0.330350 -0.943858
f 1298/4157/4157 1299/4158/4158 1291/4159/4159 1290/4160/4160
vt -0.092917 0.864583
vn 0.645915 -0.406926 -0.645915
vt -0.092917 0.867500
vn 0.645915 -0.406926 -0.645915
vt -0.095833 0.868317
vn 0.645915 -0.406926 -0.645915
vt -0.095833 0.865604
vn 0.645915 -0.406926 -0.645915
f 1299/4161/4161 1300/4162/4162 1292/4163/4163 1291/4164/4164
vt -0.092917 0.867500
vn 0.943858 -0.330350 0.000000
vt -0.092917 0.890833
vn 0.943858 -0.330350 0.000000
vt -0.095833 0.890017
vn 0.943858 -0.330350 0.000000
vt -0.095833 0.868317
vn 0.943858 -0.330350 0.000000
f 1300/4165/4165 1301/4166/4166 1293/4167/4167 1292/4168/4168
vt -0.092917 0.890833
vn 0.645915 -0.406926 0.645915
vt -0.092917 0.893750
vn 0.645915 -0.406926 0.645915
vt -0.095833 0.892729
vn 0.645915 -0.406926 0.645915
vt -0.095833 0.890017
vn 0.645915 -0.406926 0.645915
f 1301/4169/4169 1302/4170/4170 1294/4171/4171 1293/4172/4172
vt 0.378333 -0.092917
vn 0.000000 -0.330350 0.943858
vt 0.355000 -0.092917
vn 0.000000 -0.330350 0.943858
vt 0.355817 -0.095833
vn 0.000000 -0.330350 0.943858
vt 0.377517 -0.095833
vn 0.000000 -0.330350 0.943858
f 1302/4173/4173 1303/4174/4174 1295/4175/4175 1294/4176/4176
vt -0.092917 0.893750
vn -0.645915 -0.406926 0.645915
vt -0.092917 0.890833
vn -0.645915 -0.406926 0.645915
vt -0.095833 0.890017
vn -0.645915 -0.406926 0.645915
vt -0.095833 0.892729
vn -0.645915 -0.406926 0.645915
f 1303/4177/4177 1304/4178/4178 1296/4179/4179 1295/4180/4180
vt -0.092917 0.890833
vn -0.943858 -0.330350 -0.000000
vt -0.092917 0.867500
vn -0.943858 -0.330350 -0.000000
vt -0.095833 0.868317
vn -0.943858 -0.330350 -0.000000
vt -0.095833 0.890017
vn -0.943858 -0.330350 -0.000000
f 1304/4181/4181 1297/4182/4182 1289/4183/4183 1296/4184/4184
vt 0.092917 0.867500
vn -0.707107 0.000000 -0.707107
vt 0.092917 0.864583
vn -0.707107 0.000000 -0.707107
vt -0.092917 0.864583
vn -0.707107 0.000000 -0.707107
vt -0.092917 0.867500
vn -0.707107 0.000000 -0.707107
f 1305/4185/4185 1306/4186/4186 1298/4187/4187 1297/4188/4188
vt 0.355000 0.092917
vn 0.000000 0.000000 -1.000000
vt 0.378333 0.092917
vn 0.000000 0.000000 -1.000000
vt 0.378333 -0.092917
vn 0.000000 0.000000 -1.000000
vt 0.355000 -0.092917
vn 0.000000 0.000000 -1.000000
f 1306/4189/4189 1307/4190/4190 1299/4191/4191 1298/4192/4192
vt 0.092917 0.864583
vn 0.707107 0.000000 -0.707107
vt 0.092917 0.867500
vn 0.707107 0.000000 -0.707107
vt -0.092917 0.867500
vn 0.707107 0.000000 -0.707107
vt -0.092917 0.864583
vn 0.707107 0.000000 -0.707107
f 1307/4193/4193 1308/4194/4194 1300/4195/4195 1299/4196/4196
vt 0.092917 0.867500
vn 1.000000 0.000000 -0.000000
vt 0.092917 0.890833
vn 1.000000 0.000000 -0.000000
vt -0.092917 0.890833
vn 1.000000 0.000000 -0.000000
vt -0.092917 0.867500
vn 1.000000 0.000000 -0.000000
f 1308/4197/4197 1309/4198/4198 1301/4199/4199 1300/4200/4200
vt 0.092917 0.890833
vn 0.707107 0.000000 0.707107
vt 0.092917 0.893750
vn 0.707107 0.000000 0.707107
vt -0.092917 0.893750
vn 0.707107 0.000000 0.707107
vt -0.092917 0.890833
vn 0.707107 0.000000 0.707107
f 1309/4201/4201 1310/4202/4202 1302/4203/4203 1301/4204/4204
vt 0.378333 0.092917
vn 0.000000 0.000000 1.000000
vt 0.355000 0.092917
vn 0.000000 0.000000 1.000000
vt 0.355000 -0.092917
vn 0.000000 0.000000 1.000000
vt 0.378333 -0.092917
vn 0.000000 0.000000 1.000000
f 1310/4205/4205 1311/4206/4206 1303/4207/4207 1302/4208/4208
vt 0.092917 0.893750
vn -0.707107 0.000000 0.707107
vt 0.092917 0.890833
vn -0.707107 0.000000 0.707107
vt -0.092917 0.890833
vn -0.707107 0.000000 0.707107
vt -0.092917 0.893750
vn -0.707107 0.000000 0.707107
f 1311/4209/4209 1312/4210/4210 1304/4211/4211 1303/4212/4212
vt 0.092917 0.890833
vn -1.000000 0.000000 -0.000000
vt 0.092917 0.867500
vn -1.000000 0.000000 -0.000000
vt -0.092917 0.867500
vn -1.000000 0.000000 -0.000000
vt -0.092917 0.890833
vn -1.000000 0.000000 -0.000000
f 1312/4213/4213 1305/4214/4214 1297/4215/4215 1304/4216/4216
vt 0.095833 0.868317
vn -0.645915 0.406926 -0.645915
vt 0.095833 0.865604
vn -0.645915 0.406926 -0.645915
vt 0.092917 0.864583
vn -0.645915 0.406926 -0.645915
vt 0.092917 0.867500
vn -0.645915 0.406926 -0.645915
f 1313/4217/4217 1314/4218/4218 1306/4219/4219 1305/4220/4220
vt 0.355817 0.095833
vn 0.000000 0.330350 -0.943858
vt 0.377517 0.095833
vn 0.000000 0.330350 -0.943858
vt 0.378333 0.092917
vn 0.000000 0.330350 -0.943858
vt 0.355000 0.092917
vn 0.000000 0.330350 -0.943858
f 1314/4221/4221 1315/4222/4222 1307/4223/4223 1306/4224/4224
vt 0.095833 0.865604
vn 0.645915 0.406926 -0.645915
vt 0.095833 0.868317
vn 0.645915 0.406926 -0.645915
vt 0.092917 0.867500
vn 0.645915 0.406926 -0.645915
vt 0.092917 0.864583
vn 0.645915 0.406926 -0.645915
f 1315/4225/4225 1316/4226/4226 1308/4227/4227 1307/4228/4228
vt 0.095833 0.868317
vn 0.943858 0.330350 -0.000000
vt 0.095833 0.890017
vn 0.943858 0.330350 -0.000000
vt 0.092917 0.890833
vn 0.943858 0.330350 -0.000000
vt 0.092917 0.867500
vn 0.943858 0.330350 -0.000000
f 1316/4229/4229 1317/4230/4230 1309/4231/4231 1308/4232/4232
vt 0.095833 0.890017
vn 0.645915 0.406926 0.645915
vt 0.095833 0.892729
vn 0.645915 0.406926 0.645915
vt 0.092917 0.893750
vn 0.645915 0.406926 0.645915
vt 0.092917 0.890833
vn 0.645915 0.406926 0.645915
f 1317/4233/4233 1318/4234/4234 1310/4235/4235 1309/4236/4236
vt 0.377517 0.095833
vn 0.000000 0.330350 0.943858
vt 0.355817 0.095833
vn 0.000000 0.330350 0.943858
vt 0.355000 0.092917
vn 0.000000 0.330350 0.943858
vt 0.378333 0.092917
vn 0.000000 0.330350 0.943858
f 1318/4237/4237 1319/4238/4238 1311/4239/4239 1310/4240/4240
vt 0.095833 0.892729
vn -0.645915 0.406926 0.645915
vt 0.095833 0.890017
vn -0.645915 0.406926 0.645915
vt 0.092917 0.890833
vn -0.645915 0.406926 0.645915
vt 0.092917 0.893750
vn -0.645915 0.406926 0.645915
f 1319/4241/4241 1320/4242/4242 1312/4243/4243 1311/4244/4244
vt 0.095833 0.890017
vn -0.943858 0.330350 0.000000
vt 0.095833 0.868317
vn -0.943858 0.330350 0.000000
vt 0.092917 0.867500
vn -0.943858 0.330350 0.000000
vt 0.092917 0.890833
vn -0.943858 0.330350 0.000000
f 1320/4245/4245 1313/4246/4246 1305/4247/4247 1312/4248/4248
v 5.037250 -1.150000 10.419800
v 5.069800 -1.150000 10.387250
v 5.330200 -1.150000 10.387250
v 5.362750 -1.150000 10.419800
v 5.362750 -1.150000 10.680200
v 5.330200 -1.150000 10.712750
v 5.069800 -1.150000 10.712750
v 5.037250 -1.150000 10.680200
v 5.025000 -1.115000 10.410000
v 5.060000 -1.115000 10.375000
v 5.340000 -1.115000 10.375000
v 5.375000 -1.115000 10.410000
v 5.375000 -1.115000 10.690000
v 5.340000 -1.115000 10.725000
v 5.060000 -1.115000 10.725000
v 5.025000 -1.115000 10.690000
v 5.025000 1.115000 10.410000
v 5.060000 1.115000 10.375000
v 5.340000 1.115000 10.375000
v 5.375000 1.115000 10.410000
v 5.375000 1.115000 10.690000
v 5.340000 1.115000 10.725000
v 5.060000 1.115000 10.725000
v 5.025000 1.115000 10.690000
v 5.037250 1.150000 10.419800
v 5.069800 1.150000 10.387250
v 5.330200 1.150000 10.387250
v 5.362750 1.150000 10.419800
v 5.362750 1.150000 10.680200
v 5.330200 1.150000 10.712750
v 5.069800 1.150000 10.712750
v 5.037250 1.150000 10.680200
vt 0.419771 0.868317
vn 0.000000 -1.000000 0.000000
vt 0.422483 0.865604
vn 0.000000 -1.000000 0.000000
vt 0.444183 0.865604
vn 0.000000 -1.000000 0.000000
vt 0.446896 0.868317
vn 0.000000 -1.000000 0.000000
vt 0.446896 0.890017
vn 0.000000 -1.000000 0.000000
vt 0.444183 0.892729
vn 0.000000 -1.000000 0.000000
vt 0.422483 0.892729
vn 0.000000 -1.000000 0.000000
vt 0.419771 0.890017
vn 0.000000 -1.000000 0.000000
f 1321/4249/4249 1322/4250/4250 1323/4251/4251 1324/4252/4252 1325/4253/4253 1326/4254/4254 1327/4255/4255 1328/4256/4256
vt 0.419771 0.890017
vn 0.000000 1.000000 0.000000
vt 0.422483 0.892729
vn 0.000000 1.000000 0.000000
vt 0.444183 0.892729
vn 0.000000 1.000000 0.000000
vt 0.446896 0.890017
vn 0.000000 1.000000 0.000000
vt 0.446896 0.868317
vn 0.000000 1.000000 0.000000
vt 0.444183 0.865604
vn 0.000000 1.000000 0.000000
vt 0.422483 0.865604
vn 0.000000 1.000000 0.000000
vt 0.419771 0.868317
vn 0.000000 1.000000 0.000000
f 1352/4257/4257 1351/4258/4258 1350/4259/4259 1349/4260/4260 1348/4261/4261 1347/4262/4262 1346/4263/4263 1345/4264/4264
vt -0.092917 0.867500
vn -0.645915 -0.406926 -0.645915
vt -0.092917 0.864583
vn -0.645915 -0.406926 -0.645915
vt -0.095833 0.865604
vn -0.645915 -0.406926 -0.645915
vt -0.095833 0.868317
vn -0.645915 -0.406926 -0.645915
f 1329/4265/4265 1330/4266/4266 1322/4267/4267 1321/4268/4268
vt 0.421667 -0.092917
vn 0.000000 -0.330350 -0.943858
vt 0.445000 -0.092917
vn 0.000000 -0.330350 -0.943858
vt 0.444183 -0.095833
vn 0.000000 -0.330350 -0.943858
vt 0.422483 -0.095833
vn 0.000000 -0.330350 -0.943858
f 1330/4269/4269 1331/4270/4270 1323/4271/4271 1322/4272/4272
vt -0.092917 0.864583
vn 0.645915 -0.406926 -0.645915
vt -0.092917 0.867500
vn 0.645915 -0.406926 -0.645915
vt -0.095833 0.868317
vn 0.645915 -0.406926 -0.645915
vt -0.095833 0.865604
vn 0.645915 -0.406926 -0.645915
f 1331/4273/4273 1332/4274/4274 1324/4275/4275 1323/4276/4276
vt -0.092917 0.867500
vn 0.943858 -0.330350 0.000000
vt -0.092917 0.890833
vn 0.943858 -0.330350 0.000000
vt -0.095833 0.890017
vn 0.943858 -0.330350 0.000000
vt -0.095833 0.868317
vn 0.943858 -0.330350 0.000000
f 1332/4277/4277 1333/4278/4278 1325/4279/4279 1324/4280/4280
vt -0.092917 0.890833
vn 0.645915 -0.406926 0.645915
vt -0.092917 0.893750
vn 0.645915 -0.406926 0.645915
vt -0.095833 0.892729
vn 0.645915 -0.406926 0.645915
vt -0.095833 0.890017
vn 0.645915 -0.406926 0.645915
f 1333/4281/4281 1334/4282/4282 1326/4283/4283 1325/4284/4284
vt 0.445000 -0.092917
vn 0.000000 -0.330350 0.943858
vt 0.421667 -0.092917
vn 0.000000 -0.330350 0.943858
vt 0.422483 -0.095833
vn 0.000000 -0.330350 0.943858
vt 0.444183 -0.095833
vn 0.000000 -0.330350 0.943858
f 1334/4285/4285 1335/4286/4286 1327/4287/4287 1326/4288/4288
vt -0.092917 0.893750
vn -0.645915 -0.406926 0.645915
vt -0.092917 0.890833
vn -0.645915 -0.406926 0.645915
vt -0.095833 0.890017
vn -0.645915 -0.406926 0.645915
vt -0.095833 0.892729
vn -0.645915 -0.406926 0.645915
f 1335/4289/4289 1336/4290/4290 1328/4291/4291 1327/4292/4292
vt -0.092917 0.890833
vn -0.943858 -0.330350 -0.000000
vt -0.092917 0.867500
vn -0.943858 -0.330350 -0.000000
vt -0.095833 0.868317
vn -0.943858 -0.330350 -0.000000
vt -0.095833 0.890017
vn -0.943858 -0.330350 -0.000000
f 1336/4293/4293 1329/4294/4294 1321/4295/4295 1328/4296/4296
vt 0.092917 0.867500
vn -0.707107 0.000000 -0.707107
vt 0.092917 0.864583
vn -0.707107 0.000000 -0.707107
vt -0.092917 0.864583
vn -0.707107 0.000000 -0.707107
vt -0.092917 0.867500
vn -0.707107 0.000000 -0.707107
f 1337/4297/4297 1338/4298/4298 1330/4299/4299 1329/4300/4300
vt 0.421667 0.092917
vn 0.000000 0.000000 -1.000000
vt 0.445000 0.092917
vn 0.000000 0.000000 -1.000000
vt 0.445000 -0.092917
vn 0.000000 0.000000 -1.000000
vt 0.421667 -0.092917
vn 0.000000 0.000000 -1.000000
f 1338/4301/4301 1339/4302/4302 1331/4303/4303 1330/4304/4304
vt 0.092917 0.864583
vn 0.707107 0.000000 -0.707107
vt 0.092917 0.867500
vn 0.707107 0.000000 -0.707107
vt -0.092917 0.867500
vn 0.707107 0.000000 -0.707107
vt -0.092917 0.864583
vn 0.707107 0.000000 -0.707107
f 1339/4305/4305 1340/4306/4306 1332/4307/4307 1331/4308/4308
vt 0.092917 0.867500
vn 1.000000 0.000000 -0.000000
vt 0.092917 0.890833
vn 1.000000 0.000000 -0.000000
vt -0.092917 0.890833
vn 1.000000 0.000000 -0.000000
vt -0.092917 0.867500
vn 1.000000 0.000000 -0.000000
f 1340/4309/4309 1341/4310/4310 1333/4311/4311 1332/4312/4312
vt 0.092917 0.890833
vn 0.707107 0.000000 0.707107
vt 0.092917 0.893750
vn 0.707107 0.000000 0.707107
vt -0.092917 0.893750
vn 0.707107 0.000000 0.707107
vt -0.092917 0.890833
vn 0.707107 0.000000 0.707107
f 1341/4313/4313 1342/4314/4314 1334/4315/4315 1333/4316/4316
vt 0.445000 0.092917
vn 0.000000 0.000000 1.000000
vt 0.421667 0.092917
vn 0.000000 0.000000 1.000000
vt 0.421667 -0.092917
vn 0.000000 0.000000 1.000000
vt 0.445000 -0.092917
vn 0.000000 0.000000 1.000000
f 1342/4317/4317 1343/4318/4318 1335/4319/4319 1334/4320/4320
vt 0.092917 0.893750
vn -0.707107 0.000000 0.707107
vt 0.092917 0.890833
vn -0.707107 0.000000 0.707107
vt -0.092917 0.890833
vn -0.707107 0.000000 0.707107
vt -0.092917 0.893750
vn -0.707107 0.000000 0.707107
f 1343/4321/4321 1344/4322/4322 1336/4323/4323 1335/4324/4324
vt 0.092917 0.890833
vn -1.000000 0.000000 -0.000000
vt 0.092917 0.867500
vn -1.000000 0.000000 -0.000000
vt -0.092917 0.867500
vn -1.000000 0.000000 -0.000000
vt -0.092917 0.890833
vn -1.000000 0.000000 -0.000000
f 1344/4325/4325 1337/4326/4326 1329/4327/4327 1336/4328/4328
vt 0.095833 0.868317
vn -0.645915 0.406926 -0.645915
vt 0.095833 0.865604
vn -0.645915 0.406926 -0.645915
vt 0.092917 0.864583
vn -0.645915 0.406926 -0.645915
vt 0.092917 0.867500
vn -0.645915 0.406926 -0.645915
f 1345/4329/4329 1346/4330/4330 1338/4331/4331 1337/4332/4332
vt 0.422483 0.095833
vn 0.000000 0.330350 -0.943858
vt 0.444183 0.095833
vn 0.000000 0.330350 -0.943858
vt 0.445000 0.092917
vn 0.000000 0.330350 -0.943858
vt 0.421667 0.092917
vn 0.000000 0.330350 -0.943858
f 1346/4333/4333 1347/4334/4334 1339/4335/4335 1338/4336/4336
vt 0.095833 0.865604
vn 0.645915 0.406926 -0.645915
vt 0.095833 0.868317
vn 0.645915 0.406926 -0.645915
vt 0.092917 0.867500
vn 0.645915 0.406926 -0.645915
vt 0.092917 0.864583
vn 0.645915 0.406926 -0.645915
f 1347/4337/4337 1348/4338/4338 1340/4339/4339 1339/4340/4340
vt 0.095833 0.868317
vn 0.943858 0.330350 -0.000000
vt 0.095833 0.890017
vn 0.943858 0.330350 -0.000000
vt 0.092917 0.890833
vn 0.943858 0.330350 -0.000000
vt 0.092917 0.867500
vn 0.943858 0.330350 -0.000000
f 1348/4341/4341 1349/4342/4342 1341/4343/4343 1340/4344/4344
vt 0.095833 0.890017
vn 0.645915 0.406926 0.645915
vt 0.095833 0.892729
vn 0.645915 0.406926 0.645915
vt 0.092917 0.893750
vn 0.645915 0.406926 0.645915
vt 0.092917 0.890833
vn 0.645915 0.406926 0.645915
f 1349/4345/4345 1350/4346/4346 1342/4347/4347 1341/4348/4348
vt 0.444183 0.095833
vn 0.000000 0.330350 0.943858
vt 0.422483 0.095833
vn 0.000000 0.330350 0.943858
vt 0.421667 0.092917
vn 0.000000 0.330350 0.943858
vt 0.445000 0.092917
vn 0.000000 0.330350 0.943858
f 1350/4349/4349 1351/4350/4350 1343/4351/4351 1342/4352/4352
vt 0.095833 0.892729
vn -0.645915 0.406926 0.645915
vt 0.095833 0.890017
vn -0.645915 0.406926 0.645915
vt 0.092917 0.890833
vn -0.645915 0.406926 0.645915
vt 0.092917 0.893750
vn -0.645915 0.406926 0.645915
f 1351/4353/4353 1352/4354/4354 1344/4355/4355 1343/4356/4356
vt 0.095833 0.890017
vn -0.943858 0.330350 0.000000
vt 0.095833 0.868317
vn -0.943858 0.330350 0.000000
vt 0.092917 0.867500
vn -0.943858 0.330350 0.000000
vt 0.092917 0.890833
vn -0.943858 0.330350 0.000000
f 1352/4357/4357 1345/4358/4358 1337/4359/4359 1344/4360/4360
v 5.837250 -1.150000 10.419800
v 5.869800 -1.150000 10.387250
v 6.130200 -1.150000 10.387250
v 6.162750 -1.150000 10.419800
v 6.162750 -1.150000 10.680200
v 6.130200 -1.150000 10.712750
v 5.869800 -1.150000 10.712750
v 5.837250 -1.150000 10.680200
v 5.825000 -1.115000 10.410000
v 5.860000 -1.115000 10.375000
v 6.140000 -1.115000 10.375000
v 6.175000 -1.115000 10.410000
v 6.175000 -1.115000 10.690000
v 6.140000 -1.115000 10.725000
v 5.860000 -1.115000 10.725000
v 5.825000 -1.115000 10.690000
v 5.825000 1.115000 10.410000
v 5.860000 1.115000 10.375000
v 6.140000 1.115000 10.375000
v 6.175000 1.115000 10.410000
v 6.175000 1.115000 10.690000
v 6.140000 1.115000 10.725000
v 5.860000 1.115000 10.725000
v 5.825000 1.115000 10.690000
v 5.837250 1.150000 10.419800
v 5.869800 1.150000 10.387250
v 6.130200 1.150000 10.387250
v 6.162750 1.150000 10.419800
v 6.162750 1.150000 10.680200
v 6.130200 1.150000 10.712750
v 5.869800 1.150000 10.712750
v 5.837250 1.150000 10.680200
vt 0.486438 0.868317
vn 0.000000 -1.000000 0.000000
vt 0.489150 0.865604
vn 0.000000 -1.000000 0.000000
vt 0.510850 0.865604
vn 0.000000 -1.000000 0.000000
vt 0.513563 0.868317
vn 0.000000 -1.000000 0.000000
vt 0.513563 0.890017
vn 0.000000 -1.000000 0.000000
vt 0.510850 0.892729
vn 0.000000 -1.000000 0.000000
vt 0.489150 0.892729
vn 0.000000 -1.000000 0.000000
vt 0.486438 0.890017
vn 0.000000 -1.000000 0.000000
f 1353/4361/4361 1354/4362/4362 1355/4363/4363 1356/4364/4364 1357/4365/4365 1358/4366/4366 1359/4367/4367 1360/4368/4368
vt 0.486438 0.890017
vn 0.000000 1.000000 0.000000
vt 0.489150 0.892729
vn 0.000000 1.000000 0.000000
vt 0.510850 0.892729
vn 0.000000 1.000000 0.000000
vt 0.513563 0.890017
vn 0.000000 1.000000 0.000000
vt 0.513563 0.868317
vn 0.000000 1.000000 0.000000
vt 0.510850 0.865604
vn 0.000000 1.000000 0.000000
vt 0.489150 0.865604
vn 0.000000 1.000000 0.000000
vt 0.486438 0.868317
vn 0.000000 1.000000 0.000000
f 1384/4369/4369 1383/4370/4370 1382/4371/4371 1381/4372/4372 1380/4373/4373 1379/4374/4374 1378/4375/4375 1377/4376/4376
vt -0.092917 0.867500
vn -0.645915 -0.406926 -0.645915
vt -0.092917 0.864583
vn -0.645915 -0.406926 -0.645915
vt -0.095833 0.865604
vn -0.645915 -0.406926 -0.645915
vt -0.095833 0.868317
vn -0.645915 -0.406926 -0.645915
f 1361/4377/4377 1362/4378/4378 1354/4379/4379 1353/4380/4380
vt 0.488333 -0.092917
vn 0.000000 -0.330350 -0.943858
vt 0.511667 -0.092917
vn 0.000000 -0.330350 -0.943858
vt 0.510850 -0.095833
vn 0.000000 -0.330350 -0.943858
vt 0.489150 -0.095833
vn 0.000000 -0.330350 -0.943858
f 1362/4381/4381 1363/4382/4382 1355/4383/4383 1354/4384/4384
vt -0.092917 0.864583
vn 0.645915 -0.406926 -0.645915
vt -0.092917 0.867500
vn 0.645915 -0.406926 -0.645915
vt -0.095833 0.868317
vn 0.645915 -0.406926 -0.645915
vt -0.095833 0.865604
vn 0.645915 -0.406926 -0.645915
f 1363/4385/4385 1364/4386/4386 1356/4387/4387 1355/4388/4388
vt -0.092917 0.867500
vn 0.943858 -0.330350 0.000000
vt -0.092917 0.890833
vn 0.943858 -0.330350 0.000000
vt -0.095833 0.890017
vn 0.943858 -0.330350 0.000000
vt -0.095833 0.868317
vn 0.943858 -0.330350 0.000000
f 1364/4389/4389 1365/4390/4390 1357/4391/4391 1356/4392/4392
vt -0.092917 0.890833
vn 0.645915 -0.406926 0.645915
vt -0.092917 0.893750
vn 0.645915 -0.406926 0.645915
vt -0.095833 0.892729
vn 0.645915 -0.406926 0.645915
vt -0.095833 0.890017
vn 0.645915 -0.406926 0.645915
f 1365/4393/4393 1366/4394/4394 1358/4395/4395 1357/4396/4396
vt 0.511667 -0.092917
vn 0.000000 -0.330350 0.943858
vt 0.488333 -0.092917
vn 0.000000 -0.330350 0.943858
vt 0.489150 -0.095833
vn 0.000000 -0.330350 0.943858
vt 0.510850 -0.095833
vn 0.000000 -0.330350 0.943858
f 1366/4397/4397 1367/4398/4398 1359/4399/4399 1358/4400/4400
vt -0.092917 0.893750
vn -0.645915 -0.406926 0.645915
vt -0.092917 0.890833
vn -0.645915 -0.406926 0.645915
vt -0.095833 0.890017
vn -0.645915 -0.406926 0.645915
vt -0.095833 0.892729
vn -0.645915 -0.406926 0.645915
f 1367/4401/4401 1368/4402/4402 1360/4403/4403 1359/4404/4404
vt -0.092917 0.890833
vn -0.943858 -0.330350 -0.000000
vt -0.092917 0.867500
vn -0.943858 -0.330350 -0.000000
vt -0.095833 0.868317
vn -0.943858 -0.330350 -0.000000
vt -0.095833 0.890017
vn -0.943858 -0.330350 -0.000000
f 1368/4405/4405 1361/4406/4406 1353/4407/4407 1360/4408/4408
vt 0.092917 0.867500
vn -0.707107 0.000000 -0.707107
vt 0.092917 0.864583
vn -0.707107 0.000000 -0.707107
vt -0.092917 0.864583
vn -0.707107 0.000000 -0.707107
vt -0.092917 0.867500
vn -0.707107 0.000000 -0.707107
f 1369/4409/4409 1370/4410/4410 1362/4411/4411 1361/4412/4412
vt 0.488333 0.092917
vn 0.000000 0.000000 -1.000000
vt 0.511667 0.092917
vn 0.000000 0.000000 -1.000000
vt 0.511667 -0.092917
vn 0.000000 0.000000 -1.000000
vt 0.488333 -0.092917
vn 0.000000 0.000000 -1.000000
f 1370/4413/4413 1371/4414/4414 1363/4415/4415 1362/4416/4416
vt 0.092917 0.864583
vn 0.707107 0.000000 -0.707107
vt 0.092917 0.867500
vn 0.707107 0.000000 -0.707107
vt -0.092917 0.867500
vn 0.707107 0.000000 -0.707107
vt -0.092917 0.864583
vn 0.707107 0.000000 -0.707107
f 1371/4417/4417 1372/4418/4418 1364/4419/4419 1363/4420/4420
vt 0.092917 0.867500
vn 1.000000 0.000000 -0.000000
vt 0.092917 0.890833
vn 1.000000 0.000000 -0.000000
vt -0.092917 0.890833
vn 1.000000 0.000000 -0.000000
vt -0.092917 0.867500
vn 1.000000 0.000000 -0.000000
f 1372/4421/4421 1373/4422/4422 1365/4423/4423 1364/4424/4424
vt 0.092917 0.890833
vn 0.707107 0.000000 0.707107
vt 0.092917 0.893750
vn 0.707107 0.000000 0.707107
vt -0.092917 0.893750
vn 0.707107 0.000000 0.707107
vt -0.092917 0.890833
vn 0.707107 0.000000 0.707107
f 1373/4425/4425 1374/4426/4426 1366/4427/4427 1365/4428/4428
vt 0.511667 0.092917
vn 0.000000 0.000000 1.000000
vt 0.488333 0.092917
vn 0.000000 0.000000 1.000000
vt 0.488333 -0.092917
vn 0.000000 0.000000 1.000000
vt 0.511667 -0.092917
vn 0.000000 0.000000 1.000000
f 1374/4429/4429 1375/4430/4430 1367/4431/4431 1366/4432/4432
vt 0.092917 0.893750
vn -0.707107 0.000000 0.707107
vt 0.092917 0.890833
vn -0.707107 0.000000 0.707107
vt -0.092917 0.890833
vn -0.707107 0.000000 0.707107
vt -0.092917 0.893750
vn -0.707107 0.000000 0.707107
f 1375/4433/4433 1376/4434/4434 1368/4435/4435 1367/4436/4436
vt 0.092917 0.890833
vn -1.000000 0.000000 -0.000000
vt 0.092917 0.867500
vn -1.000000 0.000000 -0.000000
vt -0.092917 0.867500
vn -1.000000 0.000000 -0.000000
vt -0.092917 0.890833
vn -1.000000 0.000000 -0.000000
f 1376/4437/4437 1369/4438/4438 1361/4439/4439 1368/4440/4440
vt 0.095833 0.868317
vn -0.645915 0.406926 -0.645915
vt 0.095833 0.865604
vn -0.645915 0.406926 -0.645915
vt 0.092917 0.864583
vn -0.645915 0.406926 -0.645915
vt 0.092917 0.867500
vn -0.645915 0.406926 -0.645915
f 1377/4441/4441 1378/4442/4442 1370/4443/4443 1369/4444/4444
vt 0.489150 0.095833
vn 0.000000 0.330350 -0.943858
vt 0.510850 0.095833
vn 0.000000 0.330350 -0.943858
vt 0.511667 0.092917
vn 0.000000 0.330350 -0.943858
vt 0.488333 0.092917
vn 0.000000 0.330350 -0.943858
f 1378/4445/4445 1379/4446/4446 1371/4447/4447 1370/4448/4448
vt 0.095833 0.865604
vn 0.645915 0.406926 -0.645915
vt 0.095833 0.868317
vn 0.645915 0.406926 -0.645915
vt 0.092917 0.867500
vn 0.645915 0.406926 -0.645915
vt 0.092917 0.864583
vn 0.645915 0.406926 -0.645915
f 1379/4449/4449 1380/4450/4450 1372/4451/4451 1371/4452/4452
vt 0.095833 0.868317
vn 0.943858 0.330350 -0.000000
vt 0.095833 0.890017
vn 0.943858 0.330350 -0.000000
vt 0.092917 0.890833
vn 0.943858 0.330350 -0.000000
vt 0.092917 0.867500
vn 0.943858 0.330350 -0.000000
f 1380/4453/4453 1381/4454/4454 1373/4455/4455 1372/4456/4456
vt 0.095833 0.890017
vn 0.645915 0.406926 0.645915
vt 0.095833 0.892729
vn 0.645915 0.406926 0.645915
vt 0.092917 0.893750
vn 0.645915 0.406926 0.645915
vt 0.092917 0.890833
vn 0.645915 0.406926 0.645915
f 1381/4457/4457 1382/4458/4458 1374/4459/4459 1373/4460/4460
vt 0.510850 0.095833
vn 0.000000 0.330350 0.943858
vt 0.489150 0.095833
vn 0.000000 0.330350 0.943858
vt 0.488333 0.092917
vn 0.000000 0.330350 0.943858
vt 0.511667 0.092917
vn 0.000000 0.330350 0.943858
f 1382/4461/4461 1383/4462/4462 1375/4463/4463 1374/4464/4464
vt 0.095833 0.892729
vn -0.645915 0.406926 0.645915
vt 0.095833 0.890017
vn -0.645915 0.406926 0.645915
vt 0.092917 0.890833
vn -0.645915 0.406926 0.645915
vt 0.092917 0.893750
vn -0.645915 0.406926 0.645915
f 1383/4465/4465 1384/4466/4466 1376/4467/4467 1375/4468/4468
vt 0.095833 0.890017
vn -0.943858 0.330350 0.000000
vt 0.095833 0.868317
vn -0.943858 0.330350 0.000000
vt 0.092917 0.867500
vn -0.943858 0.330350 0.000000
vt 0.092917 0.890833
vn -0.943858 0.330350 0.000000
f 1384/4469/4469 1377/4470/4470 1369/4471/4471 1376/4472/4472
v 6.637250 -1.150000 10.419800
v 6.669800 -1.150000 10.387250
v 6.930200 -1.150000 10.387250
v 6.962750 -1.150000 10.419800
v 6.962750 -1.150000 10.680200
v 6.930200 -1.150000 10.712750
v 6.669800 -1.150000 10.712750
v 6.637250 -1.150000 10.680200
v 6.625000 -1.115000 10.410000
v 6.660000 -1.115000 10.375000
v 6.940000 -1.115000 10.375000
v 6.975000 -1.115000 10.410000
v 6.975000 -1.115000 10.690000
v 6.940000 -1.115000 10.725000
v 6.660000 -1.115000 10.725000
v 6.625000 -1.115000 10.690000
v 6.625000 1.115000 10.410000
v 6.660000 1.115000 10.375000
v 6.940000 1.115000 10.375000
v 6.975000 1.115000 10.410000
v 6.975000 1.115000 10.690000
v 6.940000 1.115000 10.725000
v 6.660000 1.115000 10.725000
v 6.625000 1.115000 10.690000
v 6.637250 1.150000 10.419800
v 6.669800 1.150000 10.387250
v 6.930200 1.150000 10.387250
v 6.962750 1.150000 10.419800
v 6.962750 1.150000 10.680200
v 6.930200 1.150000 10.712750
v 6.669800 1.150000 10.712750
v 6.637250 1.150000 10.680200
vt 0.553104 0.868317
vn 0.000000 -1.000000 0.000000
vt 0.555817 0.865604
vn 0.000000 -1.000000 0.000000
vt 0.577517 0.865604
vn 0.000000 -1.000000 0.000000
vt 0.580229 0.868317
vn 0.000000 -1.000000 0.000000
vt 0.580229 0.890017
vn 0.000000 -1.000000 0.000000
vt 0.577517 0.892729
vn 0.000000 -1.000000 0.000000
vt 0.555817 0.892729
vn 0.000000 -1.000000 0.000000
vt 0.553104 0.890017
vn 0.000000 -1.000000 0.000000
f 1385/4473/4473 1386/4474/4474 1387/4475/4475 1388/4476/4476 1389/4477/4477 1390/4478/4478 1391/4479/4479 1392/4480/4480
vt 0.553104 0.890017
vn 0.000000 1.000000 0.000000
vt 0.555817 0.892729
vn 0.000000 1.000000 0.000000
vt 0.577517 0.892729
vn 0.000000 1.000000 0.000000
vt 0.580229 0.890017
vn 0.000000 1.000000 0.000000
vt 0.580229 0.868317
vn 0.000000 1.000000 0.000000
vt 0.577517 0.865604
vn 0.000000 1.000000 0.000000
vt 0.555817 0.865604
vn 0.000000 1.000000 0.000000
vt 0.553104 0.868317
vn 0.000000 1.000000 0.000000
f 1416/4481/4481 1415/4482/4482 1414/4483/4483 1413/4484/4484 1412/4485/4485 1411/4486/4486 1410/4487/4487 1409/4488/4488
vt -0.092917 0.867500
vn -0.645915 -0.406926 -0.645915
vt -0.092917 0.864583
vn -0.645915 -0.406926 -0.645915
vt -0.095833 0.865604
vn -0.645915 -0.406926 -0.645915
vt -0.095833 0.868317
vn -0.645915 -0.406926 -0.645915
f 1393/4489/4489 1394/4490/4490 1386/4491/4491 1385/4492/4492
vt 0.555000 -0.092917
vn 0.000000 -0.330350 -0.943858
vt 0.578333 -0.092917
vn 0.000000 -0.330350 -0.943858
vt 0.577517 -0.095833
vn 0.000000 -0.330350 -0.943858
vt 0.555817 -0.095833
vn 0.000000 -0.330350 -0.943858
f 1394/4493/4493 1395/4494/4494 1387/4495/4495 1386/4496/4496
vt -0.092917 0.864583
vn 0.645915 -0.406926 -0.645915
vt -0.092917 0.867500
vn 0.645915 -0.406926 -0.645915
vt -0.095833 0.868317
vn 0.645915 -0.406926 -0.645915
vt -0.095833 0.865604
vn 0.645915 -0.406926 -0.645915
f 1395/4497/4497 1396/4498/4498 1388/4499/4499 1387/4500/4500
vt -0.092917 0.867500
vn 0.943858 -0.330350 0.000000
vt -0.092917 0.890833
vn 0.943858 -0.330350 0.000000
vt -0.095833 0.890017
vn 0.943858 -0.330350 0.000000
vt -0.095833 0.868317
vn 0.943858 -0.330350 0.000000
f 1396/4501/4501 1397/4502/4502 1389/4503/4503 1388/4504/4504
vt -0.092917 0.890833
vn 0.645915 -0.406926 0.645915
vt -0.092917 0.893750
vn 0.645915 -0.406926 0.645915
vt -0.095833 0.892729
vn 0.645915 -0.406926 0.645915
vt -0.095833 0.890017
vn 0.645915 -0.406926 0.645915
f 1397/4505/4505 1398/4506/4506 1390/4507/4507 1389/4508/4508
vt 0.578333 -0.092917
vn 0.000000 -0.330350 0.943858
vt 0.555000 -0.092917
vn 0.000000 -0.330350 0.943858
vt 0.555817 -0.095833
vn 0.000000 -0.330350 0.943858
vt 0.577517 -0.095833
vn 0.000000 -0.330350 0.943858
f 1398/4509/4509 1399/4510/4510 1391/4511/4511 1390/4512/4512
vt -0.092917 0.893750
vn -0.645915 -0.406926 0.645915
vt -0.092917 0.890833
vn -0.645915 -0.406926 0.645915
vt -0.095833 0.890017
vn -0.645915 -0.406926 0.645915
vt -0.095833 0.892729
vn -0.645915 -0.406926 0.645915
f 1399/4513/4513 1400/4514/4514 1392/4515/4515 1391/4516/4516
vt -0.092917 0.890833
vn -0.943858 -0.330350 -0.000000
vt -0.092917 0.867500
vn -0.943858 -0.330350 -0.000000
vt -0.095833 0.868317
vn -0.943858 -0.330350 -0.000000
vt -0.095833 0.890017
vn -0.943858 -0.330350 -0.000000
f 1400/4517/4517 1393/4518/4518 1385/4519/4519 1392/4520/4520
vt 0.092917 0.867500
vn -0.707107 0.000000 -0.707107
vt 0.092917 0.864583
vn -0.707107 0.000000 -0.707107
vt -0.092917 0.864583
vn -0.707107 0.000000 -0.707107
vt -0.092917 0.867500
vn -0.707107 0.000000 -0.707107
f 1401/4521/4521 1402/4522/4522 1394/4523/4523 1393/4524/4524
vt 0.555000 0.092917
vn 0.000000 0.000000 -1.000000
vt 0.578333 0.092917
vn 0.000000 0.000000 -1.000000
vt 0.578333 -0.092917
vn 0.000000 0.000000 -1.000000
vt 0.555000 -0.092917
vn 0.000000 0.000000 -1.000000
f 1402/4525/4525 1403/4526/4526 1395/4527/4527 1394/4528/4528
vt 0.092917 0.864583
vn 0.707107 0.000000 -0.707107
vt 0.092917 0.867500
vn 0.707107 0.000000 -0.707107
vt -0.092917 0.867500
vn 0.707107 0.000000 -0.707107
vt -0.092917 0.864583
vn 0.707107 0.000000 -0.707107
f 1403/4529/4529 1404/4530/4530 1396/4531/4531 1395/4532/4532
vt 0.092917 0.867500
vn 1.000000 0.000000 -0.000000
vt 0.092917 0.890833
vn 1.000000 0.000000 -0.000000
vt -0.092917 0.890833
vn 1.000000 0.000000 -0.000000
vt -0.092917 0.867500
vn 1.000000 0.000000 -0.000000
f 1404/4533/4533 1405/4534/4534 1397/4535/4535 1396/4536/4536
vt 0.092917 0.890833
vn 0.707107 0.000000 0.707107
vt 0.092917 0.893750
vn 0.707107 0.000000 0.707107
vt -0.092917 0.893750
vn 0.707107 0.000000 0.707107
vt -0.092917 0.890833
vn 0.707107 0.000000 0.707107
f 1405/4537/4537 1406/4538/4538 1398/4539/4539 1397/4540/4540
vt 0.578333 0.092917
vn 0.000000 0.000000 1.000000
vt 0.555000 0.092917
vn 0.000000 0.000000 1.000000
vt 0.555000 -0.092917
vn 0.000000 0.000000 1.000000
vt 0.578333 -0.092917
vn 0.000000 0.000000 1.000000
f 1406/4541/4541 1407/4542/4542 1399/4543/4543 1398/4544/4544
vt 0.092917 0.893750
vn -0.707107 0.000000 0.707107
vt 0.092917 0.890833
vn -0.707107 0.000000 0.707107
vt -0.092917 0.890833
vn -0.707107 0.000000 0.707107
vt -0.092917 0.893750
vn -0.707107 0.000000 0.707107
f 1407/4545/4545 1408/4546/4546 1400/4547/4547 1399/4548/4548
vt 0.092917 0.890833
vn -1.000000 0.000000 -0.000000
vt 0.092917 0.867500
vn -1.000000 0.000000 -0.000000
vt -0.092917 0.867500
vn -1.000000 0.000000 -0.000000
vt -0.092917 0.890833
vn -1.000000 0.000000 -0.000000
f 1408/4549/4549 1401/4550/4550 1393/4551/4551 1400/4552/4552
vt 0.095833 0.868317
vn -0.645915 0.406926 -0.645915
vt 0.095833 0.865604
vn -0.645915 0.406926 -0.645915
vt 0.092917 0.864583
vn -0.645915 0.406926 -0.645915
vt 0.092917 0.867500
vn -0.645915 0.406926 -0.645915
f 1409/4553/4553 1410/4554/4554 1402/4555/4555 1401/4556/4556
vt 0.555817 0.095833
vn 0.000000 0.330350 -0.943858
vt 0.577517 0.095833
vn 0.000000 0.330350 -0.943858
vt 0.578333 0.092917
vn 0.000000 0.330350 -0.943858
vt 0.555000 0.092917
vn 0.000000 0.330350 -0.943858
f 1410/4557/4557 1411/4558/4558 1403/4559/4559 1402/4560/4560
vt 0.095833 0.865604
vn 0.645915 0.406926 -0.645915
vt 0.095833 0.868317
vn 0.645915 0.406926 -0.645915
vt 0.092917 0.867500
vn 0.645915 0.406926 -0.645915
vt 0.092917 0.864583
vn 0.645915 0.406926 -0.645915
f 1411/4561/4561 1412/4562/4562 1404/4563/4563 1403/4564/4564
vt 0.095833 0.868317
vn 0.943858 0.330350 -0.000000
vt 0.095833 0.890017
vn 0.943858 0.330350 -0.000000
vt 0.092917 0.890833
vn 0.943858 0.330350 -0.000000
vt 0.092917 0.867500
vn 0.943858 0.330350 -0.000000
f 1412/4565/4565 1413/4566/4566 1405/4567/4567 1404/4568/4568
vt 0.095833 0.890017
vn 0.645915 0.406926 0.645915
vt 0.095833 0.892729
vn 0.645915 0.406926 0.645915
vt 0.092917 0.893750
vn 0.645915 0.406926 0.645915
vt 0.092917 0.890833
vn 0.645915 0.406926 0.645915
f 1413/4569/4569 1414/4570/4570 1406/4571/4571 1405/4572/4572
vt 0.577517 0.095833
vn 0.000000 0.330350 0.943858
vt 0.555817 0.095833
vn 0.000000 0.330350 0.943858
vt 0.555000 0.092917
vn 0.000000 0.330350 0.943858
vt 0.578333 0.092917
vn 0.000000 0.330350 0.943858
f 1414/4573/4573 1415/4574/4574 1407/4575/4575 1406/4576/4576
vt 0.095833 0.892729
vn -0.645915 0.406926 0.645915
vt 0.095833 0.890017
vn -0.645915 0.406926 0.645915
vt 0.092917 0.890833
vn -0.645915 0.406926 0.645915
vt 0.092917 0.893750
vn -0.645915 0.406926 0.645915
f 1415/4577/4577 1416/4578/4578 1408/4579/4579 1407/4580/4580
vt 0.095833 0.890017
vn -0.943858 0.330350 0.000000
vt 0.095833 0.868317
vn -0.943858 0.330350 0.000000
vt 0.092917 0.867500
vn -0.943858 0.330350 0.000000
vt 0.092917 0.890833
vn -0.943858 0.330350 0.000000
f 1416/4581/4581 1409/4582/4582 1401/4583/4583 1408/4584/4584
v 7.437250 -1.150000 10.419800
v 7.469800 -1.150000 10.387250
v 7.730200 -1.150000 10.387250
v 7.762750 -1.150000 10.419800
v 7.762750 -1.150000 10.680200
v 7.730200 -1.150000 10.712750
v 7.469800 -1.150000 10.712750
v 7.437250 -1.150000 10.680200
v 7.425000 -1.115000 10.410000
v 7.460000 -1.115000 10.375000
v 7.740000 -1.115000 10.375000
v 7.775000 -1.115000 10.410000
v 7.775000 -1.115000 10.690000
v 7.740000 -1.115000 10.725000
v 7.460000 -1.115000 10.725000
v 7.425000 -1.115000 10.690000
v 7.425000 1.115000 10.410000
v 7.460000 1.115000 10.375000
v 7.740000 1.115000 10.375000
v 7.775000 1.115000 10.410000
v 7.775000 1.115000 10.690000
v 7.740000 1.115000 10.725000
v 7.460000 1.115000 10.725000
v 7.425000 1.115000 10.690000
v 7.437250 1.150000 10.419800
v 7.469800 1.150000 10.387250
v 7.730200 1.150000 10.387250
v 7.762750 1.150000 10.419800
v 7.762750 1.150000 10.680200
v 7.730200 1.150000 10.712750
v 7.469800 1.150000 10.712750
v 7.437250 1.150000 10.680200
vt 0.619771 0.868317
vn 0.000000 -1.000000 0.000000
vt 0.622483 0.865604
vn 0.000000 -1.000000 0.000000
vt 0.644183 0.865604
vn 0.000000 -1.000000 0.000000
vt 0.646896 0.868317
vn 0.000000 -1.000000 0.000000
vt 0.646896 0.890017
vn 0.000000 -1.000000 0.000000
vt 0.644183 0.892729
vn 0.000000 -1.000000 0.000000
vt 0.622483 0.892729
vn 0.000000 -1.000000 0.000000
vt 0.619771 0.890017
vn 0.000000 -1.000000 0.000000
f 1417/4585/4585 1418/4586/4586 1419/4587/4587 1420/4588/4588 1421/4589/4589 1422/4590/4590 1423/4591/4591 1424/4592/4592
vt 0.619771 0.890017
vn 0.000000 1.000000 0.000000
vt 0.622483 0.892729
vn 0.000000 1.000000 0.000000
vt 0.644183 0.892729
vn 0.000000 1.000000 0.000000
vt 0.646896 0.890017
vn 0.000000 1.000000 0.000000
vt 0.646896 0.868317
vn 0.000000 1.000000 0.000000
vt 0.644183 0.865604
vn 0.000000 1.000000 0.000000
vt 0.622483 0.865604
vn 0.000000 1.000000 0.000000
vt 0.619771 0.868317
vn 0.000000 1.000000 0.000000
f 1448/4593/4593 1447/4594/4594 1446/4595/4595 1445/4596/4596 1444/4597/4597 1443/4598/4598 1442/4599/4599 1441/4600/4600
vt -0.092917 0.867500
vn -0.645915 -0.406926 -0.645915
vt -0.092917 0.864583
vn -0.645915 -0.406926 -0.645915
vt -0.095833 0.865604
vn -0.645915 -0.406926 -0.645915
vt -0.095833 0.868317
vn -0.645915 -0.406926 -0.645915
f 1425/4601/4601 1426/4602/4602 1418/4603/4603 1417/4604/4604
vt 0.621667 -0.092917
vn 0.000000 -0.330350 -0.943858
vt 0.645000 -0.092917
vn 0.000000 -0.330350 -0.943858
vt 0.644183 -0.095833
vn 0.000000 -0.330350 -0.943858
vt 0.622483 -0.095833
vn 0.000000 -0.330350 -0.943858
f 1426/4605/4605 1427/4606/4606 1419/4607/4607 1418/4608/4608
vt -0.092917 0.864583
vn 0.645915 -0.406926 -0.645915
vt -0.092917 0.867500
vn 0.645915 -0.406926 -0.645915
vt -0.095833 0.868317
vn 0.645915 -0.406926 -0.645915
vt -0.095833 0.865604
vn 0.645915 -0.406926 -0.645915
f 1427/4609/4609 1428/4610/4610 1420/4611/4611 1419/4612/4612
vt -0.092917 0.867500
vn 0.943858 -0.330350 0.000000
vt -0.092917 0.890833
vn 0.943858 -0.330350 0.000000
vt -0.095833 0.890017
vn 0.943858 -0.330350 0.000000
vt -0.095833 0.868317
vn 0.943858 -0.330350 0.000000
f 1428/4613/4613 1429/4614/4614 1421/4615/4615 1420/4616/4616
vt -0.092917 0.890833
vn 0.645915 -0.406926 0.645915
vt -0.092917 0.893750
vn 0.645915 -0.406926 0.645915
vt -0.095833 0.892729
vn 0.645915 -0.406926 0.645915
vt -0.095833 0.890017
vn 0.645915 -0.406926 0.645915
f 1429/4617/4617 1430/4618/4618 1422/4619/4619 1421/4620/4620
vt 0.645000 -0.092917
vn 0.000000 -0.330350 0.943858
vt 0.621667 -0.092917
vn 0.000000 -0.330350 0.943858
vt 0.622483 -0.095833
vn 0.000000 -0.330350 0.943858
vt 0.644183 -0.095833
vn 0.000000 -0.330350 0.943858
f 1430/4621/4621 1431/4622/4622 1423/4623/4623 1422/4624/4624
vt -0.092917 0.893750
vn -0.645915 -0.406926 0.645915
vt -0.092917 0.890833
vn -0.645915 -0.406926 0.645915
vt -0.095833 0.890017
vn -0.645915 -0.406926 0.645915
vt -0.095833 0.892729
vn -0.645915 -0.406926 0.645915
f 1431/4625/4625 1432/4626/4626 1424/4627/4627 1423/4628/4628
vt -0.092917 0.890833
vn -0.943858 -0.330350 -0.000000
vt -0.092917 0.867500
vn -0.943858 -0.330350 -0.000000
vt -0.095833 0.868317
vn -0.943858 -0.330350 -0.000000
vt -0.095833 0.890017
vn -0.943858 -0.330350 -0.000000
f 1432/4629/4629 1425/4630/4630 1417/4631/4631 1424/4632/4632
vt 0.092917 0.867500
vn -0.707107 0.000000 -0.707107
vt 0.092917 0.864583
vn -0.707107 0.000000 -0.707107
vt -0.092917 0.864583
vn -0.707107 0.000000 -0.707107
vt -0.092917 0.867500
vn -0.707107 0.000000 -0.707107
f 1433/4633/4633 1434/4634/4634 1426/4635/4635 1425/4636/4636
vt 0.621667 0.092917
vn 0.000000 0.000000 -1.000000
vt 0.645000 0.092917
vn 0.000000 0.000000 -1.000000
vt 0.645000 -0.092917
vn 0.000000 0.000000 -1.000000
vt 0.621667 -0.092917
vn 0.000000 0.000000 -1.000000
f 1434/4637/4637 1435/4638/4638 1427/4639/4639 1426/4640/4640
vt 0.092917 0.864583
vn 0.707107 0.000000 -0.707107
vt 0.092917 0.867500
vn 0.707107 0.000000 -0.707107
vt -0.092917 0.867500
vn 0.707107 0.000000 -0.707107
vt -0.092917 0.864583
vn 0.707107 0.000000 -0.707107
f 1435/4641/4641 1436/4642/4642 1428/4643/4643 1427/4644/4644
vt 0.092917 0.867500
vn 1.000000 0.000000 -0.000000
vt 0.092917 0.890833
vn 1.000000 0.000000 -0.000000
vt -0.092917 0.890833
vn 1.000000 0.000000 -0.000000
vt -0.092917 0.867500
vn 1.000000 0.000000 -0.000000
f 1436/4645/4645 1437/4646/4646 1429/4647/4647 1428/4648/4648
vt 0.092917 0.890833
vn 0.707107 0.000000 0.707107
vt 0.092917 0.893750
vn 0.707107 0.000000 0.707107
vt -0.092917 0.893750
vn 0.707107 0.000000 0.707107
vt -0.092917 0.890833
vn 0.707107 0.000000 0.707107
f 1437/4649/4649 1438/4650/4650 1430/4651/4651 1429/4652/4652
vt 0.645000 0.092917
vn 0.000000 0.000000 1.000000
vt 0.621667 0.092917
vn 0.000000 0.000000 1.000000
vt 0.621667 -0.092917
vn 0.000000 0.000000 1.000000
vt 0.645000 -0.092917
vn 0.000000 0.000000 1.000000
f 1438/4653/4653 1439/4654/4654 1431/4655/4655 1430/4656/4656
vt 0.092917 0.893750
vn -0.707107 0.000000 0.707107
vt 0.092917 0.890833
vn -0.707107 0.000000 0.707107
vt -0.092917 0.890833
vn -0.707107 0.000000 0.707107
vt -0.092917 0.893750
vn -0.707107 0.000000 0.707107
f 1439/4657/4657 1440/4658/4658 1432/4659/4659 1431/4660/4660
vt 0.092917 0.890833
vn -1.000000 0.000000 -0.000000
vt 0.092917 0.867500
vn -1.000000 0.000000 -0.000000
vt -0.092917 0.867500
vn -1.000000 0.000000 -0.000000
vt -0.092917 0.890833
vn -1.000000 0.000000 -0.000000
f 1440/4661/4661 1433/4662/4662 1425/4663/4663 1432/4664/4664
vt 0.095833 0.868317
vn -0.645915 0.406926 -0.645915
vt 0.095833 0.865604
vn -0.645915 0.406926 -0.645915
vt 0.092917 0.864583
vn -0.645915 0.406926 -0.645915
vt 0.092917 0.867500
vn -0.645915 0.406926 -0.645915
f 1441/4665/4665 1442/4666/4666 1434/4667/4667 1433/4668/4668
vt 0.622483 0.095833
vn 0.000000 0.330350 -0.943858
vt 0.644183 0.095833
vn 0.000000 0.330350 -0.943858
vt 0.645000 0.092917
vn 0.000000 0.330350 -0.943858
vt 0.621667 0.092917
vn 0.000000 0.330350 -0.943858
f 1442/4669/4669 1443/4670/4670 1435/4671/4671 1434/4672/4672
vt 0.095833 0.865604
vn 0.645915 0.406926 -0.645915
vt 0.095833 0.868317
vn 0.645915 0.406926 -0.645915
vt 0.092917 0.867500
vn 0.645915 0.406926 -0.645915
vt 0.092917 0.864583
vn 0.645915 0.406926 -0.645915
f 1443/4673/4673 1444/4674/4674 1436/4675/4675 1435/4676/4676
vt 0.095833 0.868317
vn 0.943858 0.330350 -0.000000
vt 0.095833 0.890017
vn 0.943858 0.330350 -0.000000
vt 0.092917 0.890833
vn 0.943858 0.330350 -0.000000
vt 0.092917 0.867500
vn 0.943858 0.330350 -0.000000
f 1444/4677/4677 1445/4678/4678 1437/4679/4679 1436/4680/4680
vt 0.095833 0.890017
vn 0.645915 0.406926 0.645915
vt 0.095833 0.892729
vn 0.645915 0.406926 0.645915
vt 0.092917 0.893750
vn 0.645915 0.406926 0.645915
vt 0.092917 0.890833
vn 0.645915 0.406926 0.645915
f 1445/4681/4681 1446/4682/4682 1438/4683/4683 1437/4684/4684
vt 0.644183 0.095833
vn 0.000000 0.330350 0.943858
vt 0.622483 0.095833
vn 0.000000 0.330350 0.943858
vt 0.621667 0.092917
vn 0.000000 0.330350 0.943858
vt 0.645000 0.092917
vn 0.000000 0.330350 0.943858
f 1446/4685/4685 1447/4686/4686 1439/4687/4687 1438/4688/4688
vt 0.095833 0.892729
vn -0.645915 0.406926 0.645915
vt 0.095833 0.890017
vn -0.645915 0.406926 0.645915
vt 0.092917 0.890833
vn -0.645915 0.406926 0.645915
vt 0.092917 0.893750
vn -0.645915 0.406926 0.645915
f 1447/4689/4689 1448/4690/4690 1440/4691/4691 1439/4692/4692
vt 0.095833 0.890017
vn -0.943858 0.330350 0.000000
vt 0.095833 0.868317
vn -0.943858 0.330350 0.000000
vt 0.092917 0.867500
vn -0.943858 0.330350 0.000000
vt 0.092917 0.890833
vn -0.943858 0.330350 0.000000
f 1448/4693/4693 1441/4694/4694 1433/4695/4695 1440/4696/4696
v 8.237250 -1.150000 10.419800
v 8.269800 -1.150000 10.387250
v 8.530200 -1.150000 10.387250
v 8.562750 -1.150000 10.419800
v 8.562750 -1.150000 10.680200
v 8.530200 -1.150000 10.712750
v 8.269800 -1.150000 10.712750
v 8.237250 -1.150000 10.680200
v 8.225000 -1.115000 10.410000
v 8.260000 -1.115000 10.375000
v 8.540000 -1.115000 10.375000
v 8.575000 -1.115000 10.410000
v 8.575000 -1.115000 10.690000
v 8.540000 -1.115000 10.725000
v 8.260000 -1.115000 10.725000
v 8.225000 -1.115000 10.690000
v 8.225000 1.115000 10.410000
v 8.260000 1.115000 10.375000
v 8.540000 1.115000 10.375000
v 8.575000 1.115000 10.410000
v 8.575000 1.115000 10.690000
v 8.540000 1.115000 10.725000
v 8.260000 1.115000 10.725000
v 8.225000 1.115000 10.690000
v 8.237250 1.150000 10.419800
v 8.269800 1.150000 10.387250
v 8.530200 1.150000 10.387250
v 8.562750 1.150000 10.419800
v 8.562750 1.150000 10.680200
v 8.530200 1.150000 10.712750
v 8.269800 1.150000 10.712750
v 8.237250 1.150000 10.680200
vt 0.686437 0.868317
vn 0.000000 -1.000000 0.000000
vt 0.689150 0.865604
vn 0.000000 -1.000000 0.000000
vt 0.710850 0.865604
vn 0.000000 -1.000000 0.000000
vt 0.713563 0.868317
vn 0.000000 -1.000000 0.000000
vt 0.713563 0.890017
vn 0.000000 -1.000000 0.000000
vt 0.710850 0.892729
vn 0.000000 -1.000000 0.000000
vt 0.689150 0.892729
vn 0.000000 -1.000000 0.000000
vt 0.686437 0.890017
vn 0.000000 -1.000000 0.000000
f 1449/4697/4697 1450/4698/4698 1451/4699/4699 1452/4700/4700 1453/4701/4701 1454/4702/4702 1455/4703/4703 1456/4704/4704
vt 0.686437 0.890017
vn 0.000000 1.000000 0.000000
vt 0.689150 0.892729
vn 0.000000 1.000000 0.000000
vt 0.710850 0.892729
vn 0.000000 1.000000 0.000000
vt 0.713563 0.890017
vn 0.000000 1.000000 0.000000
vt 0.713563 0.868317
vn 0.000000 1.000000 0.000000
vt 0.710850 0.865604
vn 0.000000 1.000000 0.000000
vt 0.689150 0.865604
vn 0.000000 1.000000 0.000000
vt 0.686437 0.868317
vn 0.000000 1.000000 0.000000
f 1480/4705/4705 1479/4706/4706 1478/4707/4707 1477/4708/4708 1476/4709/4709 1475/4710/4710 1474/4711/4711 1473/4712/4712
vt -0.092917 0.867500
vn -0.645915 -0.406926 -0.645915
vt -0.092917 0.864583
vn -0.645915 -0.406926 -0.645915
vt -0.095833 0.865604
vn -0.645915 -0.406926 -0.645915
vt -0.095833 0.868317
vn -0.645915 -0.406926 -0.645915
f 1457/4713/4713 1458/4714/4714 1450/4715/4715 1449/4716/4716
vt 0.688333 -0.092917
vn 0.000000 -0.330350 -0.943858
vt 0.711667 -0.092917
vn 0.000000 -0.330350 -0.943858
vt 0.710850 -0.095833
vn 0.000000 -0.330350 -0.943858
vt 0.689150 -0.095833
vn 0.000000 -0.330350 -0.943858
f 1458/4717/4717 1459/4718/4718 1451/4719/4719 1450/4720/4720
vt -0.092917 0.864583
vn 0.645915 -0.406926 -0.645915
vt -0.092917 0.867500
vn 0.645915 -0.406926 -0.645915
vt -0.095833 0.868317
vn 0.645915 -0.406926 -0.645915
vt -0.095833 0.865604
vn 0.645915 -0.406926 -0.645915
f 1459/4721/4721 1460/4722/4722 1452/4723/4723 1451/4724/4724
vt -0.092917 0.867500
vn 0.943858 -0.330350 0.000000
vt -0.092917 0.890833
vn 0.943858 -0.330350 0.000000
vt -0.095833 0.890017
vn 0.943858 -0.330350 0.000000
vt -0.095833 0.868317
vn 0.943858 -0.330350 0.000000
f 1460/4725/4725 1461/4726/4726 1453/4727/4727 1452/4728/4728
vt -0.092917 0.890833
vn 0.645915 -0.406926 0.645915
vt -0.092917 0.893750
vn 0.645915 -0.406926 0.645915
vt -0.095833 0.892729
vn 0.645915 -0.406926 0.645915
vt -0.095833 0.890017
vn 0.645915 -0.406926 0.645915
f 1461/4729/4729 1462/4730/4730 1454/4731/4731 1453/4732/4732
vt 0.711667 -0.092917
vn 0.000000 -0.330350 0.943858
vt 0.688333 -0.092917
vn 0.000000 -0.330350 0.943858
vt 0.689150 -0.095833
vn 0.000000 -0.330350 0.943858
vt 0.710850 -0.095833
vn 0.000000 -0.330350 0.943858
f 1462/4733/4733 1463/4734/4734 1455/4735/4735 1454/4736/4736
vt -0.092917 0.893750
vn -0.645915 -0.406926 0.645915
vt -0.092917 0.890833
vn -0.645915 -0.406926 0.645915
vt -0.095833 0.890017
vn -0.645915 -0.406926 0.645915
vt -0.095833 0.892729
vn -0.645915 -0.406926 0.645915
f 1463/4737/4737 1464/4738/4738 1456/4739/4739 1455/4740/4740
vt -0.092917 0.890833
vn -0.943858 -0.330350 -0.000000
vt -0.092917 0.867500
vn -0.943858 -0.330350 -0.000000
vt -0.095833 0.868317
vn -0.943858 -0.330350 -0.000000
vt -0.095833 0.890017
vn -0.943858 -0.330350 -0.000000
f 1464/4741/4741 1457/4742/4742 1449/4743/4743 1456/4744/4744
vt 0.092917 0.867500
vn -0.707107 0.000000 -0.707107
vt 0.092917 0.864583
vn -0.707107 0.000000 -0.707107
vt -0.092917 0.864583
vn -0.707107 0.000000 -0.707107
vt -0.092917 0.867500
vn -0.707107 0.000000 -0.707107
f 1465/4745/4745 1466/4746/4746 1458/4747/4747 1457/4748/4748
vt 0.688333 0.092917
vn 0.000000 0.000000 -1.000000
vt 0.711667 0.092917
vn 0.000000 0.000000 -1.000000
vt 0.711667 -0.092917
vn 0.000000 0.000000 -1.000000
vt 0.688333 -0.092917
vn 0.000000 0.000000 -1.000000
f 1466/4749/4749 1467/4750/4750 1459/4751/4751 1458/4752/4752
vt 0.092917 0.864583
vn 0.707107 0.000000 -0.707107
vt 0.092917 0.867500
vn 0.707107 0.000000 -0.707107
vt -0.092917 0.867500
vn 0.707107 0.000000 -0.707107
vt -0.092917 0.864583
vn 0.707107 0.000000 -0.707107
f 1467/4753/4753 1468/4754/4754 1460/4755/4755 1459/4756/4756
vt 0.092917 0.867500
vn 1.000000 0.000000 -0.000000
vt 0.092917 0.890833
vn 1.000000 0.000000 -0.000000
vt -0.092917 0.890833
vn 1.000000 0.000000 -0.000000
vt -0.092917 0.867500
vn 1.000000 0.000000 -0.000000
f 1468/4757/4757 1469/4758/4758 1461/4759/4759 1460/4760/4760
vt 0.092917 0.890833
vn 0.707107 0.000000 0.707107
vt 0.092917 0.893750
vn 0.707107 0.000000 0.707107
vt -0.092917 0.893750
vn 0.707107 0.000000 0.707107
vt -0.092917 0.890833
vn 0.707107 0.000000 0.707107
f 1469/4761/4761 1470/4762/4762 1462/4763/4763 1461/4764/4764
vt 0.711667 0.092917
vn 0.000000 0.000000 1.000000
vt 0.688333 0.092917
vn 0.000000 0.000000 1.000000
vt 0.688333 -0.092917
vn 0.000000 0.000000 1.000000
vt 0.711667 -0.092917
vn 0.000000 0.000000 1.000000
f 1470/4765/4765 1471/4766/4766 1463/4767/4767 1462/4768/4768
vt 0.092917 0.893750
vn -0.707107 0.000000 0.707107
vt 0.092917 0.890833
vn -0.707107 0.000000 0.707107
vt -0.092917 0.890833
vn -0.707107 0.000000 0.707107
vt -0.092917 0.893750
vn -0.707107 0.000000 0.707107
f 1471/4769/4769 1472/4770/4770 1464/4771/4771 1463/4772/4772
vt 0.092917 0.890833
vn -1.000000 0.000000 -0.000000
vt 0.092917 0.867500
vn -1.000000 0.000000 -0.000000
vt -0.092917 0.867500
vn -1.000000 0.000000 -0.000000
vt -0.092917 0.890833
vn -1.000000 0.000000 -0.000000
f 1472/4773/4773 1465/4774/4774 1457/4775/4775 1464/4776/4776
vt 0.095833 0.868317
vn -0.645915 0.406926 -0.645915
vt 0.095833 0.865604
vn -0.645915 0.406926 -0.645915
vt 0.092917 0.864583
vn -0.645915 0.406926 -0.645915
vt 0.092917 0.867500
vn -0.645915 0.406926 -0.645915
f 1473/4777/4777 1474/4778/4778 1466/4779/4779 1465/4780/4780
vt 0.689150 0.095833
vn 0.000000 0.330350 -0.943858
vt 0.710850 0.095833
vn 0.000000 0.330350 -0.943858
vt 0.711667 0.092917
vn 0.000000 0.330350 -0.943858
vt 0.688333 0.092917
vn 0.000000 0.330350 -0.943858
f 1474/4781/4781 1475/4782/4782 1467/4783/4783 1466/4784/4784
vt 0.095833 0.865604
vn 0.645915 0.406926 -0.645915
vt 0.095833 0.868317
vn 0.645915 0.406926 -0.645915
vt 0.092917 0.867500
vn 0.645915 0.406926 -0.645915
vt 0.092917 0.864583
vn 0.645915 0.406926 -0.645915
f 1475/4785/4785 1476/4786/4786 1468/4787/4787 1467/4788/4788
vt 0.095833 0.868317
vn 0.943858 0.330350 -0.000000
vt 0.095833 0.890017
vn 0.943858 0.330350 -0.000000
vt 0.092917 0.890833
vn 0.943858 0.330350 -0.000000
vt 0.092917 0.867500
vn 0.943858 0.330350 -0.000000
f 1476/4789/4789 1477/4790/4790 1469/4791/4791 1468/4792/4792
vt 0.095833 0.890017
vn 0.645915 0.406926 0.645915
vt 0.095833 0.892729
vn 0.645915 0.406926 0.645915
vt 0.092917 0.893750
vn 0.645915 0.406926 0.645915
vt 0.092917 0.890833
vn 0.645915 0.406926 0.645915
f 1477/4793/4793 1478/4794/4794 1470/4795/4795 1469/4796/4796
vt 0.710850 0.095833
vn 0.000000 0.330350 0.943858
vt 0.689150 0.095833
vn 0.000000 0.330350 0.943858
vt 0.688333 0.092917
vn 0.000000 0.330350 0.943858
vt 0.711667 0.092917
vn 0.000000 0.330350 0.943858
f 1478/4797/4797 1479/4798/4798 1471/4799/4799 1470/4800/4800
vt 0.095833 0.892729
vn -0.645915 0.406926 0.645915
vt 0.095833 0.890017
vn -0.645915 0.406926 0.645915
vt 0.092917 0.890833
vn -0.645915 0.406926 0.645915
vt 0.092917 0.893750
vn -0.645915 0.406926 0.645915
f 1479/4801/4801 1480/4802/4802 1472/4803/4803 1471/4804/4804
vt 0.095833 0.890017
vn -0.943858 0.330350 0.000000
vt 0.095833 0.868317
vn -0.943858 0.330350 0.000000
vt 0.092917 0.867500
vn -0.943858 0.330350 0.000000
vt 0.092917 0.890833
vn -0.943858 0.330350 0.000000
f 1480/4805/4805 1473/4806/4806 1465/4807/4807 1472/4808/4808
v 9.037250 -1.150000 10.419800
v 9.069800 -1.150000 10.387250
v 9.330200 -1.150000 10.387250
v 9.362750 -1.150000 10.419800
v 9.362750 -1.150000 10.680200
v 9.330200 -1.150000 10.712750
v 9.069800 -1.150000 10.712750
v 9.037250 -1.150000 10.680200
v 9.025000 -1.115000 10.410000
v 9.060000 -1.115000 10.375000
v 9.340000 -1.115000 10.375000
v 9.375000 -1.115000 10.410000
v 9.375000 -1.115000 10.690000
v 9.340000 -1.115000 10.725000
v 9.060000 -1.115000 10.725000
v 9.025000 -1.115000 10.690000
v 9.025000 1.115000 10.410000
v 9.060000 1.115000 10.375000
v 9.340000 1.115000 10.375000
v 9.375000 1.115000 10.410000
v 9.375000 1.115000 10.690000
v 9.340000 1.115000 10.725000
v 9.060000 1.115000 10.725000
v 9.025000 1.115000 10.690000
v 9.037250 1.150000 10.419800
v 9.069800 1.150000 10.387250
v 9.330200 1.150000 10.387250
v 9.362750 1.150000 10.419800
v 9.362750 1.150000 10.680200
v 9.330200 1.150000 10.712750
v 9.069800 1.150000 10.712750
v 9.037250 1.150000 10.680200
vt 0.753104 0.868317
vn 0.000000 -1.000000 0.000000
vt 0.755817 0.865604
vn 0.000000 -1.000000 0.000000
vt 0.777517 0.865604
vn 0.000000 -1.000000 0.000000
vt 0.780229 0.868317
vn 0.000000 -1.000000 0.000000
vt 0.780229 0.890017
vn 0.000000 -1.000000 0.000000
vt 0.777517 0.892729
vn 0.000000 -1.000000 0.000000
vt 0.755817 0.892729
vn 0.000000 -1.000000 0.000000
vt 0.753104 0.890017
vn 0.000000 -1.000000 0.000000
f 1481/4809/4809 1482/4810/4810 1483/4811/4811 1484/4812/4812 1485/4813/4813 1486/4814/4814 1487/4815/4815 1488/4816/4816
vt 0.753104 0.890017
vn 0.000000 1.000000 0.000000
vt 0.755817 0.892729
vn 0.000000 1.000000 0.000000
vt 0.777517 0.892729
vn 0.000000 1.000000 0.000000
vt 0.780229 0.890017
vn 0.000000 1.000000 0.000000
vt 0.780229 0.868317
vn 0.000000 1.000000 0.000000
vt 0.777517 0.865604
vn 0.000000 1.000000 0.000000
vt 0.755817 0.865604
vn 0.000000 1.000000 0.000000
vt 0.753104 0.868317
vn 0.000000 1.000000 0.000000
f 1512/4817/4817 1511/4818/4818 1510/4819/4819 1509/4820/4820 1508/4821/4821 1507/4822/4822 1506/4823/4823 1505/4824/4824
vt -0.092917 0.867500
vn -0.645915 -0.406926 -0.645915
vt -0.092917 0.864583
vn -0.645915 -0.406926 -0.645915
vt -0.095833 0.865604
vn -0.645915 -0.406926 -0.645915
vt -0.095833 0.868317
vn -0.645915 -0.406926 -0.645915
f 1489/4825/4825 1490/4826/4826 1482/4827/4827 1481/4828/4828
vt 0.755000 -0.092917
vn 0.000000 -0.330350 -0.943858
vt 0.778333 -0.092917
vn 0.000000 -0.330350 -0.943858
vt 0.777517 -0.095833
vn 0.000000 -0.330350 -0.943858
vt 0.755817 -0.095833
vn 0.000000 -0.330350 -0.943858
f 1490/4829/4829 1491/4830/4830 1483/4831/4831 1482/4832/4832
vt -0.092917 0.864583
vn 0.645915 -0.406926 -0.645915
vt -0.092917 0.867500
vn 0.645915 -0.406926 -0.645915
vt -0.095833 0.868317
vn 0.645915 -0.406926 -0.645915
vt -0.095833 0.865604
vn 0.645915 -0.406926 -0.645915
f 1491/4833/4833 1492/4834/4834 1484/4835/4835 1483/4836/4836
vt -0.092917 0.867500
vn 0.943858 -0.330350 0.000000
vt -0.092917 0.890833
vn 0.943858 -0.330350 0.000000
vt -0.095833 0.890017
vn 0.943858 -0.330350 0.000000
vt -0.095833 0.868317
vn 0.943858 -0.330350 0.000000
f 1492/4837/4837 1493/4838/4838 1485/4839/4839 1484/4840/4840
vt -0.092917 0.890833
vn 0.645915 -0.406926 0.645915
vt -0.092917 0.893750
vn 0.645915 -0.406926 0.645915
vt -0.095833 0.892729
vn 0.645915 -0.406926 0.645915
vt -0.095833 0.890017
vn 0.645915 -0.406926 0.645915
f 1493/4841/4841 1494/4842/4842 1486/4843/4843 1485/4844/4844
vt 0.778333 -0.092917
vn 0.000000 -0.330350 0.943858
vt 0.755000 -0.092917
vn 0.000000 -0.330350 0.943858
vt 0.755817 -0.095833
vn 0.000000 -0.330350 0.943858
vt 0.777517 -0.095833
vn 0.000000 -0.330350 0.943858
f 1494/4845/4845 1495/4846/4846 1487/4847/4847 1486/4848/4848
vt -0.092917 0.893750
vn -0.645915 -0.406926 0.645915
vt -0.092917 0.890833
vn -0.645915 -0.406926 0.645915
vt -0.095833 0.890017
vn -0.645915 -0.406926 0.645915
vt -0.095833 0.892729
vn -0.645915 -0.406926 0.645915
f 1495/4849/4849 1496/4850/4850 1488/4851/4851 1487/4852/4852
vt -0.092917 0.890833
vn -0.943858 -0.330350 -0.000000
vt -0.092917 0.867500
vn -0.943858 -0.330350 -0.000000
vt -0.095833 0.868317
vn -0.943858 -0.330350 -0.000000
vt -0.095833 0.890017
vn -0.943858 -0.330350 -0.000000
f 1496/4853/4853 1489/4854/4854 1481/4855/4855 1488/4856/4856
vt 0.092917 0.867500
vn -0.707107 0.000000 -0.707107
vt 0.092917 0.864583
vn -0.707107 0.000000 -0.707107
vt -0.092917 0.864583
vn -0.707107 0.000000 -0.707107
vt -0.092917 0.867500
vn -0.707107 0.000000 -0.707107
f 1497/4857/4857 1498/4858/4858 1490/4859/4859 1489/4860/4860
vt 0.755000 0.092917
vn 0.000000 0.000000 -1.000000
vt 0.778333 0.092917
vn 0.000000 0.000000 -1.000000
vt 0.778333 -0.092917
vn 0.000000 0.000000 -1.000000
vt 0.755000 -0.092917
vn 0.000000 0.000000 -1.000000
f 1498/4861/4861 1499/4862/4862 1491/4863/4863 1490/4864/4864
vt 0.092917 0.864583
vn 0.707107 0.000000 -0.707107
vt 0.092917 0.867500
vn 0.707107 0.000000 -0.707107
vt -0.092917 0.867500
vn 0.707107 0.000000 -0.707107
vt -0.092917 0.864583
vn 0.707107 0.000000 -0.707107
f 1499/4865/4865 1500/4866/4866 1492/4867/4867 1491/4868/4868
vt 0.092917 0.867500
vn 1.000000 0.000000 -0.000000
vt 0.092917 0.890833
vn 1.000000 0.000000 -0.000000
vt -0.092917 0.890833
vn 1.000000 0.000000 -0.000000
vt -0.092917 0.867500
vn 1.000000 0.000000 -0.000000
f 1500/4869/4869 1501/4870/4870 1493/4871/4871 1492/4872/4872
vt 0.092917 0.890833
vn 0.707107 0.000000 0.707107
vt 0.092917 0.893750
vn 0.707107 0.000000 0.707107
vt -0.092917 0.893750
vn 0.707107 0.000000 0.707107
vt -0.092917 0.890833
vn 0.707107 0.000000 0.707107
f 1501/4873/4873 1502/4874/4874 1494/4875/4875 1493/4876/4876
vt 0.778333 0.092917
vn 0.000000 0.000000 1.000000
vt 0.755000 0.092917
vn 0.000000 0.000000 1.000000
vt 0.755000 -0.092917
vn 0.000000 0.000000 1.000000
vt 0.778333 -0.092917
vn 0.000000 0.000000 1.000000
f 1502/4877/4877 1503/4878/4878 1495/4879/4879 1494/4880/4880
vt 0.092917 0.893750
vn -0.707107 0.000000 0.707107
vt 0.092917 0.890833
vn -0.707107 0.000000 0.707107
vt -0.092917 0.890833
vn -0.707107 0.000000 0.707107
vt -0.092917 0.893750
vn -0.707107 0.000000 0.707107
f 1503/4881/4881 1504/4882/4882 1496/4883/4883 1495/4884/4884
vt 0.092917 0.890833
vn -1.000000 0.000000 -0.000000
vt 0.092917 0.867500
vn -1.000000 0.000000 -0.000000
vt -0.092917 0.867500
vn -1.000000 0.000000 -0.000000
vt -0.092917 0.890833
vn -1.000000 0.000000 -0.000000
f 1504/4885/4885 1497/4886/4886 1489/4887/4887 1496/4888/4888
vt 0.095833 0.868317
vn -0.645915 0.406926 -0.645915
vt 0.095833 0.865604
vn -0.645915 0.406926 -0.645915
vt 0.092917 0.864583
vn -0.645915 0.406926 -0.645915
vt 0.092917 0.867500
vn -0.645915 0.406926 -0.645915
f 1505/4889/4889 1506/4890/4890 1498/4891/4891 1497/4892/4892
vt 0.755817 0.095833
vn 0.000000 0.330350 -0.943858
vt 0.777517 0.095833
vn 0.000000 0.330350 -0.943858
vt 0.778333 0.092917
vn 0.000000 0.330350 -0.943858
vt 0.755000 0.092917
vn 0.000000 0.330350 -0.943858
f 1506/4893/4893 1507/4894/4894 1499/4895/4895 1498/4896/4896
vt 0.095833 0.865604
vn 0.645915 0.406926 -0.645915
vt 0.095833 0.868317
vn 0.645915 0.406926 -0.645915
vt 0.092917 0.867500
vn 0.645915 0.406926 -0.645915
vt 0.092917 0.864583
vn 0.645915 0.406926 -0.645915
f 1507/4897/4897 1508/4898/4898 1500/4899/4899 1499/4900/4900
vt 0.095833 0.868317
vn 0.943858 0.330350 -0.000000
vt 0.095833 0.890017
vn 0.943858 0.330350 -0.000000
vt 0.092917 0.890833
vn 0.943858 0.330350 -0.000000
vt 0.092917 0.867500
vn 0.943858 0.330350 -0.000000
f 1508/4901/4901 1509/4902/4902 1501/4903/4903 1500/4904/4904
vt 0.095833 0.890017
vn 0.645915 0.406926 0.645915
vt 0.095833 0.892729
vn 0.645915 0.406926 0.645915
vt 0.092917 0.893750
vn 0.645915 0.406926 0.645915
vt 0.092917 0.890833
vn 0.645915 0.406926 0.645915
f 1509/4905/4905 1510/4906/4906 1502/4907/4907 1501/4908/4908
vt 0.777517 0.095833
vn 0.000000 0.330350 0.943858
vt 0.755817 0.095833
vn 0.000000 0.330350 0.943858
vt 0.755000 0.092917
vn 0.000000 0.330350 0.943858
vt 0.778333 0.092917
vn 0.000000 0.330350 0.943858
f 1510/4909/4909 1511/4910/4910 1503/4911/4911 1502/4912/4912
vt 0.095833 0.892729
vn -0.645915 0.406926 0.645915
vt 0.095833 0.890017
vn -0.645915 0.406926 0.645915
vt 0.092917 0.890833
vn -0.645915 0.406926 0.645915
vt 0.092917 0.893750
vn -0.645915 0.406926 0.645915
f 1511/4913/4913 1512/4914/4914 1504/4915/4915 1503/4916/4916
vt 0.095833 0.890017
vn -0.943858 0.330350 0.000000
vt 0.095833 0.868317
vn -0.943858 0.330350 0.000000
vt 0.092917 0.867500
vn -0.943858 0.330350 0.000000
vt 0.092917 0.890833
vn -0.943858 0.330350 0.000000
f 1512/4917/4917 1505/4918/4918 1497/4919/4919 1504/4920/4920
v 9.837250 -1.150000 10.419800
v 9.869800 -1.150000 10.387250
v 10.130200 -1.150000 10.387250
v 10.162750 -1.150000 10.419800
v 10.162750 -1.150000 10.680200
v 10.130200 -1.150000 10.712750
v 9.869800 -1.150000 10.712750
v 9.837250 -1.150000 10.680200
v 9.825000 -1.115000 10.410000
v 9.860000 -1.115000 10.375000
v 10.140000 -1.115000 10.375000
v 10.175000 -1.115000 10.410000
v 10.175000 -1.115000 10.690000
v 10.140000 -1.115000 10.725000
v 9.860000 -1.115000 10.725000
v 9.825000 -1.115000 10.690000
v 9.825000 1.115000 10.410000
v 9.860000 1.115000 10.375000
v 10.140000 1.115000 10.375000
v 10.175000 1.115000 10.410000
v 10.175000 1.115000 10.690000
v 10.140000 1.115000 10.725000
v 9.860000 1.115000 10.725000
v 9.825000 1.115000 10.690000
v 9.837250 1.150000 10.419800
v 9.869800 1.150000 10.387250
v 10.130200 1.150000 10.387250
v 10.162750 1.150000 10.419800
v 10.162750 1.150000 10.680200
v 10.130200 1.150000 10.712750
v 9.869800 1.150000 10.712750
v 9.837250 1.150000 10.680200
vt 0.819771 0.868317
vn 0.000000 -1.000000 0.000000
vt 0.822483 0.865604
vn 0.000000 -1.000000 0.000000
vt 0.844183 0.865604
vn 0.000000 -1.000000 0.000000
vt 0.846896 0.868317
vn 0.000000 -1.000000 0.000000
vt 0.846896 0.890017
vn 0.000000 -1.000000 0.000000
vt 0.844183 0.892729
vn 0.000000 -1.000000 0.000000
vt 0.822483 0.892729
vn 0.000000 -1.000000 0.000000
vt 0.819771 0.890017
vn 0.000000 -1.000000 0.000000
f 1513/4921/4921 1514/4922/4922 1515/4923/4923 1516/4924/4924 1517/4925/4925 1518/4926/4926 1519/4927/4927 1520/4928/4928
vt 0.819771 0.890017
vn 0.000000 1.000000 0.000000
vt 0.822483 0.892729
vn 0.000000 1.000000 0.000000
vt 0.844183 0.892729
vn 0.000000 1.000000 0.000000
vt 0.846896 0.890017
vn 0.000000 1.000000 0.000000
vt 0.846896 0.868317
vn 0.000000 1.000000 0.000000
vt 0.844183 0.865604
vn 0.000000 1.000000 0.000000
vt 0.822483 0.865604
vn 0.000000 1.000000 0.000000
vt 0.819771 0.868317
vn 0.000000 1.000000 0.000000
f 1544/4929/4929 1543/4930/4930 1542/4931/4931 1541/4932/4932 1540/4933/4933 1539/4934/4934 1538/4935/4935 1537/4936/4936
vt -0.092917 0.867500
vn -0.645915 -0.406926 -0.645915
vt -0.092917 0.864583
vn -0.645915 -0.406926 -0.645915
vt -0.095833 0.865604
vn -0.645915 -0.406926 -0.645915
vt -0.095833 0.868317
vn -0.645915 -0.406926 -0.645915
f 1521/4937/4937 1522/4938/4938 1514/4939/4939 1513/4940/4940
vt 0.821667 -0.092917
vn 0.000000 -0.330350 -0.943858
vt 0.845000 -0.092917
vn 0.000000 -0.330350 -0.943858
vt 0.844183 -0.095833
vn 0.000000 -0.330350 -0.943858
vt 0.822483 -0.095833
vn 0.000000 -0.330350 -0.943858
f 1522/4941/4941 1523/4942/4942 1515/4943/4943 1514/4944/4944
vt -0.092917 0.864583
vn 0.645915 -0.406926 -0.645915
vt -0.092917 0.867500
vn 0.645915 -0.406926 -0.645915
vt -0.095833 0.868317
vn 0.645915 -0.406926 -0.645915
vt -0.095833 0.865604
vn 0.645915 -0.406926 -0.645915
f 1523/4945/4945 1524/4946/4946 1516/4947/4947 1515/4948/4948
vt -0.092917 0.867500
vn 0.943858 -0.330350 0.000000
vt -0.092917 0.890833
vn 0.943858 -0.330350 0.000000
vt -0.095833 0.890017
vn 0.943858 -0.330350 0.000000
vt -0.095833 0.868317
vn 0.943858 -0.330350 0.000000
f 1524/4949/4949 1525/4950/4950 1517/4951/4951 1516/4952/4952
vt -0.092917 0.890833
vn 0.645915 -0.406926 0.645915
vt -0.092917 0.893750
vn 0.645915 -0.406926 0.645915
vt -0.095833 0.892729
vn 0.645915 -0.406926 0.645915
vt -0.095833 0.890017
vn 0.645915 -0.406926 0.645915
f 1525/4953/4953 1526/4954/4954 1518/4955/4955 1517/4956/4956
vt 0.845000 -0.092917
vn 0.000000 -0.330350 0.943858
vt 0.821667 -0.092917
vn 0.000000 -0.330350 0.943858
vt 0.822483 -0.095833
vn 0.000000 -0.330350 0.943858
vt 0.844183 -0.095833
vn 0.000000 -0.330350 0.943858
f 1526/4957/4957 1527/4958/4958 1519/4959/4959 1518/4960/4960
vt -0.092917 0.893750
vn -0.645915 -0.406926 0.645915
vt -0.092917 0.890833
vn -0.645915 -0.406926 0.645915
vt -0.095833 0.890017
vn -0.645915 -0.406926 0.645915
vt -0.095833 0.892729
vn -0.645915 -0.406926 0.645915
f 1527/4961/4961 1528/4962/4962 1520/4963/4963 1519/4964/4964
vt -0.092917 0.890833
vn -0.943858 -0.330350 -0.000000
vt -0.092917 0.867500
vn -0.943858 -0.330350 -0.000000
vt -0.095833 0.868317
vn -0.943858 -0.330350 -0.000000
vt -0.095833 0.890017
vn -0.943858 -0.330350 -0.000000
f 1528/4965/4965 1521/4966/4966 1513/4967/4967 1520/4968/4968
vt 0.092917 0.867500
vn -0.707107 0.000000 -0.707107
vt 0.092917 0.864583
vn -0.707107 0.000000 -0.707107
vt -0.092917 0.864583
vn -0.707107 0.000000 -0.707107
vt -0.092917 0.867500
vn -0.707107 0.000000 -0.707107
f 1529/4969/4969 1530/4970/4970 1522/4971/4971 1521/4972/4972
vt 0.821667 0.092917
vn 0.000000 0.000000 -1.000000
vt 0.845000 0.092917
vn 0.000000 0.000000 -1.000000
vt 0.845000 -0.092917
vn 0.000000 0.000000 -1.000000
vt 0.821667 -0.092917
vn 0.000000 0.000000 -1.000000
f 1530/4973/4973 1531/4974/4974 1523/4975/4975 1522/4976/4976
vt 0.092917 0.864583
vn 0.707107 0.000000 -0.707107
vt 0.092917 0.867500
vn 0.707107 0.000000 -0.707107
vt -0.092917 0.867500
vn 0.707107 0.000000 -0.707107
vt -0.092917 0.864583
vn 0.707107 0.000000 -0.707107
f 1531/4977/4977 1532/4978/4978 1524/4979/4979 1523/4980/4980
vt 0.092917 0.867500
vn 1.000000 0.000000 -0.000000
vt 0.092917 0.890833
vn 1.000000 0.000000 -0.000000
vt -0.092917 0.890833
vn 1.000000 0.000000 -0.000000
vt -0.092917 0.867500
vn 1.000000 0.000000 -0.000000
f 1532/4981/4981 1533/4982/4982 1525/4983/4983 1524/4984/4984
vt 0.092917 0.890833
vn 0.707107 0.000000 0.707107
vt 0.092917 0.893750
vn 0.707107 0.000000 0.707107
vt -0.092917 0.893750
vn 0.707107 0.000000 0.707107
vt -0.092917 0.890833
vn 0.707107 0.000000 0.707107
f 1533/4985/4985 1534/4986/4986 1526/4987/4987 1525/4988/4988
vt 0.845000 0.092917
vn 0.000000 0.000000 1.000000
vt 0.821667 0.092917
vn 0.000000 0.000000 1.000000
vt 0.821667 -0.092917
vn 0.000000 0.000000 1.000000
vt 0.845000 -0.092917
vn 0.000000 0.000000 1.000000
f 1534/4989/4989 1535/4990/4990 1527/4991/4991 1526/4992/4992
vt 0.092917 0.893750
vn -0.707107 0.000000 0.707107
vt 0.092917 0.890833
vn -0.707107 0.000000 0.707107
vt -0.092917 0.890833
vn -0.707107 0.000000 0.707107
vt -0.092917 0.893750
vn -0.707107 0.000000 0.707107
f 1535/4993/4993 1536/4994/4994 1528/4995/4995 1527/4996/4996
vt 0.092917 0.890833
vn -1.000000 0.000000 -0.000000
vt 0.092917 0.867500
vn -1.000000 0.000000 -0.000000
vt -0.092917 0.867500
vn -1.000000 0.000000 -0.000000
vt -0.092917 0.890833
vn -1.000000 0.000000 -0.000000
f 1536/4997/4997 1529/4998/4998 1521/4999/4999 1528/5000/5000
vt 0.095833 0.868317
vn -0.645915 0.406926 -0.645915
vt 0.095833 0.865604
vn -0.645915 0.406926 -0.645915
vt 0.092917 0.864583
vn -0.645915 0.406926 -0.645915
vt 0.092917 0.867500
vn -0.645915 0.406926 -0.645915
f 1537/5001/5001 1538/5002/5002 1530/5003/5003 1529/5004/5004
vt 0.822483 0.095833
vn 0.000000 0.330350 -0.943858
vt 0.844183 0.095833
vn 0.000000 0.330350 -0.943858
vt 0.845000 0.092917
vn 0.000000 0.330350 -0.943858
vt 0.821667 0.092917
vn 0.000000 0.330350 -0.943858
f 1538/5005/5005 1539/5006/5006 1531/5007/5007 1530/5008/5008
vt 0.095833 0.865604
vn 0.645915 0.406926 -0.645915
vt 0.095833 0.868317
vn 0.645915 0.406926 -0.645915
vt 0.092917 0.867500
vn 0.645915 0.406926 -0.645915
vt 0.092917 0.864583
vn 0.645915 0.406926 -0.645915
f 1539/5009/5009 1540/5010/5010 1532/5011/5011 1531/5012/5012
vt 0.095833 0.868317
vn 0.943858 0.330350 -0.000000
vt 0.095833 0.890017
vn 0.943858 0.330350 -0.000000
vt 0.092917 0.890833
vn 0.943858 0.330350 -0.000000
vt 0.092917 0.867500
vn 0.943858 0.330350 -0.000000
f 1540/5013/5013 1541/5014/5014 1533/5015/5015 1532/5016/5016
vt 0.095833 0.890017
vn 0.645915 0.406926 0.645915
vt 0.095833 0.892729
vn 0.645915 0.406926 0.645915
vt 0.092917 0.893750
vn 0.645915 0.406926 0.645915
vt 0.092917 0.890833
vn 0.645915 0.406926 0.645915
f 1541/5017/5017 1542/5018/5018 1534/5019/5019 1533/5020/5020
vt 0.844183 0.095833
vn 0.000000 0.330350 0.943858
vt 0.822483 0.095833
vn 0.000000 0.330350 0.943858
vt 0.821667 0.092917
vn 0.000000 0.330350 0.943858
vt 0.845000 0.092917
vn 0.000000 0.330350 0.943858
f 1542/5021/5021 1543/5022/5022 1535/5023/5023 1534/5024/5024
vt 0.095833 0.892729
vn -0.645915 0.406926 0.645915
vt 0.095833 0.890017
vn -0.645915 0.406926 0.645915
vt 0.092917 0.890833
vn -0.645915 0.406926 0.645915
vt 0.092917 0.893750
vn -0.645915 0.406926 0.645915
f 1543/5025/5025 1544/5026/5026 1536/5027/5027 1535/5028/5028
vt 0.095833 0.890017
vn -0.943858 0.330350 0.000000
vt 0.095833 0.868317
vn -0.943858 0.330350 0.000000
vt 0.092917 0.867500
vn -0.943858 0.330350 0.000000
vt 0.092917 0.890833
vn -0.943858 0.330350 0.000000
f 1544/5029/5029 1537/5030/5030 1529/5031/5031 1536/5032/5032
v 10.637250 -1.150000 10.419800
v 10.669800 -1.150000 10.387250
v 10.930200 -1.150000 10.387250
v 10.962750 -1.150000 10.419800
v 10.962750 -1.150000 10.680200
v 10.930200 -1.150000 10.712750
v 10.669800 -1.150000 10.712750
v 10.637250 -1.150000 10.680200
v 10.625000 -1.115000 10.410000
v 10.660000 -1.115000 10.375000
v 10.940000 -1.115000 10.375000
v 10.975000 -1.115000 10.410000
v 10.975000 -1.115000 10.690000
v 10.940000 -1.115000 10.725000
v 10.660000 -1.115000 10.725000
v 10.625000 -1.115000 10.690000
v 10.625000 1.115000 10.410000
v 10.660000 1.115000 10.375000
v 10.940000 1.115000 10.375000
v 10.975000 1.115000 10.410000
v 10.975000 1.115000 10.690000
v 10.940000 1.115000 10.725000
v 10.660000 1.115000 10.725000
v 10.625000 1.115000 10.690000
v 10.637250 1.150000 10.419800
v 10.669800 1.150000 10.387250
v 10.930200 1.150000 10.387250
v 10.962750 1.150000 10.419800
v 10.962750 1.150000 10.680200
v 10.930200 1.150000 10.712750
v 10.669800 1.150000 10.712750
v 10.637250 1.150000 10.680200
vt 0.886437 0.868317
vn 0.000000 -1.000000 0.000000
vt 0.889150 0.865604
vn 0.000000 -1.000000 0.000000
vt 0.910850 0.865604
vn 0.000000 -1.000000 0.000000
vt 0.913563 0.868317
vn 0.000000 -1.000000 0.000000
vt 0.913563 0.890017
vn 0.000000 -1.000000 0.000000
vt 0.910850 0.892729
vn 0.000000 -1.000000 0.000000
vt 0.889150 0.892729
vn 0.000000 -1.000000 0.000000
vt 0.886437 0.890017
vn 0.000000 -1.000000 0.000000
f 1545/5033/5033 1546/5034/5034 1547/5035/5035 1548/5036/5036 1549/5037/5037 1550/5038/5038 1551/5039/5039 1552/5040/5040
vt 0.886437 0.890017
vn 0.000000 1.000000 0.000000
vt 0.889150 0.892729
vn 0.000000 1.000000 0.000000
vt 0.910850 0.892729
vn 0.000000 1.000000 0.000000
vt 0.913563 0.890017
vn 0.000000 1.000000 0.000000
vt 0.913563 0.868317
vn 0.000000 1.000000 0.000000
vt 0.910850 0.865604
vn 0.000000 1.000000 0.000000
vt 0.889150 0.865604
vn 0.000000 1.000000 0.000000
vt 0.886437 0.868317
vn 0.000000 1.000000 0.000000
f 1576/5041/5041 1575/5042/5042 1574/5043/5043 1573/5044/5044 1572/5045/5045 1571/5046/5046 1570/5047/5047 1569/5048/5048
vt -0.092917 0.867500
vn -0.645915 -0.406926 -0.645915
vt -0.092917 0.864583
vn -0.645915 -0.406926 -0.645915
vt -0.095833 0.865604
vn -0.645915 -0.406926 -0.645915
vt -0.095833 0.868317
vn -0.645915 -0.406926 -0.645915
f 1553/5049/5049 1554/5050/5050 1546/5051/5051 1545/5052/5052
vt 0.888333 -0.092917
vn 0.000000 -0.330350 -0.943858
vt 0.911667 -0.092917
vn 0.000000 -0.330350 -0.943858
vt 0.910850 -0.095833
vn 0.000000 -0.330350 -0.943858
vt 0.889150 -0.095833
vn 0.000000 -0.330350 -0.943858
f 1554/5053/5053 1555/5054/5054 1547/5055/5055 1546/5056/5056
vt -0.092917 0.864583
vn 0.645915 -0.406926 -0.645915
vt -0.092917 0.867500
vn 0.645915 -0.406926 -0.645915
vt -0.095833 0.868317
vn 0.645915 -0.406926 -0.645915
vt -0.095833 0.865604
vn 0.645915 -0.406926 -0.645915
f 1555/5057/5057 1556/5058/5058 1548/5059/5059 1547/5060/5060
vt -0.092917 0.867500
vn 0.943858 -0.330350 0.000000
vt -0.092917 0.890833
vn 0.943858 -0.330350 0.000000
vt -0.095833 0.890017
vn 0.943858 -0.330350 0.000000
vt -0.095833 0.868317
vn 0.943858 -0.330350 0.000000
f 1556/5061/5061 1557/5062/5062 1549/5063/5063 1548/5064/5064
vt -0.092917 0.890833
vn 0.645915 -0.406926 0.645915
vt -0.092917 0.893750
vn 0.645915 -0.406926 0.645915
vt -0.095833 0.892729
vn 0.645915 -0.406926 0.645915
vt -0.095833 0.890017
vn 0.645915 -0.406926 0.645915
f 1557/5065/5065 1558/5066/5066 1550/5067/5067 1549/5068/5068
vt 0.911667 -0.092917
vn 0.000000 -0.330350 0.943858
vt 0.888333 -0.092917
vn 0.000000 -0.330350 0.943858
vt 0.889150 -0.095833
vn 0.000000 -0.330350 0.943858
vt 0.910850 -0.095833
vn 0.000000 -0.330350 0.943858
f 1558/5069/5069 1559/5070/5070 1551/5071/5071 1550/5072/5072
vt -0.092917 0.893750
vn -0.645915 -0.406926 0.645915
vt -0.092917 0.890833
vn -0.645915 -0.406926 0.645915
vt -0.095833 0.890017
vn -0.645915 -0.406926 0.645915
vt -0.095833 0.892729
vn -0.645915 -0.406926 0.645915
f 1559/5073/5073 1560/5074/5074 1552/5075/5075 1551/5076/5076
vt -0.092917 0.890833
vn -0.943858 -0.330350 -0.000000
vt -0.092917 0.867500
vn -0.943858 -0.330350 -0.000000
vt -0.095833 0.868317
vn -0.943858 -0.330350 -0.000000
vt -0.095833 0.890017
vn -0.943858 -0.330350 -0.000000
f 1560/5077/5077 1553/5078/5078 1545/5079/5079 1552/5080/5080
vt 0.092917 0.867500
vn -0.707107 0.000000 -0.707107
vt 0.092917 0.864583
vn -0.707107 0.000000 -0.707107
vt -0.092917 0.864583
vn -0.707107 0.000000 -0.707107
vt -0.092917 0.867500
vn -0.707107 0.000000 -0.707107
f 1561/5081/5081 1562/5082/5082 1554/5083/5083 1553/5084/5084
vt 0.888333 0.092917
vn 0.000000 0.000000 -1.000000
vt 0.911667 0.092917
vn 0.000000 0.000000 -1.000000
vt 0.911667 -0.092917
vn 0.000000 0.000000 -1.000000
vt 0.888333 -0.092917
vn 0.000000 0.000000 -1.000000
f 1562/5085/5085 1563/5086/5086 1555/5087/5087 1554/5088/5088
vt 0.092917 0.864583
vn 0.707107 0.000000 -0.707107
vt 0.092917 0.867500
vn 0.707107 0.000000 -0.707107
vt -0.092917 0.867500
vn 0.707107 0.000000 -0.707107
vt -0.092917 0.864583
vn 0.707107 0.000000 -0.707107
f 1563/5089/5089 1564/5090/5090 1556/5091/5091 1555/5092/5092
vt 0.092917 0.867500
vn 1.000000 0.000000 -0.000000
vt 0.092917 0.890833
vn 1.000000 0.000000 -0.000000
vt -0.092917 0.890833
vn 1.000000 0.000000 -0.000000
vt -0.092917 0.867500
vn 1.000000 0.000000 -0.000000
f 1564/5093/5093 1565/5094/5094 1557/5095/5095 1556/5096/5096
vt 0.092917 0.890833
vn 0.707107 0.000000 0.707107
vt 0.092917 0.893750
vn 0.707107 0.000000 0.707107
vt -0.092917 0.893750
vn 0.707107 0.000000 0.707107
vt -0.092917 0.890833
vn 0.707107 0.000000 0.707107
f 1565/5097/5097 1566/5098/5098 1558/5099/5099 1557/5100/5100
vt 0.911667 0.092917
vn 0.000000 0.000000 1.000000
vt 0.888333 0.092917
vn 0.000000 0.000000 1.000000
vt 0.888333 -0.092917
vn 0.000000 0.000000 1.000000
vt 0.911667 -0.092917
vn 0.000000 0.000000 1.000000
f 1566/5101/5101 1567/5102/5102 1559/5103/5103 1558/5104/5104
vt 0.092917 0.893750
vn -0.707107 0.000000 0.707107
vt 0.092917 0.890833
vn -0.707107 0.000000 0.707107
vt -0.092917 0.890833
vn -0.707107 0.000000 0.707107
vt -0.092917 0.893750
vn -0.707107 0.000000 0.707107
f 1567/5105/5105 1568/5106/5106 1560/5107/5107 1559/5108/5108
vt 0.092917 0.890833
vn -1.000000 0.000000 -0.000000
vt 0.092917 0.867500
vn -1.000000 0.000000 -0.000000
vt -0.092917 0.867500
vn -1.000000 0.000000 -0.000000
vt -0.092917 0.890833
vn -1.000000 0.000000 -0.000000
f 1568/5109/5109 1561/5110/5110 1553/5111/5111 1560/5112/5112
vt 0.095833 0.868317
vn -0.645915 0.406926 -0.645915
vt 0.095833 0.865604
vn -0.645915 0.406926 -0.645915
vt 0.092917 0.864583
vn -0.645915 0.406926 -0.645915
vt 0.092917 0.867500
vn -0.645915 0.406926 -0.645915
f 1569/5113/5113 1570/5114/5114 1562/5115/5115 1561/5116/5116
vt 0.889150 0.095833
vn 0.000000 0.330350 -0.943858
vt 0.910850 0.095833
vn 0.000000 0.330350 -0.943858
vt 0.911667 0.092917
vn 0.000000 0.330350 -0.943858
vt 0.888333 0.092917
vn 0.000000 0.330350 -0.943858
f 1570/5117/5117 1571/5118/5118 1563/5119/5119 1562/5120/5120
vt 0.095833 0.865604
vn 0.645915 0.406926 -0.645915
vt 0.095833 0.868317
vn 0.645915 0.406926 -0.645915
vt 0.092917 0.867500
vn 0.645915 0.406926 -0.645915
vt 0.092917 0.864583
vn 0.645915 0.406926 -0.645915
f 1571/5121/5121 1572/5122/5122 1564/5123/5123 1563/5124/5124
vt 0.095833 0.868317
vn 0.943858 0.330350 -0.000000
vt 0.095833 0.890017
vn 0.943858 0.330350 -0.000000
vt 0.092917 0.890833
vn 0.943858 0.330350 -0.000000
vt 0.092917 0.867500
vn 0.943858 0.330350 -0.000000
f 1572/5125/5125 1573/5126/5126 1565/5127/5127 1564/5128/5128
vt 0.095833 0.890017
vn 0.645915 0.406926 0.645915
vt 0.095833 0.892729
vn 0.645915 0.406926 0.645915
vt 0.092917 0.893750
vn 0.645915 0.406926 0.645915
vt 0.092917 0.890833
vn 0.645915 0.406926 0.645915
f 1573/5129/5129 1574/5130/5130 1566/5131/5131 1565/5132/5132
vt 0.910850 0.095833
vn 0.000000 0.330350 0.943858
vt 0.889150 0.095833
vn 0.000000 0.330350 0.943858
vt 0.888333 0.092917
vn 0.000000 0.330350 0.943858
vt 0.911667 0.092917
vn 0.000000 0.330350 0.943858
f 1574/5133/5133 1575/5134/5134 1567/5135/5135 1566/5136/5136
vt 0.095833 0.892729
vn -0.645915 0.406926 0.645915
vt 0.095833 0.890017
vn -0.645915 0.406926 0.645915
vt 0.092917 0.890833
vn -0.645915 0.406926 0.645915
vt 0.092917 0.893750
vn -0.645915 0.406926 0.645915
f 1575/5137/5137 1576/5138/5138 1568/5139/5139 1567/5140/5140
vt 0.095833 0.890017
vn -0.943858 0.330350 0.000000
vt 0.095833 0.868317
vn -0.943858 0.330350 0.000000
vt 0.092917 0.867500
vn -0.943858 0.330350 0.000000
vt 0.092917 0.890833
vn -0.943858 0.330350 0.000000
f 1576/5141/5141 1569/5142/5142 1561/5143/5143 1568/5144/5144
v 11.437250 -1.150000 10.419800
v 11.469800 -1.150000 10.387250
v 11.730200 -1.150000 10.387250
v 11.762750 -1.150000 10.419800
v 11.762750 -1.150000 10.680200
v 11.730200 -1.150000 10.712750
v 11.469800 -1.150000 10.712750
v 11.437250 -1.150000 10.680200
v 11.425000 -1.115000 10.410000
v 11.460000 -1.115000 10.375000
v 11.740000 -1.115000 10.375000
v 11.775000 -1.115000 10.410000
v 11.775000 -1.115000 10.690000
v 11.740000 -1.115000 10.725000
v 11.460000 -1.115000 10.725000
v 11.425000 -1.115000 10.690000
v 11.425000 1.115000 10.410000
v 11.460000 1.115000 10.375000
v 11.740000 1.115000 10.375000
v 11.775000 1.115000 10.410000
v 11.775000 1.115000 10.690000
v 11.740000 1.115000 10.725000
v 11.460000 1.115000 10.725000
v 11.425000 1.115000 10.690000
v 11.437250 1.150000 10.419800
v 11.469800 1.150000 10.387250
v 11.730200 1.150000 10.387250
v 11.762750 1.150000 10.419800
v 11.762750 1.150000 10.680200
v 11.730200 1.150000 10.712750
v 11.469800 1.150000 10.712750
v 11.437250 1.150000 10.680200
vt 0.953104 0.868317
vn 0.000000 -1.000000 0.000000
vt 0.955817 0.865604
vn 0.000000 -1.000000 0.000000
vt 0.977517 0.865604
vn 0.000000 -1.000000 0.000000
vt 0.980229 0.868317
vn 0.000000 -1.000000 0.000000
vt 0.980229 0.890017
vn 0.000000 -1.000000 0.000000
vt 0.977517 0.892729
vn 0.000000 -1.000000 0.000000
vt 0.955817 0.892729
vn 0.000000 -1.000000 0.000000
vt 0.953104 0.890017
vn 0.000000 -1.000000 0.000000
f 1577/5145/5145 1578/5146/5146 1579/5147/5147 1580/5148/5148 1581/5149/5149 1582/5150/5150 1583/5151/5151 1584/5152/5152
vt 0.953104 0.890017
vn 0.000000 1.000000 0.000000
vt 0.955817 0.892729
vn 0.000000 1.000000 0.000000
vt 0.977517 0.892729
vn 0.000000 1.000000 0.000000
vt 0.980229 0.890017
vn 0.000000 1.000000 0.000000
vt 0.980229 0.868317
vn 0.000000 1.000000 0.000000
vt 0.977517 0.865604
vn 0.000000 1.000000 0.000000
vt 0.955817 0.865604
vn 0.000000 1.000000 0.000000
vt 0.953104 0.868317
vn 0.000000 1.000000 0.000000
f 1608/5153/5153 1607/5154/5154 1606/5155/5155 1605/5156/5156 1604/5157/5157 1603/5158/5158 1602/5159/5159 1601/5160/5160
vt -0.092917 0.867500
vn -0.645915 -0.406926 -0.645915
vt -0.092917 0.864583
vn -0.645915 -0.406926 -0.645915
vt -0.095833 0.865604
vn -0.645915 -0.406926 -0.645915
vt -0.095833 0.868317
vn -0.645915 -0.406926 -0.645915
f 1585/5161/5161 1586/5162/5162 1578/5163/5163 1577/5164/5164
vt 0.955000 -0.092917
vn 0.000000 -0.330350 -0.943858
vt 0.978333 -0.092917
vn 0.000000 -0.330350 -0.943858
vt 0.977517 -0.095833
vn 0.000000 -0.330350 -0.943858
vt 0.955817 -0.095833
vn 0.000000 -0.330350 -0.943858
f 1586/5165/5165 1587/5166/5166 1579/5167/5167 1578/5168/5168
vt -0.092917 0.864583
vn 0.645915 -0.406926 -0.645915
vt -0.092917 0.867500
vn 0.645915 -0.406926 -0.645915
vt -0.095833 0.868317
vn 0.645915 -0.406926 -0.645915
vt -0.095833 0.865604
vn 0.645915 -0.406926 -0.645915
f 1587/5169/5169 1588/5170/5170 1580/5171/5171 1579/5172/5172
vt -0.092917 0.867500
vn 0.943858 -0.330350 0.000000
vt -0.092917 0.890833
vn 0.943858 -0.330350 0.000000
vt -0.095833 0.890017
vn 0.943858 -0.330350 0.000000
vt -0.095833 0.868317
vn 0.943858 -0.330350 0.000000
f 1588/5173/5173 1589/5174/5174 1581/5175/5175 1580/5176/5176
vt -0.092917 0.890833
vn 0.645915 -0.406926 0.645915
vt -0.092917 0.893750
vn 0.645915 -0.406926 0.645915
vt -0.095833 0.892729
vn 0.645915 -0.406926 0.645915
vt -0.095833 0.890017
vn 0.645915 -0.406926 0.645915
f 1589/5177/5177 1590/5178/5178 1582/5179/5179 1581/5180/5180
vt 0.978333 -0.092917
vn 0.000000 -0.330350 0.943858
vt 0.955000 -0.092917
vn 0.000000 -0.330350 0.943858
vt 0.955817 -0.095833
vn 0.000000 -0.330350 0.943858
vt 0.977517 -0.095833
vn 0.000000 -0.330350 0.943858
f 1590/5181/5181 1591/5182/5182 1583/5183/5183 1582/5184/5184
vt -0.092917 0.893750
vn -0.645915 -0.406926 0.645915
vt -0.092917 0.890833
vn -0.645915 -0.406926 0.645915
vt -0.095833 0.890017
vn -0.645915 -0.406926 0.645915
vt -0.095833 0.892729
vn -0.645915 -0.406926 0.645915
f 1591/5185/5185 1592/5186/5186 1584/5187/5187 1583/5188/5188
vt -0.092917 0.890833
vn -0.943858 -0.330350 -0.000000
vt -0.092917 0.867500
vn -0.943858 -0.330350 -0.000000
vt -0.095833 0.868317
vn -0.943858 -0.330350 -0.000000
vt -0.095833 0.890017
vn -0.943858 -0.330350 -0.000000
f 1592/5189/5189 1585/5190/5190 1577/5191/5191 1584/5192/5192
vt 0.092917 0.867500
vn -0.707107 0.000000 -0.707107
vt 0.092917 0.864583
vn -0.707107 0.000000 -0.707107
vt -0.092917 0.864583
vn -0.707107 0.000000 -0.707107
vt -0.092917 0.867500
vn -0.707107 0.000000 -0.707107
f 1593/5193/5193 1594/5194/5194 1586/5195/5195 1585/5196/5196
vt 0.955000 0.092917
vn 0.000000 0.000000 -1.000000
vt 0.978333 0.092917
vn 0.000000 0.000000 -1.000000
vt 0.978333 -0.092917
vn 0.000000 0.000000 -1.000000
vt 0.955000 -0.092917
vn 0.000000 0.000000 -1.000000
f 1594/5197/5197 1595/5198/5198 1587/5199/5199 1586/5200/5200
vt 0.092917 0.864583
vn 0.707107 0.000000 -0.707107
vt 0.092917 0.867500
vn 0.707107 0.000000 -0.707107
vt -0.092917 0.867500
vn 0.707107 0.000000 -0.707107
vt -0.092917 0.864583
vn 0.707107 0.000000 -0.707107
f 1595/5201/5201 1596/5202/5202 1588/5203/5203 1587/5204/5204
vt 0.092917 0.867500
vn 1.000000 0.000000 -0.000000
vt 0.092917 0.890833
vn 1.000000 0.000000 -0.000000
vt -0.092917 0.890833
vn 1.000000 0.000000 -0.000000
vt -0.092917 0.867500
vn 1.000000 0.000000 -0.000000
f 1596/5205/5205 1597/5206/5206 1589/5207/5207 1588/5208/5208
vt 0.092917 0.890833
vn 0.707107 0.000000 0.707107
vt 0.092917 0.893750
vn 0.707107 0.000000 0.707107
vt -0.092917 0.893750
vn 0.707107 0.000000 0.707107
vt -0.092917 0.890833
vn 0.707107 0.000000 0.707107
f 1597/5209/5209 1598/5210/5210 1590/5211/5211 1589/5212/5212
vt 0.978333 0.092917
vn 0.000000 0.000000 1.000000
vt 0.955000 0.092917
vn 0.000000 0.000000 1.000000
vt 0.955000 -0.092917
vn 0.000000 0.000000 1.000000
vt 0.978333 -0.092917
vn 0.000000 0.000000 1.000000
f 1598/5213/5213 1599/5214/5214 1591/5215/5215 1590/5216/5216
vt 0.092917 0.893750
vn -0.707107 0.000000 0.707107
vt 0.092917 0.890833
vn -0.707107 0.000000 0.707107
vt -0.092917 0.890833
vn -0.707107 0.000000 0.707107
vt -0.092917 0.893750
vn -0.707107 0.000000 0.707107
f 1599/5217/5217 1600/5218/5218 1592/5219/5219 1591/5220/5220
vt 0.092917 0.890833
vn -1.000000 0.000000 -0.000000
vt 0.092917 0.867500
vn -1.000000 0.000000 -0.000000
vt -0.092917 0.867500
vn -1.000000 0.000000 -0.000000
vt -0.092917 0.890833
vn -1.000000 0.000000 -0.000000
f 1600/5221/5221 1593/5222/5222 1585/5223/5223 1592/5224/5224
vt 0.095833 0.868317
vn -0.645915 0.406926 -0.645915
vt 0.095833 0.865604
vn -0.645915 0.406926 -0.645915
vt 0.092917 0.864583
vn -0.645915 0.406926 -0.645915
vt 0.092917 0.867500
vn -0.645915 0.406926 -0.645915
f 1601/5225/5225 1602/5226/5226 1594/5227/5227 1593/5228/5228
vt 0.955817 0.095833
vn 0.000000 0.330350 -0.943858
vt 0.977517 0.095833
vn 0.000000 0.330350 -0.943858
vt 0.978333 0.092917
vn 0.000000 0.330350 -0.943858
vt 0.955000 0.092917
vn 0.000000 0.330350 -0.943858
f 1602/5229/5229 1603/5230/5230 1595/5231/5231 1594/5232/5232
vt 0.095833 0.865604
vn 0.645915 0.406926 -0.645915
vt 0.095833 0.868317
vn 0.645915 0.406926 -0.645915
vt 0.092917 0.867500
vn 0.645915 0.406926 -0.645915
vt 0.092917 0.864583
vn 0.645915 0.406926 -0.645915
f 1603/5233/5233 1604/5234/5234 1596/5235/5235 1595/5236/5236
vt 0.095833 0.868317
vn 0.943858 0.330350 -0.000000
vt 0.095833 0.890017
vn 0.943858 0.330350 -0.000000
vt 0.092917 0.890833
vn 0.943858 0.330350 -0.000000
vt 0.092917 0.867500
vn 0.943858 0.330350 -0.000000
f 1604/5237/5237 1605/5238/5238 1597/5239/5239 1596/5240/5240
vt 0.095833 0.890017
vn 0.645915 0.406926 0.645915
vt 0.095833 0.892729
vn 0.645915 0.406926 0.645915
vt 0.092917 0.893750
vn 0.645915 0.406926 0.645915
vt 0.092917 0.890833
vn 0.645915 0.406926 0.645915
f 1605/5241/5241 1606/5242/5242 1598/5243/5243 1597/5244/5244
vt 0.977517 0.095833
vn 0.000000 0.330350 0.943858
vt 0.955817 0.095833
vn 0.000000 0.330350 0.943858
vt 0.955000 0.092917
vn 0.000000 0.330350 0.943858
vt 0.978333 0.092917
vn 0.000000 0.330350 0.943858
f 1606/5245/5245 1607/5246/5246 1599/5247/5247 1598/5248/5248
vt 0.095833 0.892729
vn -0.645915 0.406926 0.645915
vt 0.095833 0.890017
vn -0.645915 0.406926 0.645915
vt 0.092917 0.890833
vn -0.645915 0.406926 0.645915
vt 0.092917 0.893750
vn -0.645915 0.406926 0.645915
f 1607/5249/5249 1608/5250/5250 1600/5251/5251 1599/5252/5252
vt 0.095833 0.890017
vn -0.943858 0.330350 0.000000
vt 0.095833 0.868317
vn -0.943858 0.330350 0.000000
vt 0.092917 0.867500
vn -0.943858 0.330350 0.000000
vt 0.092917 0.890833
vn -0.943858 0.330350 0.000000
f 1608/5253/5253 1601/5254/5254 1593/5255/5255 1600/5256/5256
v -3.832414 -1.150000 10.472804
v -3.758422 -1.150000 10.398812
v -2.241578 -1.150000 10.398812
v -2.167586 -1.150000 10.472804
v -2.167586 -1.150000 11.527196
v -2.241578 -1.150000 11.601188
v -3.758422 -1.150000 11.601188
v -3.832414 -1.150000 11.527196
v -3.900000 -1.070000 10.430000
v -3.820000 -1.070000 10.350000
v -2.180000 -1.070000 10.350000
v -2.100000 -1.070000 10.430000
v -2.100000 -1.070000 11.570000
v -2.180000 -1.070000 11.650000
v -3.820000 -1.070000 11.650000
v -3.900000 -1.070000 11.570000
v -3.900000 1.070000 10.430000
v -3.820000 1.070000 10.350000
v -2.180000 1.070000 10.350000
v -2.100000 1.070000 10.430000
v -2.100000 1.070000 11.570000
v -2.180000 1.070000 11.650000
v -3.820000 1.070000 11.650000
v -3.900000 1.070000 11.570000
v -3.832414 1.150000 10.472804
v -3.758422 1.150000 10.398812
v -2.241578 1.150000 10.398812
v -2.167586 1.150000 10.472804
v -2.167586 1.150000 11.527196
v -2.241578 1.150000 11.601188
v -3.758422 1.150000 11.601188
v -3.832414 1.150000 11.527196
vt -0.319368 0.872734
vn 0.000000 -1.000000 0.000000
vt -0.313202 0.866568
vn 0.000000 -1.000000 0.000000
vt -0.186798 0.866568
vn 0.000000 -1.000000 0.000000
vt -0.180632 0.872734
vn 0.000000 -1.000000 0.000000
vt -0.180632 0.960600
vn 0.000000 -1.000000 0.000000
vt -0.186798 0.966766
vn 0.000000 -1.000000 0.000000
vt -0.313202 0.966766
vn 0.000000 -1.000000 0.000000
vt -0.319368 0.960600
vn 0.000000 -1.000000 0.000000
f 1609/5257/5257 1610/5258/5258 1611/5259/5259 1612/5260/5260 1613/5261/5261 1614/5262/5262 1615/5263/5263 1616/5264/5264
vt -0.319368 0.960600
vn 0.000000 1.000000 0.000000
vt -0.313202 0.966766
vn 0.000000 1.000000 0.000000
vt -0.186798 0.966766
vn 0.000000 1.000000 0.000000
vt -0.180632 0.960600
vn 0.000000 1.000000 0.000000
vt -0.180632 0.872734
vn 0.000000 1.000000 0.000000
vt -0.186798 0.866568
vn 0.000000 1.000000 0.000000
vt -0.313202 0.866568
vn 0.000000 1.000000 0.000000
vt -0.319368 0.872734
vn 0.000000 1.000000 0.000000
f 1640/5265/5265 1639/5266/5266 1638/5267/5267 1637/5268/5268 1636/5269/5269 1635/5270/5270 1634/5271/5271 1633/5272/5272
vt -0.325000 0.869167
vn -0.506107 -0.698363 -0.506107
vt -0.318333 0.862500
vn -0.506107 -0.698363 -0.506107
vt -0.313202 0.866568
vn -0.506107 -0.698363 -0.506107
vt -0.319368 0.872734
vn -0.506107 -0.698363 -0.506107
f 1617/5273/5273 1618/5274/5274 1610/5275/5275 1609/5276/5276
vt -0.318333 -0.089167
vn 0.000000 -0.520851 -0.853648
vt -0.181667 -0.089167
vn 0.000000 -0.520851 -0.853648
vt -0.186798 -0.095833
vn 0.000000 -0.520851 -0.853648
vt -0.313202 -0.095833
vn 0.000000 -0.520851 -0.853648
f 1618/5277/5277 1619/5278/5278 1611/5279/5279 1610/5280/5280
vt -0.181667 0.862500
vn 0.506107 -0.698363 -0.506107
vt -0.175000 0.869167
vn 0.506107 -0.698363 -0.506107
vt -0.180632 0.872734
vn 0.506107 -0.698363 -0.506107
vt -0.186798 0.866568
vn 0.506107 -0.698363 -0.506107
f 1619/5281/5281 1620/5282/5282 1612/5283/5283 1611/5284/5284
vt -0.089167 0.869167
vn 0.763889 -0.645348 0.000000
vt -0.089167 0.964167
vn 0.763889 -0.645348 0.000000
vt -0.095833 0.960600
vn 0.763889 -0.645348 0.000000
vt -0.095833 0.872734
vn 0.763889 -0.645348 0.000000
f 1620/5285/5285 1621/5286/5286 1613/5287/5287 1612/5288/5288
vt -0.175000 0.964167
vn 0.506107 -0.698363 0.506107
vt -0.181667 0.970833
vn 0.506107 -0.698363 0.506107
vt -0.186798 0.966766
vn 0.506107 -0.698363 0.506107
vt -0.180632 0.960600
vn 0.506107 -0.698363 0.506107
f 1621/5289/5289 1622/5290/5290 1614/5291/5291 1613/5292/5292
vt -0.181667 -0.089167
vn 0.000000 -0.520851 0.853648
vt -0.318333 -0.089167
vn 0.000000 -0.520851 0.853648
vt -0.313202 -0.095833
vn 0.000000 -0.520851 0.853648
vt -0.186798 -0.095833
vn 0.000000 -0.520851 0.853648
f 1622/5293/5293 1623/5294/5294 1615/5295/5295 1614/5296/5296
vt -0.318333 0.970833
vn -0.506107 -0.698363 0.506107
vt -0.325000 0.964167
vn -0.506107 -0.698363 0.506107
vt -0.319368 0.960600
vn -0.506107 -0.698363 0.506107
vt -0.313202 0.966766
vn -0.506107 -0.698363 0.506107
f 1623/5297/5297 1624/5298/5298 1616/5299/5299 1615/5300/5300
vt -0.089167 0.964167
vn -0.763889 -0.645348 -0.000000
vt -0.089167 0.869167
vn -0.763889 -0.645348 -0.000000
vt -0.095833 0.872734
vn -0.763889 -0.645348 -0.000000
vt -0.095833 0.960600
vn -0.763889 -0.645348 -0.000000
f 1624/5301/5301 1617/5302/5302 1609/5303/5303 1616/5304/5304
vt 0.089167 0.869167
vn -0.707107 0.000000 -0.707107
vt 0.089167 0.862500
vn -0.707107 0.000000 -0.707107
vt -0.089167 0.862500
vn -0.707107 0.000000 -0.707107
vt -0.089167 0.869167
vn -0.707107 0.000000 -0.707107
f 1625/5305/5305 1626/5306/5306 1618/5307/5307 1617/5308/5308
vt -0.318333 0.089167
vn 0.000000 0.000000 -1.000000
vt -0.181667 0.089167
vn 0.000000 0.000000 -1.000000
vt -0.181667 -0.089167
vn 0.000000 0.000000 -1.000000
vt -0.318333 -0.089167
vn 0.000000 0.000000 -1.000000
f 1626/5309/5309 1627/5310/5310 1619/5311/5311 1618/5312/5312
vt 0.089167 0.862500
vn 0.707107 0.000000 -0.707107
vt 0.089167 0.869167
vn 0.707107 0.000000 -0.707107
vt -0.089167 0.869167
vn 0.707107 0.000000 -0.707107
vt -0.089167 0.862500
vn 0.707107 0.000000 -0.707107
f 1627/5313/5313 1628/5314/5314 1620/5315/5315 1619/5316/5316
vt 0.089167 0.869167
vn 1.000000 0.000000 -0.000000
vt 0.089167 0.964167
vn 1.000000 0.000000 -0.000000
vt -0.089167 0.964167
vn 1.000000 0.000000 -0.000000
vt -0.089167 0.869167
vn 1.000000 0.000000 -0.000000
f 1628/5317/5317 1629/5318/5318 1621/5319/5319 1620/5320/5320
vt 0.089167 0.964167
vn 0.707107 0.000000 0.707107
vt 0.089167 0.970833
vn 0.707107 0.000000 0.707107
vt -0.089167 0.970833
vn 0.707107 0.000000 0.707107
vt -0.089167 0.964167
vn 0.707107 0.000000 0.707107
f 1629/5321/5321 1630/5322/5322 1622/5323/5323 1621/5324/5324
vt -0.181667 0.089167
vn 0.000000 0.000000 1.000000
vt -0.318333 0.089167
vn 0.000000 0.000000 1.000000
vt -0.318333 -0.089167
vn 0.000000 0.000000 1.000000
vt -0.181667 -0.089167
vn 0.000000 0.000000 1.000000
f 1630/5325/5325 1631/5326/5326 1623/5327/5327 1622/5328/5328
vt 0.089167 0.970833
vn -0.707107 0.000000 0.707107
vt 0.089167 0.964167
vn -0.707107 0.000000 0.707107
vt -0.089167 0.964167
vn -0.707107 0.000000 0.707107
vt -0.089167 0.970833
vn -0.707107 0.000000 0.707107
f 1631/5329/5329 1632/5330/5330 1624/5331/5331 1623/5332/5332
vt 0.089167 0.964167
vn -1.000000 0.000000 -0.000000
vt 0.089167 0.869167
vn -1.000000 0.000000 -0.000000
vt -0.089167 0.869167
vn -1.000000 0.000000 -0.000000
vt -0.089167 0.964167
vn -1.000000 0.000000 -0.000000
f 1632/5333/5333 1625/5334/5334 1617/5335/5335 1624/5336/5336
vt -0.319368 0.872734
vn -0.506107 0.698363 -0.506107
vt -0.313202 0.866568
vn -0.506107 0.698363 -0.506107
vt -0.318333 0.862500
vn -0.506107 0.698363 -0.506107
vt -0.325000 0.869167
vn -0.506107 0.698363 -0.506107
f 1633/5337/5337 1634/5338/5338 1626/5339/5339 1625/5340/5340
vt -0.313202 0.095833
vn 0.000000 0.520851 -0.853648
vt -0.186798 0.095833
vn 0.000000 0.520851 -0.853648
vt -0.181667 0.089167
vn 0.000000 0.520851 -0.853648
vt -0.318333 0.089167
vn 0.000000 0.520851 -0.853648
f 1634/5341/5341 1635/5342/5342 1627/5343/5343 1626/5344/5344
vt -0.186798 0.866568
vn 0.506107 0.698363 -0.506107
vt -0.180632 0.872734
vn 0.506107 0.698363 -0.506107
vt -0.175000 0.869167
vn 0.506107 0.698363 -0.506107
vt -0.181667 0.862500
vn 0.506107 0.698363 -0.506107
f 1635/5345/5345 1636/5346/5346 1628/5347/5347 1627/5348/5348
vt 0.095833 0.872734
vn 0.763889 0.645348 -0.000000
vt 0.095833 0.960600
vn 0.763889 0.645348 -0.000000
vt 0.089167 0.964167
vn 0.763889 0.645348 -0.000000
vt 0.089167 0.869167
vn 0.763889 0.645348 -0.000000
f 1636/5349/5349 1637/5350/5350 1629/5351/5351 1628/5352/5352
vt -0.180632 0.960600
vn 0.506107 0.698363 0.506107
vt -0.186798 0.966766
vn 0.506107 0.698363 0.506107
vt -0.181667 0.970833
vn 0.506107 0.698363 0.506107
vt -0.175000 0.964167
vn 0.506107 0.698363 0.506107
f 1637/5353/5353 1638/5354/5354 1630/5355/5355 1629/5356/5356
vt -0.186798 0.095833
vn 0.000000 0.520851 0.853648
vt -0.313202 0.095833
vn 0.000000 0.520851 0.853648
vt -0.318333 0.089167
vn 0.000000 0.520851 0.853648
vt -0.181667 0.089167
vn 0.000000 0.520851 0.853648
f 1638/5357/5357 1639/5358/5358 1631/5359/5359 1630/5360/5360
vt -0.313202 0.966766
vn -0.506107 0.698363 0.506107
vt -0.319368 0.960600
vn -0.506107 0.698363 0.506107
vt -0.325000 0.964167
vn -0.506107 0.698363 0.506107
vt -0.318333 0.970833
vn -0.506107 0.698363 0.506107
f 1639/5361/5361 1640/5362/5362 1632/5363/5363 1631/5364/5364
vt 0.095833 0.960600
vn -0.763889 0.645348 0.000000
vt 0.095833 0.872734
vn -0.763889 0.645348 0.000000
vt 0.089167 0.869167
vn -0.763889 0.645348 0.000000
vt 0.089167 0.964167
vn -0.763889 0.645348 0.000000
f 1640/5365/5365 1633/5366/5366 1625/5367/5367 1632/5368/5368
v -3.175000 0.750000 12.800000
v -3.175000 0.740766 12.917326
v -3.175000 0.713292 13.031763
v -3.175000 0.668255 13.140493
v -3.175000 0.606763 13.240839
v -3.175000 0.530330 13.330330
v -3.175000 0.440839 13.406763
v -3.175000 0.340493 13.468255
v -3.175000 0.231763 13.513292
v -3.175000 0.117326 13.540766
v -3.175000 0.000000 13.550000
v -3.175000 -0.117326 13.540766
v -3.175000 -0.231763 13.513292
v -3.175000 -0.340493 13.468255
v -3.175000 -0.440839 13.406763
v -3.175000 -0.530330 13.330330
v -3.175000 -0.606763 13.240839
v -3.175000 -0.668255 13.140493
v -3.175000 -0.713292 13.031763
v -3.175000 -0.740766 12.917326
v -3.175000 -0.750000 12.800000
v -3.175000 -0.740766 12.682674
v -3.175000 -0.713292 12.568237
v -3.175000 -0.668255 12.459507
v -3.175000 -0.606763 12.359161
v -3.175000 -0.530330 12.269670
v -3.175000 -0.440839 12.193237
v -3.175000 -0.340493 12.131745
v -3.175000 -0.231763 12.086708
v -3.175000 -0.117326 12.059234
v -3.175000 -0.000000 12.050000
v -3.175000 0.117326 12.059234
v -3.175000 0.231763 12.086708
v -3.175000 0.340493 12.131745
v -3.175000 0.440839 12.193237
v -3.175000 0.530330 12.269670
v -3.175000 0.606763 12.359161
v -3.175000 0.668255 12.459507
v -3.175000 0.713292 12.568237
v -3.175000 0.740766 12.682674
v -2.825000 0.750000 12.800000
v -2.825000 0.740766 12.917326
v -2.825000 0.713292 13.031763
v -2.825000 0.668255 13.140493
v -2.825000 0.606763 13.240839
v -2.825000 0.530330 13.330330
v -2.825000 0.440839 13.406763
v -2.825000 0.340493 13.468255
v -2.825000 0.231763 13.513292
v -2.825000 0.117326 13.540766
v -2.825000 0.000000 13.550000
v -2.825000 -0.117326 13.540766
v -2.825000 -0.231763 13.513292
v -2.825000 -0.340493 13.468255
v -2.825000 -0.440839 13.406763
v -2.825000 -0.530330 13.330330
v -2.825000 -0.606763 13.240839
v -2.825000 -0.668255 13.140493
v -2.825000 -0.713292 13.031763
v -2.825000 -0.740766 12.917326
v -2.825000 -0.750000 12.800000
v -2.825000 -0.740766 12.682674
v -2.825000 -0.713292 12.568237
v -2.825000 -0.668255 12.459507
v -2.825000 -0.606763 12.359161
v -2.825000 -0.530330 12.269670
v -2.825000 -0.440839 12.193237
v -2.825000 -0.340493 12.131745
v -2.825000 -0.231763 12.086708
v -2.825000 -0.117326 12.059234
v -2.825000 -0.000000 12.050000
v -2.825000 0.117326 12.059234
v -2.825000 0.231763 12.086708
v -2.825000 0.340493 12.131745
v -2.825000 0.440839 12.193237
v -2.825000 0.530330 12.269670
v -2.825000 0.606763 12.359161
v -2.825000 0.668255 12.459507
v -2.825000 0.713292 12.568237
v -2.825000 0.740766 12.682674
v -3.175000 0.590000 12.800000
v -3.175000 0.582736 12.892296
v -3.175000 0.561123 12.982320
v -3.175000 0.525694 13.067854
v -3.175000 0.477320 13.146793
v -3.175000 0.417193 13.217193
v -3.175000 0.346793 13.277320
v -3.175000 0.267854 13.325694
v -3.175000 0.182320 13.361123
v -3.175000 0.092296 13.382736
v -3.175000 0.000000 13.390000
v -3.175000 -0.092296 13.382736
v -3.175000 -0.182320 13.361123
v -3.175000 -0.267854 13.325694
v -3.175000 -0.346793 13.277320
v -3.175000 -0.417193 13.217193
v -3.175000 -0.477320 13.146793
v -3.175000 -0.525694 13.067854
v -3.175000 -0.561123 12.982320
v -3.175000 -0.582736 12.892296
v -3.175000 -0.590000 12.800000
v -3.175000 -0.582736 12.707704
v -3.175000 -0.561123 12.617680
v -3.175000 -0.525694 12.532146
v -3.175000 -0.477320 12.453207
v -3.175000 -0.417193 12.382807
v -3.175000 -0.346793 12.322680
v -3.175000 -0.267854 12.274306
v -3.175000 -0.182320 12.238877
v -3.175000 -0.092296 12.217264
v -3.175000 -0.000000 12.210000
v -3.175000 0.092296 12.217264
v -3.175000 0.182320 12.238877
v -3.175000 0.267854 12.274306
v -3.175000 0.346793 12.322680
v -3.175000 0.417193 12.382807
v -3.175000 0.477320 12.453207
v -3.175000 0.525694 12.532146
v -3.175000 0.561123 12.617680
v -3.175000 0.582736 12.707704
v -2.825000 0.590000 12.800000
v -2.825000 0.582736 12.892296
v -2.825000 0.561123 12.982320
v -2.825000 0.525694 13.067854
v -2.825000 0.477320 13.146793
v -2.825000 0.417193 13.217193
v -2.825000 0.346793 13.277320
v -2.825000 0.267854 13.325694
v -2.825000 0.182320 13.361123
v -2.825000 0.092296 13.382736
v -2.825000 0.000000 13.390000
v -2.825000 -0.092296 13.382736
v -2.825000 -0.182320 13.361123
v -2.825000 -0.267854 13.325694
v -2.825000 -0.346793 13.277320
v -2.825000 -0.417193 13.217193
v -2.825000 -0.477320 13.146793
v -2.825000 -0.525694 13.067854
v -2.825000 -0.561123 12.982320
v -2.825000 -0.582736 12.892296
v -2.825000 -0.590000 12.800000
v -2.825000 -0.582736 12.707704
v -2.825000 -0.561123 12.617680
v -2.825000 -0.525694 12.532146
v -2.825000 -0.477320 12.453207
v -2.825000 -0.417193 12.382807
v -2.825000 -0.346793 12.322680
v -2.825000 -0.267854 12.274306
v -2.825000 -0.182320 12.238877
v -2.825000 -0.092296 12.217264
v -2.825000 -0.000000 12.210000
v -2.825000 0.092296 12.217264
v -2.825000 0.182320 12.238877
v -2.825000 0.267854 12.274306
v -2.825000 0.346793 12.322680
v -2.825000 0.417193 12.382807
v -2.825000 0.477320 12.453207
v -2.825000 0.525694 12.532146
v -2.825000 0.561123 12.617680
v -2.825000 0.582736 12.707704
vt -0.264583 1.066667
vn 0.000000 0.996917 0.078459
vt -0.264583 1.076444
vn 0.000000 0.996917 0.078459
vt -0.235417 1.076444
vn 0.000000 0.996917 0.078459
vt -0.235417 1.066667
vn 0.000000 0.996917 0.078459
f 1641/5369/5369 1642/5370/5370 1682/5371/5371 1681/5372/5372
vt -0.264583 1.074358
vn 0.000000 -0.996917 -0.078459
vt -0.264583 1.066667
vn 0.000000 -0.996917 -0.078459
vt -0.235417 1.066667
vn 0.000000 -0.996917 -0.078459
vt -0.235417 1.074358
vn 0.000000 -0.996917 -0.078459
f 1722/5373/5373 1721/5374/5374 1761/5375/5375 1762/5376/5376
vt 0.061731 1.076444
vn -0.894427 0.434857 0.104400
vt 0.062500 1.066667
vn -0.894427 0.445835 -0.035088
vt 0.049167 1.066667
vn -0.894427 -0.445835 0.035088
vt 0.048561 1.074358
vn -0.894427 -0.434857 -0.104400
f 1642/5377/5377 1641/5378/5378 1721/5379/5379 1722/5380/5380
vt 0.062500 1.066667
vn 0.894427 0.445835 -0.035088
vt 0.061731 1.076444
vn 0.894427 0.434857 0.104400
vt 0.048561 1.074358
vn 0.894427 -0.434857 -0.104400
vt 0.049167 1.066667
vn 0.894427 -0.445835 0.035088
f 1681/5381/5381 1682/5382/5382 1762/5383/5383 1761/5384/5384
vt -0.264583 1.076444
vn -0.894427 0.434857 0.104400
vt -0.264583 1.085980
vn -0.708198 0.671460 0.218170
vt -0.235417 1.085980
vn 0.708198 0.671460 0.218170
vt -0.235417 1.076444
vn 0.894427 0.434857 0.104400
f 1642/5385/5385 1643/5386/5386 1683/5387/5387 1682/5388/5388
vt -0.264583 1.081860
vn -0.708198 -0.671460 -0.218170
vt -0.264583 1.074358
vn -0.894427 -0.434857 -0.104400
vt -0.235417 1.074358
vn 0.894427 -0.434857 -0.104400
vt -0.235417 1.081860
vn 0.708198 -0.671460 -0.218170
f 1723/5389/5389 1722/5390/5390 1762/5391/5391 1763/5392/5392
vt 0.059441 1.085980
vn -0.708198 0.671460 0.218170
vt 0.061731 1.076444
vn -0.894427 0.434857 0.104400
vt 0.048561 1.074358
vn -0.894427 -0.434857 -0.104400
vt 0.046760 1.081860
vn -0.708198 -0.671460 -0.218170
f 1643/5393/5393 1642/5394/5394 1722/5395/5395 1723/5396/5396
vt 0.061731 1.076444
vn 0.894427 0.434857 0.104400
vt 0.059441 1.085980
vn 0.708198 0.671460 0.218170
vt 0.046760 1.081860
vn 0.708198 -0.671460 -0.218170
vt 0.048561 1.074358
vn 0.894427 -0.434857 -0.104400
f 1682/5397/5397 1683/5398/5398 1763/5399/5399 1762/5400/5400
vt -0.264583 1.085980
vn -0.708198 0.671460 0.218170
vt -0.264583 1.095041
vn -0.708198 0.629063 0.320524
vt -0.235417 1.095041
vn 0.708198 0.629063 0.320524
vt -0.235417 1.085980
vn 0.708198 0.671460 0.218170
f 1643/5401/5401 1644/5402/5402 1684/5403/5403 1683/5404/5404
vt -0.264583 1.088988
vn -0.708198 -0.629063 -0.320524
vt -0.264583 1.081860
vn -0.708198 -0.671460 -0.218170
vt -0.235417 1.081860
vn 0.708198 -0.671460 -0.218170
vt -0.235417 1.088988
vn 0.708198 -0.629063 -0.320524
f 1724/5405/5405 1723/5406/5406 1763/5407/5407 1764/5408/5408
vt 0.055688 1.095041
vn -0.708198 0.629063 0.320524
vt 0.059441 1.085980
vn -0.708198 0.671460 0.218170
vt 0.046760 1.081860
vn -0.708198 -0.671460 -0.218170
vt 0.043808 1.088988
vn -0.708198 -0.629063 -0.320524
f 1644/5409/5409 1643/5410/5410 1723/5411/5411 1724/5412/5412
vt 0.059441 1.085980
vn 0.708198 0.671460 0.218170
vt 0.055688 1.095041
vn 0.708198 0.629063 0.320524
vt 0.043808 1.088988
vn 0.708198 -0.629063 -0.320524
vt 0.046760 1.081860
vn 0.708198 -0.671460 -0.218170
f 1683/5413/5413 1684/5414/5414 1764/5415/5415 1763/5416/5416
vt -0.264583 1.095041
vn -0.708198 0.629063 0.320524
vt -0.264583 1.103403
vn -0.708198 0.571178 0.414985
vt -0.235417 1.103403
vn 0.708198 0.571178 0.414985
vt -0.235417 1.095041
vn 0.708198 0.629063 0.320524
f 1644/5417/5417 1645/5418/5418 1685/5419/5419 1684/5420/5420
vt -0.264583 1.095566
vn -0.708198 -0.571178 -0.414985
vt -0.264583 1.088988
vn -0.708198 -0.629063 -0.320524
vt -0.235417 1.088988
vn 0.708198 -0.629063 -0.320524
vt -0.235417 1.095566
vn 0.708198 -0.571178 -0.414985
f 1725/5421/5421 1724/5422/5422 1764/5423/5423 1765/5424/5424
vt 0.050564 1.103403
vn -0.708198 0.571178 0.414985
vt 0.055688 1.095041
vn -0.708198 0.629063 0.320524
vt 0.043808 1.088988
vn -0.708198 -0.629063 -0.320524
vt 0.039777 1.095566
vn -0.708198 -0.571178 -0.414985
f 1645/5425/5425 1644/5426/5426 1724/5427/5427 1725/5428/5428
vt 0.055688 1.095041
vn 0.708198 0.629063 0.320524
vt 0.050564 1.103403
vn 0.708198 0.571178 0.414985
vt 0.039777 1.095566
vn 0.708198 -0.571178 -0.414985
vt 0.043808 1.088988
vn 0.708198 -0.629063 -0.320524
f 1684/5429/5429 1685/5430/5430 1765/5431/5431 1764/5432/5432
vt -0.264583 1.103403
vn -0.708198 0.571178 0.414985
vt -0.264583 1.110861
vn -0.708198 0.499228 0.499228
vt -0.235417 1.110861
vn 0.708198 0.499228 0.499228
vt -0.235417 1.103403
vn 0.708198 0.571178 0.414985
f 1645/5433/5433 1646/5434/5434 1686/5435/5435 1685/5436/5436
vt -0.264583 1.101433
vn -0.708198 -0.499228 -0.499228
vt -0.264583 1.095566
vn -0.708198 -0.571178 -0.414985
vt -0.235417 1.095566
vn 0.708198 -0.571178 -0.414985
vt -0.235417 1.101433
vn 0.708198 -0.499228 -0.499228
f 1726/5437/5437 1725/5438/5438 1765/5439/5439 1766/5440/5440
vt 0.044194 1.110861
vn -0.708198 0.499228 0.499228
vt 0.050564 1.103403
vn -0.708198 0.571178 0.414985
vt 0.039777 1.095566
vn -0.708198 -0.571178 -0.414985
vt 0.034766 1.101433
vn -0.708198 -0.499228 -0.499228
f 1646/5441/5441 1645/5442/5442 1725/5443/5443 1726/5444/5444
vt 0.050564 1.103403
vn 0.708198 0.571178 0.414985
vt 0.044194 1.110861
vn 0.708198 0.499228 0.499228
vt 0.034766 1.101433
vn 0.708198 -0.499228 -0.499228
vt 0.039777 1.095566
vn 0.708198 -0.571178 -0.414985
f 1685/5445/5445 1686/5446/5446 1766/5447/5447 1765/5448/5448
vt -0.264583 0.044194
vn -0.708198 0.499228 0.499228
vt -0.264583 0.036737
vn -0.708198 0.414985 0.571178
vt -0.235417 0.036737
vn 0.708198 0.414985 0.571178
vt -0.235417 0.044194
vn 0.708198 0.499228 0.499228
f 1646/5449/5449 1647/5450/5450 1687/5451/5451 1686/5452/5452
vt -0.264583 0.028899
vn -0.708198 -0.414985 -0.571178
vt -0.264583 0.034766
vn -0.708198 -0.499228 -0.499228
vt -0.235417 0.034766
vn 0.708198 -0.499228 -0.499228
vt -0.235417 0.028899
vn 0.708198 -0.414985 -0.571178
f 1727/5453/5453 1726/5454/5454 1766/5455/5455 1767/5456/5456
vt 0.036737 1.117230
vn -0.708198 0.414985 0.571178
vt 0.044194 1.110861
vn -0.708198 0.499228 0.499228
vt 0.034766 1.101433
vn -0.708198 -0.499228 -0.499228
vt 0.028899 1.106443
vn -0.708198 -0.414985 -0.571178
f 1647/5457/5457 1646/5458/5458 1726/5459/5459 1727/5460/5460
vt 0.044194 1.110861
vn 0.708198 0.499228 0.499228
vt 0.036737 1.117230
vn 0.708198 0.414985 0.571178
vt 0.028899 1.106443
vn 0.708198 -0.414985 -0.571178
vt 0.034766 1.101433
vn 0.708198 -0.499228 -0.499228
f 1686/5461/5461 1687/5462/5462 1767/5463/5463 1766/5464/5464
vt -0.264583 0.036737
vn -0.708198 0.414985 0.571178
vt -0.264583 0.028374
vn -0.708198 0.320524 0.629063
vt -0.235417 0.028374
vn 0.708198 0.320524 0.629063
vt -0.235417 0.036737
vn 0.708198 0.414985 0.571178
f 1647/5465/5465 1648/5466/5466 1688/5467/5467 1687/5468/5468
vt -0.264583 0.022321
vn -0.708198 -0.320524 -0.629063
vt -0.264583 0.028899
vn -0.708198 -0.414985 -0.571178
vt -0.235417 0.028899
vn 0.708198 -0.414985 -0.571178
vt -0.235417 0.022321
vn 0.708198 -0.320524 -0.629063
f 1728/5469/5469 1727/5470/5470 1767/5471/5471 1768/5472/5472
vt 0.028374 1.122355
vn -0.708198 0.320524 0.629063
vt 0.036737 1.117230
vn -0.708198 0.414985 0.571178
vt 0.028899 1.106443
vn -0.708198 -0.414985 -0.571178
vt 0.022321 1.110474
vn -0.708198 -0.320524 -0.629063
f 1648/5473/5473 1647/5474/5474 1727/5475/5475 1728/5476/5476
vt 0.036737 1.117230
vn 0.708198 0.414985 0.571178
vt 0.028374 1.122355
vn 0.708198 0.320524 0.629063
vt 0.022321 1.110474
vn 0.708198 -0.320524 -0.629063
vt 0.028899 1.106443
vn 0.708198 -0.414985 -0.571178
f 1687/5477/5477 1688/5478/5478 1768/5479/5479 1767/5480/5480
vt -0.264583 0.028374
vn -0.708198 0.320524 0.629063
vt -0.264583 0.019314
vn -0.708198 0.218170 0.671460
vt -0.235417 0.019314
vn 0.708198 0.218170 0.671460
vt -0.235417 0.028374
vn 0.708198 0.320524 0.629063
f 1648/5481/5481 1649/5482/5482 1689/5483/5483 1688/5484/5484
vt -0.264583 0.015193
vn -0.708198 -0.218170 -0.671460
vt -0.264583 0.022321
vn -0.708198 -0.320524 -0.629063
vt -0.235417 0.022321
vn 0.708198 -0.320524 -0.629063
vt -0.235417 0.015193
vn 0.708198 -0.218170 -0.671460
f 1729/5485/5485 1728/5486/5486 1768/5487/5487 1769/5488/5488
vt 0.019314 1.126108
vn -0.708198 0.218170 0.671460
vt 0.028374 1.122355
vn -0.708198 0.320524 0.629063
vt 0.022321 1.110474
vn -0.708198 -0.320524 -0.629063
vt 0.015193 1.113427
vn -0.708198 -0.218170 -0.671460
f 1649/5489/5489 1648/5490/5490 1728/5491/5491 1729/5492/5492
vt 0.028374 1.122355
vn 0.708198 0.320524 0.629063
vt 0.019314 1.126108
vn 0.708198 0.218170 0.671460
vt 0.015193 1.113427
vn 0.708198 -0.218170 -0.671460
vt 0.022321 1.110474
vn 0.708198 -0.320524 -0.629063
f 1688/5493/5493 1689/5494/5494 1769/5495/5495 1768/5496/5496
vt -0.264583 0.019314
vn -0.708198 0.218170 0.671460
vt -0.264583 0.009777
vn -0.708198 0.110445 0.697322
vt -0.235417 0.009777
vn 0.708198 0.110445 0.697322
vt -0.235417 0.019314
vn 0.708198 0.218170 0.671460
f 1649/5497/5497 1650/5498/5498 1690/5499/5499 1689/5500/5500
vt -0.264583 0.007691
vn -0.708198 -0.110445 -0.697322
vt -0.264583 0.015193
vn -0.708198 -0.218170 -0.671460
vt -0.235417 0.015193
vn 0.708198 -0.218170 -0.671460
vt -0.235417 0.007691
vn 0.708198 -0.110445 -0.697322
f 1730/5501/5501 1729/5502/5502 1769/5503/5503 1770/5504/5504
vt 0.009777 1.128397
vn -0.708198 0.110445 0.697322
vt 0.019314 1.126108
vn -0.708198 0.218170 0.671460
vt 0.015193 1.113427
vn -0.708198 -0.218170 -0.671460
vt 0.007691 1.115228
vn -0.708198 -0.110445 -0.697322
f 1650/5505/5505 1649/5506/5506 1729/5507/5507 1730/5508/5508
vt 0.019314 1.126108
vn 0.708198 0.218170 0.671460
vt 0.009777 1.128397
vn 0.708198 0.110445 0.697322
vt 0.007691 1.115228
vn 0.708198 -0.110445 -0.697322
vt 0.015193 1.113427
vn 0.708198 -0.218170 -0.671460
f 1689/5509/5509 1690/5510/5510 1770/5511/5511 1769/5512/5512
vt -0.264583 0.009777
vn -0.708198 0.110445 0.697322
vt -0.264583 0.000000
vn -0.708198 -0.000000 0.706014
vt -0.235417 0.000000
vn 0.708198 -0.000000 0.706014
vt -0.235417 0.009777
vn 0.708198 0.110445 0.697322
f 1650/5513/5513 1651/5514/5514 1691/5515/5515 1690/5516/5516
vt -0.264583 0.000000
vn -0.708198 0.000000 -0.706014
vt -0.264583 0.007691
vn -0.708198 -0.110445 -0.697322
vt -0.235417 0.007691
vn 0.708198 -0.110445 -0.697322
vt -0.235417 0.000000
vn 0.708198 0.000000 -0.706014
f 1731/5517/5517 1730/5518/5518 1770/5519/5519 1771/5520/5520
vt 0.000000 1.129167
vn -0.708198 -0.000000 0.706014
vt 0.009777 1.128397
vn -0.708198 0.110445 0.697322
vt 0.007691 1.115228
vn -0.708198 -0.110445 -0.697322
vt 0.000000 1.115833
vn -0.708198 0.000000 -0.706014
f 1651/5521/5521 1650/5522/5522 1730/5523/5523 1731/5524/5524
vt 0.009777 1.128397
vn 0.708198 0.110445 0.697322
vt 0.000000 1.129167
vn 0.708198 -0.000000 0.706014
vt 0.000000 1.115833
vn 0.708198 0.000000 -0.706014
vt 0.007691 1.115228
vn 0.708198 -0.110445 -0.697322
f 1690/5525/5525 1691/5526/5526 1771/5527/5527 1770/5528/5528
vt -0.264583 0.000000
vn -0.708198 -0.000000 0.706014
vt -0.264583 -0.009777
vn -0.708198 -0.110445 0.697322
vt -0.235417 -0.009777
vn 0.708198 -0.110445 0.697322
vt -0.235417 0.000000
vn 0.708198 -0.000000 0.706014
f 1651/5529/5529 1652/5530/5530 1692/5531/5531 1691/5532/5532
vt -0.264583 -0.007691
vn -0.708198 0.110445 -0.697322
vt -0.264583 0.000000
vn -0.708198 0.000000 -0.706014
vt -0.235417 0.000000
vn 0.708198 0.000000 -0.706014
vt -0.235417 -0.007691
vn 0.708198 0.110445 -0.697322
f 1732/5533/5533 1731/5534/5534 1771/5535/5535 1772/5536/5536
vt -0.009777 1.128397
vn -0.708198 -0.110445 0.697322
vt 0.000000 1.129167
vn -0.708198 -0.000000 0.706014
vt 0.000000 1.115833
vn -0.708198 0.000000 -0.706014
vt -0.007691 1.115228
vn -0.708198 0.110445 -0.697322
f 1652/5537/5537 1651/5538/5538 1731/5539/5539 1732/5540/5540
vt 0.000000 1.129167
vn 0.708198 -0.000000 0.706014
vt -0.009777 1.128397
vn 0.708198 -0.110445 0.697322
vt -0.007691 1.115228
vn 0.708198 0.110445 -0.697322
vt 0.000000 1.115833
vn 0.708198 0.000000 -0.706014
f 1691/5541/5541 1692/5542/5542 1772/5543/5543 1771/5544/5544
vt -0.264583 -0.009777
vn -0.708198 -0.110445 0.697322
vt -0.264583 -0.019314
vn -0.708198 -0.218170 0.671460
vt -0.235417 -0.019314
vn 0.708198 -0.218170 0.671460
vt -0.235417 -0.009777
vn 0.708198 -0.110445 0.697322
f 1652/5545/5545 1653/5546/5546 1693/5547/5547 1692/5548/5548
vt -0.264583 -0.015193
vn -0.708198 0.218170 -0.671460
vt -0.264583 -0.007691
vn -0.708198 0.110445 -0.697322
vt -0.235417 -0.007691
vn 0.708198 0.110445 -0.697322
vt -0.235417 -0.015193
vn 0.708198 0.218170 -0.671460
f 1733/5549/5549 1732/5550/5550 1772/5551/5551 1773/5552/5552
vt -0.019314 1.126108
vn -0.708198 -0.218170 0.671460
vt -0.009777 1.128397
vn -0.708198 -0.110445 0.697322
vt -0.007691 1.115228
vn -0.708198 0.110445 -0.697322
vt -0.015193 1.113427
vn -0.708198 0.218170 -0.671460
f 1653/5553/5553 1652/5554/5554 1732/5555/5555 1733/5556/5556
vt -0.009777 1.128397
vn 0.708198 -0.110445 0.697322
vt -0.019314 1.126108
vn 0.708198 -0.218170 0.671460
vt -0.015193 1.113427
vn 0.708198 0.218170 -0.671460
vt -0.007691 1.115228
vn 0.708198 0.110445 -0.697322
f 1692/5557/5557 1693/5558/5558 1773/5559/5559 1772/5560/5560
vt -0.264583 -0.019314
vn -0.708198 -0.218170 0.671460
vt -0.264583 -0.028374
vn -0.708198 -0.320524 0.629063
vt -0.235417 -0.028374
vn 0.708198 -0.320524 0.629063
vt -0.235417 -0.019314
vn 0.708198 -0.218170 0.671460
f 1653/5561/5561 1654/5562/5562 1694/5563/5563 1693/5564/5564
vt -0.264583 -0.022321
vn -0.708198 0.320524 -0.629063
vt -0.264583 -0.015193
vn -0.708198 0.218170 -0.671460
vt -0.235417 -0.015193
vn 0.708198 0.218170 -0.671460
vt -0.235417 -0.022321
vn 0.708198 0.320524 -0.629063
f 1734/5565/5565 1733/5566/5566 1773/5567/5567 1774/5568/5568
vt -0.028374 1.122355
vn -0.708198 -0.320524 0.629063
vt -0.019314 1.126108
vn -0.708198 -0.218170 0.671460
vt -0.015193 1.113427
vn -0.708198 0.218170 -0.671460
vt -0.022321 1.110474
vn -0.708198 0.320524 -0.629063
f 1654/5569/5569 1653/5570/5570 1733/5571/5571 1734/5572/5572
vt -0.019314 1.126108
vn 0.708198 -0.218170 0.671460
vt -0.028374 1.122355
vn 0.708198 -0.320524 0.629063
vt -0.022321 1.110474
vn 0.708198 0.320524 -0.629063
vt -0.015193 1.113427
vn 0.708198 0.218170 -0.671460
f 1693/5573/5573 1694/5574/5574 1774/5575/5575 1773/5576/5576
vt -0.264583 -0.028374
vn -0.708198 -0.320524 0.629063
vt -0.264583 -0.036737
vn -0.708198 -0.414985 0.571178
vt -0.235417 -0.036737
vn 0.708198 -0.414985 0.571178
vt -0.235417 -0.028374
vn 0.708198 -0.320524 0.629063
f 1654/5577/5577 1655/5578/5578 1695/5579/5579 1694/5580/5580
vt -0.264583 -0.028899
vn -0.708198 0.414985 -0.571178
vt -0.264583 -0.022321
vn -0.708198 0.320524 -0.629063
vt -0.235417 -0.022321
vn 0.708198 0.320524 -0.629063
vt -0.235417 -0.028899
vn 0.708198 0.414985 -0.571178
f 1735/5581/5581 1734/5582/5582 1774/5583/5583 1775/5584/5584
vt -0.036737 1.117230
vn -0.708198 -0.414985 0.571178
vt -0.028374 1.122355
vn -0.708198 -0.320524 0.629063
vt -0.022321 1.110474
vn -0.708198 0.320524 -0.629063
vt -0.028899 1.106443
vn -0.708198 0.414985 -0.571178
f 1655/5585/5585 1654/5586/5586 1734/5587/5587 1735/5588/5588
vt -0.028374 1.122355
vn 0.708198 -0.320524 0.629063
vt -0.036737 1.117230
vn 0.708198 -0.414985 0.571178
vt -0.028899 1.106443
vn 0.708198 0.414985 -0.571178
vt -0.022321 1.110474
vn 0.708198 0.320524 -0.629063
f 1694/5589/5589 1695/5590/5590 1775/5591/5591 1774/5592/5592
vt -0.264583 -0.036737
vn -0.708198 -0.414985 0.571178
vt -0.264583 -0.044194
vn -0.708198 -0.499228 0.499228
vt -0.235417 -0.044194
vn 0.708198 -0.499228 0.499228
vt -0.235417 -0.036737
vn 0.708198 -0.414985 0.571178
f 1655/5593/5593 1656/5594/5594 1696/5595/5595 1695/5596/5596
vt -0.264583 -0.034766
vn -0.708198 0.499228 -0.499228
vt -0.264583 -0.028899
vn -0.708198 0.414985 -0.571178
vt -0.235417 -0.028899
vn 0.708198 0.414985 -0.571178
vt -0.235417 -0.034766
vn 0.708198 0.499228 -0.499228
f 1736/5597/5597 1735/5598/5598 1775/5599/5599 1776/5600/5600
vt -0.044194 1.110861
vn -0.708198 -0.499228 0.499228
vt -0.036737 1.117230
vn -0.708198 -0.414985 0.571178
vt -0.028899 1.106443
vn -0.708198 0.414985 -0.571178
vt -0.034766 1.101433
vn -0.708198 0.499228 -0.499228
f 1656/5601/5601 1655/5602/5602 1735/5603/5603 1736/5604/5604
vt -0.036737 1.117230
vn 0.708198 -0.414985 0.571178
vt -0.044194 1.110861
vn 0.708198 -0.499228 0.499228
vt -0.034766 1.101433
vn 0.708198 0.499228 -0.499228
vt -0.028899 1.106443
vn 0.708198 0.414985 -0.571178
f 1695/5605/5605 1696/5606/5606 1776/5607/5607 1775/5608/5608
vt -0.264583 1.110861
vn -0.708198 -0.499228 0.499228
vt -0.264583 1.103403
vn -0.708198 -0.571178 0.414985
vt -0.235417 1.103403
vn 0.708198 -0.571178 0.414985
vt -0.235417 1.110861
vn 0.708198 -0.499228 0.499228
f 1656/5609/5609 1657/5610/5610 1697/5611/5611 1696/5612/5612
vt -0.264583 1.095566
vn -0.708198 0.571178 -0.414985
vt -0.264583 1.101433
vn -0.708198 0.499228 -0.499228
vt -0.235417 1.101433
vn 0.708198 0.499228 -0.499228
vt -0.235417 1.095566
vn 0.708198 0.571178 -0.414985
f 1737/5613/5613 1736/5614/5614 1776/5615/5615 1777/5616/5616
vt -0.050564 1.103403
vn -0.708198 -0.571178 0.414985
vt -0.044194 1.110861
vn -0.708198 -0.499228 0.499228
vt -0.034766 1.101433
vn -0.708198 0.499228 -0.499228
vt -0.039777 1.095566
vn -0.708198 0.571178 -0.414985
f 1657/5617/5617 1656/5618/5618 1736/5619/5619 1737/5620/5620
vt -0.044194 1.110861
vn 0.708198 -0.499228 0.499228
vt -0.050564 1.103403
vn 0.708198 -0.571178 0.414985
vt -0.039777 1.095566
vn 0.708198 0.571178 -0.414985
vt -0.034766 1.101433
vn 0.708198 0.499228 -0.499228
f 1696/5621/5621 1697/5622/5622 1777/5623/5623 1776/5624/5624
vt -0.264583 1.103403
vn -0.708198 -0.571178 0.414985
vt -0.264583 1.095041
vn -0.708198 -0.629063 0.320524
vt -0.235417 1.095041
vn 0.708198 -0.629063 0.320524
vt -0.235417 1.103403
vn 0.708198 -0.571178 0.414985
f 1657/5625/5625 1658/5626/5626 1698/5627/5627 1697/5628/5628
vt -0.264583 1.088988
vn -0.708198 0.629063 -0.320524
vt -0.264583 1.095566
vn -0.708198 0.571178 -0.414985
vt -0.235417 1.095566
vn 0.708198 0.571178 -0.414985
vt -0.235417 1.088988
vn 0.708198 0.629063 -0.320524
f 1738/5629/5629 1737/5630/5630 1777/5631/5631 1778/5632/5632
vt -0.055688 1.095041
vn -0.708198 -0.629063 0.320524
vt -0.050564 1.103403
vn -0.708198 -0.571178 0.414985
vt -0.039777 1.095566
vn -0.708198 0.571178 -0.414985
vt -0.043808 1.088988
vn -0.708198 0.629063 -0.320524
f 1658/5633/5633 1657/5634/5634 1737/5635/5635 1738/5636/5636
vt -0.050564 1.103403
vn 0.708198 -0.571178 0.414985
vt -0.055688 1.095041
vn 0.708198 -0.629063 0.320524
vt -0.043808 1.088988
vn 0.708198 0.629063 -0.320524
vt -0.039777 1.095566
vn 0.708198 0.571178 -0.414985
f 1697/5637/5637 1698/5638/5638 1778/5639/5639 1777/5640/5640
vt -0.264583 1.095041
vn -0.708198 -0.629063 0.320524
vt -0.264583 1.085980
vn -0.708198 -0.671460 0.218170
vt -0.235417 1.085980
vn 0.708198 -0.671460 0.218170
vt -0.235417 1.095041
vn 0.708198 -0.629063 0.320524
f 1658/5641/5641 1659/5642/5642 1699/5643/5643 1698/5644/5644
vt -0.264583 1.081860
vn -0.708198 0.671460 -0.218170
vt -0.264583 1.088988
vn -0.708198 0.629063 -0.320524
vt -0.235417 1.088988
vn 0.708198 0.629063 -0.320524
vt -0.235417 1.081860
vn 0.708198 0.671460 -0.218170
f 1739/5645/5645 1738/5646/5646 1778/5647/5647 1779/5648/5648
vt -0.059441 1.085980
vn -0.708198 -0.671460 0.218170
vt -0.055688 1.095041
vn -0.708198 -0.629063 0.320524
vt -0.043808 1.088988
vn -0.708198 0.629063 -0.320524
vt -0.046760 1.081860
vn -0.708198 0.671460 -0.218170
f 1659/5649/5649 1658/5650/5650 1738/5651/5651 1739/5652/5652
vt -0.055688 1.095041
vn 0.708198 -0.629063 0.320524
vt -0.059441 1.085980
vn 0.708198 -0.671460 0.218170
vt -0.046760 1.081860
vn 0.708198 0.671460 -0.218170
vt -0.043808 1.088988
vn 0.708198 0.629063 -0.320524
f 1698/5653/5653 1699/5654/5654 1779/5655/5655 1778/5656/5656
vt -0.264583 1.085980
vn -0.708198 -0.671460 0.218170
vt -0.264583 1.076444
vn -0.708198 -0.697322 0.110445
vt -0.235417 1.076444
vn 0.708198 -0.697322 0.110445
vt -0.235417 1.085980
vn 0.708198 -0.671460 0.218170
f 1659/5657/5657 1660/5658/5658 1700/5659/5659 1699/5660/5660
vt -0.264583 1.074358
vn -0.708198 0.697322 -0.110445
vt -0.264583 1.081860
vn -0.708198 0.671460 -0.218170
vt -0.235417 1.081860
vn 0.708198 0.671460 -0.218170
vt -0.235417 1.074358
vn 0.708198 0.697322 -0.110445
f 1740/5661/5661 1739/5662/5662 1779/5663/5663 1780/5664/5664
vt -0.061731 1.076444
vn -0.708198 -0.697322 0.110445
vt -0.059441 1.085980
vn -0.708198 -0.671460 0.218170
vt -0.046760 1.081860
vn -0.708198 0.671460 -0.218170
vt -0.048561 1.074358
vn -0.708198 0.697322 -0.110445
f 1660/5665/5665 1659/5666/5666 1739/5667/5667 1740/5668/5668
vt -0.059441 1.085980
vn 0.708198 -0.671460 0.218170
vt -0.061731 1.076444
vn 0.708198 -0.697322 0.110445
vt -0.048561 1.074358
vn 0.708198 0.697322 -0.110445
vt -0.046760 1.081860
vn 0.708198 0.671460 -0.218170
f 1699/5669/5669 1700/5670/5670 1780/5671/5671 1779/5672/5672
vt -0.264583 1.076444
vn -0.708198 -0.697322 0.110445
vt -0.264583 1.066667
vn -0.708198 -0.706014 0.000000
vt -0.235417 1.066667
vn 0.708198 -0.706014 0.000000
vt -0.235417 1.076444
vn 0.708198 -0.697322 0.110445
f 1660/5673/5673 1661/5674/5674 1701/5675/5675 1700/5676/5676
vt -0.264583 1.066667
vn -0.708198 0.706014 -0.000000
vt -0.264583 1.074358
vn -0.708198 0.697322 -0.110445
vt -0.235417 1.074358
vn 0.708198 0.697322 -0.110445
vt -0.235417 1.066667
vn 0.708198 0.706014 -0.000000
f 1741/5677/5677 1740/5678/5678 1780/5679/5679 1781/5680/5680
vt -0.062500 1.066667
vn -0.708198 -0.706014 0.000000
vt -0.061731 1.076444
vn -0.708198 -0.697322 0.110445
vt -0.048561 1.074358
vn -0.708198 0.697322 -0.110445
vt -0.049167 1.066667
vn -0.708198 0.706014 -0.000000
f 1661/5681/5681 1660/5682/5682 1740/5683/5683 1741/5684/5684
vt -0.061731 1.076444
vn 0.708198 -0.697322 0.110445
vt -0.062500 1.066667
vn 0.708198 -0.706014 0.000000
vt -0.049167 1.066667
vn 0.708198 0.706014 -0.000000
vt -0.048561 1.074358
vn 0.708198 0.697322 -0.110445
f 1700/5685/5685 1701/5686/5686 1781/5687/5687 1780/5688/5688
vt -0.264583 1.066667
vn -0.708198 -0.706014 0.000000
vt -0.264583 1.056890
vn -0.708198 -0.697322 -0.110445
vt -0.235417 1.056890
vn 0.708198 -0.697322 -0.110445
vt -0.235417 1.066667
vn 0.708198 -0.706014 0.000000
f 1661/5689/5689 1662/5690/5690 1702/5691/5691 1701/5692/5692
vt -0.264583 1.058975
vn -0.708198 0.697322 0.110445
vt -0.264583 1.066667
vn -0.708198 0.706014 -0.000000
vt -0.235417 1.066667
vn 0.708198 0.706014 -0.000000
vt -0.235417 1.058975
vn 0.708198 0.697322 0.110445
f 1742/5693/5693 1741/5694/5694 1781/5695/5695 1782/5696/5696
vt -0.061731 1.056890
vn -0.708198 -0.697322 -0.110445
vt -0.062500 1.066667
vn -0.708198 -0.706014 0.000000
vt -0.049167 1.066667
vn -0.708198 0.706014 -0.000000
vt -0.048561 1.058975
vn -0.708198 0.697322 0.110445
f 1662/5697/5697 1661/5698/5698 1741/5699/5699 1742/5700/5700
vt -0.062500 1.066667
vn 0.708198 -0.706014 0.000000
vt -0.061731 1.056890
vn 0.708198 -0.697322 -0.110445
vt -0.048561 1.058975
vn 0.708198 0.697322 0.110445
vt -0.049167 1.066667
vn 0.708198 0.706014 -0.000000
f 1701/5701/5701 1702/5702/5702 1782/5703/5703 1781/5704/5704
vt -0.264583 1.056890
vn -0.708198 -0.697322 -0.110445
vt -0.264583 1.047353
vn -0.708198 -0.671460 -0.218170
vt -0.235417 1.047353
vn 0.708198 -0.671460 -0.218170
vt -0.235417 1.056890
vn 0.708198 -0.697322 -0.110445
f 1662/5705/5705 1663/5706/5706 1703/5707/5707 1702/5708/5708
vt -0.264583 1.051473
vn -0.708198 0.671460 0.218170
vt -0.264583 1.058975
vn -0.708198 0.697322 0.110445
vt -0.235417 1.058975
vn 0.708198 0.697322 0.110445
vt -0.235417 1.051473
vn 0.708198 0.671460 0.218170
f 1743/5709/5709 1742/5710/5710 1782/5711/5711 1783/5712/5712
vt -0.059441 1.047353
vn -0.708198 -0.671460 -0.218170
vt -0.061731 1.056890
vn -0.708198 -0.697322 -0.110445
vt -0.048561 1.058975
vn -0.708198 0.697322 0.110445
vt -0.046760 1.051473
vn -0.708198 0.671460 0.218170
f 1663/5713/5713 1662/5714/5714 1742/5715/5715 1743/5716/5716
vt -0.061731 1.056890
vn 0.708198 -0.697322 -0.110445
vt -0.059441 1.047353
vn 0.708198 -0.671460 -0.218170
vt -0.046760 1.051473
vn 0.708198 0.671460 0.218170
vt -0.048561 1.058975
vn 0.708198 0.697322 0.110445
f 1702/5717/5717 1703/5718/5718 1783/5719/5719 1782/5720/5720
vt -0.264583 1.047353
vn -0.708198 -0.671460 -0.218170
vt -0.264583 1.038292
vn -0.708198 -0.629063 -0.320524
vt -0.235417 1.038292
vn 0.708198 -0.629063 -0.320524
vt -0.235417 1.047353
vn 0.708198 -0.671460 -0.218170
f 1663/5721/5721 1664/5722/5722 1704/5723/5723 1703/5724/5724
vt -0.264583 1.044345
vn -0.708198 0.629063 0.320524
vt -0.264583 1.051473
vn -0.708198 0.671460 0.218170
vt -0.235417 1.051473
vn 0.708198 0.671460 0.218170
vt -0.235417 1.044345
vn 0.708198 0.629063 0.320524
f 1744/5725/5725 1743/5726/5726 1783/5727/5727 1784/5728/5728
vt -0.055688 1.038292
vn -0.708198 -0.629063 -0.320524
vt -0.059441 1.047353
vn -0.708198 -0.671460 -0.218170
vt -0.046760 1.051473
vn -0.708198 0.671460 0.218170
vt -0.043808 1.044345
vn -0.708198 0.629063 0.320524
f 1664/5729/5729 1663/5730/5730 1743/5731/5731 1744/5732/5732
vt -0.059441 1.047353
vn 0.708198 -0.671460 -0.218170
vt -0.055688 1.038292
vn 0.708198 -0.629063 -0.320524
vt -0.043808 1.044345
vn 0.708198 0.629063 0.320524
vt -0.046760 1.051473
vn 0.708198 0.671460 0.218170
f 1703/5733/5733 1704/5734/5734 1784/5735/5735 1783/5736/5736
vt -0.264583 1.038292
vn -0.708198 -0.629063 -0.320524
vt -0.264583 1.029930
vn -0.708198 -0.571178 -0.414985
vt -0.235417 1.029930
vn 0.708198 -0.571178 -0.414985
vt -0.235417 1.038292
vn 0.708198 -0.629063 -0.320524
f 1664/5737/5737 1665/5738/5738 1705/5739/5739 1704/5740/5740
vt -0.264583 1.037767
vn -0.708198 0.571178 0.414985
vt -0.264583 1.044345
vn -0.708198 0.629063 0.320524
vt -0.235417 1.044345
vn 0.708198 0.629063 0.320524
vt -0.235417 1.037767
vn 0.708198 0.571178 0.414985
f 1745/5741/5741 1744/5742/5742 1784/5743/5743 1785/5744/5744
vt -0.050564 1.029930
vn -0.708198 -0.571178 -0.414985
vt -0.055688 1.038292
vn -0.708198 -0.629063 -0.320524
vt -0.043808 1.044345
vn -0.708198 0.629063 0.320524
vt -0.039777 1.037767
vn -0.708198 0.571178 0.414985
f 1665/5745/5745 1664/5746/5746 1744/5747/5747 1745/5748/5748
vt -0.055688 1.038292
vn 0.708198 -0.629063 -0.320524
vt -0.050564 1.029930
vn 0.708198 -0.571178 -0.414985
vt -0.039777 1.037767
vn 0.708198 0.571178 0.414985
vt -0.043808 1.044345
vn 0.708198 0.629063 0.320524
f 1704/5749/5749 1705/5750/5750 1785/5751/5751 1784/5752/5752
vt -0.264583 1.029930
vn -0.708198 -0.571178 -0.414985
vt -0.264583 1.022472
vn -0.708198 -0.499228 -0.499228
vt -0.235417 1.022472
vn 0.708198 -0.499228 -0.499228
vt -0.235417 1.029930
vn 0.708198 -0.571178 -0.414985
f 1665/5753/5753 1666/5754/5754 1706/5755/5755 1705/5756/5756
vt -0.264583 1.031901
vn -0.708198 0.499228 0.499228
vt -0.264583 1.037767
vn -0.708198 0.571178 0.414985
vt -0.235417 1.037767
vn 0.708198 0.571178 0.414985
vt -0.235417 1.031901
vn 0.708198 0.499228 0.499228
f 1746/5757/5757 1745/5758/5758 1785/5759/5759 1786/5760/5760
vt -0.044194 1.022472
vn -0.708198 -0.499228 -0.499228
vt -0.050564 1.029930
vn -0.708198 -0.571178 -0.414985
vt -0.039777 1.037767
vn -0.708198 0.571178 0.414985
vt -0.034766 1.031901
vn -0.708198 0.499228 0.499228
f 1666/5761/5761 1665/5762/5762 1745/5763/5763 1746/5764/5764
vt -0.050564 1.029930
vn 0.708198 -0.571178 -0.414985
vt -0.044194 1.022472
vn 0.708198 -0.499228 -0.499228
vt -0.034766 1.031901
vn 0.708198 0.499228 0.499228
vt -0.039777 1.037767
vn 0.708198 0.571178 0.414985
f 1705/5765/5765 1706/5766/5766 1786/5767/5767 1785/5768/5768
vt -0.264583 -0.044194
vn -0.708198 -0.499228 -0.499228
vt -0.264583 -0.036737
vn -0.708198 -0.414985 -0.571178
vt -0.235417 -0.036737
vn 0.708198 -0.414985 -0.571178
vt -0.235417 -0.044194
vn 0.708198 -0.499228 -0.499228
f 1666/5769/5769 1667/5770/5770 1707/5771/5771 1706/5772/5772
vt -0.264583 -0.028899
vn -0.708198 0.414985 0.571178
vt -0.264583 -0.034766
vn -0.708198 0.499228 0.499228
vt -0.235417 -0.034766
vn 0.708198 0.499228 0.499228
vt -0.235417 -0.028899
vn 0.708198 0.414985 0.571178
f 1747/5773/5773 1746/5774/5774 1786/5775/5775 1787/5776/5776
vt -0.036737 1.016103
vn -0.708198 -0.414985 -0.571178
vt -0.044194 1.022472
vn -0.708198 -0.499228 -0.499228
vt -0.034766 1.031901
vn -0.708198 0.499228 0.499228
vt -0.028899 1.026890
vn -0.708198 0.414985 0.571178
f 1667/5777/5777 1666/5778/5778 1746/5779/5779 1747/5780/5780
vt -0.044194 1.022472
vn 0.708198 -0.499228 -0.499228
vt -0.036737 1.016103
vn 0.708198 -0.414985 -0.571178
vt -0.028899 1.026890
vn 0.708198 0.414985 0.571178
vt -0.034766 1.031901
vn 0.708198 0.499228 0.499228
f 1706/5781/5781 1707/5782/5782 1787/5783/5783 1786/5784/5784
vt -0.264583 -0.036737
vn -0.708198 -0.414985 -0.571178
vt -0.264583 -0.028374
vn -0.708198 -0.320524 -0.629063
vt -0.235417 -0.028374
vn 0.708198 -0.320524 -0.629063
vt -0.235417 -0.036737
vn 0.708198 -0.414985 -0.571178
f 1667/5785/5785 1668/5786/5786 1708/5787/5787 1707/5788/5788
vt -0.264583 -0.022321
vn -0.708198 0.320524 0.629063
vt -0.264583 -0.028899
vn -0.708198 0.414985 0.571178
vt -0.235417 -0.028899
vn 0.708198 0.414985 0.571178
vt -0.235417 -0.022321
vn 0.708198 0.320524 0.629063
f 1748/5789/5789 1747/5790/5790 1787/5791/5791 1788/5792/5792
vt -0.028374 1.010979
vn -0.708198 -0.320524 -0.629063
vt -0.036737 1.016103
vn -0.708198 -0.414985 -0.571178
vt -0.028899 1.026890
vn -0.708198 0.414985 0.571178
vt -0.022321 1.022859
vn -0.708198 0.320524 0.629063
f 1668/5793/5793 1667/5794/5794 1747/5795/5795 1748/5796/5796
vt -0.036737 1.016103
vn 0.708198 -0.414985 -0.571178
vt -0.028374 1.010979
vn 0.708198 -0.320524 -0.629063
vt -0.022321 1.022859
vn 0.708198 0.320524 0.629063
vt -0.028899 1.026890
vn 0.708198 0.414985 0.571178
f 1707/5797/5797 1708/5798/5798 1788/5799/5799 1787/5800/5800
vt -0.264583 -0.028374
vn -0.708198 -0.320524 -0.629063
vt -0.264583 -0.019314
vn -0.708198 -0.218170 -0.671460
vt -0.235417 -0.019314
vn 0.708198 -0.218170 -0.671460
vt -0.235417 -0.028374
vn 0.708198 -0.320524 -0.629063
f 1668/5801/5801 1669/5802/5802 1709/5803/5803 1708/5804/5804
vt -0.264583 -0.015193
vn -0.708198 0.218170 0.671460
vt -0.264583 -0.022321
vn -0.708198 0.320524 0.629063
vt -0.235417 -0.022321
vn 0.708198 0.320524 0.629063
vt -0.235417 -0.015193
vn 0.708198 0.218170 0.671460
f 1749/5805/5805 1748/5806/5806 1788/5807/5807 1789/5808/5808
vt -0.019314 1.007226
vn -0.708198 -0.218170 -0.671460
vt -0.028374 1.010979
vn -0.708198 -0.320524 -0.629063
vt -0.022321 1.022859
vn -0.708198 0.320524 0.629063
vt -0.015193 1.019906
vn -0.708198 0.218170 0.671460
f 1669/5809/5809 1668/5810/5810 1748/5811/5811 1749/5812/5812
vt -0.028374 1.010979
vn 0.708198 -0.320524 -0.629063
vt -0.019314 1.007226
vn 0.708198 -0.218170 -0.671460
vt -0.015193 1.019906
vn 0.708198 0.218170 0.671460
vt -0.022321 1.022859
vn 0.708198 0.320524 0.629063
f 1708/5813/5813 1709/5814/5814 1789/5815/5815 1788/5816/5816
vt -0.264583 -0.019314
vn -0.708198 -0.218170 -0.671460
vt -0.264583 -0.009777
vn -0.708198 -0.110445 -0.697322
vt -0.235417 -0.009777
vn 0.708198 -0.110445 -0.697322
vt -0.235417 -0.019314
vn 0.708198 -0.218170 -0.671460
f 1669/5817/5817 1670/5818/5818 1710/5819/5819 1709/5820/5820
vt -0.264583 -0.007691
vn -0.708198 0.110445 0.697322
vt -0.264583 -0.015193
vn -0.708198 0.218170 0.671460
vt -0.235417 -0.015193
vn 0.708198 0.218170 0.671460
vt -0.235417 -0.007691
vn 0.708198 0.110445 0.697322
f 1750/5821/5821 1749/5822/5822 1789/5823/5823 1790/5824/5824
vt -0.009777 1.004936
vn -0.708198 -0.110445 -0.697322
vt -0.019314 1.007226
vn -0.708198 -0.218170 -0.671460
vt -0.015193 1.019906
vn -0.708198 0.218170 0.671460
vt -0.007691 1.018105
vn -0.708198 0.110445 0.697322
f 1670/5825/5825 1669/5826/5826 1749/5827/5827 1750/5828/5828
vt -0.019314 1.007226
vn 0.708198 -0.218170 -0.671460
vt -0.009777 1.004936
vn 0.708198 -0.110445 -0.697322
vt -0.007691 1.018105
vn 0.708198 0.110445 0.697322
vt -0.015193 1.019906
vn 0.708198 0.218170 0.671460
f 1709/5829/5829 1710/5830/5830 1790/5831/5831 1789/5832/5832
vt -0.264583 -0.009777
vn -0.708198 -0.110445 -0.697322
vt -0.264583 -0.000000
vn -0.708198 0.000000 -0.706014
vt -0.235417 -0.000000
vn 0.708198 0.000000 -0.706014
vt -0.235417 -0.009777
vn 0.708198 -0.110445 -0.697322
f 1670/5833/5833 1671/5834/5834 1711/5835/5835 1710/5836/5836
vt -0.264583 -0.000000
vn -0.708198 0.000000 0.706014
vt -0.264583 -0.007691
vn -0.708198 0.110445 0.697322
vt -0.235417 -0.007691
vn 0.708198 0.110445 0.697322
vt -0.235417 -0.000000
vn 0.708198 0.000000 0.706014
f 1751/5837/5837 1750/5838/5838 1790/5839/5839 1791/5840/5840
vt -0.000000 1.004167
vn -0.708198 0.000000 -0.706014
vt -0.009777 1.004936
vn -0.708198 -0.110445 -0.697322
vt -0.007691 1.018105
vn -0.708198 0.110445 0.697322
vt -0.000000 1.017500
vn -0.708198 0.000000 0.706014
f 1671/5841/5841 1670/5842/5842 1750/5843/5843 1751/5844/5844
vt -0.009777 1.004936
vn 0.708198 -0.110445 -0.697322
vt -0.000000 1.004167
vn 0.708198 0.000000 -0.706014
vt -0.000000 1.017500
vn 0.708198 0.000000 0.706014
vt -0.007691 1.018105
vn 0.708198 0.110445 0.697322
f 1710/5845/5845 1711/5846/5846 1791/5847/5847 1790/5848/5848
vt -0.264583 -0.000000
vn -0.708198 0.000000 -0.706014
vt -0.264583 0.009777
vn -0.708198 0.110445 -0.697322
vt -0.235417 0.009777
vn 0.708198 0.110445 -0.697322
vt -0.235417 -0.000000
vn 0.708198 0.000000 -0.706014
f 1671/5849/5849 1672/5850/5850 1712/5851/5851 1711/5852/5852
vt -0.264583 0.007691
vn -0.708198 -0.110445 0.697322
vt -0.264583 -0.000000
vn -0.708198 0.000000 0.706014
vt -0.235417 -0.000000
vn 0.708198 0.000000 0.706014
vt -0.235417 0.007691
vn 0.708198 -0.110445 0.697322
f 1752/5853/5853 1751/5854/5854 1791/5855/5855 1792/5856/5856
vt 0.009777 1.004936
vn -0.708198 0.110445 -0.697322
vt -0.000000 1.004167
vn -0.708198 0.000000 -0.706014
vt -0.000000 1.017500
vn -0.708198 0.000000 0.706014
vt 0.007691 1.018105
vn -0.708198 -0.110445 0.697322
f 1672/5857/5857 1671/5858/5858 1751/5859/5859 1752/5860/5860
vt -0.000000 1.004167
vn 0.708198 0.000000 -0.706014
vt 0.009777 1.004936
vn 0.708198 0.110445 -0.697322
vt 0.007691 1.018105
vn 0.708198 -0.110445 0.697322
vt -0.000000 1.017500
vn 0.708198 0.000000 0.706014
f 1711/5861/5861 1712/5862/5862 1792/5863/5863 1791/5864/5864
vt -0.264583 0.009777
vn -0.708198 0.110445 -0.697322
vt -0.264583 0.019314
vn -0.708198 0.218170 -0.671460
vt -0.235417 0.019314
vn 0.708198 0.218170 -0.671460
vt -0.235417 0.009777
vn 0.708198 0.110445 -0.697322
f 1672/5865/5865 1673/5866/5866 1713/5867/5867 1712/5868/5868
vt -0.264583 0.015193
vn -0.708198 -0.218170 0.671460
vt -0.264583 0.007691
vn -0.708198 -0.110445 0.697322
vt -0.235417 0.007691
vn 0.708198 -0.110445 0.697322
vt -0.235417 0.015193
vn 0.708198 -0.218170 0.671460
f 1753/5869/5869 1752/5870/5870 1792/5871/5871 1793/5872/5872
vt 0.019314 1.007226
vn -0.708198 0.218170 -0.671460
vt 0.009777 1.004936
vn -0.708198 0.110445 -0.697322
vt 0.007691 1.018105
vn -0.708198 -0.110445 0.697322
vt 0.015193 1.019906
vn -0.708198 -0.218170 0.671460
f 1673/5873/5873 1672/5874/5874 1752/5875/5875 1753/5876/5876
vt 0.009777 1.004936
vn 0.708198 0.110445 -0.697322
vt 0.019314 1.007226
vn 0.708198 0.218170 -0.671460
vt 0.015193 1.019906
vn 0.708198 -0.218170 0.671460
vt 0.007691 1.018105
vn 0.708198 -0.110445 0.697322
f 1712/5877/5877 1713/5878/5878 1793/5879/5879 1792/5880/5880
vt -0.264583 0.019314
vn -0.708198 0.218170 -0.671460
vt -0.264583 0.028374
vn -0.708198 0.320524 -0.629063
vt -0.235417 0.028374
vn 0.708198 0.320524 -0.629063
vt -0.235417 0.019314
vn 0.708198 0.218170 -0.671460
f 1673/5881/5881 1674/5882/5882 1714/5883/5883 1713/5884/5884
vt -0.264583 0.022321
vn -0.708198 -0.320524 0.629063
vt -0.264583 0.015193
vn -0.708198 -0.218170 0.671460
vt -0.235417 0.015193
vn 0.708198 -0.218170 0.671460
vt -0.235417 0.022321
vn 0.708198 -0.320524 0.629063
f 1754/5885/5885 1753/5886/5886 1793/5887/5887 1794/5888/5888
vt 0.028374 1.010979
vn -0.708198 0.320524 -0.629063
vt 0.019314 1.007226
vn -0.708198 0.218170 -0.671460
vt 0.015193 1.019906
vn -0.708198 -0.218170 0.671460
vt 0.022321 1.022859
vn -0.708198 -0.320524 0.629063
f 1674/5889/5889 1673/5890/5890 1753/5891/5891 1754/5892/5892
vt 0.019314 1.007226
vn 0.708198 0.218170 -0.671460
vt 0.028374 1.010979
vn 0.708198 0.320524 -0.629063
vt 0.022321 1.022859
vn 0.708198 -0.320524 0.629063
vt 0.015193 1.019906
vn 0.708198 -0.218170 0.671460
f 1713/5893/5893 1714/5894/5894 1794/5895/5895 1793/5896/5896
vt -0.264583 0.028374
vn -0.708198 0.320524 -0.629063
vt -0.264583 0.036737
vn -0.708198 0.414985 -0.571178
vt -0.235417 0.036737
vn 0.708198 0.414985 -0.571178
vt -0.235417 0.028374
vn 0.708198 0.320524 -0.629063
f 1674/5897/5897 1675/5898/5898 1715/5899/5899 1714/5900/5900
vt -0.264583 0.028899
vn -0.708198 -0.414985 0.571178
vt -0.264583 0.022321
vn -0.708198 -0.320524 0.629063
vt -0.235417 0.022321
vn 0.708198 -0.320524 0.629063
vt -0.235417 0.028899
vn 0.708198 -0.414985 0.571178
f 1755/5901/5901 1754/5902/5902 1794/5903/5903 1795/5904/5904
vt 0.036737 1.016103
vn -0.708198 0.414985 -0.571178
vt 0.028374 1.010979
vn -0.708198 0.320524 -0.629063
vt 0.022321 1.022859
vn -0.708198 -0.320524 0.629063
vt 0.028899 1.026890
vn -0.708198 -0.414985 0.571178
f 1675/5905/5905 1674/5906/5906 1754/5907/5907 1755/5908/5908
vt 0.028374 1.010979
vn 0.708198 0.320524 -0.629063
vt 0.036737 1.016103
vn 0.708198 0.414985 -0.571178
vt 0.028899 1.026890
vn 0.708198 -0.414985 0.571178
vt 0.022321 1.022859
vn 0.708198 -0.320524 0.629063
f 1714/5909/5909 1715/5910/5910 1795/5911/5911 1794/5912/5912
vt -0.264583 0.036737
vn -0.708198 0.414985 -0.571178
vt -0.264583 0.044194
vn -0.708198 0.499228 -0.499228
vt -0.235417 0.044194
vn 0.708198 0.499228 -0.499228
vt -0.235417 0.036737
vn 0.708198 0.414985 -0.571178
f 1675/5913/5913 1676/5914/5914 1716/5915/5915 1715/5916/5916
vt -0.264583 0.034766
vn -0.708198 -0.499228 0.499228
vt -0.264583 0.028899
vn -0.708198 -0.414985 0.571178
vt -0.235417 0.028899
vn 0.708198 -0.414985 0.571178
vt -0.235417 0.034766
vn 0.708198 -0.499228 0.499228
f 1756/5917/5917 1755/5918/5918 1795/5919/5919 1796/5920/5920
vt 0.044194 1.022472
vn -0.708198 0.499228 -0.499228
vt 0.036737 1.016103
vn -0.708198 0.414985 -0.571178
vt 0.028899 1.026890
vn -0.708198 -0.414985 0.571178
vt 0.034766 1.031901
vn -0.708198 -0.499228 0.499228
f 1676/5921/5921 1675/5922/5922 1755/5923/5923 1756/5924/5924
vt 0.036737 1.016103
vn 0.708198 0.414985 -0.571178
vt 0.044194 1.022472
vn 0.708198 0.499228 -0.499228
vt 0.034766 1.031901
vn 0.708198 -0.499228 0.499228
vt 0.028899 1.026890
vn 0.708198 -0.414985 0.571178
f 1715/5925/5925 1716/5926/5926 1796/5927/5927 1795/5928/5928
vt -0.264583 1.022472
vn -0.708198 0.499228 -0.499228
vt -0.264583 1.029930
vn -0.708198 0.571178 -0.414985
vt -0.235417 1.029930
vn 0.708198 0.571178 -0.414985
vt -0.235417 1.022472
vn 0.708198 0.499228 -0.499228
f 1676/5929/5929 1677/5930/5930 1717/5931/5931 1716/5932/5932
vt -0.264583 1.037767
vn -0.708198 -0.571178 0.414985
vt -0.264583 1.031901
vn -0.708198 -0.499228 0.499228
vt -0.235417 1.031901
vn 0.708198 -0.499228 0.499228
vt -0.235417 1.037767
vn 0.708198 -0.571178 0.414985
f 1757/5933/5933 1756/5934/5934 1796/5935/5935 1797/5936/5936
vt 0.050564 1.029930
vn -0.708198 0.571178 -0.414985
vt 0.044194 1.022472
vn -0.708198 0.499228 -0.499228
vt 0.034766 1.031901
vn -0.708198 -0.499228 0.499228
vt 0.039777 1.037767
vn -0.708198 -0.571178 0.414985
f 1677/5937/5937 1676/5938/5938 1756/5939/5939 1757/5940/5940
vt 0.044194 1.022472
vn 0.708198 0.499228 -0.499228
vt 0.050564 1.029930
vn 0.708198 0.571178 -0.414985
vt 0.039777 1.037767
vn 0.708198 -0.571178 0.414985
vt 0.034766 1.031901
vn 0.708198 -0.499228 0.499228
f 1716/5941/5941 1717/5942/5942 1797/5943/5943 1796/5944/5944
vt -0.264583 1.029930
vn -0.708198 0.571178 -0.414985
vt -0.264583 1.038292
vn -0.708198 0.629063 -0.320524
vt -0.235417 1.038292
vn 0.708198 0.629063 -0.320524
vt -0.235417 1.029930
vn 0.708198 0.571178 -0.414985
f 1677/5945/5945 1678/5946/5946 1718/5947/5947 1717/5948/5948
vt -0.264583 1.044345
vn -0.708198 -0.629063 0.320524
vt -0.264583 1.037767
vn -0.708198 -0.571178 0.414985
vt -0.235417 1.037767
vn 0.708198 -0.571178 0.414985
vt -0.235417 1.044345
vn 0.708198 -0.629063 0.320524
f 1758/5949/5949 1757/5950/5950 1797/5951/5951 1798/5952/5952
vt 0.055688 1.038292
vn -0.708198 0.629063 -0.320524
vt 0.050564 1.029930
vn -0.708198 0.571178 -0.414985
vt 0.039777 1.037767
vn -0.708198 -0.571178 0.414985
vt 0.043808 1.044345
vn -0.708198 -0.629063 0.320524
f 1678/5953/5953 1677/5954/5954 1757/5955/5955 1758/5956/5956
vt 0.050564 1.029930
vn 0.708198 0.571178 -0.414985
vt 0.055688 1.038292
vn 0.708198 0.629063 -0.320524
vt 0.043808 1.044345
vn 0.708198 -0.629063 0.320524
vt 0.039777 1.037767
vn 0.708198 -0.571178 0.414985
f 1717/5957/5957 1718/5958/5958 1798/5959/5959 1797/5960/5960
vt -0.264583 1.038292
vn -0.708198 0.629063 -0.320524
vt -0.264583 1.047353
vn -0.708198 0.671460 -0.218170
vt -0.235417 1.047353
vn 0.708198 0.671460 -0.218170
vt -0.235417 1.038292
vn 0.708198 0.629063 -0.320524
f 1678/5961/5961 1679/5962/5962 1719/5963/5963 1718/5964/5964
vt -0.264583 1.051473
vn -0.708198 -0.671460 0.218170
vt -0.264583 1.044345
vn -0.708198 -0.629063 0.320524
vt -0.235417 1.044345
vn 0.708198 -0.629063 0.320524
vt -0.235417 1.051473
vn 0.708198 -0.671460 0.218170
f 1759/5965/5965 1758/5966/5966 1798/5967/5967 1799/5968/5968
vt 0.059441 1.047353
vn -0.708198 0.671460 -0.218170
vt 0.055688 1.038292
vn -0.708198 0.629063 -0.320524
vt 0.043808 1.044345
vn -0.708198 -0.629063 0.320524
vt 0.046760 1.051473
vn -0.708198 -0.671460 0.218170
f 1679/5969/5969 1678/5970/5970 1758/5971/5971 1759/5972/5972
vt 0.055688 1.038292
vn 0.708198 0.629063 -0.320524
vt 0.059441 1.047353
vn 0.708198 0.671460 -0.218170
vt 0.046760 1.051473
vn 0.708198 -0.671460 0.218170
vt 0.043808 1.044345
vn 0.708198 -0.629063 0.320524
f 1718/5973/5973 1719/5974/5974 1799/5975/5975 1798/5976/5976
vt -0.264583 1.047353
vn -0.708198 0.671460 -0.218170
vt -0.264583 1.056890
vn -0.708198 0.697322 -0.110445
vt -0.235417 1.056890
vn 0.708198 0.697322 -0.110445
vt -0.235417 1.047353
vn 0.708198 0.671460 -0.218170
f 1679/5977/5977 1680/5978/5978 1720/5979/5979 1719/5980/5980
vt -0.264583 1.058975
vn -0.708198 -0.697322 0.110445
vt -0.264583 1.051473
vn -0.708198 -0.671460 0.218170
vt -0.235417 1.051473
vn 0.708198 -0.671460 0.218170
vt -0.235417 1.058975
vn 0.708198 -0.697322 0.110445
f 1760/5981/5981 1759/5982/5982 1799/5983/5983 1800/5984/5984
vt 0.061731 1.056890
vn -0.708198 0.697322 -0.110445
vt 0.059441 1.047353
vn -0.708198 0.671460 -0.218170
vt 0.046760 1.051473
vn -0.708198 -0.671460 0.218170
vt 0.048561 1.058975
vn -0.708198 -0.697322 0.110445
f 1680/5985/5985 1679/5986/5986 1759/5987/5987 1760/5988/5988
vt 0.059441 1.047353
vn 0.708198 0.671460 -0.218170
vt 0.061731 1.056890
vn 0.708198 0.697322 -0.110445
vt 0.048561 1.058975
vn 0.708198 -0.697322 0.110445
vt 0.046760 1.051473
vn 0.708198 -0.671460 0.218170
f 1719/5989/5989 1720/5990/5990 1800/5991/5991 1799/5992/5992
vt -0.264583 1.056890
vn -0.708198 0.697322 -0.110445
vt -0.264583 1.066667
vn -0.894427 0.445835 -0.035088
vt -0.235417 1.066667
vn 0.894427 0.445835 -0.035088
vt -0.235417 1.056890
vn 0.708198 0.697322 -0.110445
f 1680/5993/5993 1641/5994/5994 1681/5995/5995 1720/5996/5996
vt -0.264583 1.066667
vn -0.894427 -0.445835 0.035088
vt -0.264583 1.058975
vn -0.708198 -0.697322 0.110445
vt -0.235417 1.058975
vn 0.708198 -0.697322 0.110445
vt -0.235417 1.066667
vn 0.894427 -0.445835 0.035088
f 1721/5997/5997 1760/5998/5998 1800/5999/5999 1761/6000/6000
vt 0.062500 1.066667
vn -0.894427 0.445835 -0.035088
vt 0.061731 1.056890
vn -0.708198 0.697322 -0.110445
vt 0.048561 1.058975
vn -0.708198 -0.697322 0.110445
vt 0.049167 1.066667
vn -0.894427 -0.445835 0.035088
f 1641/6001/6001 1680/6002/6002 1760/6003/6003 1721/6004/6004
vt 0.061731 1.056890
vn 0.708198 0.697322 -0.110445
vt 0.062500 1.066667
vn 0.894427 0.445835 -0.035088
vt 0.049167 1.066667
vn 0.894427 -0.445835 0.035088
vt 0.048561 1.058975
vn 0.708198 -0.697322 0.110445
f 1720/6005/6005 1681/6006/6006 1761/6007/6007 1800/6008/6008
v 27.424367 -1.000000 8.253913
v 27.501118 -1.000000 8.177162
v 28.498882 -1.000000 8.177162
v 28.575633 -1.000000 8.253913
v 28.575633 -1.000000 11.746087
v 28.498882 -1.000000 11.822838
v 27.501118 -1.000000 11.822838
v 27.424367 -1.000000 11.746087
v 27.400000 -0.920000 8.180000
v 27.480000 -0.920000 8.100000
v 28.520000 -0.920000 8.100000
v 28.600000 -0.920000 8.180000
v 28.600000 -0.920000 11.820000
v 28.520000 -0.920000 11.900000
v 27.480000 -0.920000 11.900000
v 27.400000 -0.920000 11.820000
v 27.400000 0.920000 8.180000
v 27.480000 0.920000 8.100000
v 28.520000 0.920000 8.100000
v 28.600000 0.920000 8.180000
v 28.600000 0.920000 11.820000
v 28.520000 0.920000 11.900000
v 27.480000 0.920000 11.900000
v 27.400000 0.920000 11.820000
v 27.424367 1.000000 8.253913
v 27.501118 1.000000 8.177162
v 28.498882 1.000000 8.177162
v 28.575633 1.000000 8.253913
v 28.575633 1.000000 11.746087
v 28.498882 1.000000 11.822838
v 27.501118 1.000000 11.822838
v 27.424367 1.000000 11.746087
vt 2.285364 0.687826
vn 0.000000 -1.000000 0.000000
vt 2.291760 0.681430
vn 0.000000 -1.000000 0.000000
vt 2.374907 0.681430
vn 0.000000 -1.000000 0.000000
vt 2.381303 0.687826
vn 0.000000 -1.000000 0.000000
vt 2.381303 0.978841
vn 0.000000 -1.000000 0.000000
vt 2.374907 0.985236
vn 0.000000 -1.000000 0.000000
vt 2.291760 0.985236
vn 0.000000 -1.000000 0.000000
vt 2.285364 0.978841
vn 0.000000 -1.000000 0.000000
f 1801/6009/6009 1802/6010/6010 1803/6011/6011 1804/6012/6012 1805/6013/6013 1806/6014/6014 1807/6015/6015 1808/6016/6016
vt 2.285364 0.978841
vn 0.000000 1.000000 0.000000
vt 2.291760 0.985236
vn 0.000000 1.000000 0.000000
vt 2.374907 0.985236
vn 0.000000 1.000000 0.000000
vt 2.381303 0.978841
vn 0.000000 1.000000 0.000000
vt 2.381303 0.687826
vn 0.000000 1.000000 0.000000
vt 2.374907 0.681430
vn 0.000000 1.000000 0.000000
vt 2.291760 0.681430
vn 0.000000 1.000000 0.000000
vt 2.285364 0.687826
vn 0.000000 1.000000 0.000000
f 1832/6017/6017 1831/6018/6018 1830/6019/6019 1829/6020/6020 1828/6021/6021 1827/6022/6022 1826/6023/6023 1825/6024/6024
vt 2.283333 0.681667
vn -0.533819 -0.655800 -0.533819
vt 2.290000 0.675000
vn -0.533819 -0.655800 -0.533819
vt 2.291760 0.681430
vn -0.533819 -0.655800 -0.533819
vt 2.285364 0.687826
vn -0.533819 -0.655800 -0.533819
f 1809/6025/6025 1810/6026/6026 1802/6027/6027 1801/6028/6028
vt 2.290000 -0.076667
vn 0.000000 -0.694226 -0.719757
vt 2.376667 -0.076667
vn 0.000000 -0.694226 -0.719757
vt 2.374907 -0.083333
vn 0.000000 -0.694226 -0.719757
vt 2.291760 -0.083333
vn 0.000000 -0.694226 -0.719757
f 1810/6029/6029 1811/6030/6030 1803/6031/6031 1802/6032/6032
vt 2.376667 0.675000
vn 0.533819 -0.655800 -0.533819
vt 2.383333 0.681667
vn 0.533819 -0.655800 -0.533819
vt 2.381303 0.687826
vn 0.533819 -0.655800 -0.533819
vt 2.374907 0.681430
vn 0.533819 -0.655800 -0.533819
f 1811/6033/6033 1812/6034/6034 1804/6035/6035 1803/6036/6036
vt -0.076667 0.681667
vn 0.956610 -0.291372 0.000000
vt -0.076667 0.985000
vn 0.956610 -0.291372 0.000000
vt -0.083333 0.978841
vn 0.956610 -0.291372 0.000000
vt -0.083333 0.687826
vn 0.956610 -0.291372 0.000000
f 1812/6037/6037 1813/6038/6038 1805/6039/6039 1804/6040/6040
vt 2.383333 0.985000
vn 0.533819 -0.655800 0.533819
vt 2.376667 0.991667
vn 0.533819 -0.655800 0.533819
vt 2.374907 0.985236
vn 0.533819 -0.655800 0.533819
vt 2.381303 0.978841
vn 0.533819 -0.655800 0.533819
f 1813/6041/6041 1814/6042/6042 1806/6043/6043 1805/6044/6044
vt 2.376667 -0.076667
vn 0.000000 -0.694226 0.719757
vt 2.290000 -0.076667
vn 0.000000 -0.694226 0.719757
vt 2.291760 -0.083333
vn 0.000000 -0.694226 0.719757
vt 2.374907 -0.083333
vn 0.000000 -0.694226 0.719757
f 1814/6045/6045 1815/6046/6046 1807/6047/6047 1806/6048/6048
vt 2.290000 0.991667
vn -0.533819 -0.655800 0.533819
vt 2.283333 0.985000
vn -0.533819 -0.655800 0.533819
vt 2.285364 0.978841
vn -0.533819 -0.655800 0.533819
vt 2.291760 0.985236
vn -0.533819 -0.655800 0.533819
f 1815/6049/6049 1816/6050/6050 1808/6051/6051 1807/6052/6052
vt -0.076667 0.985000
vn -0.956610 -0.291372 -0.000000
vt -0.076667 0.681667
vn -0.956610 -0.291372 -0.000000
vt -0.083333 0.687826
vn -0.956610 -0.291372 -0.000000
vt -0.083333 0.978841
vn -0.956610 -0.291372 -0.000000
f 1816/6053/6053 1809/6054/6054 1801/6055/6055 1808/6056/6056
vt 0.076667 0.681667
vn -0.707107 0.000000 -0.707107
vt 0.076667 0.675000
vn -0.707107 0.000000 -0.707107
vt -0.076667 0.675000
vn -0.707107 0.000000 -0.707107
vt -0.076667 0.681667
vn -0.707107 0.000000 -0.707107
f 1817/6057/6057 1818/6058/6058 1810/6059/6059 1809/6060/6060
vt 2.290000 0.076667
vn 0.000000 0.000000 -1.000000
vt 2.376667 0.076667
vn 0.000000 0.000000 -1.000000
vt 2.376667 -0.076667
vn 0.000000 0.000000 -1.000000
vt 2.290000 -0.076667
vn 0.000000 0.000000 -1.000000
f 1818/6061/6061 1819/6062/6062 1811/6063/6063 1810/6064/6064
vt 0.076667 0.675000
vn 0.707107 0.000000 -0.707107
vt 0.076667 0.681667
vn 0.707107 0.000000 -0.707107
vt -0.076667 0.681667
vn 0.707107 0.000000 -0.707107
vt -0.076667 0.675000
vn 0.707107 0.000000 -0.707107
f 1819/6065/6065 1820/6066/6066 1812/6067/6067 1811/6068/6068
vt 0.076667 0.681667
vn 1.000000 0.000000 -0.000000
vt 0.076667 0.985000
vn 1.000000 0.000000 -0.000000
vt -0.076667 0.985000
vn 1.000000 0.000000 -0.000000
vt -0.076667 0.681667
vn 1.000000 0.000000 -0.000000
f 1820/6069/6069 1821/6070/6070 1813/6071/6071 1812/6072/6072
vt 0.076667 0.985000
vn 0.707107 0.000000 0.707107
vt 0.076667 0.991667
vn 0.707107 0.000000 0.707107
vt -0.076667 0.991667
vn 0.707107 0.000000 0.707107
vt -0.076667 0.985000
vn 0.707107 0.000000 0.707107
f 1821/6073/6073 1822/6074/6074 1814/6075/6075 1813/6076/6076
vt 2.376667 0.076667
vn 0.000000 0.000000 1.000000
vt 2.290000 0.076667
vn 0.000000 0.000000 1.000000
vt 2.290000 -0.076667
vn 0.000000 0.000000 1.000000
vt 2.376667 -0.076667
vn 0.000000 0.000000 1.000000
f 1822/6077/6077 1823/6078/6078 1815/6079/6079 1814/6080/6080
vt 0.076667 0.991667
vn -0.707107 0.000000 0.707107
vt 0.076667 0.985000
vn -0.707107 0.000000 0.707107
vt -0.076667 0.985000
vn -0.707107 0.000000 0.707107
vt -0.076667 0.991667
vn -0.707107 0.000000 0.707107
f 1823/6081/6081 1824/6082/6082 1816/6083/6083 1815/6084/6084
vt 0.076667 0.985000
vn -1.000000 0.000000 -0.000000
vt 0.076667 0.681667
vn -1.000000 0.000000 -0.000000
vt -0.076667 0.681667
vn -1.000000 0.000000 -0.000000
vt -0.076667 0.985000
vn -1.000000 0.000000 -0.000000
f 1824/6085/6085 1817/6086/6086 1809/6087/6087 1816/6088/6088
vt 2.285364 0.687826
vn -0.533819 0.655800 -0.533819
vt 2.291760 0.681430
vn -0.533819 0.655800 -0.533819
vt 2.290000 0.675000
vn -0.533819 0.655800 -0.533819
vt 2.283333 0.681667
vn -0.533819 0.655800 -0.533819
f 1825/6089/6089 1826/6090/6090 1818/6091/6091 1817/6092/6092
vt 2.291760 0.083333
vn 0.000000 0.694226 -0.719757
vt 2.374907 0.083333
vn 0.000000 0.694226 -0.719757
vt 2.376667 0.076667
vn 0.000000 0.694226 -0.719757
vt 2.290000 0.076667
vn 0.000000 0.694226 -0.719757
f 1826/6093/6093 1827/6094/6094 1819/6095/6095 1818/6096/6096
vt 2.374907 0.681430
vn 0.533819 0.655800 -0.533819
vt 2.381303 0.687826
vn 0.533819 0.655800 -0.533819
vt 2.383333 0.681667
vn 0.533819 0.655800 -0.533819
vt 2.376667 0.675000
vn 0.533819 0.655800 -0.533819
f 1827/6097/6097 1828/6098/6098 1820/6099/6099 1819/6100/6100
vt 0.083333 0.687826
vn 0.956610 0.291372 -0.000000
vt 0.083333 0.978841
vn 0.956610 0.291372 -0.000000
vt 0.076667 0.985000
vn 0.956610 0.291372 -0.000000
vt 0.076667 0.681667
vn 0.956610 0.291372 -0.000000
f 1828/6101/6101 1829/6102/6102 1821/6103/6103 1820/6104/6104
vt 2.381303 0.978841
vn 0.533819 0.655800 0.533819
vt 2.374907 0.985236
vn 0.533819 0.655800 0.533819
vt 2.376667 0.991667
vn 0.533819 0.655800 0.533819
vt 2.383333 0.985000
vn 0.533819 0.655800 0.533819
f 1829/6105/6105 1830/6106/6106 1822/6107/6107 1821/6108/6108
vt 2.374907 0.083333
vn 0.000000 0.694226 0.719757
vt 2.291760 0.083333
vn 0.000000 0.694226 0.719757
vt 2.290000 0.076667
vn 0.000000 0.694226 0.719757
vt 2.376667 0.076667
vn 0.000000 0.694226 0.719757
f 1830/6109/6109 1831/6110/6110 1823/6111/6111 1822/6112/6112
vt 2.291760 0.985236
vn -0.533819 0.655800 0.533819
vt 2.285364 0.978841
vn -0.533819 0.655800 0.533819
vt 2.283333 0.985000
vn -0.533819 0.655800 0.533819
vt 2.290000 0.991667
vn -0.533819 0.655800 0.533819
f 1831/6113/6113 1832/6114/6114 1824/6115/6115 1823/6116/6116
vt 0.083333 0.978841
vn -0.956610 0.291372 0.000000
vt 0.083333 0.687826
vn -0.956610 0.291372 0.000000
vt 0.076667 0.681667
vn -0.956610 0.291372 0.000000
vt 0.076667 0.985000
vn -0.956610 0.291372 0.000000
f 1832/6117/6117 1825/6118/6118 1817/6119/6119 1824/6120/6120
v 27.762500 -0.100000 12.341250
v 27.786250 -0.100000 12.317500
v 28.213750 -0.100000 12.317500
v 28.237500 -0.100000 12.341250
v 28.237500 -0.100000 12.958750
v 28.213750 -0.100000 12.982500
v 27.786250 -0.100000 12.982500
v 27.762500 -0.100000 12.958750
v 27.750000 -0.075000 12.325000
v 27.775000 -0.075000 12.300000
v 28.225000 -0.075000 12.300000
v 28.250000 -0.075000 12.325000
v 28.250000 -0.075000 12.975000
v 28.225000 -0.075000 13.000000
v 27.775000 -0.075000 13.000000
v 27.750000 -0.075000 12.975000
v 27.750000 0.075000 12.325000
v 27.775000 0.075000 12.300000
v 28.225000 0.075000 12.300000
v 28.250000 0.075000 12.325000
v 28.250000 0.075000 12.975000
v 28.225000 0.075000 13.000000
v 27.775000 0.075000 13.000000
v 27.750000 0.075000 12.975000
v 27.762500 0.100000 12.341250
v 27.786250 0.100000 12.317500
v 28.213750 0.100000 12.317500
v 28.237500 0.100000 12.341250
v 28.237500 0.100000 12.958750
v 28.213750 0.100000 12.982500
v 27.786250 0.100000 12.982500
v 27.762500 0.100000 12.958750
vt 2.313542 1.028438
vn 0.000000 -1.000000 0.000000
vt 2.315521 1.026458
vn 0.000000 -1.000000 0.000000
vt 2.351146 1.026458
vn 0.000000 -1.000000 0.000000
vt 2.353125 1.028438
vn 0.000000 -1.000000 0.000000
vt 2.353125 1.079896
vn 0.000000 -1.000000 0.000000
vt 2.351146 1.081875
vn 0.000000 -1.000000 0.000000
vt 2.315521 1.081875
vn 0.000000 -1.000000 0.000000
vt 2.313542 1.079896
vn 0.000000 -1.000000 0.000000
f 1833/6121/6121 1834/6122/6122 1835/6123/6123 1836/6124/6124 1837/6125/6125 1838/6126/6126 1839/6127/6127 1840/6128/6128
vt 2.313542 1.079896
vn 0.000000 1.000000 0.000000
vt 2.315521 1.081875
vn 0.000000 1.000000 0.000000
vt 2.351146 1.081875
vn 0.000000 1.000000 0.000000
vt 2.353125 1.079896
vn 0.000000 1.000000 0.000000
vt 2.353125 1.028438
vn 0.000000 1.000000 0.000000
vt 2.351146 1.026458
vn 0.000000 1.000000 0.000000
vt 2.315521 1.026458
vn 0.000000 1.000000 0.000000
vt 2.313542 1.028438
vn 0.000000 1.000000 0.000000
f 1864/6129/6129 1863/6130/6130 1862/6131/6131 1861/6132/6132 1860/6133/6133 1859/6134/6134 1858/6135/6135 1857/6136/6136
vt 2.312500 1.027083
vn -0.548615 -0.630907 -0.548615
vt 2.314583 1.025000
vn -0.548615 -0.630907 -0.548615
vt 2.315521 1.026458
vn -0.548615 -0.630907 -0.548615
vt 2.313542 1.028438
vn -0.548615 -0.630907 -0.548615
f 1841/6137/6137 1842/6138/6138 1834/6139/6139 1833/6140/6140
vt 2.314583 -0.006250
vn 0.000000 -0.573462 -0.819232
vt 2.352083 -0.006250
vn 0.000000 -0.573462 -0.819232
vt 2.351146 -0.008333
vn 0.000000 -0.573462 -0.819232
vt 2.315521 -0.008333
vn 0.000000 -0.573462 -0.819232
f 1842/6141/6141 1843/6142/6142 1835/6143/6143 1834/6144/6144
vt 2.352083 1.025000
vn 0.548615 -0.630907 -0.548615
vt 2.354167 1.027083
vn 0.548615 -0.630907 -0.548615
vt 2.353125 1.028438
vn 0.548615 -0.630907 -0.548615
vt 2.351146 1.026458
vn 0.548615 -0.630907 -0.548615
f 1843/6145/6145 1844/6146/6146 1836/6147/6147 1835/6148/6148
vt -0.006250 1.027083
vn 0.894427 -0.447214 0.000000
vt -0.006250 1.081250
vn 0.894427 -0.447214 0.000000
vt -0.008333 1.079896
vn 0.894427 -0.447214 0.000000
vt -0.008333 1.028438
vn 0.894427 -0.447214 0.000000
f 1844/6149/6149 1845/6150/6150 1837/6151/6151 1836/6152/6152
vt 2.354167 1.081250
vn 0.548615 -0.630907 0.548615
vt 2.352083 1.083333
vn 0.548615 -0.630907 0.548615
vt 2.351146 1.081875
vn 0.548615 -0.630907 0.548615
vt 2.353125 1.079896
vn 0.548615 -0.630907 0.548615
f 1845/6153/6153 1846/6154/6154 1838/6155/6155 1837/6156/6156
vt 2.352083 -0.006250
vn 0.000000 -0.573462 0.819232
vt 2.314583 -0.006250
vn 0.000000 -0.573462 0.819232
vt 2.315521 -0.008333
vn 0.000000 -0.573462 0.819232
vt 2.351146 -0.008333
vn 0.000000 -0.573462 0.819232
f 1846/6157/6157 1847/6158/6158 1839/6159/6159 1838/6160/6160
vt 2.314583 1.083333
vn -0.548615 -0.630907 0.548615
vt 2.312500 1.081250
vn -0.548615 -0.630907 0.548615
vt 2.313542 1.079896
vn -0.548615 -0.630907 0.548615
vt 2.315521 1.081875
vn -0.548615 -0.630907 0.548615
f 1847/6161/6161 1848/6162/6162 1840/6163/6163 1839/6164/6164
vt -0.006250 1.081250
vn -0.894427 -0.447214 -0.000000
vt -0.006250 1.027083
vn -0.894427 -0.447214 -0.000000
vt -0.008333 1.028438
vn -0.894427 -0.447214 -0.000000
vt -0.008333 1.079896
vn -0.894427 -0.447214 -0.000000
f 1848/6165/6165 1841/6166/6166 1833/6167/6167 1840/6168/6168
vt 0.006250 1.027083
vn -0.707107 0.000000 -0.707107
vt 0.006250 1.025000
vn -0.707107 0.000000 -0.707107
vt -0.006250 1.025000
vn -0.707107 0.000000 -0.707107
vt -0.006250 1.027083
vn -0.707107 0.000000 -0.707107
f 1849/6169/6169 1850/6170/6170 1842/6171/6171 1841/6172/6172
vt 2.314583 0.006250
vn 0.000000 0.000000 -1.000000
vt 2.352083 0.006250
vn 0.000000 0.000000 -1.000000
vt 2.352083 -0.006250
vn 0.000000 0.000000 -1.000000
vt 2.314583 -0.006250
vn 0.000000 0.000000 -1.000000
f 1850/6173/6173 1851/6174/6174 1843/6175/6175 1842/6176/6176
vt 0.006250 1.025000
vn 0.707107 0.000000 -0.707107
vt 0.006250 1.027083
vn 0.707107 0.000000 -0.707107
vt -0.006250 1.027083
vn 0.707107 0.000000 -0.707107
vt -0.006250 1.025000
vn 0.707107 0.000000 -0.707107
f 1851/6177/6177 1852/6178/6178 1844/6179/6179 1843/6180/6180
vt 0.006250 1.027083
vn 1.000000 0.000000 -0.000000
vt 0.006250 1.081250
vn 1.000000 0.000000 -0.000000
vt -0.006250 1.081250
vn 1.000000 0.000000 -0.000000
vt -0.006250 1.027083
vn 1.000000 0.000000 -0.000000
f 1852/6181/6181 1853/6182/6182 1845/6183/6183 1844/6184/6184
vt 0.006250 1.081250
vn 0.707107 0.000000 0.707107
vt 0.006250 1.083333
vn 0.707107 0.000000 0.707107
vt -0.006250 1.083333
vn 0.707107 0.000000 0.707107
vt -0.006250 1.081250
vn 0.707107 0.000000 0.707107
f 1853/6185/6185 1854/6186/6186 1846/6187/6187 1845/6188/6188
vt 2.352083 0.006250
vn 0.000000 0.000000 1.000000
vt 2.314583 0.006250
vn 0.000000 0.000000 1.000000
vt 2.314583 -0.006250
vn 0.000000 0.000000 1.000000
vt 2.352083 -0.006250
vn 0.000000 0.000000 1.000000
f 1854/6189/6189 1855/6190/6190 1847/6191/6191 1846/6192/6192
vt 0.006250 1.083333
vn -0.707107 0.000000 0.707107
vt 0.006250 1.081250
vn -0.707107 0.000000 0.707107
vt -0.006250 1.081250
vn -0.707107 0.000000 0.707107
vt -0.006250 1.083333
vn -0.707107 0.000000 0.707107
f 1855/6193/6193 1856/6194/6194 1848/6195/6195 1847/6196/6196
vt 0.006250 1.081250
vn -1.000000 0.000000 -0.000000
vt 0.006250 1.027083
vn -1.000000 0.000000 -0.000000
vt -0.006250 1.027083
vn -1.000000 0.000000 -0.000000
vt -0.006250 1.081250
vn -1.000000 0.000000 -0.000000
f 1856/6197/6197 1849/6198/6198 1841/6199/6199 1848/6200/6200
vt 2.313542 1.028438
vn -0.548615 0.630907 -0.548615
vt 2.315521 1.026458
vn -0.548615 0.630907 -0.548615
vt 2.314583 1.025000
vn -0.548615 0.630907 -0.548615
vt 2.312500 1.027083
vn -0.548615 0.630907 -0.548615
f 1857/6201/6201 1858/6202/6202 1850/6203/6203 1849/6204/6204
vt 2.315521 0.008333
vn 0.000000 0.573462 -0.819232
vt 2.351146 0.008333
vn 0.000000 0.573462 -0.819232
vt 2.352083 0.006250
vn 0.000000 0.573462 -0.819232
vt 2.314583 0.006250
vn 0.000000 0.573462 -0.819232
f 1858/6205/6205 1859/6206/6206 1851/6207/6207 1850/6208/6208
vt 2.351146 1.026458
vn 0.548615 0.630907 -0.548615
vt 2.353125 1.028438
vn 0.548615 0.630907 -0.548615
vt 2.354167 1.027083
vn 0.548615 0.630907 -0.548615
vt 2.352083 1.025000
vn 0.548615 0.630907 -0.548615
f 1859/6209/6209 1860/6210/6210 1852/6211/6211 1851/6212/6212
vt 0.008333 1.028438
vn 0.894427 0.447214 -0.000000
vt 0.008333 1.079896
vn 0.894427 0.447214 -0.000000
vt 0.006250 1.081250
vn 0.894427 0.447214 -0.000000
vt 0.006250 1.027083
vn 0.894427 0.447214 -0.000000
f 1860/6213/6213 1861/6214/6214 1853/6215/6215 1852/6216/6216
vt 2.353125 1.079896
vn 0.548615 0.630907 0.548615
vt 2.351146 1.081875
vn 0.548615 0.630907 0.548615
vt 2.352083 1.083333
vn 0.548615 0.630907 0.548615
vt 2.354167 1.081250
vn 0.548615 0.630907 0.548615
f 1861/6217/6217 1862/6218/6218 1854/6219/6219 1853/6220/6220
vt 2.351146 0.008333
vn 0.000000 0.573462 0.819232
vt 2.315521 0.008333
vn 0.000000 0.573462 0.819232
vt 2.314583 0.006250
vn 0.000000 0.573462 0.819232
vt 2.352083 0.006250
vn 0.000000 0.573462 0.819232
f 1862/6221/6221 1863/6222/6222 1855/6223/6223 1854/6224/6224
vt 2.315521 1.081875
vn -0.548615 0.630907 0.548615
vt 2.313542 1.079896
vn -0.548615 0.630907 0.548615
vt 2.312500 1.081250
vn -0.548615 0.630907 0.548615
vt 2.314583 1.083333
vn -0.548615 0.630907 0.548615
f 1863/6225/6225 1864/6226/6226 1856/6227/6227 1855/6228/6228
vt 0.008333 1.079896
vn -0.894427 0.447214 0.000000
vt 0.008333 1.028438
vn -0.894427 0.447214 0.000000
vt 0.006250 1.027083
vn -0.894427 0.447214 0.000000
vt 0.006250 1.081250
vn -0.894427 0.447214 0.000000
f 1864/6229/6229 1857/6230/6230 1849/6231/6231 1856/6232/6232
v 27.674445 -0.875000 11.641906
v 27.720953 -0.875000 11.595398
v 28.279047 -0.875000 11.595398
v 28.325555 -0.875000 11.641906
v 28.325555 -0.875000 12.758094
v 28.279047 -0.875000 12.804602
v 27.720953 -0.875000 12.804602
v 27.674445 -0.875000 12.758094
v 27.650000 -0.825000 11.600000
v 27.700000 -0.825000 11.550000
v 28.300000 -0.825000 11.550000
v 28.350000 -0.825000 11.600000
v 28.350000 -0.825000 12.800000
v 28.300000 -0.825000 12.850000
v 27.700000 -0.825000 12.850000
v 27.650000 -0.825000 12.800000
v 27.650000 -0.775000 11.600000
v 27.700000 -0.775000 11.550000
v 28.300000 -0.775000 11.550000
v 28.350000 -0.775000 11.600000
v 28.350000 -0.775000 12.800000
v 28.300000 -0.775000 12.850000
v 27.700000 -0.775000 12.850000
v 27.650000 -0.775000 12.800000
v 27.674445 -0.725000 11.641906
v 27.720953 -0.725000 11.595398
v 28.279047 -0.725000 11.595398
v 28.325555 -0.725000 11.641906
v 28.325555 -0.725000 12.758094
v 28.279047 -0.725000 12.804602
v 27.720953 -0.725000 12.804602
v 27.674445 -0.725000 12.758094
vt 2.306204 0.970159
vn 0.000000 -1.000000 0.000000
vt 2.310079 0.966283
vn 0.000000 -1.000000 0.000000
vt 2.356587 0.966283
vn 0.000000 -1.000000 0.000000
vt 2.360463 0.970159
vn 0.000000 -1.000000 0.000000
vt 2.360463 1.063175
vn 0.000000 -1.000000 0.000000
vt 2.356587 1.067050
vn 0.000000 -1.000000 0.000000
vt 2.310079 1.067050
vn 0.000000 -1.000000 0.000000
vt 2.306204 1.063175
vn 0.000000 -1.000000 0.000000
f 1865/6233/6233 1866/6234/6234 1867/6235/6235 1868/6236/6236 1869/6237/6237 1870/6238/6238 1871/6239/6239 1872/6240/6240
vt 2.306204 1.063175
vn 0.000000 1.000000 0.000000
vt 2.310079 1.067050
vn 0.000000 1.000000 0.000000
vt 2.356587 1.067050
vn 0.000000 1.000000 0.000000
vt 2.360463 1.063175
vn 0.000000 1.000000 0.000000
vt 2.360463 0.970159
vn 0.000000 1.000000 0.000000
vt 2.356587 0.966283
vn 0.000000 1.000000 0.000000
vt 2.310079 0.966283
vn 0.000000 1.000000 0.000000
vt 2.306204 0.970159
vn 0.000000 1.000000 0.000000
f 1896/6241/6241 1895/6242/6242 1894/6243/6243 1893/6244/6244 1892/6245/6245 1891/6246/6246 1890/6247/6247 1889/6248/6248
vt 2.304167 0.966667
vn -0.515644 -0.684268 -0.515644
vt 2.308333 0.962500
vn -0.515644 -0.684268 -0.515644
vt 2.310079 0.966283
vn -0.515644 -0.684268 -0.515644
vt 2.306204 0.970159
vn -0.515644 -0.684268 -0.515644
f 1873/6249/6249 1874/6250/6250 1866/6251/6251 1865/6252/6252
vt 2.308333 -0.068750
vn 0.000000 -0.672214 -0.740357
vt 2.358333 -0.068750
vn 0.000000 -0.672214 -0.740357
vt 2.356587 -0.072917
vn 0.000000 -0.672214 -0.740357
vt 2.310079 -0.072917
vn 0.000000 -0.672214 -0.740357
f 1874/6253/6253 1875/6254/6254 1867/6255/6255 1866/6256/6256
vt 2.358333 0.962500
vn 0.515644 -0.684268 -0.515644
vt 2.362500 0.966667
vn 0.515644 -0.684268 -0.515644
vt 2.360463 0.970159
vn 0.515644 -0.684268 -0.515644
vt 2.356587 0.966283
vn 0.515644 -0.684268 -0.515644
f 1875/6257/6257 1876/6258/6258 1868/6259/6259 1867/6260/6260
vt -0.068750 0.966667
vn 0.898380 -0.439219 0.000000
vt -0.068750 1.066667
vn 0.898380 -0.439219 0.000000
vt -0.072917 1.063175
vn 0.898380 -0.439219 0.000000
vt -0.072917 0.970159
vn 0.898380 -0.439219 0.000000
f 1876/6261/6261 1877/6262/6262 1869/6263/6263 1868/6264/6264
vt 2.362500 1.066667
vn 0.515644 -0.684268 0.515644
vt 2.358333 1.070833
vn 0.515644 -0.684268 0.515644
vt 2.356587 1.067050
vn 0.515644 -0.684268 0.515644
vt 2.360463 1.063175
vn 0.515644 -0.684268 0.515644
f 1877/6265/6265 1878/6266/6266 1870/6267/6267 1869/6268/6268
vt 2.358333 -0.068750
vn 0.000000 -0.672214 0.740357
vt 2.308333 -0.068750
vn 0.000000 -0.672214 0.740357
vt 2.310079 -0.072917
vn 0.000000 -0.672214 0.740357
vt 2.356587 -0.072917
vn 0.000000 -0.672214 0.740357
f 1878/6269/6269 1879/6270/6270 1871/6271/6271 1870/6272/6272
vt 2.308333 1.070833
vn -0.515644 -0.684268 0.515644
vt 2.304167 1.066667
vn -0.515644 -0.684268 0.515644
vt 2.306204 1.063175
vn -0.515644 -0.684268 0.515644
vt 2.310079 1.067050
vn -0.515644 -0.684268 0.515644
f 1879/6273/6273 1880/6274/6274 1872/6275/6275 1871/6276/6276
vt -0.068750 1.066667
vn -0.898380 -0.439219 -0.000000
vt -0.068750 0.966667
vn -0.898380 -0.439219 -0.000000
vt -0.072917 0.970159
vn -0.898380 -0.439219 -0.000000
vt -0.072917 1.063175
vn -0.898380 -0.439219 -0.000000
f 1880/6277/6277 1873/6278/6278 1865/6279/6279 1872/6280/6280
vt -0.064583 0.966667
vn -0.707107 0.000000 -0.707107
vt -0.064583 0.962500
vn -0.707107 0.000000 -0.707107
vt -0.068750 0.962500
vn -0.707107 0.000000 -0.707107
vt -0.068750 0.966667
vn -0.707107 0.000000 -0.707107
f 1881/6281/6281 1882/6282/6282 1874/6283/6283 1873/6284/6284
vt 2.308333 -0.064583
vn 0.000000 0.000000 -1.000000
vt 2.358333 -0.064583
vn 0.000000 0.000000 -1.000000
vt 2.358333 -0.068750
vn 0.000000 0.000000 -1.000000
vt 2.308333 -0.068750
vn 0.000000 0.000000 -1.000000
f 1882/6285/6285 1883/6286/6286 1875/6287/6287 1874/6288/6288
vt -0.064583 0.962500
vn 0.707107 0.000000 -0.707107
vt -0.064583 0.966667
vn 0.707107 0.000000 -0.707107
vt -0.068750 0.966667
vn 0.707107 0.000000 -0.707107
vt -0.068750 0.962500
vn 0.707107 0.000000 -0.707107
f 1883/6289/6289 1884/6290/6290 1876/6291/6291 1875/6292/6292
vt -0.064583 0.966667
vn 1.000000 0.000000 -0.000000
vt -0.064583 1.066667
vn 1.000000 0.000000 -0.000000
vt -0.068750 1.066667
vn 1.000000 0.000000 -0.000000
vt -0.068750 0.966667
vn 1.000000 0.000000 -0.000000
f 1884/6293/6293 1885/6294/6294 1877/6295/6295 1876/6296/6296
vt -0.064583 1.066667
vn 0.707107 0.000000 0.707107
vt -0.064583 1.070833
vn 0.707107 0.000000 0.707107
vt -0.068750 1.070833
vn 0.707107 0.000000 0.707107
vt -0.068750 1.066667
vn 0.707107 0.000000 0.707107
f 1885/6297/6297 1886/6298/6298 1878/6299/6299 1877/6300/6300
vt 2.358333 -0.064583
vn 0.000000 0.000000 1.000000
vt 2.308333 -0.064583
vn 0.000000 0.000000 1.000000
vt 2.308333 -0.068750
vn 0.000000 0.000000 1.000000
vt 2.358333 -0.068750
vn 0.000000 0.000000 1.000000
f 1886/6301/6301 1887/6302/6302 1879/6303/6303 1878/6304/6304
vt -0.064583 1.070833
vn -0.707107 0.000000 0.707107
vt -0.064583 1.066667
vn -0.707107 0.000000 0.707107
vt -0.068750 1.066667
vn -0.707107 0.000000 0.707107
vt -0.068750 1.070833
vn -0.707107 0.000000 0.707107
f 1887/6305/6305 1888/6306/6306 1880/6307/6307 1879/6308/6308
vt -0.064583 1.066667
vn -1.000000 0.000000 -0.000000
vt -0.064583 0.966667
vn -1.000000 0.000000 -0.000000
vt -0.068750 0.966667
vn -1.000000 0.000000 -0.000000
vt -0.068750 1.066667
vn -1.000000 0.000000 -0.000000
f 1888/6309/6309 1881/6310/6310 1873/6311/6311 1880/6312/6312
vt 2.306204 0.970159
vn -0.515644 0.684268 -0.515644
vt 2.310079 0.966283
vn -0.515644 0.684268 -0.515644
vt 2.308333 0.962500
vn -0.515644 0.684268 -0.515644
vt 2.304167 0.966667
vn -0.515644 0.684268 -0.515644
f 1889/6313/6313 1890/6314/6314 1882/6315/6315 1881/6316/6316
vt 2.310079 -0.060417
vn 0.000000 0.672214 -0.740357
vt 2.356587 -0.060417
vn 0.000000 0.672214 -0.740357
vt 2.358333 -0.064583
vn 0.000000 0.672214 -0.740357
vt 2.308333 -0.064583
vn 0.000000 0.672214 -0.740357
f 1890/6317/6317 1891/6318/6318 1883/6319/6319 1882/6320/6320
vt 2.356587 0.966283
vn 0.515644 0.684268 -0.515644
vt 2.360463 0.970159
vn 0.515644 0.684268 -0.515644
vt 2.362500 0.966667
vn 0.515644 0.684268 -0.515644
vt 2.358333 0.962500
vn 0.515644 0.684268 -0.515644
f 1891/6321/6321 1892/6322/6322 1884/6323/6323 1883/6324/6324
vt -0.060417 0.970159
vn 0.898380 0.439219 -0.000000
vt -0.060417 1.063175
vn 0.898380 0.439219 -0.000000
vt -0.064583 1.066667
vn 0.898380 0.439219 -0.000000
vt -0.064583 0.966667
vn 0.898380 0.439219 -0.000000
f 1892/6325/6325 1893/6326/6326 1885/6327/6327 1884/6328/6328
vt 2.360463 1.063175
vn 0.515644 0.684268 0.515644
vt 2.356587 1.067050
vn 0.515644 0.684268 0.515644
vt 2.358333 1.070833
vn 0.515644 0.684268 0.515644
vt 2.362500 1.066667
vn 0.515644 0.684268 0.515644
f 1893/6329/6329 1894/6330/6330 1886/6331/6331 1885/6332/6332
vt 2.356587 -0.060417
vn 0.000000 0.672214 0.740357
vt 2.310079 -0.060417
vn 0.000000 0.672214 0.740357
vt 2.308333 -0.064583
vn 0.000000 0.672214 0.740357
vt 2.358333 -0.064583
vn 0.000000 0.672214 0.740357
f 1894/6333/6333 1895/6334/6334 1887/6335/6335 1886/6336/6336
vt 2.310079 1.067050
vn -0.515644 0.684268 0.515644
vt 2.306204 1.063175
vn -0.515644 0.684268 0.515644
vt 2.304167 1.066667
vn -0.515644 0.684268 0.515644
vt 2.308333 1.070833
vn -0.515644 0.684268 0.515644
f 1895/6337/6337 1896/6338/6338 1888/6339/6339 1887/6340/6340
vt -0.060417 1.063175
vn -0.898380 0.439219 0.000000
vt -0.060417 0.970159
vn -0.898380 0.439219 0.000000
vt -0.064583 0.966667
vn -0.898380 0.439219 0.000000
vt -0.064583 1.066667
vn -0.898380 0.439219 0.000000
f 1896/6341/6341 1889/6342/6342 1881/6343/6343 1888/6344/6344
v 27.674445 0.725000 11.641906
v 27.720953 0.725000 11.595398
v 28.279047 0.725000 11.595398
v 28.325555 0.725000 11.641906
v 28.325555 0.725000 12.758094
v 28.279047 0.725000 12.804602
v 27.720953 0.725000 12.804602
v 27.674445 0.725000 12.758094
v 27.650000 0.775000 11.600000
v 27.700000 0.775000 11.550000
v 28.300000 0.775000 11.550000
v 28.350000 0.775000 11.600000
v 28.350000 0.775000 12.800000
v 28.300000 0.775000 12.850000
v 27.700000 0.775000 12.850000
v 27.650000 0.775000 12.800000
v 27.650000 0.825000 11.600000
v 27.700000 0.825000 11.550000
v 28.300000 0.825000 11.550000
v 28.350000 0.825000 11.600000
v 28.350000 0.825000 12.800000
v 28.300000 0.825000 12.850000
v 27.700000 0.825000 12.850000
v 27.650000 0.825000 12.800000
v 27.674445 0.875000 11.641906
v 27.720953 0.875000 11.595398
v 28.279047 0.875000 11.595398
v 28.325555 0.875000 11.641906
v 28.325555 0.875000 12.758094
v 28.279047 0.875000 12.804602
v 27.720953 0.875000 12.804602
v 27.674445 0.875000 12.758094
vt 2.306204 0.970159
vn 0.000000 -1.000000 0.000000
vt 2.310079 0.966283
vn 0.000000 -1.000000 0.000000
vt 2.356587 0.966283
vn 0.000000 -1.000000 0.000000
vt 2.360463 0.970159
vn 0.000000 -1.000000 0.000000
vt 2.360463 1.063175
vn 0.000000 -1.000000 0.000000
vt 2.356587 1.067050
vn 0.000000 -1.000000 0.000000
vt 2.310079 1.067050
vn 0.000000 -1.000000 0.000000
vt 2.306204 1.063175
vn 0.000000 -1.000000 0.000000
f 1897/6345/6345 1898/6346/6346 1899/6347/6347 1900/6348/6348 1901/6349/6349 1902/6350/6350 1903/6351/6351 1904/6352/6352
vt 2.306204 1.063175
vn 0.000000 1.000000 0.000000
vt 2.310079 1.067050
vn 0.000000 1.000000 0.000000
vt 2.356587 1.067050
vn 0.000000 1.000000 0.000000
vt 2.360463 1.063175
vn 0.000000 1.000000 0.000000
vt 2.360463 0.970159
vn 0.000000 1.000000 0.000000
vt 2.356587 0.966283
vn 0.000000 1.000000 0.000000
vt 2.310079 0.966283
vn 0.000000 1.000000 0.000000
vt 2.306204 0.970159
vn 0.000000 1.000000 0.000000
f 1928/6353/6353 1927/6354/6354 1926/6355/6355 1925/6356/6356 1924/6357/6357 1923/6358/6358 1922/6359/6359 1921/6360/6360
vt 2.304167 0.966667
vn -0.515644 -0.684268 -0.515644
vt 2.308333 0.962500
vn -0.515644 -0.684268 -0.515644
vt 2.310079 0.966283
vn -0.515644 -0.684268 -0.515644
vt 2.306204 0.970159
vn -0.515644 -0.684268 -0.515644
f 1905/6361/6361 1906/6362/6362 1898/6363/6363 1897/6364/6364
vt 2.308333 0.064583
vn 0.000000 -0.672214 -0.740357
vt 2.358333 0.064583
vn 0.000000 -0.672214 -0.740357
vt 2.356587 0.060417
vn 0.000000 -0.672214 -0.740357
vt 2.310079 0.060417
vn 0.000000 -0.672214 -0.740357
f 1906/6365/6365 1907/6366/6366 1899/6367/6367 1898/6368/6368
vt 2.358333 0.962500
vn 0.515644 -0.684268 -0.515644
vt 2.362500 0.966667
vn 0.515644 -0.684268 -0.515644
vt 2.360463 0.970159
vn 0.515644 -0.684268 -0.515644
vt 2.356587 0.966283
vn 0.515644 -0.684268 -0.515644
f 1907/6369/6369 1908/6370/6370 1900/6371/6371 1899/6372/6372
vt 0.064583 0.966667
vn 0.898380 -0.439219 0.000000
vt 0.064583 1.066667
vn 0.898380 -0.439219 0.000000
vt 0.060417 1.063175
vn 0.898380 -0.439219 0.000000
vt 0.060417 0.970159
vn 0.898380 -0.439219 0.000000
f 1908/6373/6373 1909/6374/6374 1901/6375/6375 1900/6376/6376
vt 2.362500 1.066667
vn 0.515644 -0.684268 0.515644
vt 2.358333 1.070833
vn 0.515644 -0.684268 0.515644
vt 2.356587 1.067050
vn 0.515644 -0.684268 0.515644
vt 2.360463 1.063175
vn 0.515644 -0.684268 0.515644
f 1909/6377/6377 1910/6378/6378 1902/6379/6379 1901/6380/6380
vt 2.358333 0.064583
vn 0.000000 -0.672214 0.740357
vt 2.308333 0.064583
vn 0.000000 -0.672214 0.740357
vt 2.310079 0.060417
vn 0.000000 -0.672214 0.740357
vt 2.356587 0.060417
vn 0.000000 -0.672214 0.740357
f 1910/6381/6381 1911/6382/6382 1903/6383/6383 1902/6384/6384
vt 2.308333 1.070833
vn -0.515644 -0.684268 0.515644
vt 2.304167 1.066667
vn -0.515644 -0.684268 0.515644
vt 2.306204 1.063175
vn -0.515644 -0.684268 0.515644
vt 2.310079 1.067050
vn -0.515644 -0.684268 0.515644
f 1911/6385/6385 1912/6386/6386 1904/6387/6387 1903/6388/6388
vt 0.064583 1.066667
vn -0.898380 -0.439219 -0.000000
vt 0.064583 0.966667
vn -0.898380 -0.439219 -0.000000
vt 0.060417 0.970159
vn -0.898380 -0.439219 -0.000000
vt 0.060417 1.063175
vn -0.898380 -0.439219 -0.000000
f 1912/6389/6389 1905/6390/6390 1897/6391/6391 1904/6392/6392
vt 0.068750 0.966667
vn -0.707107 0.000000 -0.707107
vt 0.068750 0.962500
vn -0.707107 0.000000 -0.707107
vt 0.064583 0.962500
vn -0.707107 0.000000 -0.707107
vt 0.064583 0.966667
vn -0.707107 0.000000 -0.707107
f 1913/6393/6393 1914/6394/6394 1906/6395/6395 1905/6396/6396
vt 2.308333 0.068750
vn 0.000000 0.000000 -1.000000
vt 2.358333 0.068750
vn 0.000000 0.000000 -1.000000
vt 2.358333 0.064583
vn 0.000000 0.000000 -1.000000
vt 2.308333 0.064583
vn 0.000000 0.000000 -1.000000
f 1914/6397/6397 1915/6398/6398 1907/6399/6399 1906/6400/6400
vt 0.068750 0.962500
vn 0.707107 0.000000 -0.707107
vt 0.068750 0.966667
vn 0.707107 0.000000 -0.707107
vt 0.064583 0.966667
vn 0.707107 0.000000 -0.707107
vt 0.064583 0.962500
vn 0.707107 0.000000 -0.707107
f 1915/6401/6401 1916/6402/6402 1908/6403/6403 1907/6404/6404
vt 0.068750 0.966667
vn 1.000000 0.000000 -0.000000
vt 0.068750 1.066667
vn 1.000000 0.000000 -0.000000
vt 0.064583 1.066667
vn 1.000000 0.000000 -0.000000
vt 0.064583 0.966667
vn 1.000000 0.000000 -0.000000
f 1916/6405/6405 1917/6406/6406 1909/6407/6407 1908/6408/6408
vt 0.068750 1.066667
vn 0.707107 0.000000 0.707107
vt 0.068750 1.070833
vn 0.707107 0.000000 0.707107
vt 0.064583 1.070833
vn 0.707107 0.000000 0.707107
vt 0.064583 1.066667
vn 0.707107 0.000000 0.707107
f 1917/6409/6409 1918/6410/6410 1910/6411/6411 1909/6412/6412
vt 2.358333 0.068750
vn 0.000000 0.000000 1.000000
vt 2.308333 0.068750
vn 0.000000 0.000000 1.000000
vt 2.308333 0.064583
vn 0.000000 0.000000 1.000000
vt 2.358333 0.064583
vn 0.000000 0.000000 1.000000
f 1918/6413/6413 1919/6414/6414 1911/6415/6415 1910/6416/6416
vt 0.068750 1.070833
vn -0.707107 0.000000 0.707107
vt 0.068750 1.066667
vn -0.707107 0.000000 0.707107
vt 0.064583 1.066667
vn -0.707107 0.000000 0.707107
vt 0.064583 1.070833
vn -0.707107 0.000000 0.707107
f 1919/6417/6417 1920/6418/6418 1912/6419/6419 1911/6420/6420
vt 0.068750 1.066667
vn -1.000000 0.000000 -0.000000
vt 0.068750 0.966667
vn -1.000000 0.000000 -0.000000
vt 0.064583 0.966667
vn -1.000000 0.000000 -0.000000
vt 0.064583 1.066667
vn -1.000000 0.000000 -0.000000
f 1920/6421/6421 1913/6422/6422 1905/6423/6423 1912/6424/6424
vt 2.306204 0.970159
vn -0.515644 0.684268 -0.515644
vt 2.310079 0.966283
vn -0.515644 0.684268 -0.515644
vt 2.308333 0.962500
vn -0.515644 0.684268 -0.515644
vt 2.304167 0.966667
vn -0.515644 0.684268 -0.515644
f 1921/6425/6425 1922/6426/6426 1914/6427/6427 1913/6428/6428
vt 2.310079 0.072917
vn 0.000000 0.672214 -0.740357
vt 2.356587 0.072917
vn 0.000000 0.672214 -0.740357
vt 2.358333 0.068750
vn 0.000000 0.672214 -0.740357
vt 2.308333 0.068750
vn 0.000000 0.672214 -0.740357
f 1922/6429/6429 1923/6430/6430 1915/6431/6431 1914/6432/6432
vt 2.356587 0.966283
vn 0.515644 0.684268 -0.515644
vt 2.360463 0.970159
vn 0.515644 0.684268 -0.515644
vt 2.362500 0.966667
vn 0.515644 0.684268 -0.515644
vt 2.358333 0.962500
vn 0.515644 0.684268 -0.515644
f 1923/6433/6433 1924/6434/6434 1916/6435/6435 1915/6436/6436
vt 0.072917 0.970159
vn 0.898380 0.439219 -0.000000
vt 0.072917 1.063175
vn 0.898380 0.439219 -0.000000
vt 0.068750 1.066667
vn 0.898380 0.439219 -0.000000
vt 0.068750 0.966667
vn 0.898380 0.439219 -0.000000
f 1924/6437/6437 1925/6438/6438 1917/6439/6439 1916/6440/6440
vt 2.360463 1.063175
vn 0.515644 0.684268 0.515644
vt 2.356587 1.067050
vn 0.515644 0.684268 0.515644
vt 2.358333 1.070833
vn 0.515644 0.684268 0.515644
vt 2.362500 1.066667
vn 0.515644 0.684268 0.515644
f 1925/6441/6441 1926/6442/6442 1918/6443/6443 1917/6444/6444
vt 2.356587 0.072917
vn 0.000000 0.672214 0.740357
vt 2.310079 0.072917
vn 0.000000 0.672214 0.740357
vt 2.308333 0.068750
vn 0.000000 0.672214 0.740357
vt 2.358333 0.068750
vn 0.000000 0.672214 0.740357
f 1926/6445/6445 1927/6446/6446 1919/6447/6447 1918/6448/6448
vt 2.310079 1.067050
vn -0.515644 0.684268 0.515644
vt 2.306204 1.063175
vn -0.515644 0.684268 0.515644
vt 2.304167 1.066667
vn -0.515644 0.684268 0.515644
vt 2.308333 1.070833
vn -0.515644 0.684268 0.515644
f 1927/6449/6449 1928/6450/6450 1920/6451/6451 1919/6452/6452
vt 0.072917 1.063175
vn -0.898380 0.439219 0.000000
vt 0.072917 0.970159
vn -0.898380 0.439219 0.000000
vt 0.068750 0.966667
vn -0.898380 0.439219 0.000000
vt 0.068750 1.066667
vn -0.898380 0.439219 0.000000
f 1928/6453/6453 1921/6454/6454 1913/6455/6455 1920/6456/6456
v 32.750000 1.280000 7.000000
v 32.750000 1.264241 7.200236
v 32.750000 1.217352 7.395542
v 32.750000 1.140488 7.581108
v 32.750000 1.035542 7.752365
v 32.750000 0.905097 7.905097
v 32.750000 0.752365 8.035542
v 32.750000 0.581108 8.140488
v 32.750000 0.395542 8.217352
v 32.750000 0.200236 8.264241
v 32.750000 0.000000 8.280000
v 32.750000 -0.200236 8.264241
v 32.750000 -0.395542 8.217352
v 32.750000 -0.581108 8.140488
v 32.750000 -0.752365 8.035542
v 32.750000 -0.905097 7.905097
v 32.750000 -1.035542 7.752365
v 32.750000 -1.140488 7.581108
v 32.750000 -1.217352 7.395542
v 32.750000 -1.264241 7.200236
v 32.750000 -1.280000 7.000000
v 32.750000 -1.264241 6.799764
v 32.750000 -1.217352 6.604458
v 32.750000 -1.140488 6.418892
v 32.750000 -1.035542 6.247635
v 32.750000 -0.905097 6.094903
v 32.750000 -0.752365 5.964458
v 32.750000 -0.581108 5.859512
v 32.750000 -0.395542 5.782648
v 32.750000 -0.200236 5.735759
v 32.750000 -0.000000 5.720000
v 32.750000 0.200236 5.735759
v 32.750000 0.395542 5.782648
v 32.750000 0.581108 5.859512
v 32.750000 0.752365 5.964458
v 32.750000 0.905097 6.094903
v 32.750000 1.035542 6.247635
v 32.750000 1.140488 6.418892
v 32.750000 1.217352 6.604458
v 32.750000 1.264241 6.799764
v 35.250000 1.280000 7.000000
v 35.250000 1.264241 7.200236
v 35.250000 1.217352 7.395542
v 35.250000 1.140488 7.581108
v 35.250000 1.035542 7.752365
v 35.250000 0.905097 7.905097
v 35.250000 0.752365 8.035542
v 35.250000 0.581108 8.140488
v 35.250000 0.395542 8.217352
v 35.250000 0.200236 8.264241
v 35.250000 0.000000 8.280000
v 35.250000 -0.200236 8.264241
v 35.250000 -0.395542 8.217352
v 35.250000 -0.581108 8.140488
v 35.250000 -0.752365 8.035542
v 35.250000 -0.905097 7.905097
v 35.250000 -1.035542 7.752365
v 35.250000 -1.140488 7.581108
v 35.250000 -1.217352 7.395542
v 35.250000 -1.264241 7.200236
v 35.250000 -1.280000 7.000000
v 35.250000 -1.264241 6.799764
v 35.250000 -1.217352 6.604458
v 35.250000 -1.140488 6.418892
v 35.250000 -1.035542 6.247635
v 35.250000 -0.905097 6.094903
v 35.250000 -0.752365 5.964458
v 35.250000 -0.581108 5.859512
v 35.250000 -0.395542 5.782648
v 35.250000 -0.200236 5.735759
v 35.250000 -0.000000 5.720000
v 35.250000 0.200236 5.735759
v 35.250000 0.395542 5.782648
v 35.250000 0.581108 5.859512
v 35.250000 0.752365 5.964458
v 35.250000 0.905097 6.094903
v 35.250000 1.035542 6.247635
v 35.250000 1.140488 6.418892
v 35.250000 1.217352 6.604458
v 35.250000 1.264241 6.799764
v 32.750000 0.900000 7.000000
v 32.750000 0.888920 7.140791
v 32.750000 0.855951 7.278115
v 32.750000 0.801906 7.408591
v 32.750000 0.728115 7.529007
v 32.750000 0.636396 7.636396
v 32.750000 0.529007 7.728115
v 32.750000 0.408591 7.801906
v 32.750000 0.278115 7.855951
v 32.750000 0.140791 7.888920
v 32.750000 0.000000 7.900000
v 32.750000 -0.140791 7.888920
v 32.750000 -0.278115 7.855951
v 32.750000 -0.408591 7.801906
v 32.750000 -0.529007 7.728115
v 32.750000 -0.636396 7.636396
v 32.750000 -0.728115 7.529007
v 32.750000 -0.801906 7.408591
v 32.750000 -0.855951 7.278115
v 32.750000 -0.888920 7.140791
v 32.750000 -0.900000 7.000000
v 32.750000 -0.888920 6.859209
v 32.750000 -0.855951 6.721885
v 32.750000 -0.801906 6.591409
v 32.750000 -0.728115 6.470993
v 32.750000 -0.636396 6.363604
v 32.750000 -0.529007 6.271885
v 32.750000 -0.408591 6.198094
v 32.750000 -0.278115 6.144049
v 32.750000 -0.140791 6.111080
v 32.750000 -0.000000 6.100000
v 32.750000 0.140791 6.111080
v 32.750000 0.278115 6.144049
v 32.750000 0.408591 6.198094
v 32.750000 0.529007 6.271885
v 32.750000 0.636396 6.363604
v 32.750000 0.728115 6.470993
v 32.750000 0.801906 6.591409
v 32.750000 0.855951 6.721885
v 32.750000 0.888920 6.859209
v 35.250000 0.900000 7.000000
v 35.250000 0.888920 7.140791
v 35.250000 0.855951 7.278115
v 35.250000 0.801906 7.408591
v 35.250000 0.728115 7.529007
v 35.250000 0.636396 7.636396
v 35.250000 0.529007 7.728115
v 35.250000 0.408591 7.801906
v 35.250000 0.278115 7.855951
v 35.250000 0.140791 7.888920
v 35.250000 0.000000 7.900000
v 35.250000 -0.140791 7.888920
v 35.250000 -0.278115 7.855951
v 35.250000 -0.408591 7.801906
v 35.250000 -0.529007 7.728115
v 35.250000 -0.636396 7.636396
v 35.250000 -0.728115 7.529007
v 35.250000 -0.801906 7.408591
v 35.250000 -0.855951 7.278115
v 35.250000 -0.888920 7.140791
v 35.250000 -0.900000 7.000000
v 35.250000 -0.888920 6.859209
v 35.250000 -0.855951 6.721885
v 35.250000 -0.801906 6.591409
v 35.250000 -0.728115 6.470993
v 35.250000 -0.636396 6.363604
v 35.250000 -0.529007 6.271885
v 35.250000 -0.408591 6.198094
v 35.250000 -0.278115 6.144049
v 35.250000 -0.140791 6.111080
v 35.250000 -0.000000 6.100000
v 35.250000 0.140791 6.111080
v 35.250000 0.278115 6.144049
v 35.250000 0.408591 6.198094
v 35.250000 0.529007 6.271885
v 35.250000 0.636396 6.363604
v 35.250000 0.728115 6.470993
v 35.250000 0.801906 6.591409
v 35.250000 0.855951 6.721885
v 35.250000 0.888920 6.859209
vt 2.729167 0.583333
vn 0.000000 0.996917 0.078459
vt 2.729167 0.600020
vn 0.000000 0.996917 0.078459
vt 2.937500 0.600020
vn 0.000000 0.996917 0.078459
vt 2.937500 0.583333
vn 0.000000 0.996917 0.078459
f 1929/6457/6457 1930/6458/6458 1970/6459/6459 1969/6460/6460
vt 2.729167 0.595066
vn 0.000000 -0.996917 -0.078459
vt 2.729167 0.583333
vn 0.000000 -0.996917 -0.078459
vt 2.937500 0.583333
vn 0.000000 -0.996917 -0.078459
vt 2.937500 0.595066
vn 0.000000 -0.996917 -0.078459
f 2010/6461/6461 2009/6462/6462 2049/6463/6463 2050/6464/6464
vt 0.105353 0.600020
vn -0.894427 0.434857 0.104400
vt 0.106667 0.583333
vn -0.894427 0.445835 -0.035088
vt 0.075000 0.583333
vn -0.894427 -0.445835 0.035088
vt 0.074077 0.595066
vn -0.894427 -0.434857 -0.104400
f 1930/6465/6465 1929/6466/6466 2009/6467/6467 2010/6468/6468
vt 0.106667 0.583333
vn 0.894427 0.445835 -0.035088
vt 0.105353 0.600020
vn 0.894427 0.434857 0.104400
vt 0.074077 0.595066
vn 0.894427 -0.434857 -0.104400
vt 0.075000 0.583333
vn 0.894427 -0.445835 0.035088
f 1969/6469/6469 1970/6470/6470 2050/6471/6471 2049/6472/6472
vt 2.729167 0.600020
vn -0.894427 0.434857 0.104400
vt 2.729167 0.616295
vn -0.708198 0.671460 0.218170
vt 2.937500 0.616295
vn 0.708198 0.671460 0.218170
vt 2.937500 0.600020
vn 0.894427 0.434857 0.104400
f 1930/6473/6473 1931/6474/6474 1971/6475/6475 1970/6476/6476
vt 2.729167 0.606510
vn -0.708198 -0.671460 -0.218170
vt 2.729167 0.595066
vn -0.894427 -0.434857 -0.104400
vt 2.937500 0.595066
vn 0.894427 -0.434857 -0.104400
vt 2.937500 0.606510
vn 0.708198 -0.671460 -0.218170
f 2011/6477/6477 2010/6478/6478 2050/6479/6479 2051/6480/6480
vt 0.101446 0.616295
vn -0.708198 0.671460 0.218170
vt 0.105353 0.600020
vn -0.894427 0.434857 0.104400
vt 0.074077 0.595066
vn -0.894427 -0.434857 -0.104400
vt 0.071329 0.606510
vn -0.708198 -0.671460 -0.218170
f 1931/6481/6481 1930/6482/6482 2010/6483/6483 2011/6484/6484
vt 0.105353 0.600020
vn 0.894427 0.434857 0.104400
vt 0.101446 0.616295
vn 0.708198 0.671460 0.218170
vt 0.071329 0.606510
vn 0.708198 -0.671460 -0.218170
vt 0.074077 0.595066
vn 0.894427 -0.434857 -0.104400
f 1970/6485/6485 1971/6486/6486 2051/6487/6487 2050/6488/6488
vt 2.729167 0.616295
vn -0.708198 0.671460 0.218170
vt 2.729167 0.631759
vn -0.708198 0.629063 0.320524
vt 2.937500 0.631759
vn 0.708198 0.629063 0.320524
vt 2.937500 0.616295
vn 0.708198 0.671460 0.218170
f 1931/6489/6489 1932/6490/6490 1972/6491/6491 1971/6492/6492
vt 2.729167 0.617383
vn -0.708198 -0.629063 -0.320524
vt 2.729167 0.606510
vn -0.708198 -0.671460 -0.218170
vt 2.937500 0.606510
vn 0.708198 -0.671460 -0.218170
vt 2.937500 0.617383
vn 0.708198 -0.629063 -0.320524
f 2012/6493/6493 2011/6494/6494 2051/6495/6495 2052/6496/6496
vt 0.095041 0.631759
vn -0.708198 0.629063 0.320524
vt 0.101446 0.616295
vn -0.708198 0.671460 0.218170
vt 0.071329 0.606510
vn -0.708198 -0.671460 -0.218170
vt 0.066825 0.617383
vn -0.708198 -0.629063 -0.320524
f 1932/6497/6497 1931/6498/6498 2011/6499/6499 2012/6500/6500
vt 0.101446 0.616295
vn 0.708198 0.671460 0.218170
vt 0.095041 0.631759
vn 0.708198 0.629063 0.320524
vt 0.066825 0.617383
vn 0.708198 -0.629063 -0.320524
vt 0.071329 0.606510
vn 0.708198 -0.671460 -0.218170
f 1971/6501/6501 1972/6502/6502 2052/6503/6503 2051/6504/6504
vt 2.729167 0.631759
vn -0.708198 0.629063 0.320524
vt 2.729167 0.646030
vn -0.708198 0.571178 0.414985
vt 2.937500 0.646030
vn 0.708198 0.571178 0.414985
vt 2.937500 0.631759
vn 0.708198 0.629063 0.320524
f 1932/6505/6505 1933/6506/6506 1973/6507/6507 1972/6508/6508
vt 2.729167 0.627417
vn -0.708198 -0.571178 -0.414985
vt 2.729167 0.617383
vn -0.708198 -0.629063 -0.320524
vt 2.937500 0.617383
vn 0.708198 -0.629063 -0.320524
vt 2.937500 0.627417
vn 0.708198 -0.571178 -0.414985
f 2013/6509/6509 2012/6510/6510 2052/6511/6511 2053/6512/6512
vt 0.086295 0.646030
vn -0.708198 0.571178 0.414985
vt 0.095041 0.631759
vn -0.708198 0.629063 0.320524
vt 0.066825 0.617383
vn -0.708198 -0.629063 -0.320524
vt 0.060676 0.627417
vn -0.708198 -0.571178 -0.414985
f 1933/6513/6513 1932/6514/6514 2012/6515/6515 2013/6516/6516
vt 0.095041 0.631759
vn 0.708198 0.629063 0.320524
vt 0.086295 0.646030
vn 0.708198 0.571178 0.414985
vt 0.060676 0.627417
vn 0.708198 -0.571178 -0.414985
vt 0.066825 0.617383
vn 0.708198 -0.629063 -0.320524
f 1972/6517/6517 1973/6518/6518 2053/6519/6519 2052/6520/6520
vt 2.729167 0.646030
vn -0.708198 0.571178 0.414985
vt 2.729167 0.658758
vn -0.708198 0.499228 0.499228
vt 2.937500 0.658758
vn 0.708198 0.499228 0.499228
vt 2.937500 0.646030
vn 0.708198 0.571178 0.414985
f 1933/6521/6521 1934/6522/6522 1974/6523/6523 1973/6524/6524
vt 2.729167 0.636366
vn -0.708198 -0.499228 -0.499228
vt 2.729167 0.627417
vn -0.708198 -0.571178 -0.414985
vt 2.937500 0.627417
vn 0.708198 -0.571178 -0.414985
vt 2.937500 0.636366
vn 0.708198 -0.499228 -0.499228
f 2014/6525/6525 2013/6526/6526 2053/6527/6527 2054/6528/6528
vt 0.075425 0.658758
vn -0.708198 0.499228 0.499228
vt 0.086295 0.646030
vn -0.708198 0.571178 0.414985
vt 0.060676 0.627417
vn -0.708198 -0.571178 -0.414985
vt 0.053033 0.636366
vn -0.708198 -0.499228 -0.499228
f 1934/6529/6529 1933/6530/6530 2013/6531/6531 2014/6532/6532
vt 0.086295 0.646030
vn 0.708198 0.571178 0.414985
vt 0.075425 0.658758
vn 0.708198 0.499228 0.499228
vt 0.053033 0.636366
vn 0.708198 -0.499228 -0.499228
vt 0.060676 0.627417
vn 0.708198 -0.571178 -0.414985
f 1973/6533/6533 1974/6534/6534 2054/6535/6535 2053/6536/6536
vt 2.729167 0.075425
vn -0.708198 0.499228 0.499228
vt 2.729167 0.062697
vn -0.708198 0.414985 0.571178
vt 2.937500 0.062697
vn 0.708198 0.414985 0.571178
vt 2.937500 0.075425
vn 0.708198 0.499228 0.499228
f 1934/6537/6537 1935/6538/6538 1975/6539/6539 1974/6540/6540
vt 2.729167 0.044084
vn -0.708198 -0.414985 -0.571178
vt 2.729167 0.053033
vn -0.708198 -0.499228 -0.499228
vt 2.937500 0.053033
vn 0.708198 -0.499228 -0.499228
vt 2.937500 0.044084
vn 0.708198 -0.414985 -0.571178
f 2015/6541/6541 2014/6542/6542 2054/6543/6543 2055/6544/6544
vt 0.062697 0.669628
vn -0.708198 0.414985 0.571178
vt 0.075425 0.658758
vn -0.708198 0.499228 0.499228
vt 0.053033 0.636366
vn -0.708198 -0.499228 -0.499228
vt 0.044084 0.644010
vn -0.708198 -0.414985 -0.571178
f 1935/6545/6545 1934/6546/6546 2014/6547/6547 2015/6548/6548
vt 0.075425 0.658758
vn 0.708198 0.499228 0.499228
vt 0.062697 0.669628
vn 0.708198 0.414985 0.571178
vt 0.044084 0.644010
vn 0.708198 -0.414985 -0.571178
vt 0.053033 0.636366
vn 0.708198 -0.499228 -0.499228
f 1974/6549/6549 1975/6550/6550 2055/6551/6551 2054/6552/6552
vt 2.729167 0.062697
vn -0.708198 0.414985 0.571178
vt 2.729167 0.048426
vn -0.708198 0.320524 0.629063
vt 2.937500 0.048426
vn 0.708198 0.320524 0.629063
vt 2.937500 0.062697
vn 0.708198 0.414985 0.571178
f 1935/6553/6553 1936/6554/6554 1976/6555/6555 1975/6556/6556
vt 2.729167 0.034049
vn -0.708198 -0.320524 -0.629063
vt 2.729167 0.044084
vn -0.708198 -0.414985 -0.571178
vt 2.937500 0.044084
vn 0.708198 -0.414985 -0.571178
vt 2.937500 0.034049
vn 0.708198 -0.320524 -0.629063
f 2016/6557/6557 2015/6558/6558 2055/6559/6559 2056/6560/6560
vt 0.048426 0.678374
vn -0.708198 0.320524 0.629063
vt 0.062697 0.669628
vn -0.708198 0.414985 0.571178
vt 0.044084 0.644010
vn -0.708198 -0.414985 -0.571178
vt 0.034049 0.650159
vn -0.708198 -0.320524 -0.629063
f 1936/6561/6561 1935/6562/6562 2015/6563/6563 2016/6564/6564
vt 0.062697 0.669628
vn 0.708198 0.414985 0.571178
vt 0.048426 0.678374
vn 0.708198 0.320524 0.629063
vt 0.034049 0.650159
vn 0.708198 -0.320524 -0.629063
vt 0.044084 0.644010
vn 0.708198 -0.414985 -0.571178
f 1975/6565/6565 1976/6566/6566 2056/6567/6567 2055/6568/6568
vt 2.729167 0.048426
vn -0.708198 0.320524 0.629063
vt 2.729167 0.032962
vn -0.708198 0.218170 0.671460
vt 2.937500 0.032962
vn 0.708198 0.218170 0.671460
vt 2.937500 0.048426
vn 0.708198 0.320524 0.629063
f 1936/6569/6569 1937/6570/6570 1977/6571/6571 1976/6572/6572
vt 2.729167 0.023176
vn -0.708198 -0.218170 -0.671460
vt 2.729167 0.034049
vn -0.708198 -0.320524 -0.629063
vt 2.937500 0.034049
vn 0.708198 -0.320524 -0.629063
vt 2.937500 0.023176
vn 0.708198 -0.218170 -0.671460
f 2017/6573/6573 2016/6574/6574 2056/6575/6575 2057/6576/6576
vt 0.032962 0.684779
vn -0.708198 0.218170 0.671460
vt 0.048426 0.678374
vn -0.708198 0.320524 0.629063
vt 0.034049 0.650159
vn -0.708198 -0.320524 -0.629063
vt 0.023176 0.654663
vn -0.708198 -0.218170 -0.671460
f 1937/6577/6577 1936/6578/6578 2016/6579/6579 2017/6580/6580
vt 0.048426 0.678374
vn 0.708198 0.320524 0.629063
vt 0.032962 0.684779
vn 0.708198 0.218170 0.671460
vt 0.023176 0.654663
vn 0.708198 -0.218170 -0.671460
vt 0.034049 0.650159
vn 0.708198 -0.320524 -0.629063
f 1976/6581/6581 1977/6582/6582 2057/6583/6583 2056/6584/6584
vt 2.729167 0.032962
vn -0.708198 0.218170 0.671460
vt 2.729167 0.016686
vn -0.708198 0.110445 0.697322
vt 2.937500 0.016686
vn 0.708198 0.110445 0.697322
vt 2.937500 0.032962
vn 0.708198 0.218170 0.671460
f 1937/6585/6585 1938/6586/6586 1978/6587/6587 1977/6588/6588
vt 2.729167 0.011733
vn -0.708198 -0.110445 -0.697322
vt 2.729167 0.023176
vn -0.708198 -0.218170 -0.671460
vt 2.937500 0.023176
vn 0.708198 -0.218170 -0.671460
vt 2.937500 0.011733
vn 0.708198 -0.110445 -0.697322
f 2018/6589/6589 2017/6590/6590 2057/6591/6591 2058/6592/6592
vt 0.016686 0.688687
vn -0.708198 0.110445 0.697322
vt 0.032962 0.684779
vn -0.708198 0.218170 0.671460
vt 0.023176 0.654663
vn -0.708198 -0.218170 -0.671460
vt 0.011733 0.657410
vn -0.708198 -0.110445 -0.697322
f 1938/6593/6593 1937/6594/6594 2017/6595/6595 2018/6596/6596
vt 0.032962 0.684779
vn 0.708198 0.218170 0.671460
vt 0.016686 0.688687
vn 0.708198 0.110445 0.697322
vt 0.011733 0.657410
vn 0.708198 -0.110445 -0.697322
vt 0.023176 0.654663
vn 0.708198 -0.218170 -0.671460
f 1977/6597/6597 1978/6598/6598 2058/6599/6599 2057/6600/6600
vt 2.729167 0.016686
vn -0.708198 0.110445 0.697322
vt 2.729167 0.000000
vn -0.708198 -0.000000 0.706014
vt 2.937500 0.000000
vn 0.708198 -0.000000 0.706014
vt 2.937500 0.016686
vn 0.708198 0.110445 0.697322
f 1938/6601/6601 1939/6602/6602 1979/6603/6603 1978/6604/6604
vt 2.729167 0.000000
vn -0.708198 0.000000 -0.706014
vt 2.729167 0.011733
vn -0.708198 -0.110445 -0.697322
vt 2.937500 0.011733
vn 0.708198 -0.110445 -0.697322
vt 2.937500 0.000000
vn 0.708198 0.000000 -0.706014
f 2019/6605/6605 2018/6606/6606 2058/6607/6607 2059/6608/6608
vt 0.000000 0.690000
vn -0.708198 -0.000000 0.706014
vt 0.016686 0.688687
vn -0.708198 0.110445 0.697322
vt 0.011733 0.657410
vn -0.708198 -0.110445 -0.697322
vt 0.000000 0.658333
vn -0.708198 0.000000 -0.706014
f 1939/6609/6609 1938/6610/6610 2018/6611/6611 2019/6612/6612
vt 0.016686 0.688687
vn 0.708198 0.110445 0.697322
vt 0.000000 0.690000
vn 0.708198 -0.000000 0.706014
vt 0.000000 0.658333
vn 0.708198 0.000000 -0.706014
vt 0.011733 0.657410
vn 0.708198 -0.110445 -0.697322
f 1978/6613/6613 1979/6614/6614 2059/6615/6615 2058/6616/6616
vt 2.729167 0.000000
vn -0.708198 -0.000000 0.706014
vt 2.729167 -0.016686
vn -0.708198 -0.110445 0.697322
vt 2.937500 -0.016686
vn 0.708198 -0.110445 0.697322
vt 2.937500 0.000000
vn 0.708198 -0.000000 0.706014
f 1939/6617/6617 1940/6618/6618 1980/6619/6619 1979/6620/6620
vt 2.729167 -0.011733
vn -0.708198 0.110445 -0.697322
vt 2.729167 0.000000
vn -0.708198 0.000000 -0.706014
vt 2.937500 0.000000
vn 0.708198 0.000000 -0.706014
vt 2.937500 -0.011733
vn 0.708198 0.110445 -0.697322
f 2020/6621/6621 2019/6622/6622 2059/6623/6623 2060/6624/6624
vt -0.016686 0.688687
vn -0.708198 -0.110445 0.697322
vt 0.000000 0.690000
vn -0.708198 -0.000000 0.706014
vt 0.000000 0.658333
vn -0.708198 0.000000 -0.706014
vt -0.011733 0.657410
vn -0.708198 0.110445 -0.697322
f 1940/6625/6625 1939/6626/6626 2019/6627/6627 2020/6628/6628
vt 0.000000 0.690000
vn 0.708198 -0.000000 0.706014
vt -0.016686 0.688687
vn 0.708198 -0.110445 0.697322
vt -0.011733 0.657410
vn 0.708198 0.110445 -0.697322
vt 0.000000 0.658333
vn 0.708198 0.000000 -0.706014
f 1979/6629/6629 1980/6630/6630 2060/6631/6631 2059/6632/6632
vt 2.729167 -0.016686
vn -0.708198 -0.110445 0.697322
vt 2.729167 -0.032962
vn -0.708198 -0.218170 0.671460
vt 2.937500 -0.032962
vn 0.708198 -0.218170 0.671460
vt 2.937500 -0.016686
vn 0.708198 -0.110445 0.697322
f 1940/6633/6633 1941/6634/6634 1981/6635/6635 1980/6636/6636
vt 2.729167 -0.023176
vn -0.708198 0.218170 -0.671460
vt 2.729167 -0.011733
vn -0.708198 0.110445 -0.697322
vt 2.937500 -0.011733
vn 0.708198 0.110445 -0.697322
vt 2.937500 -0.023176
vn 0.708198 0.218170 -0.671460
f 2021/6637/6637 2020/6638/6638 2060/6639/6639 2061/6640/6640
vt -0.032962 0.684779
vn -0.708198 -0.218170 0.671460
vt -0.016686 0.688687
vn -0.708198 -0.110445 0.697322
vt -0.011733 0.657410
vn -0.708198 0.110445 -0.697322
vt -0.023176 0.654663
vn -0.708198 0.218170 -0.671460
f 1941/6641/6641 1940/6642/6642 2020/6643/6643 2021/6644/6644
vt -0.016686 0.688687
vn 0.708198 -0.110445 0.697322
vt -0.032962 0.684779
vn 0.708198 -0.218170 0.671460
vt -0.023176 0.654663
vn 0.708198 0.218170 -0.671460
vt -0.011733 0.657410
vn 0.708198 0.110445 -0.697322
f 1980/6645/6645 1981/6646/6646 2061/6647/6647 2060/6648/6648
vt 2.729167 -0.032962
vn -0.708198 -0.218170 0.671460
vt 2.729167 -0.048426
vn -0.708198 -0.320524 0.629063
vt 2.937500 -0.048426
vn 0.708198 -0.320524 0.629063
vt 2.937500 -0.032962
vn 0.708198 -0.218170 0.671460
f 1941/6649/6649 1942/6650/6650 1982/6651/6651 1981/6652/6652
vt 2.729167 -0.034049
vn -0.708198 0.320524 -0.629063
vt 2.729167 -0.023176
vn -0.708198 0.218170 -0.671460
vt 2.937500 -0.023176
vn 0.708198 0.218170 -0.671460
vt 2.937500 -0.034049
vn 0.708198 0.320524 -0.629063
f 2022/6653/6653 2021/6654/6654 2061/6655/6655 2062/6656/6656
vt -0.048426 0.678374
vn -0.708198 -0.320524 0.629063
vt -0.032962 0.684779
vn -0.708198 -0.218170 0.671460
vt -0.023176 0.654663
vn -0.708198 0.218170 -0.671460
vt -0.034049 0.650159
vn -0.708198 0.320524 -0.629063
f 1942/6657/6657 1941/6658/6658 2021/6659/6659 2022/6660/6660
vt -0.032962 0.684779
vn 0.708198 -0.218170 0.671460
vt -0.048426 0.678374
vn 0.708198 -0.320524 0.629063
vt -0.034049 0.650159
vn 0.708198 0.320524 -0.629063
vt -0.023176 0.654663
vn 0.708198 0.218170 -0.671460
f 1981/6661/6661 1982/6662/6662 2062/6663/6663 2061/6664/6664
vt 2.729167 -0.048426
vn -0.708198 -0.320524 0.629063
vt 2.729167 -0.062697
vn -0.708198 -0.414985 0.571178
vt 2.937500 -0.062697
vn 0.708198 -0.414985 0.571178
vt 2.937500 -0.048426
vn 0.708198 -0.320524 0.629063
f 1942/6665/6665 1943/6666/6666 1983/6667/6667 1982/6668/6668
vt 2.729167 -0.044084
vn -0.708198 0.414985 -0.571178
vt 2.729167 -0.034049
vn -0.708198 0.320524 -0.629063
vt 2.937500 -0.034049
vn 0.708198 0.320524 -0.629063
vt 2.937500 -0.044084
vn 0.708198 0.414985 -0.571178
f 2023/6669/6669 2022/6670/6670 2062/6671/6671 2063/6672/6672
vt -0.062697 0.669628
vn -0.708198 -0.414985 0.571178
vt -0.048426 0.678374
vn -0.708198 -0.320524 0.629063
vt -0.034049 0.650159
vn -0.708198 0.320524 -0.629063
vt -0.044084 0.644010
vn -0.708198 0.414985 -0.571178
f 1943/6673/6673 1942/6674/6674 2022/6675/6675 2023/6676/6676
vt -0.048426 0.678374
vn 0.708198 -0.320524 0.629063
vt -0.062697 0.669628
vn 0.708198 -0.414985 0.571178
vt -0.044084 0.644010
vn 0.708198 0.414985 -0.571178
vt -0.034049 0.650159
vn 0.708198 0.320524 -0.629063
f 1982/6677/6677 1983/6678/6678 2063/6679/6679 2062/6680/6680
vt 2.729167 -0.062697
vn -0.708198 -0.414985 0.571178
vt 2.729167 -0.075425
vn -0.708198 -0.499228 0.499228
vt 2.937500 -0.075425
vn 0.708198 -0.499228 0.499228
vt 2.937500 -0.062697
vn 0.708198 -0.414985 0.571178
f 1943/6681/6681 1944/6682/6682 1984/6683/6683 1983/6684/6684
vt 2.729167 -0.053033
vn -0.708198 0.499228 -0.499228
vt 2.729167 -0.044084
vn -0.708198 0.414985 -0.571178
vt 2.937500 -0.044084
vn 0.708198 0.414985 -0.571178
vt 2.937500 -0.053033
vn 0.708198 0.499228 -0.499228
f 2024/6685/6685 2023/6686/6686 2063/6687/6687 2064/6688/6688
vt -0.075425 0.658758
vn -0.708198 -0.499228 0.499228
vt -0.062697 0.669628
vn -0.708198 -0.414985 0.571178
vt -0.044084 0.644010
vn -0.708198 0.414985 -0.571178
vt -0.053033 0.636366
vn -0.708198 0.499228 -0.499228
f 1944/6689/6689 1943/6690/6690 2023/6691/6691 2024/6692/6692
vt -0.062697 0.669628
vn 0.708198 -0.414985 0.571178
vt -0.075425 0.658758
vn 0.708198 -0.499228 0.499228
vt -0.053033 0.636366
vn 0.708198 0.499228 -0.499228
vt -0.044084 0.644010
vn 0.708198 0.414985 -0.571178
f 1983/6693/6693 1984/6694/6694 2064/6695/6695 2063/6696/6696
vt 2.729167 0.658758
vn -0.708198 -0.499228 0.499228
vt 2.729167 0.646030
vn -0.708198 -0.571178 0.414985
vt 2.937500 0.646030
vn 0.708198 -0.571178 0.414985
vt 2.937500 0.658758
vn 0.708198 -0.499228 0.499228
f 1944/6697/6697 1945/6698/6698 1985/6699/6699 1984/6700/6700
vt 2.729167 0.627417
vn -0.708198 0.571178 -0.414985
vt 2.729167 0.636366
vn -0.708198 0.499228 -0.499228
vt 2.937500 0.636366
vn 0.708198 0.499228 -0.499228
vt 2.937500 0.627417
vn 0.708198 0.571178 -0.414985
f 2025/6701/6701 2024/6702/6702 2064/6703/6703 2065/6704/6704
vt -0.086295 0.646030
vn -0.708198 -0.571178 0.414985
vt -0.075425 0.658758
vn -0.708198 -0.499228 0.499228
vt -0.053033 0.636366
vn -0.708198 0.499228 -0.499228
vt -0.060676 0.627417
vn -0.708198 0.571178 -0.414985
f 1945/6705/6705 1944/6706/6706 2024/6707/6707 2025/6708/6708
vt -0.075425 0.658758
vn 0.708198 -0.499228 0.499228
vt -0.086295 0.646030
vn 0.708198 -0.571178 0.414985
vt -0.060676 0.627417
vn 0.708198 0.571178 -0.414985
vt -0.053033 0.636366
vn 0.708198 0.499228 -0.499228
f 1984/6709/6709 1985/6710/6710 2065/6711/6711 2064/6712/6712
vt 2.729167 0.646030
vn -0.708198 -0.571178 0.414985
vt 2.729167 0.631759
vn -0.708198 -0.629063 0.320524
vt 2.937500 0.631759
vn 0.708198 -0.629063 0.320524
vt 2.937500 0.646030
vn 0.708198 -0.571178 0.414985
f 1945/6713/6713 1946/6714/6714 1986/6715/6715 1985/6716/6716
vt 2.729167 0.617383
vn -0.708198 0.629063 -0.320524
vt 2.729167 0.627417
vn -0.708198 0.571178 -0.414985
vt 2.937500 0.627417
vn 0.708198 0.571178 -0.414985
vt 2.937500 0.617383
vn 0.708198 0.629063 -0.320524
f 2026/6717/6717 2025/6718/6718 2065/6719/6719 2066/6720/6720
vt -0.095041 0.631759
vn -0.708198 -0.629063 0.320524
vt -0.086295 0.646030
vn -0.708198 -0.571178 0.414985
vt -0.060676 0.627417
vn -0.708198 0.571178 -0.414985
vt -0.066825 0.617383
vn -0.708198 0.629063 -0.320524
f 1946/6721/6721 1945/6722/6722 2025/6723/6723 2026/6724/6724
vt -0.086295 0.646030
vn 0.708198 -0.571178 0.414985
vt -0.095041 0.631759
vn 0.708198 -0.629063 0.320524
vt -0.066825 0.617383
vn 0.708198 0.629063 -0.320524
vt -0.060676 0.627417
vn 0.708198 0.571178 -0.414985
f 1985/6725/6725 1986/6726/6726 2066/6727/6727 2065/6728/6728
vt 2.729167 0.631759
vn -0.708198 -0.629063 0.320524
vt 2.729167 0.616295
vn -0.708198 -0.671460 0.218170
vt 2.937500 0.616295
vn 0.708198 -0.671460 0.218170
vt 2.937500 0.631759
vn 0.708198 -0.629063 0.320524
f 1946/6729/6729 1947/6730/6730 1987/6731/6731 1986/6732/6732
vt 2.729167 0.606510
vn -0.708198 0.671460 -0.218170
vt 2.729167 0.617383
vn -0.708198 0.629063 -0.320524
vt 2.937500 0.617383
vn 0.708198 0.629063 -0.320524
vt 2.937500 0.606510
vn 0.708198 0.671460 -0.218170
f 2027/6733/6733 2026/6734/6734 2066/6735/6735 2067/6736/6736
vt -0.101446 0.616295
vn -0.708198 -0.671460 0.218170
vt -0.095041 0.631759
vn -0.708198 -0.629063 0.320524
vt -0.066825 0.617383
vn -0.708198 0.629063 -0.320524
vt -0.071329 0.606510
vn -0.708198 0.671460 -0.218170
f 1947/6737/6737 1946/6738/6738 2026/6739/6739 2027/6740/6740
vt -0.095041 0.631759
vn 0.708198 -0.629063 0.320524
vt -0.101446 0.616295
vn 0.708198 -0.671460 0.218170
vt -0.071329 0.606510
vn 0.708198 0.671460 -0.218170
vt -0.066825 0.617383
vn 0.708198 0.629063 -0.320524
f 1986/6741/6741 1987/6742/6742 2067/6743/6743 2066/6744/6744
vt 2.729167 0.616295
vn -0.708198 -0.671460 0.218170
vt 2.729167 0.600020
vn -0.708198 -0.697322 0.110445
vt 2.937500 0.600020
vn 0.708198 -0.697322 0.110445
vt 2.937500 0.616295
vn 0.708198 -0.671460 0.218170
f 1947/6745/6745 1948/6746/6746 1988/6747/6747 1987/6748/6748
vt 2.729167 0.595066
vn -0.708198 0.697322 -0.110445
vt 2.729167 0.606510
vn -0.708198 0.671460 -0.218170
vt 2.937500 0.606510
vn 0.708198 0.671460 -0.218170
vt 2.937500 0.595066
vn 0.708198 0.697322 -0.110445
f 2028/6749/6749 2027/6750/6750 2067/6751/6751 2068/6752/6752
vt -0.105353 0.600020
vn -0.708198 -0.697322 0.110445
vt -0.101446 0.616295
vn -0.708198 -0.671460 0.218170
vt -0.071329 0.606510
vn -0.708198 0.671460 -0.218170
vt -0.074077 0.595066
vn -0.708198 0.697322 -0.110445
f 1948/6753/6753 1947/6754/6754 2027/6755/6755 2028/6756/6756
vt -0.101446 0.616295
vn 0.708198 -0.671460 0.218170
vt -0.105353 0.600020
vn 0.708198 -0.697322 0.110445
vt -0.074077 0.595066
vn 0.708198 0.697322 -0.110445
vt -0.071329 0.606510
vn 0.708198 0.671460 -0.218170
f 1987/6757/6757 1988/6758/6758 2068/6759/6759 2067/6760/6760
vt 2.729167 0.600020
vn -0.708198 -0.697322 0.110445
vt 2.729167 0.583333
vn -0.708198 -0.706014 0.000000
vt 2.937500 0.583333
vn 0.708198 -0.706014 0.000000
vt 2.937500 0.600020
vn 0.708198 -0.697322 0.110445
f 1948/6761/6761 1949/6762/6762 1989/6763/6763 1988/6764/6764
vt 2.729167 0.583333
vn -0.708198 0.706014 -0.000000
vt 2.729167 0.595066
vn -0.708198 0.697322 -0.110445
vt 2.937500 0.595066
vn 0.708198 0.697322 -0.110445
vt 2.937500 0.583333
vn 0.708198 0.706014 -0.000000
f 2029/6765/6765 2028/6766/6766 2068/6767/6767 2069/6768/6768
vt -0.106667 0.583333
vn -0.708198 -0.706014 0.000000
vt -0.105353 0.600020
vn -0.708198 -0.697322 0.110445
vt -0.074077 0.595066
vn -0.708198 0.697322 -0.110445
vt -0.075000 0.583333
vn -0.708198 0.706014 -0.000000
f 1949/6769/6769 1948/6770/6770 2028/6771/6771 2029/6772/6772
vt -0.105353 0.600020
vn 0.708198 -0.697322 0.110445
vt -0.106667 0.583333
vn 0.708198 -0.706014 0.000000
vt -0.075000 0.583333
vn 0.708198 0.706014 -0.000000
vt -0.074077 0.595066
vn 0.708198 0.697322 -0.110445
f 1988/6773/6773 1989/6774/6774 2069/6775/6775 2068/6776/6776
vt 2.729167 0.583333
vn -0.708198 -0.706014 0.000000
vt 2.729167 0.566647
vn -0.708198 -0.697322 -0.110445
vt 2.937500 0.566647
vn 0.708198 -0.697322 -0.110445
vt 2.937500 0.583333
vn 0.708198 -0.706014 0.000000
f 1949/6777/6777 1950/6778/6778 1990/6779/6779 1989/6780/6780
vt 2.729167 0.571601
vn -0.708198 0.697322 0.110445
vt 2.729167 0.583333
vn -0.708198 0.706014 -0.000000
vt 2.937500 0.583333
vn 0.708198 0.706014 -0.000000
vt 2.937500 0.571601
vn 0.708198 0.697322 0.110445
f 2030/6781/6781 2029/6782/6782 2069/6783/6783 2070/6784/6784
vt -0.105353 0.566647
vn -0.708198 -0.697322 -0.110445
vt -0.106667 0.583333
vn -0.708198 -0.706014 0.000000
vt -0.075000 0.583333
vn -0.708198 0.706014 -0.000000
vt -0.074077 0.571601
vn -0.708198 0.697322 0.110445
f 1950/6785/6785 1949/6786/6786 2029/6787/6787 2030/6788/6788
vt -0.106667 0.583333
vn 0.708198 -0.706014 0.000000
vt -0.105353 0.566647
vn 0.708198 -0.697322 -0.110445
vt -0.074077 0.571601
vn 0.708198 0.697322 0.110445
vt -0.075000 0.583333
vn 0.708198 0.706014 -0.000000
f 1989/6789/6789 1990/6790/6790 2070/6791/6791 2069/6792/6792
vt 2.729167 0.566647
vn -0.708198 -0.697322 -0.110445
vt 2.729167 0.550372
vn -0.708198 -0.671460 -0.218170
vt 2.937500 0.550372
vn 0.708198 -0.671460 -0.218170
vt 2.937500 0.566647
vn 0.708198 -0.697322 -0.110445
f 1950/6793/6793 1951/6794/6794 1991/6795/6795 1990/6796/6796
vt 2.729167 0.560157
vn -0.708198 0.671460 0.218170
vt 2.729167 0.571601
vn -0.708198 0.697322 0.110445
vt 2.937500 0.571601
vn 0.708198 0.697322 0.110445
vt 2.937500 0.560157
vn 0.708198 0.671460 0.218170
f 2031/6797/6797 2030/6798/6798 2070/6799/6799 2071/6800/6800
vt -0.101446 0.550372
vn -0.708198 -0.671460 -0.218170
vt -0.105353 0.566647
vn -0.708198 -0.697322 -0.110445
vt -0.074077 0.571601
vn -0.708198 0.697322 0.110445
vt -0.071329 0.560157
vn -0.708198 0.671460 0.218170
f 1951/6801/6801 1950/6802/6802 2030/6803/6803 2031/6804/6804
vt -0.105353 0.566647
vn 0.708198 -0.697322 -0.110445
vt -0.101446 0.550372
vn 0.708198 -0.671460 -0.218170
vt -0.071329 0.560157
vn 0.708198 0.671460 0.218170
vt -0.074077 0.571601
vn 0.708198 0.697322 0.110445
f 1990/6805/6805 1991/6806/6806 2071/6807/6807 2070/6808/6808
vt 2.729167 0.550372
vn -0.708198 -0.671460 -0.218170
vt 2.729167 0.534908
vn -0.708198 -0.629063 -0.320524
vt 2.937500 0.534908
vn 0.708198 -0.629063 -0.320524
vt 2.937500 0.550372
vn 0.708198 -0.671460 -0.218170
f 1951/6809/6809 1952/6810/6810 1992/6811/6811 1991/6812/6812
vt 2.729167 0.549284
vn -0.708198 0.629063 0.320524
vt 2.729167 0.560157
vn -0.708198 0.671460 0.218170
vt 2.937500 0.560157
vn 0.708198 0.671460 0.218170
vt 2.937500 0.549284
vn 0.708198 0.629063 0.320524
f 2032/6813/6813 2031/6814/6814 2071/6815/6815 2072/6816/6816
vt -0.095041 0.534908
vn -0.708198 -0.629063 -0.320524
vt -0.101446 0.550372
vn -0.708198 -0.671460 -0.218170
vt -0.071329 0.560157
vn -0.708198 0.671460 0.218170
vt -0.066825 0.549284
vn -0.708198 0.629063 0.320524
f 1952/6817/6817 1951/6818/6818 2031/6819/6819 2032/6820/6820
vt -0.101446 0.550372
vn 0.708198 -0.671460 -0.218170
vt -0.095041 0.534908
vn 0.708198 -0.629063 -0.320524
vt -0.066825 0.549284
vn 0.708198 0.629063 0.320524
vt -0.071329 0.560157
vn 0.708198 0.671460 0.218170
f 1991/6821/6821 1992/6822/6822 2072/6823/6823 2071/6824/6824
vt 2.729167 0.534908
vn -0.708198 -0.629063 -0.320524
vt 2.729167 0.520636
vn -0.708198 -0.571178 -0.414985
vt 2.937500 0.520636
vn 0.708198 -0.571178 -0.414985
vt 2.937500 0.534908
vn 0.708198 -0.629063 -0.320524
f 1952/6825/6825 1953/6826/6826 1993/6827/6827 1992/6828/6828
vt 2.729167 0.539249
vn -0.708198 0.571178 0.414985
vt 2.729167 0.549284
vn -0.708198 0.629063 0.320524
vt 2.937500 0.549284
vn 0.708198 0.629063 0.320524
vt 2.937500 0.539249
vn 0.708198 0.571178 0.414985
f 2033/6829/6829 2032/6830/6830 2072/6831/6831 2073/6832/6832
vt -0.086295 0.520636
vn -0.708198 -0.571178 -0.414985
vt -0.095041 0.534908
vn -0.708198 -0.629063 -0.320524
vt -0.066825 0.549284
vn -0.708198 0.629063 0.320524
vt -0.060676 0.539249
vn -0.708198 0.571178 0.414985
f 1953/6833/6833 1952/6834/6834 2032/6835/6835 2033/6836/6836
vt -0.095041 0.534908
vn 0.708198 -0.629063 -0.320524
vt -0.086295 0.520636
vn 0.708198 -0.571178 -0.414985
vt -0.060676 0.539249
vn 0.708198 0.571178 0.414985
vt -0.066825 0.549284
vn 0.708198 0.629063 0.320524
f 1992/6837/6837 1993/6838/6838 2073/6839/6839 2072/6840/6840
vt 2.729167 0.520636
vn -0.708198 -0.571178 -0.414985
vt 2.729167 0.507909
vn -0.708198 -0.499228 -0.499228
vt 2.937500 0.507909
vn 0.708198 -0.499228 -0.499228
vt 2.937500 0.520636
vn 0.708198 -0.571178 -0.414985
f 1953/6841/6841 1954/6842/6842 1994/6843/6843 1993/6844/6844
vt 2.729167 0.530300
vn -0.708198 0.499228 0.499228
vt 2.729167 0.539249
vn -0.708198 0.571178 0.414985
vt 2.937500 0.539249
vn 0.708198 0.571178 0.414985
vt 2.937500 0.530300
vn 0.708198 0.499228 0.499228
f 2034/6845/6845 2033/6846/6846 2073/6847/6847 2074/6848/6848
vt -0.075425 0.507909
vn -0.708198 -0.499228 -0.499228
vt -0.086295 0.520636
vn -0.708198 -0.571178 -0.414985
vt -0.060676 0.539249
vn -0.708198 0.571178 0.414985
vt -0.053033 0.530300
vn -0.708198 0.499228 0.499228
f 1954/6849/6849 1953/6850/6850 2033/6851/6851 2034/6852/6852
vt -0.086295 0.520636
vn 0.708198 -0.571178 -0.414985
vt -0.075425 0.507909
vn 0.708198 -0.499228 -0.499228
vt -0.053033 0.530300
vn 0.708198 0.499228 0.499228
vt -0.060676 0.539249
vn 0.708198 0.571178 0.414985
f 1993/6853/6853 1994/6854/6854 2074/6855/6855 2073/6856/6856
vt 2.729167 -0.075425
vn -0.708198 -0.499228 -0.499228
vt 2.729167 -0.062697
vn -0.708198 -0.414985 -0.571178
vt 2.937500 -0.062697
vn 0.708198 -0.414985 -0.571178
vt 2.937500 -0.075425
vn 0.708198 -0.499228 -0.499228
f 1954/6857/6857 1955/6858/6858 1995/6859/6859 1994/6860/6860
vt 2.729167 -0.044084
vn -0.708198 0.414985 0.571178
vt 2.729167 -0.053033
vn -0.708198 0.499228 0.499228
vt 2.937500 -0.053033
vn 0.708198 0.499228 0.499228
vt 2.937500 -0.044084
vn 0.708198 0.414985 0.571178
f 2035/6861/6861 2034/6862/6862 2074/6863/6863 2075/6864/6864
vt -0.062697 0.497038
vn -0.708198 -0.414985 -0.571178
vt -0.075425 0.507909
vn -0.708198 -0.499228 -0.499228
vt -0.053033 0.530300
vn -0.708198 0.499228 0.499228
vt -0.044084 0.522657
vn -0.708198 0.414985 0.571178
f 1955/6865/6865 1954/6866/6866 2034/6867/6867 2035/6868/6868
vt -0.075425 0.507909
vn 0.708198 -0.499228 -0.499228
vt -0.062697 0.497038
vn 0.708198 -0.414985 -0.571178
vt -0.044084 0.522657
vn 0.708198 0.414985 0.571178
vt -0.053033 0.530300
vn 0.708198 0.499228 0.499228
f 1994/6869/6869 1995/6870/6870 2075/6871/6871 2074/6872/6872
vt 2.729167 -0.062697
vn -0.708198 -0.414985 -0.571178
vt 2.729167 -0.048426
vn -0.708198 -0.320524 -0.629063
vt 2.937500 -0.048426
vn 0.708198 -0.320524 -0.629063
vt 2.937500 -0.062697
vn 0.708198 -0.414985 -0.571178
f 1955/6873/6873 1956/6874/6874 1996/6875/6875 1995/6876/6876
vt 2.729167 -0.034049
vn -0.708198 0.320524 0.629063
vt 2.729167 -0.044084
vn -0.708198 0.414985 0.571178
vt 2.937500 -0.044084
vn 0.708198 0.414985 0.571178
vt 2.937500 -0.034049
vn 0.708198 0.320524 0.629063
f 2036/6877/6877 2035/6878/6878 2075/6879/6879 2076/6880/6880
vt -0.048426 0.488293
vn -0.708198 -0.320524 -0.629063
vt -0.062697 0.497038
vn -0.708198 -0.414985 -0.571178
vt -0.044084 0.522657
vn -0.708198 0.414985 0.571178
vt -0.034049 0.516508
vn -0.708198 0.320524 0.629063
f 1956/6881/6881 1955/6882/6882 2035/6883/6883 2036/6884/6884
vt -0.062697 0.497038
vn 0.708198 -0.414985 -0.571178
vt -0.048426 0.488293
vn 0.708198 -0.320524 -0.629063
vt -0.034049 0.516508
vn 0.708198 0.320524 0.629063
vt -0.044084 0.522657
vn 0.708198 0.414985 0.571178
f 1995/6885/6885 1996/6886/6886 2076/6887/6887 2075/6888/6888
vt 2.729167 -0.048426
vn -0.708198 -0.320524 -0.629063
vt 2.729167 -0.032962
vn -0.708198 -0.218170 -0.671460
vt 2.937500 -0.032962
vn 0.708198 -0.218170 -0.671460
vt 2.937500 -0.048426
vn 0.708198 -0.320524 -0.629063
f 1956/6889/6889 1957/6890/6890 1997/6891/6891 1996/6892/6892
vt 2.729167 -0.023176
vn -0.708198 0.218170 0.671460
vt 2.729167 -0.034049
vn -0.708198 0.320524 0.629063
vt 2.937500 -0.034049
vn 0.708198 0.320524 0.629063
vt 2.937500 -0.023176
vn 0.708198 0.218170 0.671460
f 2037/6893/6893 2036/6894/6894 2076/6895/6895 2077/6896/6896
vt -0.032962 0.481887
vn -0.708198 -0.218170 -0.671460
vt -0.048426 0.488293
vn -0.708198 -0.320524 -0.629063
vt -0.034049 0.516508
vn -0.708198 0.320524 0.629063
vt -0.023176 0.512004
vn -0.708198 0.218170 0.671460
f 1957/6897/6897 1956/6898/6898 2036/6899/6899 2037/6900/6900
vt -0.048426 0.488293
vn 0.708198 -0.320524 -0.629063
vt -0.032962 0.481887
vn 0.708198 -0.218170 -0.671460
vt -0.023176 0.512004
vn 0.708198 0.218170 0.671460
vt -0.034049 0.516508
vn 0.708198 0.320524 0.629063
f 1996/6901/6901 1997/6902/6902 2077/6903/6903 2076/6904/6904
vt 2.729167 -0.032962
vn -0.708198 -0.218170 -0.671460
vt 2.729167 -0.016686
vn -0.708198 -0.110445 -0.697322
vt 2.937500 -0.016686
vn 0.708198 -0.110445 -0.697322
vt 2.937500 -0.032962
vn 0.708198 -0.218170 -0.671460
f 1957/6905/6905 1958/6906/6906 1998/6907/6907 1997/6908/6908
vt 2.729167 -0.011733
vn -0.708198 0.110445 0.697322
vt 2.729167 -0.023176
vn -0.708198 0.218170 0.671460
vt 2.937500 -0.023176
vn 0.708198 0.218170 0.671460
vt 2.937500 -0.011733
vn 0.708198 0.110445 0.697322
f 2038/6909/6909 2037/6910/6910 2077/6911/6911 2078/6912/6912
vt -0.016686 0.477980
vn -0.708198 -0.110445 -0.697322
vt -0.032962 0.481887
vn -0.708198 -0.218170 -0.671460
vt -0.023176 0.512004
vn -0.708198 0.218170 0.671460
vt -0.011733 0.509257
vn -0.708198 0.110445 0.697322
f 1958/6913/6913 1957/6914/6914 2037/6915/6915 2038/6916/6916
vt -0.032962 0.481887
vn 0.708198 -0.218170 -0.671460
vt -0.016686 0.477980
vn 0.708198 -0.110445 -0.697322
vt -0.011733 0.509257
vn 0.708198 0.110445 0.697322
vt -0.023176 0.512004
vn 0.708198 0.218170 0.671460
f 1997/6917/6917 1998/6918/6918 2078/6919/6919 2077/6920/6920
vt 2.729167 -0.016686
vn -0.708198 -0.110445 -0.697322
vt 2.729167 -0.000000
vn -0.708198 -0.000000 -0.706014
vt 2.937500 -0.000000
vn 0.708198 -0.000000 -0.706014
vt 2.937500 -0.016686
vn 0.708198 -0.110445 -0.697322
f 1958/6921/6921 1959/6922/6922 1999/6923/6923 1998/6924/6924
vt 2.729167 -0.000000
vn -0.708198 0.000000 0.706014
vt 2.729167 -0.011733
vn -0.708198 0.110445 0.697322
vt 2.937500 -0.011733
vn 0.708198 0.110445 0.697322
vt 2.937500 -0.000000
vn 0.708198 0.000000 0.706014
f 2039/6925/6925 2038/6926/6926 2078/6927/6927 2079/6928/6928
vt -0.000000 0.476667
vn -0.708198 -0.000000 -0.706014
vt -0.016686 0.477980
vn -0.708198 -0.110445 -0.697322
vt -0.011733 0.509257
vn -0.708198 0.110445 0.697322
vt -0.000000 0.508333
vn -0.708198 0.000000 0.706014
f 1959/6929/6929 1958/6930/6930 2038/6931/6931 2039/6932/6932
vt -0.016686 0.477980
vn 0.708198 -0.110445 -0.697322
vt -0.000000 0.476667
vn 0.708198 -0.000000 -0.706014
vt -0.000000 0.508333
vn 0.708198 0.000000 0.706014
vt -0.011733 0.509257
vn 0.708198 0.110445 0.697322
f 1998/6933/6933 1999/6934/6934 2079/6935/6935 2078/6936/6936
vt 2.729167 -0.000000
vn -0.708198 -0.000000 -0.706014
vt 2.729167 0.016686
vn -0.708198 0.110445 -0.697322
vt 2.937500 0.016686
vn 0.708198 0.110445 -0.697322
vt 2.937500 -0.000000
vn 0.708198 -0.000000 -0.706014
f 1959/6937/6937 1960/6938/6938 2000/6939/6939 1999/6940/6940
vt 2.729167 0.011733
vn -0.708198 -0.110445 0.697322
vt 2.729167 -0.000000
vn -0.708198 0.000000 0.706014
vt 2.937500 -0.000000
vn 0.708198 0.000000 0.706014
vt 2.937500 0.011733
vn 0.708198 -0.110445 0.697322
f 2040/6941/6941 2039/6942/6942 2079/6943/6943 2080/6944/6944
vt 0.016686 0.477980
vn -0.708198 0.110445 -0.697322
vt -0.000000 0.476667
vn -0.708198 -0.000000 -0.706014
vt -0.000000 0.508333
vn -0.708198 0.000000 0.706014
vt 0.011733 0.509257
vn -0.708198 -0.110445 0.697322
f 1960/6945/6945 1959/6946/6946 2039/6947/6947 2040/6948/6948
vt -0.000000 0.476667
vn 0.708198 -0.000000 -0.706014
vt 0.016686 0.477980
vn 0.708198 0.110445 -0.697322
vt 0.011733 0.509257
vn 0.708198 -0.110445 0.697322
vt -0.000000 0.508333
vn 0.708198 0.000000 0.706014
f 1999/6949/6949 2000/6950/6950 2080/6951/6951 2079/6952/6952
vt 2.729167 0.016686
vn -0.708198 0.110445 -0.697322
vt 2.729167 0.032962
vn -0.708198 0.218170 -0.671460
vt 2.937500 0.032962
vn 0.708198 0.218170 -0.671460
vt 2.937500 0.016686
vn 0.708198 0.110445 -0.697322
f 1960/6953/6953 1961/6954/6954 2001/6955/6955 2000/6956/6956
vt 2.729167 0.023176
vn -0.708198 -0.218170 0.671460
vt 2.729167 0.011733
vn -0.708198 -0.110445 0.697322
vt 2.937500 0.011733
vn 0.708198 -0.110445 0.697322
vt 2.937500 0.023176
vn 0.708198 -0.218170 0.671460
f 2041/6957/6957 2040/6958/6958 2080/6959/6959 2081/6960/6960
vt 0.032962 0.481887
vn -0.708198 0.218170 -0.671460
vt 0.016686 0.477980
vn -0.708198 0.110445 -0.697322
vt 0.011733 0.509257
vn -0.708198 -0.110445 0.697322
vt 0.023176 0.512004
vn -0.708198 -0.218170 0.671460
f 1961/6961/6961 1960/6962/6962 2040/6963/6963 2041/6964/6964
vt 0.016686 0.477980
vn 0.708198 0.110445 -0.697322
vt 0.032962 0.481887
vn 0.708198 0.218170 -0.671460
vt 0.023176 0.512004
vn 0.708198 -0.218170 0.671460
vt 0.011733 0.509257
vn 0.708198 -0.110445 0.697322
f 2000/6965/6965 2001/6966/6966 2081/6967/6967 2080/6968/6968
vt 2.729167 0.032962
vn -0.708198 0.218170 -0.671460
vt 2.729167 0.048426
vn -0.708198 0.320524 -0.629063
vt 2.937500 0.048426
vn 0.708198 0.320524 -0.629063
vt 2.937500 0.032962
vn 0.708198 0.218170 -0.671460
f 1961/6969/6969 1962/6970/6970 2002/6971/6971 2001/6972/6972
vt 2.729167 0.034049
vn -0.708198 -0.320524 0.629063
vt 2.729167 0.023176
vn -0.708198 -0.218170 0.671460
vt 2.937500 0.023176
vn 0.708198 -0.218170 0.671460
vt 2.937500 0.034049
vn 0.708198 -0.320524 0.629063
f 2042/6973/6973 2041/6974/6974 2081/6975/6975 2082/6976/6976
vt 0.048426 0.488293
vn -0.708198 0.320524 -0.629063
vt 0.032962 0.481887
vn -0.708198 0.218170 -0.671460
vt 0.023176 0.512004
vn -0.708198 -0.218170 0.671460
vt 0.034049 0.516508
vn -0.708198 -0.320524 0.629063
f 1962/6977/6977 1961/6978/6978 2041/6979/6979 2042/6980/6980
vt 0.032962 0.481887
vn 0.708198 0.218170 -0.671460
vt 0.048426 0.488293
vn 0.708198 0.320524 -0.629063
vt 0.034049 0.516508
vn 0.708198 -0.320524 0.629063
vt 0.023176 0.512004
vn 0.708198 -0.218170 0.671460
f 2001/6981/6981 2002/6982/6982 2082/6983/6983 2081/6984/6984
vt 2.729167 0.048426
vn -0.708198 0.320524 -0.629063
vt 2.729167 0.062697
vn -0.708198 0.414985 -0.571178
vt 2.937500 0.062697
vn 0.708198 0.414985 -0.571178
vt 2.937500 0.048426
vn 0.708198 0.320524 -0.629063
f 1962/6985/6985 1963/6986/6986 2003/6987/6987 2002/6988/6988
vt 2.729167 0.044084
vn -0.708198 -0.414985 0.571178
vt 2.729167 0.034049
vn -0.708198 -0.320524 0.629063
vt 2.937500 0.034049
vn 0.708198 -0.320524 0.629063
vt 2.937500 0.044084
vn 0.708198 -0.414985 0.571178
f 2043/6989/6989 2042/6990/6990 2082/6991/6991 2083/6992/6992
vt 0.062697 0.497038
vn -0.708198 0.414985 -0.571178
vt 0.048426 0.488293
vn -0.708198 0.320524 -0.629063
vt 0.034049 0.516508
vn -0.708198 -0.320524 0.629063
vt 0.044084 0.522657
vn -0.708198 -0.414985 0.571178
f 1963/6993/6993 1962/6994/6994 2042/6995/6995 2043/6996/6996
vt 0.048426 0.488293
vn 0.708198 0.320524 -0.629063
vt 0.062697 0.497038
vn 0.708198 0.414985 -0.571178
vt 0.044084 0.522657
vn 0.708198 -0.414985 0.571178
vt 0.034049 0.516508
vn 0.708198 -0.320524 0.629063
f 2002/6997/6997 2003/6998/6998 2083/6999/6999 2082/7000/7000
vt 2.729167 0.062697
vn -0.708198 0.414985 -0.571178
vt 2.729167 0.075425
vn -0.708198 0.499228 -0.499228
vt 2.937500 0.075425
vn 0.708198 0.499228 -0.499228
vt 2.937500 0.062697
vn 0.708198 0.414985 -0.571178
f 1963/7001/7001 1964/7002/7002 2004/7003/7003 2003/7004/7004
vt 2.729167 0.053033
vn -0.708198 -0.499228 0.499228
vt 2.729167 0.044084
vn -0.708198 -0.414985 0.571178
vt 2.937500 0.044084
vn 0.708198 -0.414985 0.571178
vt 2.937500 0.053033
vn 0.708198 -0.499228 0.499228
f 2044/7005/7005 2043/7006/7006 2083/7007/7007 2084/7008/7008
vt 0.075425 0.507909
vn -0.708198 0.499228 -0.499228
vt 0.062697 0.497038
vn -0.708198 0.414985 -0.571178
vt 0.044084 0.522657
vn -0.708198 -0.414985 0.571178
vt 0.053033 0.530300
vn -0.708198 -0.499228 0.499228
f 1964/7009/7009 1963/7010/7010 2043/7011/7011 2044/7012/7012
vt 0.062697 0.497038
vn 0.708198 0.414985 -0.571178
vt 0.075425 0.507909
vn 0.708198 0.499228 -0.499228
vt 0.053033 0.530300
vn 0.708198 -0.499228 0.499228
vt 0.044084 0.522657
vn 0.708198 -0.414985 0.571178
f 2003/7013/7013 2004/7014/7014 2084/7015/7015 2083/7016/7016
vt 2.729167 0.507909
vn -0.708198 0.499228 -0.499228
vt 2.729167 0.520636
vn -0.708198 0.571178 -0.414985
vt 2.937500 0.520636
vn 0.708198 0.571178 -0.414985
vt 2.937500 0.507909
vn 0.708198 0.499228 -0.499228
f 1964/7017/7017 1965/7018/7018 2005/7019/7019 2004/7020/7020
vt 2.729167 0.539249
vn -0.708198 -0.571178 0.414985
vt 2.729167 0.530300
vn -0.708198 -0.499228 0.499228
vt 2.937500 0.530300
vn 0.708198 -0.499228 0.499228
vt 2.937500 0.539249
vn 0.708198 -0.571178 0.414985
f 2045/7021/7021 2044/7022/7022 2084/7023/7023 2085/7024/7024
vt 0.086295 0.520636
vn -0.708198 0.571178 -0.414985
vt 0.075425 0.507909
vn -0.708198 0.499228 -0.499228
vt 0.053033 0.530300
vn -0.708198 -0.499228 0.499228
vt 0.060676 0.539249
vn -0.708198 -0.571178 0.414985
f 1965/7025/7025 1964/7026/7026 2044/7027/7027 2045/7028/7028
vt 0.075425 0.507909
vn 0.708198 0.499228 -0.499228
vt 0.086295 0.520636
vn 0.708198 0.571178 -0.414985
vt 0.060676 0.539249
vn 0.708198 -0.571178 0.414985
vt 0.053033 0.530300
vn 0.708198 -0.499228 0.499228
f 2004/7029/7029 2005/7030/7030 2085/7031/7031 2084/7032/7032
vt 2.729167 0.520636
vn -0.708198 0.571178 -0.414985
vt 2.729167 0.534908
vn -0.708198 0.629063 -0.320524
vt 2.937500 0.534908
vn 0.708198 0.629063 -0.320524
vt 2.937500 0.520636
vn 0.708198 0.571178 -0.414985
f 1965/7033/7033 1966/7034/7034 2006/7035/7035 2005/7036/7036
vt 2.729167 0.549284
vn -0.708198 -0.629063 0.320524
vt 2.729167 0.539249
vn -0.708198 -0.571178 0.414985
vt 2.937500 0.539249
vn 0.708198 -0.571178 0.414985
vt 2.937500 0.549284
vn 0.708198 -0.629063 0.320524
f 2046/7037/7037 2045/7038/7038 2085/7039/7039 2086/7040/7040
vt 0.095041 0.534908
vn -0.708198 0.629063 -0.320524
vt 0.086295 0.520636
vn -0.708198 0.571178 -0.414985
vt 0.060676 0.539249
vn -0.708198 -0.571178 0.414985
vt 0.066825 0.549284
vn -0.708198 -0.629063 0.320524
f 1966/7041/7041 1965/7042/7042 2045/7043/7043 2046/7044/7044
vt 0.086295 0.520636
vn 0.708198 0.571178 -0.414985
vt 0.095041 0.534908
vn 0.708198 0.629063 -0.320524
vt 0.066825 0.549284
vn 0.708198 -0.629063 0.320524
vt 0.060676 0.539249
vn 0.708198 -0.571178 0.414985
f 2005/7045/7045 2006/7046/7046 2086/7047/7047 2085/7048/7048
vt 2.729167 0.534908
vn -0.708198 0.629063 -0.320524
vt 2.729167 0.550372
vn -0.708198 0.671460 -0.218170
vt 2.937500 0.550372
vn 0.708198 0.671460 -0.218170
vt 2.937500 0.534908
vn 0.708198 0.629063 -0.320524
f 1966/7049/7049 1967/7050/7050 2007/7051/7051 2006/7052/7052
vt 2.729167 0.560157
vn -0.708198 -0.671460 0.218170
vt 2.729167 0.549284
vn -0.708198 -0.629063 0.320524
vt 2.937500 0.549284
vn 0.708198 -0.629063 0.320524
vt 2.937500 0.560157
vn 0.708198 -0.671460 0.218170
f 2047/7053/7053 2046/7054/7054 2086/7055/7055 2087/7056/7056
vt 0.101446 0.550372
vn -0.708198 0.671460 -0.218170
vt 0.095041 0.534908
vn -0.708198 0.629063 -0.320524
vt 0.066825 0.549284
vn -0.708198 -0.629063 0.320524
vt 0.071329 0.560157
vn -0.708198 -0.671460 0.218170
f 1967/7057/7057 1966/7058/7058 2046/7059/7059 2047/7060/7060
vt 0.095041 0.534908
vn 0.708198 0.629063 -0.320524
vt 0.101446 0.550372
vn 0.708198 0.671460 -0.218170
vt 0.071329 0.560157
vn 0.708198 -0.671460 0.218170
vt 0.066825 0.549284
vn 0.708198 -0.629063 0.320524
f 2006/7061/7061 2007/7062/7062 2087/7063/7063 2086/7064/7064
vt 2.729167 0.550372
vn -0.708198 0.671460 -0.218170
vt 2.729167 0.566647
vn -0.708198 0.697322 -0.110445
vt 2.937500 0.566647
vn 0.708198 0.697322 -0.110445
vt 2.937500 0.550372
vn 0.708198 0.671460 -0.218170
f 1967/7065/7065 1968/7066/7066 2008/7067/7067 2007/7068/7068
vt 2.729167 0.571601
vn -0.708198 -0.697322 0.110445
vt 2.729167 0.560157
vn -0.708198 -0.671460 0.218170
vt 2.937500 0.560157
vn 0.708198 -0.671460 0.218170
vt 2.937500 0.571601
vn 0.708198 -0.697322 0.110445
f 2048/7069/7069 2047/7070/7070 2087/7071/7071 2088/7072/7072
vt 0.105353 0.566647
vn -0.708198 0.697322 -0.110445
vt 0.101446 0.550372
vn -0.708198 0.671460 -0.218170
vt 0.071329 0.560157
vn -0.708198 -0.671460 0.218170
vt 0.074077 0.571601
vn -0.708198 -0.697322 0.110445
f 1968/7073/7073 1967/7074/7074 2047/7075/7075 2048/7076/7076
vt 0.101446 0.550372
vn 0.708198 0.671460 -0.218170
vt 0.105353 0.566647
vn 0.708198 0.697322 -0.110445
vt 0.074077 0.571601
vn 0.708198 -0.697322 0.110445
vt 0.071329 0.560157
vn 0.708198 -0.671460 0.218170
f 2007/7077/7077 2008/7078/7078 2088/7079/7079 2087/7080/7080
vt 2.729167 0.566647
vn -0.708198 0.697322 -0.110445
vt 2.729167 0.583333
vn -0.894427 0.445835 -0.035088
vt 2.937500 0.583333
vn 0.894427 0.445835 -0.035088
vt 2.937500 0.566647
vn 0.708198 0.697322 -0.110445
f 1968/7081/7081 1929/7082/7082 1969/7083/7083 2008/7084/7084
vt 2.729167 0.583333
vn -0.894427 -0.445835 0.035088
vt 2.729167 0.571601
vn -0.708198 -0.697322 0.110445
vt 2.937500 0.571601
vn 0.708198 -0.697322 0.110445
vt 2.937500 0.583333
vn 0.894427 -0.445835 0.035088
f 2009/7085/7085 2048/7086/7086 2088/7087/7087 2049/7088/7088
vt 0.106667 0.583333
vn -0.894427 0.445835 -0.035088
vt 0.105353 0.566647
vn -0.708198 0.697322 -0.110445
vt 0.074077 0.571601
vn -0.708198 -0.697322 0.110445
vt 0.075000 0.583333
vn -0.894427 -0.445835 0.035088
f 1929/7089/7089 1968/7090/7090 2048/7091/7091 2009/7092/7092
vt 0.105353 0.566647
vn 0.708198 0.697322 -0.110445
vt 0.106667 0.583333
vn 0.894427 0.445835 -0.035088
vt 0.075000 0.583333
vn 0.894427 -0.445835 0.035088
vt 0.074077 0.571601
vn 0.708198 -0.697322 0.110445
f 2008/7093/7093 1969/7094/7094 2049/7095/7095 2088/7096/7096
v -19.240000 -2.000000 6.000000
v -19.221731 -2.000000 5.908156
v -19.169706 -2.000000 5.830294
v -19.091844 -2.000000 5.778269
v -19.000000 -2.000000 5.760000
v -18.908156 -2.000000 5.778269
v -18.830294 -2.000000 5.830294
v -18.778269 -2.000000 5.908156
v -18.760000 -2.000000 6.000000
v -18.778269 -2.000000 6.091844
v -18.830294 -2.000000 6.169706
v -18.908156 -2.000000 6.221731
v -19.000000 -2.000000 6.240000
v -19.091844 -2.000000 6.221731
v -19.169706 -2.000000 6.169706
v -19.221731 -2.000000 6.091844
v -19.240000 -3.000000 6.000000
v -19.221731 -3.000000 5.908156
v -19.169706 -3.000000 5.830294
v -19.091844 -3.000000 5.778269
v -19.000000 -3.000000 5.760000
v -18.908156 -3.000000 5.778269
v -18.830294 -3.000000 5.830294
v -18.778269 -3.000000 5.908156
v -18.760000 -3.000000 6.000000
v -18.778269 -3.000000 6.091844
v -18.830294 -3.000000 6.169706
v -18.908156 -3.000000 6.221731
v -19.000000 -3.000000 6.240000
v -19.091844 -3.000000 6.221731
v -19.169706 -3.000000 6.169706
v -19.221731 -3.000000 6.091844
vt -1.601811 0.507654
vn 0.000000 1.000000 0.000000
vt -1.597475 0.514142
vn 0.000000 1.000000 0.000000
vt -1.590987 0.518478
vn 0.000000 1.000000 0.000000
vt -1.583333 0.520000
vn 0.000000 1.000000 0.000000
vt -1.575680 0.518478
vn 0.000000 1.000000 0.000000
vt -1.569191 0.514142
vn 0.000000 1.000000 0.000000
vt -1.564856 0.507654
vn 0.000000 1.000000 0.000000
vt -1.563333 0.500000
vn 0.000000 1.000000 0.000000
vt -1.564856 0.492346
vn 0.000000 1.000000 0.000000
vt -1.569191 0.485858
vn 0.000000 1.000000 0.000000
vt -1.575680 0.481522
vn 0.000000 1.000000 0.000000
vt -1.583333 0.480000
vn 0.000000 1.000000 0.000000
vt -1.590987 0.481522
vn 0.000000 1.000000 0.000000
vt -1.597475 0.485858
vn 0.000000 1.000000 0.000000
vt -1.601811 0.492346
vn 0.000000 1.000000 0.000000
vt -1.603333 0.500000
vn 0.000000 1.000000 0.000000
f 2104/7097/7097 2103/7098/7098 2102/7099/7099 2101/7100/7100 2100/7101/7101 2099/7102/7102 2098/7103/7103 2097/7104/7104 2096/7105/7105 2095/7106/7106 2094/7107/7107 2093/7108/7108 2092/7109/7109 2091/7110/7110 2090/7111/7111 2089/7112/7112
vt -1.603333 0.500000
vn 0.000000 -1.000000 0.000000
vt -1.601811 0.492346
vn 0.000000 -1.000000 0.000000
vt -1.597475 0.485858
vn 0.000000 -1.000000 0.000000
vt -1.590987 0.481522
vn 0.000000 -1.000000 0.000000
vt -1.583333 0.480000
vn 0.000000 -1.000000 0.000000
vt -1.575680 0.481522
vn 0.000000 -1.000000 0.000000
vt -1.569191 0.485858
vn 0.000000 -1.000000 0.000000
vt -1.564856 0.492346
vn 0.000000 -1.000000 0.000000
vt -1.563333 0.500000
vn 0.000000 -1.000000 0.000000
vt -1.564856 0.507654
vn 0.000000 -1.000000 0.000000
vt -1.569191 0.514142
vn 0.000000 -1.000000 0.000000
vt -1.575680 0.518478
vn 0.000000 -1.000000 0.000000
vt -1.583333 0.520000
vn 0.000000 -1.000000 0.000000
vt -1.590987 0.518478
vn 0.000000 -1.000000 0.000000
vt -1.597475 0.514142
vn 0.000000 -1.000000 0.000000
vt -1.601811 0.507654
vn 0.000000 -1.000000 0.000000
f 2105/7113/7113 2106/7114/7114 2107/7115/7115 2108/7116/7116 2109/7117/7117 2110/7118/7118 2111/7119/7119 2112/7120/7120 2113/7121/7121 2114/7122/7122 2115/7123/7123 2116/7124/7124 2117/7125/7125 2118/7126/7126 2119/7127/7127 2120/7128/7128
vt -0.166667 0.500000
vn -1.000000 0.000000 0.000000
vt -0.166667 0.492346
vn -0.923880 0.000000 -0.382683
vt -0.250000 0.492346
vn -0.923880 0.000000 -0.382683
vt -0.250000 0.500000
vn -1.000000 0.000000 0.000000
f 2089/7129/7129 2090/7130/7130 2106/7131/7131 2105/7132/7132
vt -0.166667 0.492346
vn -0.923880 0.000000 -0.382683
vt -0.166667 0.485858
vn -0.707107 0.000000 -0.707107
vt -0.250000 0.485858
vn -0.707107 0.000000 -0.707107
vt -0.250000 0.492346
vn -0.923880 0.000000 -0.382683
f 2090/7133/7133 2091/7134/7134 2107/7135/7135 2106/7136/7136
vt -1.597475 -0.166667
vn -0.707107 0.000000 -0.707107
vt -1.590987 -0.166667
vn -0.382683 0.000000 -0.923880
vt -1.590987 -0.250000
vn -0.382683 0.000000 -0.923880
vt -1.597475 -0.250000
vn -0.707107 0.000000 -0.707107
f 2091/7137/7137 2092/7138/7138 2108/7139/7139 2107/7140/7140
vt -1.590987 -0.166667
vn -0.382683 0.000000 -0.923880
vt -1.583333 -0.166667
vn 0.000000 0.000000 -1.000000
vt -1.583333 -0.250000
vn 0.000000 0.000000 -1.000000
vt -1.590987 -0.250000
vn -0.382683 0.000000 -0.923880
f 2092/7141/7141 2093/7142/7142 2109/7143/7143 2108/7144/7144
vt -1.583333 -0.166667
vn 0.000000 0.000000 -1.000000
vt -1.575680 -0.166667
vn 0.382683 0.000000 -0.923880
vt -1.575680 -0.250000
vn 0.382683 0.000000 -0.923880
vt -1.583333 -0.250000
vn 0.000000 0.000000 -1.000000
f 2093/7145/7145 2094/7146/7146 2110/7147/7147 2109/7148/7148
vt -1.575680 -0.166667
vn 0.382683 0.000000 -0.923880
vt -1.569191 -0.166667
vn 0.707107 0.000000 -0.707107
vt -1.569191 -0.250000
vn 0.707107 0.000000 -0.707107
vt -1.575680 -0.250000
vn 0.382683 0.000000 -0.923880
f 2094/7149/7149 2095/7150/7150 2111/7151/7151 2110/7152/7152
vt -0.166667 0.485858
vn 0.707107 0.000000 -0.707107
vt -0.166667 0.492346
vn 0.923880 0.000000 -0.382683
vt -0.250000 0.492346
vn 0.923880 0.000000 -0.382683
vt -0.250000 0.485858
vn 0.707107 0.000000 -0.707107
f 2095/7153/7153 2096/7154/7154 2112/7155/7155 2111/7156/7156
vt -0.166667 0.492346
vn 0.923880 0.000000 -0.382683
vt -0.166667 0.500000
vn 1.000000 0.000000 0.000000
vt -0.250000 0.500000
vn 1.000000 0.000000 0.000000
vt -0.250000 0.492346
vn 0.923880 0.000000 -0.382683
f 2096/7157/7157 2097/7158/7158 2113/7159/7159 2112/7160/7160
vt -0.166667 0.500000
vn 1.000000 0.000000 0.000000
vt -0.166667 0.507654
vn 0.923880 0.000000 0.382683
vt -0.250000 0.507654
vn 0.923880 0.000000 0.382683
vt -0.250000 0.500000
vn 1.000000 0.000000 0.000000
f 2097/7161/7161 2098/7162/7162 2114/7163/7163 2113/7164/7164
vt -0.166667 0.507654
vn 0.923880 0.000000 0.382683
vt -0.166667 0.514142
vn 0.707107 0.000000 0.707107
vt -0.250000 0.514142
vn 0.707107 0.000000 0.707107
vt -0.250000 0.507654
vn 0.923880 0.000000 0.382683
f 2098/7165/7165 2099/7166/7166 2115/7167/7167 2114/7168/7168
vt -1.569191 -0.166667
vn 0.707107 0.000000 0.707107
vt -1.575680 -0.166667
vn 0.382683 0.000000 0.923880
vt -1.575680 -0.250000
vn 0.382683 0.000000 0.923880
vt -1.569191 -0.250000
vn 0.707107 0.000000 0.707107
f 2099/7169/7169 2100/7170/7170 2116/7171/7171 2115/7172/7172
vt -1.575680 -0.166667
vn 0.382683 0.000000 0.923880
vt -1.583333 -0.166667
vn 0.000000 0.000000 1.000000
vt -1.583333 -0.250000
vn 0.000000 0.000000 1.000000
vt -1.575680 -0.250000
vn 0.382683 0.000000 0.923880
f 2100/7173/7173 2101/7174/7174 2117/7175/7175 2116/7176/7176
vt -1.583333 -0.166667
vn 0.000000 0.000000 1.000000
vt -1.590987 -0.166667
vn -0.382683 0.000000 0.923880
vt -1.590987 -0.250000
vn -0.382683 0.000000 0.923880
vt -1.583333 -0.250000
vn 0.000000 0.000000 1.000000
f 2101/7177/7177 2102/7178/7178 2118/7179/7179 2117/7180/7180
vt -1.590987 -0.166667
vn -0.382683 0.000000 0.923880
vt -1.597475 -0.166667
vn -0.707107 0.000000 0.707107
vt -1.597475 -0.250000
vn -0.707107 0.000000 0.707107
vt -1.590987 -0.250000
vn -0.382683 0.000000 0.923880
f 2102/7181/7181 2103/7182/7182 2119/7183/7183 2118/7184/7184
vt -0.166667 0.514142
vn -0.707107 0.000000 0.707107
vt -0.166667 0.507654
vn -0.923880 0.000000 0.382683
vt -0.250000 0.507654
vn -0.923880 0.000000 0.382683
vt -0.250000 0.514142
vn -0.707107 0.000000 0.707107
f 2103/7185/7185 2104/7186/7186 2120/7187/7187 2119/7188/7188
vt -0.166667 0.507654
vn -0.923880 0.000000 0.382683
vt -0.166667 0.500000
vn -1.000000 0.000000 0.000000
vt -0.250000 0.500000
vn -1.000000 0.000000 0.000000
vt -0.250000 0.507654
vn -0.923880 0.000000 0.382683
f 2104/7189/7189 2089/7190/7190 2105/7191/7191 2120/7192/7192
v 21.780000 -2.000000 5.000000
v 21.796747 -2.000000 4.915810
v 21.844437 -2.000000 4.844437
v 21.915810 -2.000000 4.796747
v 22.000000 -2.000000 4.780000
v 22.084190 -2.000000 4.796747
v 22.155563 -2.000000 4.844437
v 22.203253 -2.000000 4.915810
v 22.220000 -2.000000 5.000000
v 22.203253 -2.000000 5.084190
v 22.155563 -2.000000 5.155563
v 22.084190 -2.000000 5.203253
v 22.000000 -2.000000 5.220000
v 21.915810 -2.000000 5.203253
v 21.844437 -2.000000 5.155563
v 21.796747 -2.000000 5.084190
v 21.780000 -3.000000 5.000000
v 21.796747 -3.000000 4.915810
v 21.844437 -3.000000 4.844437
v 21.915810 -3.000000 4.796747
v 22.000000 -3.000000 4.780000
v 22.084190 -3.000000 4.796747
v 22.155563 -3.000000 4.844437
v 22.203253 -3.000000 4.915810
v 22.220000 -3.000000 5.000000
v 22.203253 -3.000000 5.084190
v 22.155563 -3.000000 5.155563
v 22.084190 -3.000000 5.203253
v 22.000000 -3.000000 5.220000
v 21.915810 -3.000000 5.203253
v 21.844437 -3.000000 5.155563
v 21.796747 -3.000000 5.084190
vt 1.816396 0.423683
vn 0.000000 1.000000 0.000000
vt 1.820370 0.429630
vn 0.000000 1.000000 0.000000
vt 1.826317 0.433604
vn 0.000000 1.000000 0.000000
vt 1.833333 0.435000
vn 0.000000 1.000000 0.000000
vt 1.840349 0.433604
vn 0.000000 1.000000 0.000000
vt 1.846297 0.429630
vn 0.000000 1.000000 0.000000
vt 1.850271 0.423683
vn 0.000000 1.000000 0.000000
vt 1.851667 0.416667
vn 0.000000 1.000000 0.000000
vt 1.850271 0.409651
vn 0.000000 1.000000 0.000000
vt 1.846297 0.403703
vn 0.000000 1.000000 0.000000
vt 1.840349 0.399729
vn 0.000000 1.000000 0.000000
vt 1.833333 0.398333
vn 0.000000 1.000000 0.000000
vt 1.826317 0.399729
vn 0.000000 1.000000 0.000000
vt 1.820370 0.403703
vn 0.000000 1.000000 0.000000
vt 1.816396 0.409651
vn 0.000000 1.000000 0.000000
vt 1.815000 0.416667
vn 0.000000 1.000000 0.000000
f 2136/7193/7193 2135/7194/7194 2134/7195/7195 2133/7196/7196 2132/7197/7197 2131/7198/7198 2130/7199/7199 2129/7200/7200 2128/7201/7201 2127/7202/7202 2126/7203/7203 2125/7204/7204 2124/7205/7205 2123/7206/7206 2122/7207/7207 2121/7208/7208
vt 1.815000 0.416667
vn 0.000000 -1.000000 0.000000
vt 1.816396 0.409651
vn 0.000000 -1.000000 0.000000
vt 1.820370 0.403703
vn 0.000000 -1.000000 0.000000
vt 1.826317 0.399729
vn 0.000000 -1.000000 0.000000
vt 1.833333 0.398333
vn 0.000000 -1.000000 0.000000
vt 1.840349 0.399729
vn 0.000000 -1.000000 0.000000
vt 1.846297 0.403703
vn 0.000000 -1.000000 0.000000
vt 1.850271 0.409651
vn 0.000000 -1.000000 0.000000
vt 1.851667 0.416667
vn 0.000000 -1.000000 0.000000
vt 1.850271 0.423683
vn 0.000000 -1.000000 0.000000
vt 1.846297 0.429630
vn 0.000000 -1.000000 0.000000
vt 1.840349 0.433604
vn 0.000000 -1.000000 0.000000
vt 1.833333 0.435000
vn 0.000000 -1.000000 0.000000
vt 1.826317 0.433604
vn 0.000000 -1.000000 0.000000
vt 1.820370 0.429630
vn 0.000000 -1.000000 0.000000
vt 1.816396 0.423683
vn 0.000000 -1.000000 0.000000
f 2137/7209/7209 2138/7210/7210 2139/7211/7211 2140/7212/7212 2141/7213/7213 2142/7214/7214 2143/7215/7215 2144/7216/7216 2145/7217/7217 2146/7218/7218 2147/7219/7219 2148/7220/7220 2149/7221/7221 2150/7222/7222 2151/7223/7223 2152/7224/7224
vt -0.166667 0.416667
vn -1.000000 0.000000 -0.000000
vt -0.166667 0.409651
vn -0.923880 0.000000 -0.382683
vt -0.250000 0.409651
vn -0.923880 0.000000 -0.382683
vt -0.250000 0.416667
vn -1.000000 0.000000 -0.000000
f 2121/7225/7225 2122/7226/7226 2138/7227/7227 2137/7228/7228
vt -0.166667 0.409651
vn -0.923880 0.000000 -0.382683
vt -0.166667 0.403703
vn -0.707107 0.000000 -0.707107
vt -0.250000 0.403703
vn -0.707107 0.000000 -0.707107
vt -0.250000 0.409651
vn -0.923880 0.000000 -0.382683
f 2122/7229/7229 2123/7230/7230 2139/7231/7231 2138/7232/7232
vt 1.820370 -0.166667
vn -0.707107 0.000000 -0.707107
vt 1.826317 -0.166667
vn -0.382683 0.000000 -0.923880
vt 1.826317 -0.250000
vn -0.382683 0.000000 -0.923880
vt 1.820370 -0.250000
vn -0.707107 0.000000 -0.707107
f 2123/7233/7233 2124/7234/7234 2140/7235/7235 2139/7236/7236
vt 1.826317 -0.166667
vn -0.382683 0.000000 -0.923880
vt 1.833333 -0.166667
vn 0.000000 0.000000 -1.000000
vt 1.833333 -0.250000
vn 0.000000 0.000000 -1.000000
vt 1.826317 -0.250000
vn -0.382683 0.000000 -0.923880
f 2124/7237/7237 2125/7238/7238 2141/7239/7239 2140/7240/7240
vt 1.833333 -0.166667
vn 0.000000 0.000000 -1.000000
vt 1.840349 -0.166667
vn 0.382683 0.000000 -0.923880
vt 1.840349 -0.250000
vn 0.382683 0.000000 -0.923880
vt 1.833333 -0.250000
vn 0.000000 0.000000 -1.000000
f 2125/7241/7241 2126/7242/7242 2142/7243/7243 2141/7244/7244
vt 1.840349 -0.166667
vn 0.382683 0.000000 -0.923880
vt 1.846297 -0.166667
vn 0.707107 0.000000 -0.707107
vt 1.846297 -0.250000
vn 0.707107 0.000000 -0.707107
vt 1.840349 -0.250000
vn 0.382683 0.000000 -0.923880
f 2126/7245/7245 2127/7246/7246 2143/7247/7247 2142/7248/7248
vt -0.166667 0.403703
vn 0.707107 0.000000 -0.707107
vt -0.166667 0.409651
vn 0.923880 0.000000 -0.382683
vt -0.250000 0.409651
vn 0.923880 0.000000 -0.382683
vt -0.250000 0.403703
vn 0.707107 0.000000 -0.707107
f 2127/7249/7249 2128/7250/7250 2144/7251/7251 2143/7252/7252
vt -0.166667 0.409651
vn 0.923880 0.000000 -0.382683
vt -0.166667 0.416667
vn 1.000000 0.000000 0.000000
vt -0.250000 0.416667
vn 1.000000 0.000000 0.000000
vt -0.250000 0.409651
vn 0.923880 0.000000 -0.382683
f 2128/7253/7253 2129/7254/7254 2145/7255/7255 2144/7256/7256
vt -0.166667 0.416667
vn 1.000000 0.000000 0.000000
vt -0.166667 0.423683
vn 0.923880 0.000000 0.382683
vt -0.250000 0.423683
vn 0.923880 0.000000 0.382683
vt -0.250000 0.416667
vn 1.000000 0.000000 0.000000
f 2129/7257/7257 2130/7258/7258 2146/7259/7259 2145/7260/7260
vt -0.166667 0.423683
vn 0.923880 0.000000 0.382683
vt -0.166667 0.429630
vn 0.707107 0.000000 0.707107
vt -0.250000 0.429630
vn 0.707107 0.000000 0.707107
vt -0.250000 0.423683
vn 0.923880 0.000000 0.382683
f 2130/7261/7261 2131/7262/7262 2147/7263/7263 2146/7264/7264
vt 1.846297 -0.166667
vn 0.707107 0.000000 0.707107
vt 1.840349 -0.166667
vn 0.382683 0.000000 0.923880
vt 1.840349 -0.250000
vn 0.382683 0.000000 0.923880
vt 1.846297 -0.250000
vn 0.707107 0.000000 0.707107
f 2131/7265/7265 2132/7266/7266 2148/7267/7267 2147/7268/7268
vt 1.840349 -0.166667
vn 0.382683 0.000000 0.923880
vt 1.833333 -0.166667
vn 0.000000 0.000000 1.000000
vt 1.833333 -0.250000
vn 0.000000 0.000000 1.000000
vt 1.840349 -0.250000
vn 0.382683 0.000000 0.923880
f 2132/7269/7269 2133/7270/7270 2149/7271/7271 2148/7272/7272
vt 1.833333 -0.166667
vn 0.000000 0.000000 1.000000
vt 1.826317 -0.166667
vn -0.382683 0.000000 0.923880
vt 1.826317 -0.250000
vn -0.382683 0.000000 0.923880
vt 1.833333 -0.250000
vn 0.000000 0.000000 1.000000
f 2133/7273/7273 2134/7274/7274 2150/7275/7275 2149/7276/7276
vt 1.826317 -0.166667
vn -0.382683 0.000000 0.923880
vt 1.820370 -0.166667
vn -0.707107 0.000000 0.707107
vt 1.820370 -0.250000
vn -0.707107 0.000000 0.707107
vt 1.826317 -0.250000
vn -0.382683 0.000000 0.923880
f 2134/7277/7277 2135/7278/7278 2151/7279/7279 2150/7280/7280
vt -0.166667 0.429630
vn -0.707107 0.000000 0.707107
vt -0.166667 0.423683
vn -0.923880 0.000000 0.382683
vt -0.250000 0.423683
vn -0.923880 0.000000 0.382683
vt -0.250000 0.429630
vn -0.707107 0.000000 0.707107
f 2135/7281/7281 2136/7282/7282 2152/7283/7283 2151/7284/7284
vt -0.166667 0.423683
vn -0.923880 0.000000 0.382683
vt -0.166667 0.416667
vn -1.000000 0.000000 -0.000000
vt -0.250000 0.416667
vn -1.000000 0.000000 -0.000000
vt -0.250000 0.423683
vn -0.923880 0.000000 0.382683
f 2136/7285/7285 2121/7286/7286 2137/7287/7287 2152/7288/7288
v -18.760000 2.000000 6.000000
v -18.778269 2.000000 5.908156
v -18.830294 2.000000 5.830294
v -18.908156 2.000000 5.778269
v -19.000000 2.000000 5.760000
v -19.091844 2.000000 5.778269
v -19.169706 2.000000 5.830294
v -19.221731 2.000000 5.908156
v -19.240000 2.000000 6.000000
v -19.221731 2.000000 6.091844
v -19.169706 2.000000 6.169706
v -19.091844 2.000000 6.221731
v -19.000000 2.000000 6.240000
v -18.908156 2.000000 6.221731
v -18.830294 2.000000 6.169706
v -18.778269 2.000000 6.091844
v -18.760000 3.000000 6.000000
v -18.778269 3.000000 5.908156
v -18.830294 3.000000 5.830294
v -18.908156 3.000000 5.778269
v -19.000000 3.000000 5.760000
v -19.091844 3.000000 5.778269
v -19.169706 3.000000 5.830294
v -19.221731 3.000000 5.908156
v -19.240000 3.000000 6.000000
v -19.221731 3.000000 6.091844
v -19.169706 3.000000 6.169706
v -19.091844 3.000000 6.221731
v -19.000000 3.000000 6.240000
v -18.908156 3.000000 6.221731
v -18.830294 3.000000 6.169706
v -18.778269 3.000000 6.091844
vt -1.564856 0.507654
vn 0.000000 -1.000000 0.000000
vt -1.569191 0.514142
vn 0.000000 -1.000000 0.000000
vt -1.575680 0.518478
vn 0.000000 -1.000000 0.000000
vt -1.583333 0.520000
vn 0.000000 -1.000000 0.000000
vt -1.590987 0.518478
vn 0.000000 -1.000000 0.000000
vt -1.597475 0.514142
vn 0.000000 -1.000000 0.000000
vt -1.601811 0.507654
vn 0.000000 -1.000000 0.000000
vt -1.603333 0.500000
vn 0.000000 -1.000000 0.000000
vt -1.601811 0.492346
vn 0.000000 -1.000000 0.000000
vt -1.597475 0.485858
vn 0.000000 -1.000000 0.000000
vt -1.590987 0.481522
vn 0.000000 -1.000000 0.000000
vt -1.583333 0.480000
vn 0.000000 -1.000000 0.000000
vt -1.575680 0.481522
vn 0.000000 -1.000000 0.000000
vt -1.569191 0.485858
vn 0.000000 -1.000000 0.000000
vt -1.564856 0.492346
vn 0.000000 -1.000000 0.000000
vt -1.563333 0.500000
vn 0.000000 -1.000000 0.000000
f 2168/7289/7289 2167/7290/7290 2166/7291/7291 2165/7292/7292 2164/7293/7293 2163/7294/7294 2162/7295/7295 2161/7296/7296 2160/7297/7297 2159/7298/7298 2158/7299/7299 2157/7300/7300 2156/7301/7301 2155/7302/7302 2154/7303/7303 2153/7304/7304
vt -1.563333 0.500000
vn 0.000000 1.000000 0.000000
vt -1.564856 0.492346
vn 0.000000 1.000000 0.000000
vt -1.569191 0.485858
vn 0.000000 1.000000 0.000000
vt -1.575680 0.481522
vn 0.000000 1.000000 0.000000
vt -1.583333 0.480000
vn 0.000000 1.000000 0.000000
vt -1.590987 0.481522
vn 0.000000 1.000000 0.000000
vt -1.597475 0.485858
vn 0.000000 1.000000 0.000000
vt -1.601811 0.492346
vn 0.000000 1.000000 0.000000
vt -1.603333 0.500000
vn 0.000000 1.000000 0.000000
vt -1.601811 0.507654
vn 0.000000 1.000000 0.000000
vt -1.597475 0.514142
vn 0.000000 1.000000 0.000000
vt -1.590987 0.518478
vn 0.000000 1.000000 0.000000
vt -1.583333 0.520000
vn 0.000000 1.000000 0.000000
vt -1.575680 0.518478
vn 0.000000 1.000000 0.000000
vt -1.569191 0.514142
vn 0.000000 1.000000 0.000000
vt -1.564856 0.507654
vn 0.000000 1.000000 0.000000
f 2169/7305/7305 2170/7306/7306 2171/7307/7307 2172/7308/7308 2173/7309/7309 2174/7310/7310 2175/7311/7311 2176/7312/7312 2177/7313/7313 2178/7314/7314 2179/7315/7315 2180/7316/7316 2181/7317/7317 2182/7318/7318 2183/7319/7319 2184/7320/7320
vt 0.166667 0.500000
vn 1.000000 0.000000 0.000000
vt 0.166667 0.492346
vn 0.923880 0.000000 -0.382683
vt 0.250000 0.492346
vn 0.923880 0.000000 -0.382683
vt 0.250000 0.500000
vn 1.000000 0.000000 0.000000
f 2153/7321/7321 2154/7322/7322 2170/7323/7323 2169/7324/7324
vt 0.166667 0.492346
vn 0.923880 0.000000 -0.382683
vt 0.166667 0.485858
vn 0.707107 0.000000 -0.707107
vt 0.250000 0.485858
vn 0.707107 0.000000 -0.707107
vt 0.250000 0.492346
vn 0.923880 0.000000 -0.382683
f 2154/7325/7325 2155/7326/7326 2171/7327/7327 2170/7328/7328
vt -1.569191 0.166667
vn 0.707107 0.000000 -0.707107
vt -1.575680 0.166667
vn 0.382683 0.000000 -0.923880
vt -1.575680 0.250000
vn 0.382683 0.000000 -0.923880
vt -1.569191 0.250000
vn 0.707107 0.000000 -0.707107
f 2155/7329/7329 2156/7330/7330 2172/7331/7331 2171/7332/7332
vt -1.575680 0.166667
vn 0.382683 0.000000 -0.923880
vt -1.583333 0.166667
vn 0.000000 0.000000 -1.000000
vt -1.583333 0.250000
vn 0.000000 0.000000 -1.000000
vt -1.575680 0.250000
vn 0.382683 0.000000 -0.923880
f 2156/7333/7333 2157/7334/7334 2173/7335/7335 2172/7336/7336
vt -1.583333 0.166667
vn 0.000000 0.000000 -1.000000
vt -1.590987 0.166667
vn -0.382683 0.000000 -0.923880
vt -1.590987 0.250000
vn -0.382683 0.000000 -0.923880
vt -1.583333 0.250000
vn 0.000000 0.000000 -1.000000
f 2157/7337/7337 2158/7338/7338 2174/7339/7339 2173/7340/7340
vt -1.590987 0.166667
vn -0.382683 0.000000 -0.923880
vt -1.597475 0.166667
vn -0.707107 0.000000 -0.707107
vt -1.597475 0.250000
vn -0.707107 0.000000 -0.707107
vt -1.590987 0.250000
vn -0.382683 0.000000 -0.923880
f 2158/7341/7341 2159/7342/7342 2175/7343/7343 2174/7344/7344
vt 0.166667 0.485858
vn -0.707107 0.000000 -0.707107
vt 0.166667 0.492346
vn -0.923880 0.000000 -0.382683
vt 0.250000 0.492346
vn -0.923880 0.000000 -0.382683
vt 0.250000 0.485858
vn -0.707107 0.000000 -0.707107
f 2159/7345/7345 2160/7346/7346 2176/7347/7347 2175/7348/7348
vt 0.166667 0.492346
vn -0.923880 0.000000 -0.382683
vt 0.166667 0.500000
vn -1.000000 0.000000 0.000000
vt 0.250000 0.500000
vn -1.000000 0.000000 0.000000
vt 0.250000 0.492346
vn -0.923880 0.000000 -0.382683
f 2160/7349/7349 2161/7350/7350 2177/7351/7351 2176/7352/7352
vt 0.166667 0.500000
vn -1.000000 0.000000 0.000000
vt 0.166667 0.507654
vn -0.923880 0.000000 0.382683
vt 0.250000 0.507654
vn -0.923880 0.000000 0.382683
vt 0.250000 0.500000
vn -1.000000 0.000000 0.000000
f 2161/7353/7353 2162/7354/7354 2178/7355/7355 2177/7356/7356
vt 0.166667 0.507654
vn -0.923880 0.000000 0.382683
vt 0.166667 0.514142
vn -0.707107 0.000000 0.707107
vt 0.250000 0.514142
vn -0.707107 0.000000 0.707107
vt 0.250000 0.507654
vn -0.923880 0.000000 0.382683
f 2162/7357/7357 2163/7358/7358 2179/7359/7359 2178/7360/7360
vt -1.597475 0.166667
vn -0.707107 0.000000 0.707107
vt -1.590987 0.166667
vn -0.382683 0.000000 0.923880
vt -1.590987 0.250000
vn -0.382683 0.000000 0.923880
vt -1.597475 0.250000
vn -0.707107 0.000000 0.707107
f 2163/7361/7361 2164/7362/7362 2180/7363/7363 2179/7364/7364
vt -1.590987 0.166667
vn -0.382683 0.000000 0.923880
vt -1.583333 0.166667
vn -0.000000 0.000000 1.000000
vt -1.583333 0.250000
vn -0.000000 0.000000 1.000000
vt -1.590987 0.250000
vn -0.382683 0.000000 0.923880
f 2164/7365/7365 2165/7366/7366 2181/7367/7367 2180/7368/7368
vt -1.583333 0.166667
vn -0.000000 0.000000 1.000000
vt -1.575680 0.166667
vn 0.382683 0.000000 0.923880
vt -1.575680 0.250000
vn 0.382683 0.000000 0.923880
vt -1.583333 0.250000
vn -0.000000 0.000000 1.000000
f 2165/7369/7369 2166/7370/7370 2182/7371/7371 2181/7372/7372
vt -1.575680 0.166667
vn 0.382683 0.000000 0.923880
vt -1.569191 0.166667
vn 0.707107 0.000000 0.707107
vt -1.569191 0.250000
vn 0.707107 0.000000 0.707107
vt -1.575680 0.250000
vn 0.382683 0.000000 0.923880
f 2166/7373/7373 2167/7374/7374 2183/7375/7375 2182/7376/7376
vt 0.166667 0.514142
vn 0.707107 0.000000 0.707107
vt 0.166667 0.507654
vn 0.923880 0.000000 0.382683
vt 0.250000 0.507654
vn 0.923880 0.000000 0.382683
vt 0.250000 0.514142
vn 0.707107 0.000000 0.707107
f 2167/7377/7377 2168/7378/7378 2184/7379/7379 2183/7380/7380
vt 0.166667 0.507654
vn 0.923880 0.000000 0.382683
vt 0.166667 0.500000
vn 1.000000 0.000000 0.000000
vt 0.250000 0.500000
vn 1.000000 0.000000 0.000000
vt 0.250000 0.507654
vn 0.923880 0.000000 0.382683
f 2168/7381/7381 2153/7382/7382 2169/7383/7383 2184/7384/7384
v 22.220000 2.000000 5.000000
v 22.203253 2.000000 4.915810
v 22.155563 2.000000 4.844437
v 22.084190 2.000000 4.796747
v 22.000000 2.000000 4.780000
v 21.915810 2.000000 4.796747
v 21.844437 2.000000 4.844437
v 21.796747 2.000000 4.915810
v 21.780000 2.000000 5.000000
v 21.796747 2.000000 5.084190
v 21.844437 2.000000 5.155563
v 21.915810 2.000000 5.203253
v 22.000000 2.000000 5.220000
v 22.084190 2.000000 5.203253
v 22.155563 2.000000 5.155563
v 22.203253 2.000000 5.084190
v 22.220000 3.000000 5.000000
v 22.203253 3.000000 4.915810
v 22.155563 3.000000 4.844437
v 22.084190 3.000000 4.796747
v 22.000000 3.000000 4.780000
v 21.915810 3.000000 4.796747
v 21.844437 3.000000 4.844437
v 21.796747 3.000000 4.915810
v 21.780000 3.000000 5.000000
v 21.796747 3.000000 5.084190
v 21.844437 3.000000 5.155563
v 21.915810 3.000000 5.203253
v 22.000000 3.000000 5.220000
v 22.084190 3.000000 5.203253
v 22.155563 3.000000 5.155563
v 22.203253 3.000000 5.084190
vt 1.850271 0.423683
vn 0.000000 -1.000000 0.000000
vt 1.846297 0.429630
vn 0.000000 -1.000000 0.000000
vt 1.840349 0.433604
vn 0.000000 -1.000000 0.000000
vt 1.833333 0.435000
vn 0.000000 -1.000000 0.000000
vt 1.826317 0.433604
vn 0.000000 -1.000000 0.000000
vt 1.820370 0.429630
vn 0.000000 -1.000000 0.000000
vt 1.816396 0.423683
vn 0.000000 -1.000000 0.000000
vt 1.815000 0.416667
vn 0.000000 -1.000000 0.000000
vt 1.816396 0.409651
vn 0.000000 -1.000000 0.000000
vt 1.820370 0.403703
vn 0.000000 -1.000000 0.000000
vt 1.826317 0.399729
vn 0.000000 -1.000000 0.000000
vt 1.833333 0.398333
vn 0.000000 -1.000000 0.000000
vt 1.840349 0.399729
vn 0.000000 -1.000000 0.000000
vt 1.846297 0.403703
vn 0.000000 -1.000000 0.000000
vt 1.850271 0.409651
vn 0.000000 -1.000000 0.000000
vt 1.851667 0.416667
vn 0.000000 -1.000000 0.000000
f 2200/7385/7385 2199/7386/7386 2198/7387/7387 2197/7388/7388 2196/7389/7389 2195/7390/7390 2194/7391/7391 2193/7392/7392 2192/7393/7393 2191/7394/7394 2190/7395/7395 2189/7396/7396 2188/7397/7397 2187/7398/7398 2186/7399/7399 2185/7400/7400
vt 1.851667 0.416667
vn 0.000000 1.000000 0.000000
vt 1.850271 0.409651
vn 0.000000 1.000000 0.000000
vt 1.846297 0.403703
vn 0.000000 1.000000 0.000000
vt 1.840349 0.399729
vn 0.000000 1.000000 0.000000
vt 1.833333 0.398333
vn 0.000000 1.000000 0.000000
vt 1.826317 0.399729
vn 0.000000 1.000000 0.000000
vt 1.820370 0.403703
vn 0.000000 1.000000 0.000000
vt 1.816396 0.409651
vn 0.000000 1.000000 0.000000
vt 1.815000 0.416667
vn 0.000000 1.000000 0.000000
vt 1.816396 0.423683
vn 0.000000 1.000000 0.000000
vt 1.820370 0.429630
vn 0.000000 1.000000 0.000000
vt 1.826317 0.433604
vn 0.000000 1.000000 0.000000
vt 1.833333 0.435000
vn 0.000000 1.000000 0.000000
vt 1.840349 0.433604
vn 0.000000 1.000000 0.000000
vt 1.846297 0.429630
vn 0.000000 1.000000 0.000000
vt 1.850271 0.423683
vn 0.000000 1.000000 0.000000
f 2201/7401/7401 2202/7402/7402 2203/7403/7403 2204/7404/7404 2205/7405/7405 2206/7406/7406 2207/7407/7407 2208/7408/7408 2209/7409/7409 2210/7410/7410 2211/7411/7411 2212/7412/7412 2213/7413/7413 2214/7414/7414 2215/7415/7415 2216/7416/7416
vt 0.166667 0.416667
vn 1.000000 0.000000 -0.000000
vt 0.166667 0.409651
vn 0.923880 0.000000 -0.382683
vt 0.250000 0.409651
vn 0.923880 0.000000 -0.382683
vt 0.250000 0.416667
vn 1.000000 0.000000 -0.000000
f 2185/7417/7417 2186/7418/7418 2202/7419/7419 2201/7420/7420
vt 0.166667 0.409651
vn 0.923880 0.000000 -0.382683
vt 0.166667 0.403703
vn 0.707107 0.000000 -0.707107
vt 0.250000 0.403703
vn 0.707107 0.000000 -0.707107
vt 0.250000 0.409651
vn 0.923880 0.000000 -0.382683
f 2186/7421/7421 2187/7422/7422 2203/7423/7423 2202/7424/7424
vt 1.846297 0.166667
vn 0.707107 0.000000 -0.707107
vt 1.840349 0.166667
vn 0.382683 0.000000 -0.923880
vt 1.840349 0.250000
vn 0.382683 0.000000 -0.923880
vt 1.846297 0.250000
vn 0.707107 0.000000 -0.707107
f 2187/7425/7425 2188/7426/7426 2204/7427/7427 2203/7428/7428
vt 1.840349 0.166667
vn 0.382683 0.000000 -0.923880
vt 1.833333 0.166667
vn 0.000000 0.000000 -1.000000
vt 1.833333 0.250000
vn 0.000000 0.000000 -1.000000
vt 1.840349 0.250000
vn 0.382683 0.000000 -0.923880
f 2188/7429/7429 2189/7430/7430 2205/7431/7431 2204/7432/7432
vt 1.833333 0.166667
vn 0.000000 0.000000 -1.000000
vt 1.826317 0.166667
vn -0.382683 0.000000 -0.923880
vt 1.826317 0.250000
vn -0.382683 0.000000 -0.923880
vt 1.833333 0.250000
vn 0.000000 0.000000 -1.000000
f 2189/7433/7433 2190/7434/7434 2206/7435/7435 2205/7436/7436
vt 1.826317 0.166667
vn -0.382683 0.000000 -0.923880
vt 1.820370 0.166667
vn -0.707107 0.000000 -0.707107
vt 1.820370 0.250000
vn -0.707107 0.000000 -0.707107
vt 1.826317 0.250000
vn -0.382683 0.000000 -0.923880
f 2190/7437/7437 2191/7438/7438 2207/7439/7439 2206/7440/7440
vt 0.166667 0.403703
vn -0.707107 0.000000 -0.707107
vt 0.166667 0.409651
vn -0.923880 0.000000 -0.382683
vt 0.250000 0.409651
vn -0.923880 0.000000 -0.382683
vt 0.250000 0.403703
vn -0.707107 0.000000 -0.707107
f 2191/7441/7441 2192/7442/7442 2208/7443/7443 2207/7444/7444
vt 0.166667 0.409651
vn -0.923880 0.000000 -0.382683
vt 0.166667 0.416667
vn -1.000000 0.000000 0.000000
vt 0.250000 0.416667
vn -1.000000 0.000000 0.000000
vt 0.250000 0.409651
vn -0.923880 0.000000 -0.382683
f 2192/7445/7445 2193/7446/7446 2209/7447/7447 2208/7448/7448
vt 0.166667 0.416667
vn -1.000000 0.000000 0.000000
vt 0.166667 0.423683
vn -0.923880 0.000000 0.382683
vt 0.250000 0.423683
vn -0.923880 0.000000 0.382683
vt 0.250000 0.416667
vn -1.000000 0.000000 0.000000
f 2193/7449/7449 2194/7450/7450 2210/7451/7451 2209/7452/7452
vt 0.166667 0.423683
vn -0.923880 0.000000 0.382683
vt 0.166667 0.429630
vn -0.707107 0.000000 0.707107
vt 0.250000 0.429630
vn -0.707107 0.000000 0.707107
vt 0.250000 0.423683
vn -0.923880 0.000000 0.382683
f 2194/7453/7453 2195/7454/7454 2211/7455/7455 2210/7456/7456
vt 1.820370 0.166667
vn -0.707107 0.000000 0.707107
vt 1.826317 0.166667
vn -0.382683 0.000000 0.923880
vt 1.826317 0.250000
vn -0.382683 0.000000 0.923880
vt 1.820370 0.250000
vn -0.707107 0.000000 0.707107
f 2195/7457/7457 2196/7458/7458 2212/7459/7459 2211/7460/7460
vt 1.826317 0.166667
vn -0.382683 0.000000 0.923880
vt 1.833333 0.166667
vn 0.000000 0.000000 1.000000
vt 1.833333 0.250000
vn 0.000000 0.000000 1.000000
vt 1.826317 0.250000
vn -0.382683 0.000000 0.923880
f 2196/7461/7461 2197/7462/7462 2213/7463/7463 2212/7464/7464
vt 1.833333 0.166667
vn 0.000000 0.000000 1.000000
vt 1.840349 0.166667
vn 0.382683 0.000000 0.923880
vt 1.840349 0.250000
vn 0.382683 0.000000 0.923880
vt 1.833333 0.250000
vn 0.000000 0.000000 1.000000
f 2197/7465/7465 2198/7466/7466 2214/7467/7467 2213/7468/7468
vt 1.840349 0.166667
vn 0.382683 0.000000 0.923880
vt 1.846297 0.166667
vn 0.707107 0.000000 0.707107
vt 1.846297 0.250000
vn 0.707107 0.000000 0.707107
vt 1.840349 0.250000
vn 0.382683 0.000000 0.923880
f 2198/7469/7469 2199/7470/7470 2215/7471/7471 2214/7472/7472
vt 0.166667 0.429630
vn 0.707107 0.000000 0.707107
vt 0.166667 0.423683
vn 0.923880 0.000000 0.382683
vt 0.250000 0.423683
vn 0.923880 0.000000 0.382683
vt 0.250000 0.429630
vn 0.707107 0.000000 0.707107
f 2199/7473/7473 2200/7474/7474 2216/7475/7475 2215/7476/7476
vt 0.166667 0.423683
vn 0.923880 0.000000 0.382683
vt 0.166667 0.416667
vn 1.000000 0.000000 -0.000000
vt 0.250000 0.416667
vn 1.000000 0.000000 -0.000000
vt 0.250000 0.423683
vn 0.923880 0.000000 0.382683
f 2200/7477/7477 2185/7478/7478 2201/7479/7479 2216/7480/7480
usemtl Rubber
v -3.918377 -1.600000 1.831652
v -1.010203 -1.600000 2.801044
v 2.867362 -1.600000 0.862261
v 0.928580 -1.600000 -8.831652
v -1.979594 -1.600000 -9.801044
v -4.887768 -1.600000 -7.862261
v -4.000000 -1.400000 2.000000
v -1.000000 -1.400000 3.000000
v 3.000000 -1.400000 1.000000
v 1.000000 -1.400000 -9.000000
v -2.000000 -1.400000 -10.000000
v -5.000000 -1.400000 -8.000000
v -4.000000 1.400000 2.000000
v -1.000000 1.400000 3.000000
v 3.000000 1.400000 1.000000
v 1.000000 1.400000 -9.000000
v -2.000000 1.400000 -10.000000
v -5.000000 1.400000 -8.000000
v -3.918377 1.600000 1.831652
v -1.010203 1.600000 2.801044
v 2.867362 1.600000 0.862261
v 0.928580 1.600000 -8.831652
v -1.979594 1.600000 -9.801044
v -4.887768 1.600000 -7.862261
vt -0.326531 0.152638
vn -0.000000 1.000000 0.000000
vt -0.084184 0.233420
vn -0.000000 1.000000 0.000000
vt 0.238947 0.071855
vn -0.000000 1.000000 0.000000
vt 0.077382 -0.735971
vn -0.000000 1.000000 0.000000
vt -0.164966 -0.816754
vn -0.000000 1.000000 0.000000
vt -0.407314 -0.655188
vn -0.000000 1.000000 0.000000
f 2217/7481/7481 2218/7482/7482 2219/7483/7483 2220/7484/7484 2221/7485/7485 2222/7486/7486
vt -0.407314 -0.655188
vn 0.000000 -1.000000 0.000000
vt -0.164966 -0.816754
vn 0.000000 -1.000000 0.000000
vt 0.077382 -0.735971
vn 0.000000 -1.000000 0.000000
vt 0.238947 0.071855
vn 0.000000 -1.000000 0.000000
vt -0.084184 0.233420
vn 0.000000 -1.000000 0.000000
vt -0.326531 0.152638
vn 0.000000 -1.000000 0.000000
f 2240/7487/7487 2239/7488/7488 2238/7489/7489 2237/7490/7490 2236/7491/7491 2235/7492/7492
vt -0.333333 -0.116667
vn 0.231842 0.680069 -0.695526
vt -0.083333 -0.116667
vn 0.231842 0.680069 -0.695526
vt -0.084184 -0.133333
vn 0.231842 0.680069 -0.695526
vt -0.326531 -0.133333
vn 0.231842 0.680069 -0.695526
f 2223/7493/7493 2224/7494/7494 2218/7495/7495 2217/7496/7496
vt -0.083333 0.250000
vn -0.330338 0.674080 -0.660676
vt 0.250000 0.083333
vn -0.330338 0.674080 -0.660676
vt 0.238947 0.071855
vn -0.330338 0.674080 -0.660676
vt -0.084184 0.233420
vn -0.330338 0.674080 -0.660676
f 2224/7497/7497 2225/7498/7498 2219/7499/7499 2218/7500/7500
vt -0.116667 0.083333
vn -0.871678 0.458022 0.174336
vt -0.116667 -0.750000
vn -0.871678 0.458022 0.174336
vt -0.133333 -0.735971
vn -0.871678 0.458022 0.174336
vt -0.133333 0.071855
vn -0.871678 0.458022 0.174336
f 2225/7501/7501 2226/7502/7502 2220/7503/7503 2219/7504/7504
vt 0.083333 -0.116667
vn -0.233713 0.673634 0.701139
vt -0.166667 -0.116667
vn -0.233713 0.673634 0.701139
vt -0.164966 -0.133333
vn -0.233713 0.673634 0.701139
vt 0.077382 -0.133333
vn -0.233713 0.673634 0.701139
f 2226/7505/7505 2227/7506/7506 2221/7507/7507 2220/7508/7508
vt -0.166667 -0.833333
vn 0.415533 0.662443 0.623299
vt -0.416667 -0.666667
vn 0.415533 0.662443 0.623299
vt -0.407314 -0.655188
vn 0.415533 0.662443 0.623299
vt -0.164966 -0.816754
vn 0.415533 0.662443 0.623299
f 2227/7509/7509 2228/7510/7510 2222/7511/7511 2221/7512/7512
vt -0.116667 -0.666667
vn 0.893588 0.439904 -0.089359
vt -0.116667 0.166667
vn 0.893588 0.439904 -0.089359
vt -0.133333 0.152638
vn 0.893588 0.439904 -0.089359
vt -0.133333 -0.655188
vn 0.893588 0.439904 -0.089359
f 2228/7513/7513 2223/7514/7514 2217/7515/7515 2222/7516/7516
vt -0.333333 0.116667
vn 0.316228 0.000000 -0.948683
vt -0.083333 0.116667
vn 0.316228 0.000000 -0.948683
vt -0.083333 -0.116667
vn 0.316228 0.000000 -0.948683
vt -0.333333 -0.116667
vn 0.316228 0.000000 -0.948683
f 2229/7517/7517 2230/7518/7518 2224/7519/7519 2223/7520/7520
vt -0.083333 0.116667
vn -0.447214 0.000000 -0.894427
vt 0.250000 0.116667
vn -0.447214 0.000000 -0.894427
vt 0.250000 -0.116667
vn -0.447214 0.000000 -0.894427
vt -0.083333 -0.116667
vn -0.447214 0.000000 -0.894427
f 2230/7521/7521 2231/7522/7522 2225/7523/7523 2224/7524/7524
vt 0.116667 0.083333
vn -0.980581 0.000000 0.196116
vt 0.116667 -0.750000
vn -0.980581 0.000000 0.196116
vt -0.116667 -0.750000
vn -0.980581 0.000000 0.196116
vt -0.116667 0.083333
vn -0.980581 0.000000 0.196116
f 2231/7525/7525 2232/7526/7526 2226/7527/7527 2225/7528/7528
vt 0.083333 0.116667
vn -0.316228 0.000000 0.948683
vt -0.166667 0.116667
vn -0.316228 0.000000 0.948683
vt -0.166667 -0.116667
vn -0.316228 0.000000 0.948683
vt 0.083333 -0.116667
vn -0.316228 0.000000 0.948683
f 2232/7529/7529 2233/7530/7530 2227/7531/7531 2226/7532/7532
vt -0.166667 0.116667
vn 0.554700 0.000000 0.832050
vt -0.416667 0.116667
vn 0.554700 0.000000 0.832050
vt -0.416667 -0.116667
vn 0.554700 0.000000 0.832050
vt -0.166667 -0.116667
vn 0.554700 0.000000 0.832050
f 2233/7533/7533 2234/7534/7534 2228/7535/7535 2227/7536/7536
vt 0.116667 -0.666667
vn 0.995037 0.000000 -0.099504
vt 0.116667 0.166667
vn 0.995037 0.000000 -0.099504
vt -0.116667 0.166667
vn 0.995037 0.000000 -0.099504
vt -0.116667 -0.666667
vn 0.995037 0.000000 -0.099504
f 2234/7537/7537 2229/7538/7538 2223/7539/7539 2228/7540/7540
vt -0.326531 0.133333
vn 0.231842 -0.680069 -0.695526
vt -0.084184 0.133333
vn 0.231842 -0.680069 -0.695526
vt -0.083333 0.116667
vn 0.231842 -0.680069 -0.695526
vt -0.333333 0.116667
vn 0.231842 -0.680069 -0.695526
f 2235/7541/7541 2236/7542/7542 2230/7543/7543 2229/7544/7544
vt -0.084184 0.233420
vn -0.330338 -0.674080 -0.660676
vt 0.238947 0.071855
vn -0.330338 -0.674080 -0.660676
vt 0.250000 0.083333
vn -0.330338 -0.674080 -0.660676
vt -0.083333 0.250000
vn -0.330338 -0.674080 -0.660676
f 2236/7545/7545 2237/7546/7546 2231/7547/7547 2230/7548/7548
vt 0.133333 0.071855
vn -0.871678 -0.458022 0.174336
vt 0.133333 -0.735971
vn -0.871678 -0.458022 0.174336
vt 0.116667 -0.750000
vn -0.871678 -0.458022 0.174336
vt 0.116667 0.083333
vn -0.871678 -0.458022 0.174336
f 2237/7549/7549 2238/7550/7550 2232/7551/7551 2231/7552/7552
vt 0.077382 0.133333
vn -0.233713 -0.673634 0.701139
vt -0.164966 0.133333
vn -0.233713 -0.673634 0.701139
vt -0.166667 0.116667
vn -0.233713 -0.673634 0.701139
vt 0.083333 0.116667
vn -0.233713 -0.673634 0.701139
f 2238/7553/7553 2239/7554/7554 2233/7555/7555 2232/7556/7556
vt -0.164966 -0.816754
vn 0.415533 -0.662443 0.623299
vt -0.407314 -0.655188
vn 0.415533 -0.662443 0.623299
vt -0.416667 -0.666667
vn 0.415533 -0.662443 0.623299
vt -0.166667 -0.833333
vn 0.415533 -0.662443 0.623299
f 2239/7557/7557 2240/7558/7558 2234/7559/7559 2233/7560/7560
vt 0.133333 -0.655188
vn 0.893588 -0.439904 -0.089359
vt 0.133333 0.152638
vn 0.893588 -0.439904 -0.089359
vt 0.116667 0.166667
vn 0.893588 -0.439904 -0.089359
vt 0.116667 -0.666667
vn 0.893588 -0.439904 -0.089359
f 2240/7561/7561 2235/7562/7562 2229/7563/7563 2234/7564/7564
v -3.640137 -1.720000 -2.110950
v -3.582250 -1.720000 -2.168838
v -0.417750 -1.720000 -2.168838
v -0.359863 -1.720000 -2.110950
v -0.359863 -1.720000 -1.889050
v -0.417750 -1.720000 -1.831162
v -3.582250 -1.720000 -1.831162
v -3.640137 -1.720000 -1.889050
v -3.700000 -1.660000 -2.115000
v -3.640000 -1.660000 -2.175000
v -0.360000 -1.660000 -2.175000
v -0.300000 -1.660000 -2.115000
v -0.300000 -1.660000 -1.885000
v -0.360000 -1.660000 -1.825000
v -3.640000 -1.660000 -1.825000
v -3.700000 -1.660000 -1.885000
v -3.700000 -1.600000 -2.115000
v -3.640000 -1.600000 -2.175000
v -0.360000 -1.600000 -2.175000
v -0.300000 -1.600000 -2.115000
v -0.300000 -1.600000 -1.885000
v -0.360000 -1.600000 -1.825000
v -3.640000 -1.600000 -1.825000
v -3.700000 -1.600000 -1.885000
v -3.640137 -1.540000 -2.110950
v -3.582250 -1.540000 -2.168838
v -0.417750 -1.540000 -2.168838
v -0.359863 -1.540000 -2.110950
v -0.359863 -1.540000 -1.889050
v -0.417750 -1.540000 -1.831162
v -3.582250 -1.540000 -1.831162
v -3.640137 -1.540000 -1.889050
vt -0.303345 -0.175913
vn 0.000000 -1.000000 0.000000
vt -0.298521 -0.180736
vn 0.000000 -1.000000 0.000000
vt -0.034813 -0.180736
vn 0.000000 -1.000000 0.000000
vt -0.029989 -0.175913
vn 0.000000 -1.000000 0.000000
vt -0.029989 -0.157421
vn 0.000000 -1.000000 0.000000
vt -0.034813 -0.152597
vn 0.000000 -1.000000 0.000000
vt -0.298521 -0.152597
vn 0.000000 -1.000000 0.000000
vt -0.303345 -0.157421
vn 0.000000 -1.000000 0.000000
f 2241/7565/7565 2242/7566/7566 2243/7567/7567 2244/7568/7568 2245/7569/7569 2246/7570/7570 2247/7571/7571 2248/7572/7572
vt -0.303345 -0.157421
vn 0.000000 1.000000 0.000000
vt -0.298521 -0.152597
vn 0.000000 1.000000 0.000000
vt -0.034813 -0.152597
vn 0.000000 1.000000 0.000000
vt -0.029989 -0.157421
vn 0.000000 1.000000 0.000000
vt -0.029989 -0.175913
vn 0.000000 1.000000 0.000000
vt -0.034813 -0.180736
vn 0.000000 1.000000 0.000000
vt -0.298521 -0.180736
vn 0.000000 1.000000 0.000000
vt -0.303345 -0.175913
vn 0.000000 1.000000 0.000000
f 2272/7573/7573 2271/7574/7574 2270/7575/7575 2269/7576/7576 2268/7577/7577 2267/7578/7578 2266/7579/7579 2265/7580/7580
vt -0.308333 -0.176250
vn -0.564812 -0.601644 -0.564812
vt -0.303333 -0.181250
vn -0.564812 -0.601644 -0.564812
vt -0.298521 -0.180736
vn -0.564812 -0.601644 -0.564812
vt -0.303345 -0.175913
vn -0.564812 -0.601644 -0.564812
f 2249/7581/7581 2250/7582/7582 2242/7583/7583 2241/7584/7584
vt -0.303333 -0.138333
vn 0.000000 -0.102169 -0.994767
vt -0.030000 -0.138333
vn 0.000000 -0.102169 -0.994767
vt -0.034813 -0.143333
vn 0.000000 -0.102169 -0.994767
vt -0.298521 -0.143333
vn 0.000000 -0.102169 -0.994767
f 2250/7585/7585 2251/7586/7586 2243/7587/7587 2242/7588/7588
vt -0.030000 -0.181250
vn 0.564812 -0.601644 -0.564812
vt -0.025000 -0.176250
vn 0.564812 -0.601644 -0.564812
vt -0.029989 -0.175913
vn 0.564812 -0.601644 -0.564812
vt -0.034813 -0.180736
vn 0.564812 -0.601644 -0.564812
f 2251/7589/7589 2252/7590/7590 2244/7591/7591 2243/7592/7592
vt -0.138333 -0.176250
vn 0.707913 -0.706299 0.000000
vt -0.138333 -0.157083
vn 0.707913 -0.706299 0.000000
vt -0.143333 -0.157421
vn 0.707913 -0.706299 0.000000
vt -0.143333 -0.175913
vn 0.707913 -0.706299 0.000000
f 2252/7593/7593 2253/7594/7594 2245/7595/7595 2244/7596/7596
vt -0.025000 -0.157083
vn 0.564812 -0.601644 0.564812
vt -0.030000 -0.152083
vn 0.564812 -0.601644 0.564812
vt -0.034813 -0.152597
vn 0.564812 -0.601644 0.564812
vt -0.029989 -0.157421
vn 0.564812 -0.601644 0.564812
f 2253/7597/7597 2254/7598/7598 2246/7599/7599 2245/7600/7600
vt -0.030000 -0.138333
vn 0.000000 -0.102169 0.994767
vt -0.303333 -0.138333
vn 0.000000 -0.102169 0.994767
vt -0.298521 -0.143333
vn 0.000000 -0.102169 0.994767
vt -0.034813 -0.143333
vn 0.000000 -0.102169 0.994767
f 2254/7601/7601 2255/7602/7602 2247/7603/7603 2246/7604/7604
vt -0.303333 -0.152083
vn -0.564812 -0.601644 0.564812
vt -0.308333 -0.157083
vn -0.564812 -0.601644 0.564812
vt -0.303345 -0.157421
vn -0.564812 -0.601644 0.564812
vt -0.298521 -0.152597
vn -0.564812 -0.601644 0.564812
f 2255/7605/7605 2256/7606/7606 2248/7607/7607 2247/7608/7608
vt -0.138333 -0.157083
vn -0.707913 -0.706299 -0.000000
vt -0.138333 -0.176250
vn -0.707913 -0.706299 -0.000000
vt -0.143333 -0.175913
vn -0.707913 -0.706299 -0.000000
vt -0.143333 -0.157421
vn -0.707913 -0.706299 -0.000000
f 2256/7609/7609 2249/7610/7610 2241/7611/7611 2248/7612/7612
vt -0.133333 -0.176250
vn -0.707107 0.000000 -0.707107
vt -0.133333 -0.181250
vn -0.707107 0.000000 -0.707107
vt -0.138333 -0.181250
vn -0.707107 0.000000 -0.707107
vt -0.138333 -0.176250
vn -0.707107 0.000000 -0.707107
f 2257/7613/7613 2258/7614/7614 2250/7615/7615 2249/7616/7616
vt -0.303333 -0.133333
vn 0.000000 0.000000 -1.000000
vt -0.030000 -0.133333
vn 0.000000 0.000000 -1.000000
vt -0.030000 -0.138333
vn 0.000000 0.000000 -1.000000
vt -0.303333 -0.138333
vn 0.000000 0.000000 -1.000000
f 2258/7617/7617 2259/7618/7618 2251/7619/7619 2250/7620/7620
vt -0.133333 -0.181250
vn 0.707107 0.000000 -0.707107
vt -0.133333 -0.176250
vn 0.707107 0.000000 -0.707107
vt -0.138333 -0.176250
vn 0.707107 0.000000 -0.707107
vt -0.138333 -0.181250
vn 0.707107 0.000000 -0.707107
f 2259/7621/7621 2260/7622/7622 2252/7623/7623 2251/7624/7624
vt -0.133333 -0.176250
vn 1.000000 0.000000 -0.000000
vt -0.133333 -0.157083
vn 1.000000 0.000000 -0.000000
vt -0.138333 -0.157083
vn 1.000000 0.000000 -0.000000
vt -0.138333 -0.176250
vn 1.000000 0.000000 -0.000000
f 2260/7625/7625 2261/7626/7626 2253/7627/7627 2252/7628/7628
vt -0.133333 -0.157083
vn 0.707107 0.000000 0.707107
vt -0.133333 -0.152083
vn 0.707107 0.000000 0.707107
vt -0.138333 -0.152083
vn 0.707107 0.000000 0.707107
vt -0.138333 -0.157083
vn 0.707107 0.000000 0.707107
f 2261/7629/7629 2262/7630/7630 2254/7631/7631 2253/7632/7632
vt -0.030000 -0.133333
vn 0.000000 0.000000 1.000000
vt -0.303333 -0.133333
vn 0.000000 0.000000 1.000000
vt -0.303333 -0.138333
vn 0.000000 0.000000 1.000000
vt -0.030000 -0.138333
vn 0.000000 0.000000 1.000000
f 2262/7633/7633 2263/7634/7634 2255/7635/7635 2254/7636/7636
vt -0.133333 -0.152083
vn -0.707107 0.000000 0.707107
vt -0.133333 -0.157083
vn -0.707107 0.000000 0.707107
vt -0.138333 -0.157083
vn -0.707107 0.000000 0.707107
vt -0.138333 -0.152083
vn -0.707107 0.000000 0.707107
f 2263/7637/7637 2264/7638/7638 2256/7639/7639 2255/7640/7640
vt -0.133333 -0.157083
vn -1.000000 0.000000 -0.000000
vt -0.133333 -0.176250
vn -1.000000 0.000000 -0.000000
vt -0.138333 -0.176250
vn -1.000000 0.000000 -0.000000
vt -0.138333 -0.157083
vn -1.000000 0.000000 -0.000000
f 2264/7641/7641 2257/7642/7642 2249/7643/7643 2256/7644/7644
vt -0.303345 -0.175913
vn -0.564812 0.601644 -0.564812
vt -0.298521 -0.180736
vn -0.564812 0.601644 -0.564812
vt -0.303333 -0.181250
vn -0.564812 0.601644 -0.564812
vt -0.308333 -0.176250
vn -0.564812 0.601644 -0.564812
f 2265/7645/7645 2266/7646/7646 2258/7647/7647 2257/7648/7648
vt -0.298521 -0.128333
vn 0.000000 0.102169 -0.994767
vt -0.034813 -0.128333
vn 0.000000 0.102169 -0.994767
vt -0.030000 -0.133333
vn 0.000000 0.102169 -0.994767
vt -0.303333 -0.133333
vn 0.000000 0.102169 -0.994767
f 2266/7649/7649 2267/7650/7650 2259/7651/7651 2258/7652/7652
vt -0.034813 -0.180736
vn 0.564812 0.601644 -0.564812
vt -0.029989 -0.175913
vn 0.564812 0.601644 -0.564812
vt -0.025000 -0.176250
vn 0.564812 0.601644 -0.564812
vt -0.030000 -0.181250
vn 0.564812 0.601644 -0.564812
f 2267/7653/7653 2268/7654/7654 2260/7655/7655 2259/7656/7656
vt -0.128333 -0.175913
vn 0.707913 0.706299 -0.000000
vt -0.128333 -0.157421
vn 0.707913 0.706299 -0.000000
vt -0.133333 -0.157083
vn 0.707913 0.706299 -0.000000
vt -0.133333 -0.176250
vn 0.707913 0.706299 -0.000000
f 2268/7657/7657 2269/7658/7658 2261/7659/7659 2260/7660/7660
vt -0.029989 -0.157421
vn 0.564812 0.601644 0.564812
vt -0.034813 -0.152597
vn 0.564812 0.601644 0.564812
vt -0.030000 -0.152083
vn 0.564812 0.601644 0.564812
vt -0.025000 -0.157083
vn 0.564812 0.601644 0.564812
f 2269/7661/7661 2270/7662/7662 2262/7663/7663 2261/7664/7664
vt -0.034813 -0.128333
vn 0.000000 0.102169 0.994767
vt -0.298521 -0.128333
vn 0.000000 0.102169 0.994767
vt -0.303333 -0.133333
vn 0.000000 0.102169 0.994767
vt -0.030000 -0.133333
vn 0.000000 0.102169 0.994767
f 2270/7665/7665 2271/7666/7666 2263/7667/7667 2262/7668/7668
vt -0.298521 -0.152597
vn -0.564812 0.601644 0.564812
vt -0.303345 -0.157421
vn -0.564812 0.601644 0.564812
vt -0.308333 -0.157083
vn -0.564812 0.601644 0.564812
vt -0.303333 -0.152083
vn -0.564812 0.601644 0.564812
f 2271/7669/7669 2272/7670/7670 2264/7671/7671 2263/7672/7672
vt -0.128333 -0.157421
vn -0.707913 0.706299 0.000000
vt -0.128333 -0.175913
vn -0.707913 0.706299 0.000000
vt -0.133333 -0.176250
vn -0.707913 0.706299 0.000000
vt -0.133333 -0.157083
vn -0.707913 0.706299 0.000000
f 2272/7673/7673 2265/7674/7674 2257/7675/7675 2264/7676/7676
v -3.640137 -1.720000 -3.310950
v -3.582250 -1.720000 -3.368838
v -0.417750 -1.720000 -3.368838
v -0.359863 -1.720000 -3.310950
v -0.359863 -1.720000 -3.089050
v -0.417750 -1.720000 -3.031162
v -3.582250 -1.720000 -3.031162
v -3.640137 -1.720000 -3.089050
v -3.700000 -1.660000 -3.315000
v -3.640000 -1.660000 -3.375000
v -0.360000 -1.660000 -3.375000
v -0.300000 -1.660000 -3.315000
v -0.300000 -1.660000 -3.085000
v -0.360000 -1.660000 -3.025000
v -3.640000 -1.660000 -3.025000
v -3.700000 -1.660000 -3.085000
v -3.700000 -1.600000 -3.315000
v -3.640000 -1.600000 -3.375000
v -0.360000 -1.600000 -3.375000
v -0.300000 -1.600000 -3.315000
v -0.300000 -1.600000 -3.085000
v -0.360000 -1.600000 -3.025000
v -3.640000 -1.600000 -3.025000
v -3.700000 -1.600000 -3.085000
v -3.640137 -1.540000 -3.310950
v -3.582250 -1.540000 -3.368838
v -0.417750 -1.540000 -3.368838
v -0.359863 -1.540000 -3.310950
v -0.359863 -1.540000 -3.089050
v -0.417750 -1.540000 -3.031162
v -3.582250 -1.540000 -3.031162
v -3.640137 -1.540000 -3.089050
vt -0.303345 -0.275913
vn 0.000000 -1.000000 0.000000
vt -0.298521 -0.280736
vn 0.000000 -1.000000 0.000000
vt -0.034813 -0.280736
vn 0.000000 -1.000000 0.000000
vt -0.029989 -0.275913
vn 0.000000 -1.000000 0.000000
vt -0.029989 -0.257421
vn 0.000000 -1.000000 0.000000
vt -0.034813 -0.252597
vn 0.000000 -1.000000 0.000000
vt -0.298521 -0.252597
vn 0.000000 -1.000000 0.000000
vt -0.303345 -0.257421
vn 0.000000 -1.000000 0.000000
f 2273/7677/7677 2274/7678/7678 2275/7679/7679 2276/7680/7680 2277/7681/7681 2278/7682/7682 2279/7683/7683 2280/7684/7684
vt -0.303345 -0.257421
vn 0.000000 1.000000 0.000000
vt -0.298521 -0.252597
vn 0.000000 1.000000 0.000000
vt -0.034813 -0.252597
vn 0.000000 1.000000 0.000000
vt -0.029989 -0.257421
vn 0.000000 1.000000 0.000000
vt -0.029989 -0.275913
vn 0.000000 1.000000 0.000000
vt -0.034813 -0.280736
vn 0.000000 1.000000 0.000000
vt -0.298521 -0.280736
vn 0.000000 1.000000 0.000000
vt -0.303345 -0.275913
vn 0.000000 1.000000 0.000000
f 2304/7685/7685 2303/7686/7686 2302/7687/7687 2301/7688/7688 2300/7689/7689 2299/7690/7690 2298/7691/7691 2297/7692/7692
vt -0.308333 -0.276250
vn -0.564812 -0.601644 -0.564812
vt -0.303333 -0.281250
vn -0.564812 -0.601644 -0.564812
vt -0.298521 -0.280736
vn -0.564812 -0.601644 -0.564812
vt -0.303345 -0.275913
vn -0.564812 -0.601644 -0.564812
f 2281/7693/7693 2282/7694/7694 2274/7695/7695 2273/7696/7696
vt -0.303333 -0.138333
vn 0.000000 -0.102169 -0.994767
vt -0.030000 -0.138333
vn 0.000000 -0.102169 -0.994767
vt -0.034813 -0.143333
vn 0.000000 -0.102169 -0.994767
vt -0.298521 -0.143333
vn 0.000000 -0.102169 -0.994767
f 2282/7697/7697 2283/7698/7698 2275/7699/7699 2274/7700/7700
vt -0.030000 -0.281250
vn 0.564812 -0.601644 -0.564812
vt -0.025000 -0.276250
vn 0.564812 -0.601644 -0.564812
vt -0.029989 -0.275913
vn 0.564812 -0.601644 -0.564812
vt -0.034813 -0.280736
vn 0.564812 -0.601644 -0.564812
f 2283/7701/7701 2284/7702/7702 2276/7703/7703 2275/7704/7704
vt -0.138333 -0.276250
vn 0.707913 -0.706299 0.000000
vt -0.138333 -0.257083
vn 0.707913 -0.706299 0.000000
vt -0.143333 -0.257421
vn 0.707913 -0.706299 0.000000
vt -0.143333 -0.275913
vn 0.707913 -0.706299 0.000000
f 2284/7705/7705 2285/7706/7706 2277/7707/7707 2276/7708/7708
vt -0.025000 -0.257083
vn 0.564812 -0.601644 0.564812
vt -0.030000 -0.252083
vn 0.564812 -0.601644 0.564812
vt -0.034813 -0.252597
vn 0.564812 -0.601644 0.564812
vt -0.029989 -0.257421
vn 0.564812 -0.601644 0.564812
f 2285/7709/7709 2286/7710/7710 2278/7711/7711 2277/7712/7712
vt -0.030000 -0.138333
vn 0.000000 -0.102169 0.994767
vt -0.303333 -0.138333
vn 0.000000 -0.102169 0.994767
vt -0.298521 -0.143333
vn 0.000000 -0.102169 0.994767
vt -0.034813 -0.143333
vn 0.000000 -0.102169 0.994767
f 2286/7713/7713 2287/7714/7714 2279/7715/7715 2278/7716/7716
vt -0.303333 -0.252083
vn -0.564812 -0.601644 0.564812
vt -0.308333 -0.257083
vn -0.564812 -0.601644 0.564812
vt -0.303345 -0.257421
vn -0.564812 -0.601644 0.564812
vt -0.298521 -0.252597
vn -0.564812 -0.601644 0.564812
f 2287/7717/7717 2288/7718/7718 2280/7719/7719 2279/7720/7720
vt -0.138333 -0.257083
vn -0.707913 -0.706299 -0.000000
vt -0.138333 -0.276250
vn -0.707913 -0.706299 -0.000000
vt -0.143333 -0.275913
vn -0.707913 -0.706299 -0.000000
vt -0.143333 -0.257421
vn -0.707913 -0.706299 -0.000000
f 2288/7721/7721 2281/7722/7722 2273/7723/7723 2280/7724/7724
vt -0.133333 -0.276250
vn -0.707107 0.000000 -0.707107
vt -0.133333 -0.281250
vn -0.707107 0.000000 -0.707107
vt -0.138333 -0.281250
vn -0.707107 0.000000 -0.707107
vt -0.138333 -0.276250
vn -0.707107 0.000000 -0.707107
f 2289/7725/7725 2290/7726/7726 2282/7727/7727 2281/7728/7728
vt -0.303333 -0.133333
vn 0.000000 0.000000 -1.000000
vt -0.030000 -0.133333
vn 0.000000 0.000000 -1.000000
vt -0.030000 -0.138333
vn 0.000000 0.000000 -1.000000
vt -0.303333 -0.138333
vn 0.000000 0.000000 -1.000000
f 2290/7729/7729 2291/7730/7730 2283/7731/7731 2282/7732/7732
vt -0.133333 -0.281250
vn 0.707107 0.000000 -0.707107
vt -0.133333 -0.276250
vn 0.707107 0.000000 -0.707107
vt -0.138333 -0.276250
vn 0.707107 0.000000 -0.707107
vt -0.138333 -0.281250
vn 0.707107 0.000000 -0.707107
f 2291/7733/7733 2292/7734/7734 2284/7735/7735 2283/7736/7736
vt -0.133333 -0.276250
vn 1.000000 0.000000 -0.000000
vt -0.133333 -0.257083
vn 1.000000 0.000000 -0.000000
vt -0.138333 -0.257083
vn 1.000000 0.000000 -0.000000
vt -0.138333 -0.276250
vn 1.000000 0.000000 -0.000000
f 2292/7737/7737 2293/7738/7738 2285/7739/7739 2284/7740/7740
vt -0.133333 -0.257083
vn 0.707107 0.000000 0.707107
vt -0.133333 -0.252083
vn 0.707107 0.000000 0.707107
vt -0.138333 -0.252083
vn 0.707107 0.000000 0.707107
vt -0.138333 -0.257083
vn 0.707107 0.000000 0.707107
f 2293/7741/7741 2294/7742/7742 2286/7743/7743 2285/7744/7744
vt -0.030000 -0.133333
vn 0.000000 0.000000 1.000000
vt -0.303333 -0.133333
vn 0.000000 0.000000 1.000000
vt -0.303333 -0.138333
vn 0.000000 0.000000 1.000000
vt -0.030000 -0.138333
vn 0.000000 0.000000 1.000000
f 2294/7745/7745 2295/7746/7746 2287/7747/7747 2286/7748/7748
vt -0.133333 -0.252083
vn -0.707107 0.000000 0.707107
vt -0.133333 -0.257083
vn -0.707107 0.000000 0.707107
vt -0.138333 -0.257083
vn -0.707107 0.000000 0.707107
vt -0.138333 -0.252083
vn -0.707107 0.000000 0.707107
f 2295/7749/7749 2296/7750/7750 2288/7751/7751 2287/7752/7752
vt -0.133333 -0.257083
vn -1.000000 0.000000 -0.000000
vt -0.133333 -0.276250
vn -1.000000 0.000000 -0.000000
vt -0.138333 -0.276250
vn -1.000000 0.000000 -0.000000
vt -0.138333 -0.257083
vn -1.000000 0.000000 -0.000000
f 2296/7753/7753 2289/7754/7754 2281/7755/7755 2288/7756/7756
vt -0.303345 -0.275913
vn -0.564812 0.601644 -0.564812
vt -0.298521 -0.280736
vn -0.564812 0.601644 -0.564812
vt -0.303333 -0.281250
vn -0.564812 0.601644 -0.564812
vt -0.308333 -0.276250
vn -0.564812 0.601644 -0.564812
f 2297/7757/7757 2298/7758/7758 2290/7759/7759 2289/7760/7760
vt -0.298521 -0.128333
vn 0.000000 0.102169 -0.994767
vt -0.034813 -0.128333
vn 0.000000 0.102169 -0.994767
vt -0.030000 -0.133333
vn 0.000000 0.102169 -0.994767
vt -0.303333 -0.133333
vn 0.000000 0.102169 -0.994767
f 2298/7761/7761 2299/7762/7762 2291/7763/7763 2290/7764/7764
vt -0.034813 -0.280736
vn 0.564812 0.601644 -0.564812
vt -0.029989 -0.275913
vn 0.564812 0.601644 -0.564812
vt -0.025000 -0.276250
vn 0.564812 0.601644 -0.564812
vt -0.030000 -0.281250
vn 0.564812 0.601644 -0.564812
f 2299/7765/7765 2300/7766/7766 2292/7767/7767 2291/7768/7768
vt -0.128333 -0.275913
vn 0.707913 0.706299 -0.000000
vt -0.128333 -0.257421
vn 0.707913 0.706299 -0.000000
vt -0.133333 -0.257083
vn 0.707913 0.706299 -0.000000
vt -0.133333 -0.276250
vn 0.707913 0.706299 -0.000000
f 2300/7769/7769 2301/7770/7770 2293/7771/7771 2292/7772/7772
vt -0.029989 -0.257421
vn 0.564812 0.601644 0.564812
vt -0.034813 -0.252597
vn 0.564812 0.601644 0.564812
vt -0.030000 -0.252083
vn 0.564812 0.601644 0.564812
vt -0.025000 -0.257083
vn 0.564812 0.601644 0.564812
f 2301/7773/7773 2302/7774/7774 2294/7775/7775 2293/7776/7776
vt -0.034813 -0.128333
vn 0.000000 0.102169 0.994767
vt -0.298521 -0.128333
vn 0.000000 0.102169 0.994767
vt -0.303333 -0.133333
vn 0.000000 0.102169 0.994767
vt -0.030000 -0.133333
vn 0.000000 0.102169 0.994767
f 2302/7777/7777 2303/7778/7778 2295/7779/7779 2294/7780/7780
vt -0.298521 -0.252597
vn -0.564812 0.601644 0.564812
vt -0.303345 -0.257421
vn -0.564812 0.601644 0.564812
vt -0.308333 -0.257083
vn -0.564812 0.601644 0.564812
vt -0.303333 -0.252083
vn -0.564812 0.601644 0.564812
f 2303/7781/7781 2304/7782/7782 2296/7783/7783 2295/7784/7784
vt -0.128333 -0.257421
vn -0.707913 0.706299 0.000000
vt -0.128333 -0.275913
vn -0.707913 0.706299 0.000000
vt -0.133333 -0.276250
vn -0.707913 0.706299 0.000000
vt -0.133333 -0.257083
vn -0.707913 0.706299 0.000000
f 2304/7785/7785 2297/7786/7786 2289/7787/7787 2296/7788/7788
v -3.640137 -1.720000 -4.510950
v -3.582250 -1.720000 -4.568838
v -0.417750 -1.720000 -4.568838
v -0.359863 -1.720000 -4.510950
v -0.359863 -1.720000 -4.289050
v -0.417750 -1.720000 -4.231162
v -3.582250 -1.720000 -4.231162
v -3.640137 -1.720000 -4.289050
v -3.700000 -1.660000 -4.515000
v -3.640000 -1.660000 -4.575000
v -0.360000 -1.660000 -4.575000
v -0.300000 -1.660000 -4.515000
v -0.300000 -1.660000 -4.285000
v -0.360000 -1.660000 -4.225000
v -3.640000 -1.660000 -4.225000
v -3.700000 -1.660000 -4.285000
v -3.700000 -1.600000 -4.515000
v -3.640000 -1.600000 -4.575000
v -0.360000 -1.600000 -4.575000
v -0.300000 -1.600000 -4.515000
v -0.300000 -1.600000 -4.285000
v -0.360000 -1.600000 -4.225000
v -3.640000 -1.600000 -4.225000
v -3.700000 -1.600000 -4.285000
v -3.640137 -1.540000 -4.510950
v -3.582250 -1.540000 -4.568838
v -0.417750 -1.540000 -4.568838
v -0.359863 -1.540000 -4.510950
v -0.359863 -1.540000 -4.289050
v -0.417750 -1.540000 -4.231162
v -3.582250 -1.540000 -4.231162
v -3.640137 -1.540000 -4.289050
vt -0.303345 -0.375913
vn 0.000000 -1.000000 0.000000
vt -0.298521 -0.380736
vn 0.000000 -1.000000 0.000000
vt -0.034813 -0.380736
vn 0.000000 -1.000000 0.000000
vt -0.029989 -0.375913
vn 0.000000 -1.000000 0.000000
vt -0.029989 -0.357421
vn 0.000000 -1.000000 0.000000
vt -0.034813 -0.352597
vn 0.000000 -1.000000 0.000000
vt -0.298521 -0.352597
vn 0.000000 -1.000000 0.000000
vt -0.303345 -0.357421
vn 0.000000 -1.000000 0.000000
f 2305/7789/7789 2306/7790/7790 2307/7791/7791 2308/7792/7792 2309/7793/7793 2310/7794/7794 2311/7795/7795 2312/7796/7796
vt -0.303345 -0.357421
vn 0.000000 1.000000 0.000000
vt -0.298521 -0.352597
vn 0.000000 1.000000 0.000000
vt -0.034813 -0.352597
vn 0.000000 1.000000 0.000000
vt -0.029989 -0.357421
vn 0.000000 1.000000 0.000000
vt -0.029989 -0.375913
vn 0.000000 1.000000 0.000000
vt -0.034813 -0.380736
vn 0.000000 1.000000 0.000000
vt -0.298521 -0.380736
vn 0.000000 1.000000 0.000000
vt -0.303345 -0.375913
vn 0.000000 1.000000 0.000000
f 2336/7797/7797 2335/7798/7798 2334/7799/7799 2333/7800/7800 2332/7801/7801 2331/7802/7802 2330/7803/7803 2329/7804/7804
vt -0.308333 -0.376250
vn -0.564812 -0.601644 -0.564812
vt -0.303333 -0.381250
vn -0.564812 -0.601644 -0.564812
vt -0.298521 -0.380736
vn -0.564812 -0.601644 -0.564812
vt -0.303345 -0.375913
vn -0.564812 -0.601644 -0.564812
f 2313/7805/7805 2314/7806/7806 2306/7807/7807 2305/7808/7808
vt -0.303333 -0.138333
vn 0.000000 -0.102169 -0.994767
vt -0.030000 -0.138333
vn 0.000000 -0.102169 -0.994767
vt -0.034813 -0.143333
vn 0.000000 -0.102169 -0.994767
vt -0.298521 -0.143333
vn 0.000000 -0.102169 -0.994767
f 2314/7809/7809 2315/7810/7810 2307/7811/7811 2306/7812/7812
vt -0.030000 -0.381250
vn 0.564812 -0.601644 -0.564812
vt -0.025000 -0.376250
vn 0.564812 -0.601644 -0.564812
vt -0.029989 -0.375913
vn 0.564812 -0.601644 -0.564812
vt -0.034813 -0.380736
vn 0.564812 -0.601644 -0.564812
f 2315/7813/7813 2316/7814/7814 2308/7815/7815 2307/7816/7816
vt -0.138333 -0.376250
vn 0.707913 -0.706299 0.000000
vt -0.138333 -0.357083
vn 0.707913 -0.706299 0.000000
vt -0.143333 -0.357421
vn 0.707913 -0.706299 0.000000
vt -0.143333 -0.375913
vn 0.707913 -0.706299 0.000000
f 2316/7817/7817 2317/7818/7818 2309/7819/7819 2308/7820/7820
vt -0.025000 -0.357083
vn 0.564812 -0.601644 0.564812
vt -0.030000 -0.352083
vn 0.564812 -0.601644 0.564812
vt -0.034813 -0.352597
vn 0.564812 -0.601644 0.564812
vt -0.029989 -0.357421
vn 0.564812 -0.601644 0.564812
f 2317/7821/7821 2318/7822/7822 2310/7823/7823 2309/7824/7824
vt -0.030000 -0.138333
vn 0.000000 -0.102169 0.994767
vt -0.303333 -0.138333
vn 0.000000 -0.102169 0.994767
vt -0.298521 -0.143333
vn 0.000000 -0.102169 0.994767
vt -0.034813 -0.143333
vn 0.000000 -0.102169 0.994767
f 2318/7825/7825 2319/7826/7826 2311/7827/7827 2310/7828/7828
vt -0.303333 -0.352083
vn -0.564812 -0.601644 0.564812
vt -0.308333 -0.357083
vn -0.564812 -0.601644 0.564812
vt -0.303345 -0.357421
vn -0.564812 -0.601644 0.564812
vt -0.298521 -0.352597
vn -0.564812 -0.601644 0.564812
f 2319/7829/7829 2320/7830/7830 2312/7831/7831 2311/7832/7832
vt -0.138333 -0.357083
vn -0.707913 -0.706299 -0.000000
vt -0.138333 -0.376250
vn -0.707913 -0.706299 -0.000000
vt -0.143333 -0.375913
vn -0.707913 -0.706299 -0.000000
vt -0.143333 -0.357421
vn -0.707913 -0.706299 -0.000000
f 2320/7833/7833 2313/7834/7834 2305/7835/7835 2312/7836/7836
vt -0.308333 -0.133333
vn -0.707107 0.000000 -0.707107
vt -0.303333 -0.133333
vn -0.707107 0.000000 -0.707107
vt -0.303333 -0.138333
vn -0.707107 0.000000 -0.707107
vt -0.308333 -0.138333
vn -0.707107 0.000000 -0.707107
f 2321/7837/7837 2322/7838/7838 2314/7839/7839 2313/7840/7840
vt -0.303333 -0.133333
vn 0.000000 0.000000 -1.000000
vt -0.030000 -0.133333
vn 0.000000 0.000000 -1.000000
vt -0.030000 -0.138333
vn 0.000000 0.000000 -1.000000
vt -0.303333 -0.138333
vn 0.000000 0.000000 -1.000000
f 2322/7841/7841 2323/7842/7842 2315/7843/7843 2314/7844/7844
vt -0.030000 -0.133333
vn 0.707107 0.000000 -0.707107
vt -0.025000 -0.133333
vn 0.707107 0.000000 -0.707107
vt -0.025000 -0.138333
vn 0.707107 0.000000 -0.707107
vt -0.030000 -0.138333
vn 0.707107 0.000000 -0.707107
f 2323/7845/7845 2324/7846/7846 2316/7847/7847 2315/7848/7848
vt -0.133333 -0.376250
vn 1.000000 0.000000 -0.000000
vt -0.133333 -0.357083
vn 1.000000 0.000000 -0.000000
vt -0.138333 -0.357083
vn 1.000000 0.000000 -0.000000
vt -0.138333 -0.376250
vn 1.000000 0.000000 -0.000000
f 2324/7849/7849 2325/7850/7850 2317/7851/7851 2316/7852/7852
vt -0.025000 -0.133333
vn 0.707107 0.000000 0.707107
vt -0.030000 -0.133333
vn 0.707107 0.000000 0.707107
vt -0.030000 -0.138333
vn 0.707107 0.000000 0.707107
vt -0.025000 -0.138333
vn 0.707107 0.000000 0.707107
f 2325/7853/7853 2326/7854/7854 2318/7855/7855 2317/7856/7856
vt -0.030000 -0.133333
vn 0.000000 0.000000 1.000000
vt -0.303333 -0.133333
vn 0.000000 0.000000 1.000000
vt -0.303333 -0.138333
vn 0.000000 0.000000 1.000000
vt -0.030000 -0.138333
vn 0.000000 0.000000 1.000000
f 2326/7857/7857 2327/7858/7858 2319/7859/7859 2318/7860/7860
vt -0.303333 -0.133333
vn -0.707107 0.000000 0.707107
vt -0.308333 -0.133333
vn -0.707107 0.000000 0.707107
vt -0.308333 -0.138333
vn -0.707107 0.000000 0.707107
vt -0.303333 -0.138333
vn -0.707107 0.000000 0.707107
f 2327/7861/7861 2328/7862/7862 2320/7863/7863 2319/7864/7864
vt -0.133333 -0.357083
vn -1.000000 0.000000 -0.000000
vt -0.133333 -0.376250
vn -1.000000 0.000000 -0.000000
vt -0.138333 -0.376250
vn -1.000000 0.000000 -0.000000
vt -0.138333 -0.357083
vn -1.000000 0.000000 -0.000000
f 2328/7865/7865 2321/7866/7866 2313/7867/7867 2320/7868/7868
vt -0.303345 -0.375913
vn -0.564812 0.601644 -0.564812
vt -0.298521 -0.380736
vn -0.564812 0.601644 -0.564812
vt -0.303333 -0.381250
vn -0.564812 0.601644 -0.564812
vt -0.308333 -0.376250
vn -0.564812 0.601644 -0.564812
f 2329/7869/7869 2330/7870/7870 2322/7871/7871 2321/7872/7872
vt -0.298521 -0.128333
vn 0.000000 0.102169 -0.994767
vt -0.034813 -0.128333
vn 0.000000 0.102169 -0.994767
vt -0.030000 -0.133333
vn 0.000000 0.102169 -0.994767
vt -0.303333 -0.133333
vn 0.000000 0.102169 -0.994767
f 2330/7873/7873 2331/7874/7874 2323/7875/7875 2322/7876/7876
vt -0.034813 -0.380736
vn 0.564812 0.601644 -0.564812
vt -0.029989 -0.375913
vn 0.564812 0.601644 -0.564812
vt -0.025000 -0.376250
vn 0.564812 0.601644 -0.564812
vt -0.030000 -0.381250
vn 0.564812 0.601644 -0.564812
f 2331/7877/7877 2332/7878/7878 2324/7879/7879 2323/7880/7880
vt -0.128333 -0.375913
vn 0.707913 0.706299 -0.000000
vt -0.128333 -0.357421
vn 0.707913 0.706299 -0.000000
vt -0.133333 -0.357083
vn 0.707913 0.706299 -0.000000
vt -0.133333 -0.376250
vn 0.707913 0.706299 -0.000000
f 2332/7881/7881 2333/7882/7882 2325/7883/7883 2324/7884/7884
vt -0.029989 -0.357421
vn 0.564812 0.601644 0.564812
vt -0.034813 -0.352597
vn 0.564812 0.601644 0.564812
vt -0.030000 -0.352083
vn 0.564812 0.601644 0.564812
vt -0.025000 -0.357083
vn 0.564812 0.601644 0.564812
f 2333/7885/7885 2334/7886/7886 2326/7887/7887 2325/7888/7888
vt -0.034813 -0.128333
vn 0.000000 0.102169 0.994767
vt -0.298521 -0.128333
vn 0.000000 0.102169 0.994767
vt -0.303333 -0.133333
vn 0.000000 0.102169 0.994767
vt -0.030000 -0.133333
vn 0.000000 0.102169 0.994767
f 2334/7889/7889 2335/7890/7890 2327/7891/7891 2326/7892/7892
vt -0.298521 -0.352597
vn -0.564812 0.601644 0.564812
vt -0.303345 -0.357421
vn -0.564812 0.601644 0.564812
vt -0.308333 -0.357083
vn -0.564812 0.601644 0.564812
vt -0.303333 -0.352083
vn -0.564812 0.601644 0.564812
f 2335/7893/7893 2336/7894/7894 2328/7895/7895 2327/7896/7896
vt -0.128333 -0.357421
vn -0.707913 0.706299 0.000000
vt -0.128333 -0.375913
vn -0.707913 0.706299 0.000000
vt -0.133333 -0.376250
vn -0.707913 0.706299 0.000000
vt -0.133333 -0.357083
vn -0.707913 0.706299 0.000000
f 2336/7897/7897 2329/7898/7898 2321/7899/7899 2328/7900/7900
v -3.640137 -1.720000 -5.710950
v -3.582250 -1.720000 -5.768838
v -0.417750 -1.720000 -5.768838
v -0.359863 -1.720000 -5.710950
v -0.359863 -1.720000 -5.489050
v -0.417750 -1.720000 -5.431162
v -3.582250 -1.720000 -5.431162
v -3.640137 -1.720000 -5.489050
v -3.700000 -1.660000 -5.715000
v -3.640000 -1.660000 -5.775000
v -0.360000 -1.660000 -5.775000
v -0.300000 -1.660000 -5.715000
v -0.300000 -1.660000 -5.485000
v -0.360000 -1.660000 -5.425000
v -3.640000 -1.660000 -5.425000
v -3.700000 -1.660000 -5.485000
v -3.700000 -1.600000 -5.715000
v -3.640000 -1.600000 -5.775000
v -0.360000 -1.600000 -5.775000
v -0.300000 -1.600000 -5.715000
v -0.300000 -1.600000 -5.485000
v -0.360000 -1.600000 -5.425000
v -3.640000 -1.600000 -5.425000
v -3.700000 -1.600000 -5.485000
v -3.640137 -1.540000 -5.710950
v -3.582250 -1.540000 -5.768838
v -0.417750 -1.540000 -5.768838
v -0.359863 -1.540000 -5.710950
v -0.359863 -1.540000 -5.489050
v -0.417750 -1.540000 -5.431162
v -3.582250 -1.540000 -5.431162
v -3.640137 -1.540000 -5.489050
vt -0.303345 -0.475913
vn 0.000000 -1.000000 0.000000
vt -0.298521 -0.480736
vn 0.000000 -1.000000 0.000000
vt -0.034813 -0.480736
vn 0.000000 -1.000000 0.000000
vt -0.029989 -0.475913
vn 0.000000 -1.000000 0.000000
vt -0.029989 -0.457421
vn 0.000000 -1.000000 0.000000
vt -0.034813 -0.452597
vn 0.000000 -1.000000 0.000000
vt -0.298521 -0.452597
vn 0.000000 -1.000000 0.000000
vt -0.303345 -0.457421
vn 0.000000 -1.000000 0.000000
f 2337/7901/7901 2338/7902/7902 2339/7903/7903 2340/7904/7904 2341/7905/7905 2342/7906/7906 2343/7907/7907 2344/7908/7908
vt -0.303345 -0.457421
vn 0.000000 1.000000 0.000000
vt -0.298521 -0.452597
vn 0.000000 1.000000 0.000000
vt -0.034813 -0.452597
vn 0.000000 1.000000 0.000000
vt -0.029989 -0.457421
vn 0.000000 1.000000 0.000000
vt -0.029989 -0.475913
vn 0.000000 1.000000 0.000000
vt -0.034813 -0.480736
vn 0.000000 1.000000 0.000000
vt -0.298521 -0.480736
vn 0.000000 1.000000 0.000000
vt -0.303345 -0.475913
vn 0.000000 1.000000 0.000000
f 2368/7909/7909 2367/7910/7910 2366/7911/7911 2365/7912/7912 2364/7913/7913 2363/7914/7914 2362/7915/7915 2361/7916/7916
vt -0.308333 -0.476250
vn -0.564812 -0.601644 -0.564812
vt -0.303333 -0.481250
vn -0.564812 -0.601644 -0.564812
vt -0.298521 -0.480736
vn -0.564812 -0.601644 -0.564812
vt -0.303345 -0.475913
vn -0.564812 -0.601644 -0.564812
f 2345/7917/7917 2346/7918/7918 2338/7919/7919 2337/7920/7920
vt -0.303333 -0.138333
vn 0.000000 -0.102169 -0.994767
vt -0.030000 -0.138333
vn 0.000000 -0.102169 -0.994767
vt -0.034813 -0.143333
vn 0.000000 -0.102169 -0.994767
vt -0.298521 -0.143333
vn 0.000000 -0.102169 -0.994767
f 2346/7921/7921 2347/7922/7922 2339/7923/7923 2338/7924/7924
vt -0.030000 -0.481250
vn 0.564812 -0.601644 -0.564812
vt -0.025000 -0.476250
vn 0.564812 -0.601644 -0.564812
vt -0.029989 -0.475913
vn 0.564812 -0.601644 -0.564812
vt -0.034813 -0.480736
vn 0.564812 -0.601644 -0.564812
f 2347/7925/7925 2348/7926/7926 2340/7927/7927 2339/7928/7928
vt -0.138333 -0.476250
vn 0.707913 -0.706299 0.000000
vt -0.138333 -0.457083
vn 0.707913 -0.706299 0.000000
vt -0.143333 -0.457421
vn 0.707913 -0.706299 0.000000
vt -0.143333 -0.475913
vn 0.707913 -0.706299 0.000000
f 2348/7929/7929 2349/7930/7930 2341/7931/7931 2340/7932/7932
vt -0.025000 -0.457083
vn 0.564812 -0.601644 0.564812
vt -0.030000 -0.452083
vn 0.564812 -0.601644 0.564812
vt -0.034813 -0.452597
vn 0.564812 -0.601644 0.564812
vt -0.029989 -0.457421
vn 0.564812 -0.601644 0.564812
f 2349/7933/7933 2350/7934/7934 2342/7935/7935 2341/7936/7936
vt -0.030000 -0.138333
vn 0.000000 -0.102169 0.994767
vt -0.303333 -0.138333
vn 0.000000 -0.102169 0.994767
vt -0.298521 -0.143333
vn 0.000000 -0.102169 0.994767
vt -0.034813 -0.143333
vn 0.000000 -0.102169 0.994767
f 2350/7937/7937 2351/7938/7938 2343/7939/7939 2342/7940/7940
vt -0.303333 -0.452083
vn -0.564812 -0.601644 0.564812
vt -0.308333 -0.457083
vn -0.564812 -0.601644 0.564812
vt -0.303345 -0.457421
vn -0.564812 -0.601644 0.564812
vt -0.298521 -0.452597
vn -0.564812 -0.601644 0.564812
f 2351/7941/7941 2352/7942/7942 2344/7943/7943 2343/7944/7944
vt -0.138333 -0.457083
vn -0.707913 -0.706299 -0.000000
vt -0.138333 -0.476250
vn -0.707913 -0.706299 -0.000000
vt -0.143333 -0.475913
vn -0.707913 -0.706299 -0.000000
vt -0.143333 -0.457421
vn -0.707913 -0.706299 -0.000000
f 2352/7945/7945 2345/7946/7946 2337/7947/7947 2344/7948/7948
vt -0.308333 -0.133333
vn -0.707107 0.000000 -0.707107
vt -0.303333 -0.133333
vn -0.707107 0.000000 -0.707107
vt -0.303333 -0.138333
vn -0.707107 0.000000 -0.707107
vt -0.308333 -0.138333
vn -0.707107 0.000000 -0.707107
f 2353/7949/7949 2354/7950/7950 2346/7951/7951 2345/7952/7952
vt -0.303333 -0.133333
vn 0.000000 0.000000 -1.000000
vt -0.030000 -0.133333
vn 0.000000 0.000000 -1.000000
vt -0.030000 -0.138333
vn 0.000000 0.000000 -1.000000
vt -0.303333 -0.138333
vn 0.000000 0.000000 -1.000000
f 2354/7953/7953 2355/7954/7954 2347/7955/7955 2346/7956/7956
vt -0.030000 -0.133333
vn 0.707107 0.000000 -0.707107
vt -0.025000 -0.133333
vn 0.707107 0.000000 -0.707107
vt -0.025000 -0.138333
vn 0.707107 0.000000 -0.707107
vt -0.030000 -0.138333
vn 0.707107 0.000000 -0.707107
f 2355/7957/7957 2356/7958/7958 2348/7959/7959 2347/7960/7960
vt -0.133333 -0.476250
vn 1.000000 0.000000 -0.000000
vt -0.133333 -0.457083
vn 1.000000 0.000000 -0.000000
vt -0.138333 -0.457083
vn 1.000000 0.000000 -0.000000
vt -0.138333 -0.476250
vn 1.000000 0.000000 -0.000000
f 2356/7961/7961 2357/7962/7962 2349/7963/7963 2348/7964/7964
vt -0.025000 -0.133333
vn 0.707107 0.000000 0.707107
vt -0.030000 -0.133333
vn 0.707107 0.000000 0.707107
vt -0.030000 -0.138333
vn 0.707107 0.000000 0.707107
vt -0.025000 -0.138333
vn 0.707107 0.000000 0.707107
f 2357/7965/7965 2358/7966/7966 2350/7967/7967 2349/7968/7968
vt -0.030000 -0.133333
vn 0.000000 0.000000 1.000000
vt -0.303333 -0.133333
vn 0.000000 0.000000 1.000000
vt -0.303333 -0.138333
vn 0.000000 0.000000 1.000000
vt -0.030000 -0.138333
vn 0.000000 0.000000 1.000000
f 2358/7969/7969 2359/7970/7970 2351/7971/7971 2350/7972/7972
vt -0.303333 -0.133333
vn -0.707107 0.000000 0.707107
vt -0.308333 -0.133333
vn -0.707107 0.000000 0.707107
vt -0.308333 -0.138333
vn -0.707107 0.000000 0.707107
vt -0.303333 -0.138333
vn -0.707107 0.000000 0.707107
f 2359/7973/7973 2360/7974/7974 2352/7975/7975 2351/7976/7976
vt -0.133333 -0.457083
vn -1.000000 0.000000 -0.000000
vt -0.133333 -0.476250
vn -1.000000 0.000000 -0.000000
vt -0.138333 -0.476250
vn -1.000000 0.000000 -0.000000
vt -0.138333 -0.457083
vn -1.000000 0.000000 -0.000000
f 2360/7977/7977 2353/7978/7978 2345/7979/7979 2352/7980/7980
vt -0.303345 -0.475913
vn -0.564812 0.601644 -0.564812
vt -0.298521 -0.480736
vn -0.564812 0.601644 -0.564812
vt -0.303333 -0.481250
vn -0.564812 0.601644 -0.564812
vt -0.308333 -0.476250
vn -0.564812 0.601644 -0.564812
f 2361/7981/7981 2362/7982/7982 2354/7983/7983 2353/7984/7984
vt -0.298521 -0.128333
vn 0.000000 0.102169 -0.994767
vt -0.034813 -0.128333
vn 0.000000 0.102169 -0.994767
vt -0.030000 -0.133333
vn 0.000000 0.102169 -0.994767
vt -0.303333 -0.133333
vn 0.000000 0.102169 -0.994767
f 2362/7985/7985 2363/7986/7986 2355/7987/7987 2354/7988/7988
vt -0.034813 -0.480736
vn 0.564812 0.601644 -0.564812
vt -0.029989 -0.475913
vn 0.564812 0.601644 -0.564812
vt -0.025000 -0.476250
vn 0.564812 0.601644 -0.564812
vt -0.030000 -0.481250
vn 0.564812 0.601644 -0.564812
f 2363/7989/7989 2364/7990/7990 2356/7991/7991 2355/7992/7992
vt -0.128333 -0.475913
vn 0.707913 0.706299 -0.000000
vt -0.128333 -0.457421
vn 0.707913 0.706299 -0.000000
vt -0.133333 -0.457083
vn 0.707913 0.706299 -0.000000
vt -0.133333 -0.476250
vn 0.707913 0.706299 -0.000000
f 2364/7993/7993 2365/7994/7994 2357/7995/7995 2356/7996/7996
vt -0.029989 -0.457421
vn 0.564812 0.601644 0.564812
vt -0.034813 -0.452597
vn 0.564812 0.601644 0.564812
vt -0.030000 -0.452083
vn 0.564812 0.601644 0.564812
vt -0.025000 -0.457083
vn 0.564812 0.601644 0.564812
f 2365/7997/7997 2366/7998/7998 2358/7999/7999 2357/8000/8000
vt -0.034813 -0.128333
vn 0.000000 0.102169 0.994767
vt -0.298521 -0.128333
vn 0.000000 0.102169 0.994767
vt -0.303333 -0.133333
vn 0.000000 0.102169 0.994767
vt -0.030000 -0.133333
vn 0.000000 0.102169 0.994767
f 2366/8001/8001 2367/8002/8002 2359/8003/8003 2358/8004/8004
vt -0.298521 -0.452597
vn -0.564812 0.601644 0.564812
vt -0.303345 -0.457421
vn -0.564812 0.601644 0.564812
vt -0.308333 -0.457083
vn -0.564812 0.601644 0.564812
vt -0.303333 -0.452083
vn -0.564812 0.601644 0.564812
f 2367/8005/8005 2368/8006/8006 2360/8007/8007 2359/8008/8008
vt -0.128333 -0.457421
vn -0.707913 0.706299 0.000000
vt -0.128333 -0.475913
vn -0.707913 0.706299 0.000000
vt -0.133333 -0.476250
vn -0.707913 0.706299 0.000000
vt -0.133333 -0.457083
vn -0.707913 0.706299 0.000000
f 2368/8009/8009 2361/8010/8010 2353/8011/8011 2360/8012/8012
v -3.640137 -1.720000 -6.910950
v -3.582250 -1.720000 -6.968838
v -0.417750 -1.720000 -6.968838
v -0.359863 -1.720000 -6.910950
v -0.359863 -1.720000 -6.689050
v -0.417750 -1.720000 -6.631162
v -3.582250 -1.720000 -6.631162
v -3.640137 -1.720000 -6.689050
v -3.700000 -1.660000 -6.915000
v -3.640000 -1.660000 -6.975000
v -0.360000 -1.660000 -6.975000
v -0.300000 -1.660000 -6.915000
v -0.300000 -1.660000 -6.685000
v -0.360000 -1.660000 -6.625000
v -3.640000 -1.660000 -6.625000
v -3.700000 -1.660000 -6.685000
v -3.700000 -1.600000 -6.915000
v -3.640000 -1.600000 -6.975000
v -0.360000 -1.600000 -6.975000
v -0.300000 -1.600000 -6.915000
v -0.300000 -1.600000 -6.685000
v -0.360000 -1.600000 -6.625000
v -3.640000 -1.600000 -6.625000
v -3.700000 -1.600000 -6.685000
v -3.640137 -1.540000 -6.910950
v -3.582250 -1.540000 -6.968838
v -0.417750 -1.540000 -6.968838
v -0.359863 -1.540000 -6.910950
v -0.359863 -1.540000 -6.689050
v -0.417750 -1.540000 -6.631162
v -3.582250 -1.540000 -6.631162
v -3.640137 -1.540000 -6.689050
vt -0.303345 -0.575913
vn 0.000000 -1.000000 0.000000
vt -0.298521 -0.580736
vn 0.000000 -1.000000 0.000000
vt -0.034813 -0.580736
vn 0.000000 -1.000000 0.000000
vt -0.029989 -0.575913
vn 0.000000 -1.000000 0.000000
vt -0.029989 -0.557421
vn 0.000000 -1.000000 0.000000
vt -0.034813 -0.552597
vn 0.000000 -1.000000 0.000000
vt -0.298521 -0.552597
vn 0.000000 -1.000000 0.000000
vt -0.303345 -0.557421
vn 0.000000 -1.000000 0.000000
f 2369/8013/8013 2370/8014/8014 2371/8015/8015 2372/8016/8016 2373/8017/8017 2374/8018/8018 2375/8019/8019 2376/8020/8020
vt -0.303345 -0.557421
vn 0.000000 1.000000 0.000000
vt -0.298521 -0.552597
vn 0.000000 1.000000 0.000000
vt -0.034813 -0.552597
vn 0.000000 1.000000 0.000000
vt -0.029989 -0.557421
vn 0.000000 1.000000 0.000000
vt -0.029989 -0.575913
vn 0.000000 1.000000 0.000000
vt -0.034813 -0.580736
vn 0.000000 1.000000 0.000000
vt -0.298521 -0.580736
vn 0.000000 1.000000 0.000000
vt -0.303345 -0.575913
vn 0.000000 1.000000 0.000000
f 2400/8021/8021 2399/8022/8022 2398/8023/8023 2397/8024/8024 2396/8025/8025 2395/8026/8026 2394/8027/8027 2393/8028/8028
vt -0.308333 -0.576250
vn -0.564812 -0.601644 -0.564812
vt -0.303333 -0.581250
vn -0.564812 -0.601644 -0.564812
vt -0.298521 -0.580736
vn -0.564812 -0.601644 -0.564812
vt -0.303345 -0.575913
vn -0.564812 -0.601644 -0.564812
f 2377/8029/8029 2378/8030/8030 2370/8031/8031 2369/8032/8032
vt -0.303333 -0.138333
vn 0.000000 -0.102169 -0.994767
vt -0.030000 -0.138333
vn 0.000000 -0.102169 -0.994767
vt -0.034813 -0.143333
vn 0.000000 -0.102169 -0.994767
vt -0.298521 -0.143333
vn 0.000000 -0.102169 -0.994767
f 2378/8033/8033 2379/8034/8034 2371/8035/8035 2370/8036/8036
vt -0.030000 -0.581250
vn 0.564812 -0.601644 -0.564812
vt -0.025000 -0.576250
vn 0.564812 -0.601644 -0.564812
vt -0.029989 -0.575913
vn 0.564812 -0.601644 -0.564812
vt -0.034813 -0.580736
vn 0.564812 -0.601644 -0.564812
f 2379/8037/8037 2380/8038/8038 2372/8039/8039 2371/8040/8040
vt -0.138333 -0.576250
vn 0.707913 -0.706299 0.000000
vt -0.138333 -0.557083
vn 0.707913 -0.706299 0.000000
vt -0.143333 -0.557421
vn 0.707913 -0.706299 0.000000
vt -0.143333 -0.575913
vn 0.707913 -0.706299 0.000000
f 2380/8041/8041 2381/8042/8042 2373/8043/8043 2372/8044/8044
vt -0.025000 -0.557083
vn 0.564812 -0.601644 0.564812
vt -0.030000 -0.552083
vn 0.564812 -0.601644 0.564812
vt -0.034813 -0.552597
vn 0.564812 -0.601644 0.564812
vt -0.029989 -0.557421
vn 0.564812 -0.601644 0.564812
f 2381/8045/8045 2382/8046/8046 2374/8047/8047 2373/8048/8048
vt -0.030000 -0.138333
vn 0.000000 -0.102169 0.994767
vt -0.303333 -0.138333
vn 0.000000 -0.102169 0.994767
vt -0.298521 -0.143333
vn 0.000000 -0.102169 0.994767
vt -0.034813 -0.143333
vn 0.000000 -0.102169 0.994767
f 2382/8049/8049 2383/8050/8050 2375/8051/8051 2374/8052/8052
vt -0.303333 -0.552083
vn -0.564812 -0.601644 0.564812
vt -0.308333 -0.557083
vn -0.564812 -0.601644 0.564812
vt -0.303345 -0.557421
vn -0.564812 -0.601644 0.564812
vt -0.298521 -0.552597
vn -0.564812 -0.601644 0.564812
f 2383/8053/8053 2384/8054/8054 2376/8055/8055 2375/8056/8056
vt -0.138333 -0.557083
vn -0.707913 -0.706299 -0.000000
vt -0.138333 -0.576250
vn -0.707913 -0.706299 -0.000000
vt -0.143333 -0.575913
vn -0.707913 -0.706299 -0.000000
vt -0.143333 -0.557421
vn -0.707913 -0.706299 -0.000000
f 2384/8057/8057 2377/8058/8058 2369/8059/8059 2376/8060/8060
vt -0.308333 -0.133333
vn -0.707107 0.000000 -0.707107
vt -0.303333 -0.133333
vn -0.707107 0.000000 -0.707107
vt -0.303333 -0.138333
vn -0.707107 0.000000 -0.707107
vt -0.308333 -0.138333
vn -0.707107 0.000000 -0.707107
f 2385/8061/8061 2386/8062/8062 2378/8063/8063 2377/8064/8064
vt -0.303333 -0.133333
vn 0.000000 0.000000 -1.000000
vt -0.030000 -0.133333
vn 0.000000 0.000000 -1.000000
vt -0.030000 -0.138333
vn 0.000000 0.000000 -1.000000
vt -0.303333 -0.138333
vn 0.000000 0.000000 -1.000000
f 2386/8065/8065 2387/8066/8066 2379/8067/8067 2378/8068/8068
vt -0.030000 -0.133333
vn 0.707107 0.000000 -0.707107
vt -0.025000 -0.133333
vn 0.707107 0.000000 -0.707107
vt -0.025000 -0.138333
vn 0.707107 0.000000 -0.707107
vt -0.030000 -0.138333
vn 0.707107 0.000000 -0.707107
f 2387/8069/8069 2388/8070/8070 2380/8071/8071 2379/8072/8072
vt -0.133333 -0.576250
vn 1.000000 0.000000 -0.000000
vt -0.133333 -0.557083
vn 1.000000 0.000000 -0.000000
vt -0.138333 -0.557083
vn 1.000000 0.000000 -0.000000
vt -0.138333 -0.576250
vn 1.000000 0.000000 -0.000000
f 2388/8073/8073 2389/8074/8074 2381/8075/8075 2380/8076/8076
vt -0.025000 -0.133333
vn 0.707107 0.000000 0.707107
vt -0.030000 -0.133333
vn 0.707107 0.000000 0.707107
vt -0.030000 -0.138333
vn 0.707107 0.000000 0.707107
vt -0.025000 -0.138333
vn 0.707107 0.000000 0.707107
f 2389/8077/8077 2390/8078/8078 2382/8079/8079 2381/8080/8080
vt -0.030000 -0.133333
vn 0.000000 0.000000 1.000000
vt -0.303333 -0.133333
vn 0.000000 0.000000 1.000000
vt -0.303333 -0.138333
vn 0.000000 0.000000 1.000000
vt -0.030000 -0.138333
vn 0.000000 0.000000 1.000000
f 2390/8081/8081 2391/8082/8082 2383/8083/8083 2382/8084/8084
vt -0.303333 -0.133333
vn -0.707107 0.000000 0.707107
vt -0.308333 -0.133333
vn -0.707107 0.000000 0.707107
vt -0.308333 -0.138333
vn -0.707107 0.000000 0.707107
vt -0.303333 -0.138333
vn -0.707107 0.000000 0.707107
f 2391/8085/8085 2392/8086/8086 2384/8087/8087 2383/8088/8088
vt -0.133333 -0.557083
vn -1.000000 0.000000 -0.000000
vt -0.133333 -0.576250
vn -1.000000 0.000000 -0.000000
vt -0.138333 -0.576250
vn -1.000000 0.000000 -0.000000
vt -0.138333 -0.557083
vn -1.000000 0.000000 -0.000000
f 2392/8089/8089 2385/8090/8090 2377/8091/8091 2384/8092/8092
vt -0.303345 -0.575913
vn -0.564812 0.601644 -0.564812
vt -0.298521 -0.580736
vn -0.564812 0.601644 -0.564812
vt -0.303333 -0.581250
vn -0.564812 0.601644 -0.564812
vt -0.308333 -0.576250
vn -0.564812 0.601644 -0.564812
f 2393/8093/8093 2394/8094/8094 2386/8095/8095 2385/8096/8096
vt -0.298521 -0.128333
vn 0.000000 0.102169 -0.994767
vt -0.034813 -0.128333
vn 0.000000 0.102169 -0.994767
vt -0.030000 -0.133333
vn 0.000000 0.102169 -0.994767
vt -0.303333 -0.133333
vn 0.000000 0.102169 -0.994767
f 2394/8097/8097 2395/8098/8098 2387/8099/8099 2386/8100/8100
vt -0.034813 -0.580736
vn 0.564812 0.601644 -0.564812
vt -0.029989 -0.575913
vn 0.564812 0.601644 -0.564812
vt -0.025000 -0.576250
vn 0.564812 0.601644 -0.564812
vt -0.030000 -0.581250
vn 0.564812 0.601644 -0.564812
f 2395/8101/8101 2396/8102/8102 2388/8103/8103 2387/8104/8104
vt -0.128333 -0.575913
vn 0.707913 0.706299 -0.000000
vt -0.128333 -0.557421
vn 0.707913 0.706299 -0.000000
vt -0.133333 -0.557083
vn 0.707913 0.706299 -0.000000
vt -0.133333 -0.576250
vn 0.707913 0.706299 -0.000000
f 2396/8105/8105 2397/8106/8106 2389/8107/8107 2388/8108/8108
vt -0.029989 -0.557421
vn 0.564812 0.601644 0.564812
vt -0.034813 -0.552597
vn 0.564812 0.601644 0.564812
vt -0.030000 -0.552083
vn 0.564812 0.601644 0.564812
vt -0.025000 -0.557083
vn 0.564812 0.601644 0.564812
f 2397/8109/8109 2398/8110/8110 2390/8111/8111 2389/8112/8112
vt -0.034813 -0.128333
vn 0.000000 0.102169 0.994767
vt -0.298521 -0.128333
vn 0.000000 0.102169 0.994767
vt -0.303333 -0.133333
vn 0.000000 0.102169 0.994767
vt -0.030000 -0.133333
vn 0.000000 0.102169 0.994767
f 2398/8113/8113 2399/8114/8114 2391/8115/8115 2390/8116/8116
vt -0.298521 -0.552597
vn -0.564812 0.601644 0.564812
vt -0.303345 -0.557421
vn -0.564812 0.601644 0.564812
vt -0.308333 -0.557083
vn -0.564812 0.601644 0.564812
vt -0.303333 -0.552083
vn -0.564812 0.601644 0.564812
f 2399/8117/8117 2400/8118/8118 2392/8119/8119 2391/8120/8120
vt -0.128333 -0.557421
vn -0.707913 0.706299 0.000000
vt -0.128333 -0.575913
vn -0.707913 0.706299 0.000000
vt -0.133333 -0.576250
vn -0.707913 0.706299 0.000000
vt -0.133333 -0.557083
vn -0.707913 0.706299 0.000000
f 2400/8121/8121 2393/8122/8122 2385/8123/8123 2392/8124/8124
v 15.850083 -2.250000 4.597366
v 15.918617 -2.250000 4.528833
v 16.081383 -2.250000 4.528833
v 16.149917 -2.250000 4.597366
v 16.149917 -2.250000 5.402634
v 16.081383 -2.250000 5.471167
v 15.918617 -2.250000 5.471167
v 15.850083 -2.250000 5.402634
v 15.825000 -2.170000 4.530000
v 15.905000 -2.170000 4.450000
v 16.095000 -2.170000 4.450000
v 16.175000 -2.170000 4.530000
v 16.175000 -2.170000 5.470000
v 16.095000 -2.170000 5.550000
v 15.905000 -2.170000 5.550000
v 15.825000 -2.170000 5.470000
v 15.825000 2.170000 4.530000
v 15.905000 2.170000 4.450000
v 16.095000 2.170000 4.450000
v 16.175000 2.170000 4.530000
v 16.175000 2.170000 5.470000
v 16.095000 2.170000 5.550000
v 15.905000 2.170000 5.550000
v 15.825000 2.170000 5.470000
v 15.850083 2.250000 4.597366
v 15.918617 2.250000 4.528833
v 16.081383 2.250000 4.528833
v 16.149917 2.250000 4.597366
v 16.149917 2.250000 5.402634
v 16.081383 2.250000 5.471167
v 15.918617 2.250000 5.471167
v 15.850083 2.250000 5.402634
vt 1.320840 0.383114
vn 0.000000 -1.000000 0.000000
vt 1.326551 0.377403
vn 0.000000 -1.000000 0.000000
vt 1.340115 0.377403
vn 0.000000 -1.000000 0.000000
vt 1.345826 0.383114
vn 0.000000 -1.000000 0.000000
vt 1.345826 0.450219
vn 0.000000 -1.000000 0.000000
vt 1.340115 0.455931
vn 0.000000 -1.000000 0.000000
vt 1.326551 0.455931
vn 0.000000 -1.000000 0.000000
vt 1.320840 0.450219
vn 0.000000 -1.000000 0.000000
f 2401/8125/8125 2402/8126/8126 2403/8127/8127 2404/8128/8128 2405/8129/8129 2406/8130/8130 2407/8131/8131 2408/8132/8132
vt 1.320840 0.450219
vn 0.000000 1.000000 0.000000
vt 1.326551 0.455931
vn 0.000000 1.000000 0.000000
vt 1.340115 0.455931
vn 0.000000 1.000000 0.000000
vt 1.345826 0.450219
vn 0.000000 1.000000 0.000000
vt 1.345826 0.383114
vn 0.000000 1.000000 0.000000
vt 1.340115 0.377403
vn 0.000000 1.000000 0.000000
vt 1.326551 0.377403
vn 0.000000 1.000000 0.000000
vt 1.320840 0.383114
vn 0.000000 1.000000 0.000000
f 2432/8133/8133 2431/8134/8134 2430/8135/8135 2429/8136/8136 2428/8137/8137 2427/8138/8138 2426/8139/8139 2425/8140/8140
vt 1.318750 0.377500
vn -0.547549 -0.632756 -0.547549
vt 1.325417 0.370833
vn -0.547549 -0.632756 -0.547549
vt 1.326551 0.377403
vn -0.547549 -0.632756 -0.547549
vt 1.320840 0.383114
vn -0.547549 -0.632756 -0.547549
f 2409/8141/8141 2410/8142/8142 2402/8143/8143 2401/8144/8144
vt 1.325417 -0.180833
vn 0.000000 -0.701891 -0.712284
vt 1.341250 -0.180833
vn 0.000000 -0.701891 -0.712284
vt 1.340115 -0.187500
vn 0.000000 -0.701891 -0.712284
vt 1.326551 -0.187500
vn 0.000000 -0.701891 -0.712284
f 2410/8145/8145 2411/8146/8146 2403/8147/8147 2402/8148/8148
vt 1.341250 0.370833
vn 0.547549 -0.632756 -0.547549
vt 1.347917 0.377500
vn 0.547549 -0.632756 -0.547549
vt 1.345826 0.383114
vn 0.547549 -0.632756 -0.547549
vt 1.340115 0.377403
vn 0.547549 -0.632756 -0.547549
f 2411/8149/8149 2412/8150/8150 2404/8151/8151 2403/8152/8152
vt -0.180833 0.377500
vn 0.954197 -0.299178 0.000000
vt -0.180833 0.455833
vn 0.954197 -0.299178 0.000000
vt -0.187500 0.450219
vn 0.954197 -0.299178 0.000000
vt -0.187500 0.383114
vn 0.954197 -0.299178 0.000000
f 2412/8153/8153 2413/8154/8154 2405/8155/8155 2404/8156/8156
vt 1.347917 0.455833
vn 0.547549 -0.632756 0.547549
vt 1.341250 0.462500
vn 0.547549 -0.632756 0.547549
vt 1.340115 0.455931
vn 0.547549 -0.632756 0.547549
vt 1.345826 0.450219
vn 0.547549 -0.632756 0.547549
f 2413/8157/8157 2414/8158/8158 2406/8159/8159 2405/8160/8160
vt 1.341250 -0.180833
vn 0.000000 -0.701891 0.712284
vt 1.325417 -0.180833
vn 0.000000 -0.701891 0.712284
vt 1.326551 -0.187500
vn 0.000000 -0.701891 0.712284
vt 1.340115 -0.187500
vn 0.000000 -0.701891 0.712284
f 2414/8161/8161 2415/8162/8162 2407/8163/8163 2406/8164/8164
vt 1.325417 0.462500
vn -0.547549 -0.632756 0.547549
vt 1.318750 0.455833
vn -0.547549 -0.632756 0.547549
vt 1.320840 0.450219
vn -0.547549 -0.632756 0.547549
vt 1.326551 0.455931
vn -0.547549 -0.632756 0.547549
f 2415/8165/8165 2416/8166/8166 2408/8167/8167 2407/8168/8168
vt -0.180833 0.455833
vn -0.954197 -0.299178 -0.000000
vt -0.180833 0.377500
vn -0.954197 -0.299178 -0.000000
vt -0.187500 0.383114
vn -0.954197 -0.299178 -0.000000
vt -0.187500 0.450219
vn -0.954197 -0.299178 -0.000000
f 2416/8169/8169 2409/8170/8170 2401/8171/8171 2408/8172/8172
vt 0.180833 0.377500
vn -0.707107 0.000000 -0.707107
vt 0.180833 0.370833
vn -0.707107 0.000000 -0.707107
vt -0.180833 0.370833
vn -0.707107 0.000000 -0.707107
vt -0.180833 0.377500
vn -0.707107 0.000000 -0.707107
f 2417/8173/8173 2418/8174/8174 2410/8175/8175 2409/8176/8176
vt 1.325417 0.180833
vn 0.000000 0.000000 -1.000000
vt 1.341250 0.180833
vn 0.000000 0.000000 -1.000000
vt 1.341250 -0.180833
vn 0.000000 0.000000 -1.000000
vt 1.325417 -0.180833
vn 0.000000 0.000000 -1.000000
f 2418/8177/8177 2419/8178/8178 2411/8179/8179 2410/8180/8180
vt 0.180833 0.370833
vn 0.707107 0.000000 -0.707107
vt 0.180833 0.377500
vn 0.707107 0.000000 -0.707107
vt -0.180833 0.377500
vn 0.707107 0.000000 -0.707107
vt -0.180833 0.370833
vn 0.707107 0.000000 -0.707107
f 2419/8181/8181 2420/8182/8182 2412/8183/8183 2411/8184/8184
vt 0.180833 0.377500
vn 1.000000 0.000000 -0.000000
vt 0.180833 0.455833
vn 1.000000 0.000000 -0.000000
vt -0.180833 0.455833
vn 1.000000 0.000000 -0.000000
vt -0.180833 0.377500
vn 1.000000 0.000000 -0.000000
f 2420/8185/8185 2421/8186/8186 2413/8187/8187 2412/8188/8188
vt 0.180833 0.455833
vn 0.707107 0.000000 0.707107
vt 0.180833 0.462500
vn 0.707107 0.000000 0.707107
vt -0.180833 0.462500
vn 0.707107 0.000000 0.707107
vt -0.180833 0.455833
vn 0.707107 0.000000 0.707107
f 2421/8189/8189 2422/8190/8190 2414/8191/8191 2413/8192/8192
vt 1.341250 0.180833
vn 0.000000 0.000000 1.000000
vt 1.325417 0.180833
vn 0.000000 0.000000 1.000000
vt 1.325417 -0.180833
vn 0.000000 0.000000 1.000000
vt 1.341250 -0.180833
vn 0.000000 0.000000 1.000000
f 2422/8193/8193 2423/8194/8194 2415/8195/8195 2414/8196/8196
vt 0.180833 0.462500
vn -0.707107 0.000000 0.707107
vt 0.180833 0.455833
vn -0.707107 0.000000 0.707107
vt -0.180833 0.455833
vn -0.707107 0.000000 0.707107
vt -0.180833 0.462500
vn -0.707107 0.000000 0.707107
f 2423/8197/8197 2424/8198/8198 2416/8199/8199 2415/8200/8200
vt 0.180833 0.455833
vn -1.000000 0.000000 -0.000000
vt 0.180833 0.377500
vn -1.000000 0.000000 -0.000000
vt -0.180833 0.377500
vn -1.000000 0.000000 -0.000000
vt -0.180833 0.455833
vn -1.000000 0.000000 -0.000000
f 2424/8201/8201 2417/8202/8202 2409/8203/8203 2416/8204/8204
vt 1.320840 0.383114
vn -0.547549 0.632756 -0.547549
vt 1.326551 0.377403
vn -0.547549 0.632756 -0.547549
vt 1.325417 0.370833
vn -0.547549 0.632756 -0.547549
vt 1.318750 0.377500
vn -0.547549 0.632756 -0.547549
f 2425/8205/8205 2426/8206/8206 2418/8207/8207 2417/8208/8208
vt 1.326551 0.187500
vn 0.000000 0.701891 -0.712284
vt 1.340115 0.187500
vn 0.000000 0.701891 -0.712284
vt 1.341250 0.180833
vn 0.000000 0.701891 -0.712284
vt 1.325417 0.180833
vn 0.000000 0.701891 -0.712284
f 2426/8209/8209 2427/8210/8210 2419/8211/8211 2418/8212/8212
vt 1.340115 0.377403
vn 0.547549 0.632756 -0.547549
vt 1.345826 0.383114
vn 0.547549 0.632756 -0.547549
vt 1.347917 0.377500
vn 0.547549 0.632756 -0.547549
vt 1.341250 0.370833
vn 0.547549 0.632756 -0.547549
f 2427/8213/8213 2428/8214/8214 2420/8215/8215 2419/8216/8216
vt 0.187500 0.383114
vn 0.954197 0.299178 -0.000000
vt 0.187500 0.450219
vn 0.954197 0.299178 -0.000000
vt 0.180833 0.455833
vn 0.954197 0.299178 -0.000000
vt 0.180833 0.377500
vn 0.954197 0.299178 -0.000000
f 2428/8217/8217 2429/8218/8218 2421/8219/8219 2420/8220/8220
vt 1.345826 0.450219
vn 0.547549 0.632756 0.547549
vt 1.340115 0.455931
vn 0.547549 0.632756 0.547549
vt 1.341250 0.462500
vn 0.547549 0.632756 0.547549
vt 1.347917 0.455833
vn 0.547549 0.632756 0.547549
f 2429/8221/8221 2430/8222/8222 2422/8223/8223 2421/8224/8224
vt 1.340115 0.187500
vn 0.000000 0.701891 0.712284
vt 1.326551 0.187500
vn 0.000000 0.701891 0.712284
vt 1.325417 0.180833
vn 0.000000 0.701891 0.712284
vt 1.341250 0.180833
vn 0.000000 0.701891 0.712284
f 2430/8225/8225 2431/8226/8226 2423/8227/8227 2422/8228/8228
vt 1.326551 0.455931
vn -0.547549 0.632756 0.547549
vt 1.320840 0.450219
vn -0.547549 0.632756 0.547549
vt 1.318750 0.455833
vn -0.547549 0.632756 0.547549
vt 1.325417 0.462500
vn -0.547549 0.632756 0.547549
f 2431/8229/8229 2432/8230/8230 2424/8231/8231 2423/8232/8232
vt 0.187500 0.450219
vn -0.954197 0.299178 0.000000
vt 0.187500 0.383114
vn -0.954197 0.299178 0.000000
vt 0.180833 0.377500
vn -0.954197 0.299178 0.000000
vt 0.180833 0.455833
vn -0.954197 0.299178 0.000000
f 2432/8233/8233 2425/8234/8234 2417/8235/8235 2424/8236/8236
v 17.050083 -2.250000 4.597366
v 17.118617 -2.250000 4.528833
v 17.281383 -2.250000 4.528833
v 17.349917 -2.250000 4.597366
v 17.349917 -2.250000 5.402634
v 17.281383 -2.250000 5.471167
v 17.118617 -2.250000 5.471167
v 17.050083 -2.250000 5.402634
v 17.025000 -2.170000 4.530000
v 17.105000 -2.170000 4.450000
v 17.295000 -2.170000 4.450000
v 17.375000 -2.170000 4.530000
v 17.375000 -2.170000 5.470000
v 17.295000 -2.170000 5.550000
v 17.105000 -2.170000 5.550000
v 17.025000 -2.170000 5.470000
v 17.025000 2.170000 4.530000
v 17.105000 2.170000 4.450000
v 17.295000 2.170000 4.450000
v 17.375000 2.170000 4.530000
v 17.375000 2.170000 5.470000
v 17.295000 2.170000 5.550000
v 17.105000 2.170000 5.550000
v 17.025000 2.170000 5.470000
v 17.050083 2.250000 4.597366
v 17.118617 2.250000 4.528833
v 17.281383 2.250000 4.528833
v 17.349917 2.250000 4.597366
v 17.349917 2.250000 5.402634
v 17.281383 2.250000 5.471167
v 17.118617 2.250000 5.471167
v 17.050083 2.250000 5.402634
vt 1.420840 0.383114
vn 0.000000 -1.000000 0.000000
vt 1.426551 0.377403
vn 0.000000 -1.000000 0.000000
vt 1.440115 0.377403
vn 0.000000 -1.000000 0.000000
vt 1.445826 0.383114
vn 0.000000 -1.000000 0.000000
vt 1.445826 0.450219
vn 0.000000 -1.000000 0.000000
vt 1.440115 0.455931
vn 0.000000 -1.000000 0.000000
vt 1.426551 0.455931
vn 0.000000 -1.000000 0.000000
vt 1.420840 0.450219
vn 0.000000 -1.000000 0.000000
f 2433/8237/8237 2434/8238/8238 2435/8239/8239 2436/8240/8240 2437/8241/8241 2438/8242/8242 2439/8243/8243 2440/8244/8244
vt 1.420840 0.450219
vn 0.000000 1.000000 0.000000
vt 1.426551 0.455931
vn 0.000000 1.000000 0.000000
vt 1.440115 0.455931
vn 0.000000 1.000000 0.000000
vt 1.445826 0.450219
vn 0.000000 1.000000 0.000000
vt 1.445826 0.383114
vn 0.000000 1.000000 0.000000
vt 1.440115 0.377403
vn 0.000000 1.000000 0.000000
vt 1.426551 0.377403
vn 0.000000 1.000000 0.000000
vt 1.420840 0.383114
vn 0.000000 1.000000 0.000000
f 2464/8245/8245 2463/8246/8246 2462/8247/8247 2461/8248/8248 2460/8249/8249 2459/8250/8250 2458/8251/8251 2457/8252/8252
vt 1.418750 0.377500
vn -0.547549 -0.632756 -0.547549
vt 1.425417 0.370833
vn -0.547549 -0.632756 -0.547549
vt 1.426551 0.377403
vn -0.547549 -0.632756 -0.547549
vt 1.420840 0.383114
vn -0.547549 -0.632756 -0.547549
f 2441/8253/8253 2442/8254/8254 2434/8255/8255 2433/8256/8256
vt 1.425417 -0.180833
vn 0.000000 -0.701891 -0.712284
vt 1.441250 -0.180833
vn 0.000000 -0.701891 -0.712284
vt 1.440115 -0.187500
vn 0.000000 -0.701891 -0.712284
vt 1.426551 -0.187500
vn 0.000000 -0.701891 -0.712284
f 2442/8257/8257 2443/8258/8258 2435/8259/8259 2434/8260/8260
vt 1.441250 0.370833
vn 0.547549 -0.632756 -0.547549
vt 1.447917 0.377500
vn 0.547549 -0.632756 -0.547549
vt 1.445826 0.383114
vn 0.547549 -0.632756 -0.547549
vt 1.440115 0.377403
vn 0.547549 -0.632756 -0.547549
f 2443/8261/8261 2444/8262/8262 2436/8263/8263 2435/8264/8264
vt -0.180833 0.377500
vn 0.954197 -0.299178 0.000000
vt -0.180833 0.455833
vn 0.954197 -0.299178 0.000000
vt -0.187500 0.450219
vn 0.954197 -0.299178 0.000000
vt -0.187500 0.383114
vn 0.954197 -0.299178 0.000000
f 2444/8265/8265 2445/8266/8266 2437/8267/8267 2436/8268/8268
vt 1.447917 0.455833
vn 0.547549 -0.632756 0.547549
vt 1.441250 0.462500
vn 0.547549 -0.632756 0.547549
vt 1.440115 0.455931
vn 0.547549 -0.632756 0.547549
vt 1.445826 0.450219
vn 0.547549 -0.632756 0.547549
f 2445/8269/8269 2446/8270/8270 2438/8271/8271 2437/8272/8272
vt 1.441250 -0.180833
vn 0.000000 -0.701891 0.712284
vt 1.425417 -0.180833
vn 0.000000 -0.701891 0.712284
vt 1.426551 -0.187500
vn 0.000000 -0.701891 0.712284
vt 1.440115 -0.187500
vn 0.000000 -0.701891 0.712284
f 2446/8273/8273 2447/8274/8274 2439/8275/8275 2438/8276/8276
vt 1.425417 0.462500
vn -0.547549 -0.632756 0.547549
vt 1.418750 0.455833
vn -0.547549 -0.632756 0.547549
vt 1.420840 0.450219
vn -0.547549 -0.632756 0.547549
vt 1.426551 0.455931
vn -0.547549 -0.632756 0.547549
f 2447/8277/8277 2448/8278/8278 2440/8279/8279 2439/8280/8280
vt -0.180833 0.455833
vn -0.954197 -0.299178 -0.000000
vt -0.180833 0.377500
vn -0.954197 -0.299178 -0.000000
vt -0.187500 0.383114
vn -0.954197 -0.299178 -0.000000
vt -0.187500 0.450219
vn -0.954197 -0.299178 -0.000000
f 2448/8281/8281 2441/8282/8282 2433/8283/8283 2440/8284/8284
vt 0.180833 0.377500
vn -0.707107 0.000000 -0.707107
vt 0.180833 0.370833
vn -0.707107 0.000000 -0.707107
vt -0.180833 0.370833
vn -0.707107 0.000000 -0.707107
vt -0.180833 0.377500
vn -0.707107 0.000000 -0.707107
f 2449/8285/8285 2450/8286/8286 2442/8287/8287 2441/8288/8288
vt 1.425417 0.180833
vn 0.000000 0.000000 -1.000000
vt 1.441250 0.180833
vn 0.000000 0.000000 -1.000000
vt 1.441250 -0.180833
vn 0.000000 0.000000 -1.000000
vt 1.425417 -0.180833
vn 0.000000 0.000000 -1.000000
f 2450/8289/8289 2451/8290/8290 2443/8291/8291 2442/8292/8292
vt 0.180833 0.370833
vn 0.707107 0.000000 -0.707107
vt 0.180833 0.377500
vn 0.707107 0.000000 -0.707107
vt -0.180833 0.377500
vn 0.707107 0.000000 -0.707107
vt -0.180833 0.370833
vn 0.707107 0.000000 -0.707107
f 2451/8293/8293 2452/8294/8294 2444/8295/8295 2443/8296/8296
vt 0.180833 0.377500
vn 1.000000 0.000000 -0.000000
vt 0.180833 0.455833
vn 1.000000 0.000000 -0.000000
vt -0.180833 0.455833
vn 1.000000 0.000000 -0.000000
vt -0.180833 0.377500
vn 1.000000 0.000000 -0.000000
f 2452/8297/8297 2453/8298/8298 2445/8299/8299 2444/8300/8300
vt 0.180833 0.455833
vn 0.707107 0.000000 0.707107
vt 0.180833 0.462500
vn 0.707107 0.000000 0.707107
vt -0.180833 0.462500
vn 0.707107 0.000000 0.707107
vt -0.180833 0.455833
vn 0.707107 0.000000 0.707107
f 2453/8301/8301 2454/8302/8302 2446/8303/8303 2445/8304/8304
vt 1.441250 0.180833
vn 0.000000 0.000000 1.000000
vt 1.425417 0.180833
vn 0.000000 0.000000 1.000000
vt 1.425417 -0.180833
vn 0.000000 0.000000 1.000000
vt 1.441250 -0.180833
vn 0.000000 0.000000 1.000000
f 2454/8305/8305 2455/8306/8306 2447/8307/8307 2446/8308/8308
vt 0.180833 0.462500
vn -0.707107 0.000000 0.707107
vt 0.180833 0.455833
vn -0.707107 0.000000 0.707107
vt -0.180833 0.455833
vn -0.707107 0.000000 0.707107
vt -0.180833 0.462500
vn -0.707107 0.000000 0.707107
f 2455/8309/8309 2456/8310/8310 2448/8311/8311 2447/8312/8312
vt 0.180833 0.455833
vn -1.000000 0.000000 -0.000000
vt 0.180833 0.377500
vn -1.000000 0.000000 -0.000000
vt -0.180833 0.377500
vn -1.000000 0.000000 -0.000000
vt -0.180833 0.455833
vn -1.000000 0.000000 -0.000000
f 2456/8313/8313 2449/8314/8314 2441/8315/8315 2448/8316/8316
vt 1.420840 0.383114
vn -0.547549 0.632756 -0.547549
vt 1.426551 0.377403
vn -0.547549 0.632756 -0.547549
vt 1.425417 0.370833
vn -0.547549 0.632756 -0.547549
vt 1.418750 0.377500
vn -0.547549 0.632756 -0.547549
f 2457/8317/8317 2458/8318/8318 2450/8319/8319 2449/8320/8320
vt 1.426551 0.187500
vn 0.000000 0.701891 -0.712284
vt 1.440115 0.187500
vn 0.000000 0.701891 -0.712284
vt 1.441250 0.180833
vn 0.000000 0.701891 -0.712284
vt 1.425417 0.180833
vn 0.000000 0.701891 -0.712284
f 2458/8321/8321 2459/8322/8322 2451/8323/8323 2450/8324/8324
vt 1.440115 0.377403
vn 0.547549 0.632756 -0.547549
vt 1.445826 0.383114
vn 0.547549 0.632756 -0.547549
vt 1.447917 0.377500
vn 0.547549 0.632756 -0.547549
vt 1.441250 0.370833
vn 0.547549 0.632756 -0.547549
f 2459/8325/8325 2460/8326/8326 2452/8327/8327 2451/8328/8328
vt 0.187500 0.383114
vn 0.954197 0.299178 -0.000000
vt 0.187500 0.450219
vn 0.954197 0.299178 -0.000000
vt 0.180833 0.455833
vn 0.954197 0.299178 -0.000000
vt 0.180833 0.377500
vn 0.954197 0.299178 -0.000000
f 2460/8329/8329 2461/8330/8330 2453/8331/8331 2452/8332/8332
vt 1.445826 0.450219
vn 0.547549 0.632756 0.547549
vt 1.440115 0.455931
vn 0.547549 0.632756 0.547549
vt 1.441250 0.462500
vn 0.547549 0.632756 0.547549
vt 1.447917 0.455833
vn 0.547549 0.632756 0.547549
f 2461/8333/8333 2462/8334/8334 2454/8335/8335 2453/8336/8336
vt 1.440115 0.187500
vn 0.000000 0.701891 0.712284
vt 1.426551 0.187500
vn 0.000000 0.701891 0.712284
vt 1.425417 0.180833
vn 0.000000 0.701891 0.712284
vt 1.441250 0.180833
vn 0.000000 0.701891 0.712284
f 2462/8337/8337 2463/8338/8338 2455/8339/8339 2454/8340/8340
vt 1.426551 0.455931
vn -0.547549 0.632756 0.547549
vt 1.420840 0.450219
vn -0.547549 0.632756 0.547549
vt 1.418750 0.455833
vn -0.547549 0.632756 0.547549
vt 1.425417 0.462500
vn -0.547549 0.632756 0.547549
f 2463/8341/8341 2464/8342/8342 2456/8343/8343 2455/8344/8344
vt 0.187500 0.450219
vn -0.954197 0.299178 0.000000
vt 0.187500 0.383114
vn -0.954197 0.299178 0.000000
vt 0.180833 0.377500
vn -0.954197 0.299178 0.000000
vt 0.180833 0.455833
vn -0.954197 0.299178 0.000000
f 2464/8345/8345 2457/8346/8346 2449/8347/8347 2456/8348/8348
v 18.250083 -2.250000 4.597366
v 18.318617 -2.250000 4.528833
v 18.481383 -2.250000 4.528833
v 18.549917 -2.250000 4.597366
v 18.549917 -2.250000 5.402634
v 18.481383 -2.250000 5.471167
v 18.318617 -2.250000 5.471167
v 18.250083 -2.250000 5.402634
v 18.225000 -2.170000 4.530000
v 18.305000 -2.170000 4.450000
v 18.495000 -2.170000 4.450000
v 18.575000 -2.170000 4.530000
v 18.575000 -2.170000 5.470000
v 18.495000 -2.170000 5.550000
v 18.305000 -2.170000 5.550000
v 18.225000 -2.170000 5.470000
v 18.225000 2.170000 4.530000
v 18.305000 2.170000 4.450000
v 18.495000 2.170000 4.450000
v 18.575000 2.170000 4.530000
v 18.575000 2.170000 5.470000
v 18.495000 2.170000 5.550000
v 18.305000 2.170000 5.550000
v 18.225000 2.170000 5.470000
v 18.250083 2.250000 4.597366
v 18.318617 2.250000 4.528833
v 18.481383 2.250000 4.528833
v 18.549917 2.250000 4.597366
v 18.549917 2.250000 5.402634
v 18.481383 2.250000 5.471167
v 18.318617 2.250000 5.471167
v 18.250083 2.250000 5.402634
vt 1.520840 0.383114
vn 0.000000 -1.000000 0.000000
vt 1.526551 0.377403
vn 0.000000 -1.000000 0.000000
vt 1.540115 0.377403
vn 0.000000 -1.000000 0.000000
vt 1.545826 0.383114
vn 0.000000 -1.000000 0.000000
vt 1.545826 0.450219
vn 0.000000 -1.000000 0.000000
vt 1.540115 0.455931
vn 0.000000 -1.000000 0.000000
vt 1.526551 0.455931
vn 0.000000 -1.000000 0.000000
vt 1.520840 0.450219
vn 0.000000 -1.000000 0.000000
f 2465/8349/8349 2466/8350/8350 2467/8351/8351 2468/8352/8352 2469/8353/8353 2470/8354/8354 2471/8355/8355 2472/8356/8356
vt 1.520840 0.450219
vn 0.000000 1.000000 0.000000
vt 1.526551 0.455931
vn 0.000000 1.000000 0.000000
vt 1.540115 0.455931
vn 0.000000 1.000000 0.000000
vt 1.545826 0.450219
vn 0.000000 1.000000 0.000000
vt 1.545826 0.383114
vn 0.000000 1.000000 0.000000
vt 1.540115 0.377403
vn 0.000000 1.000000 0.000000
vt 1.526551 0.377403
vn 0.000000 1.000000 0.000000
vt 1.520840 0.383114
vn 0.000000 1.000000 0.000000
f 2496/8357/8357 2495/8358/8358 2494/8359/8359 2493/8360/8360 2492/8361/8361 2491/8362/8362 2490/8363/8363 2489/8364/8364
vt 1.518750 0.377500
vn -0.547549 -0.632756 -0.547549
vt 1.525417 0.370833
vn -0.547549 -0.632756 -0.547549
vt 1.526551 0.377403
vn -0.547549 -0.632756 -0.547549
vt 1.520840 0.383114
vn -0.547549 -0.632756 -0.547549
f 2473/8365/8365 2474/8366/8366 2466/8367/8367 2465/8368/8368
vt 1.525417 -0.180833
vn 0.000000 -0.701891 -0.712284
vt 1.541250 -0.180833
vn 0.000000 -0.701891 -0.712284
vt 1.540115 -0.187500
vn 0.000000 -0.701891 -0.712284
vt 1.526551 -0.187500
vn 0.000000 -0.701891 -0.712284
f 2474/8369/8369 2475/8370/8370 2467/8371/8371 2466/8372/8372
vt 1.541250 0.370833
vn 0.547549 -0.632756 -0.547549
vt 1.547917 0.377500
vn 0.547549 -0.632756 -0.547549
vt 1.545826 0.383114
vn 0.547549 -0.632756 -0.547549
vt 1.540115 0.377403
vn 0.547549 -0.632756 -0.547549
f 2475/8373/8373 2476/8374/8374 2468/8375/8375 2467/8376/8376
vt -0.180833 0.377500
vn 0.954197 -0.299178 0.000000
vt -0.180833 0.455833
vn 0.954197 -0.299178 0.000000
vt -0.187500 0.450219
vn 0.954197 -0.299178 0.000000
vt -0.187500 0.383114
vn 0.954197 -0.299178 0.000000
f 2476/8377/8377 2477/8378/8378 2469/8379/8379 2468/8380/8380
vt 1.547917 0.455833
vn 0.547549 -0.632756 0.547549
vt 1.541250 0.462500
vn 0.547549 -0.632756 0.547549
vt 1.540115 0.455931
vn 0.547549 -0.632756 0.547549
vt 1.545826 0.450219
vn 0.547549 -0.632756 0.547549
f 2477/8381/8381 2478/8382/8382 2470/8383/8383 2469/8384/8384
vt 1.541250 -0.180833
vn 0.000000 -0.701891 0.712284
vt 1.525417 -0.180833
vn 0.000000 -0.701891 0.712284
vt 1.526551 -0.187500
vn 0.000000 -0.701891 0.712284
vt 1.540115 -0.187500
vn 0.000000 -0.701891 0.712284
f 2478/8385/8385 2479/8386/8386 2471/8387/8387 2470/8388/8388
vt 1.525417 0.462500
vn -0.547549 -0.632756 0.547549
vt 1.518750 0.455833
vn -0.547549 -0.632756 0.547549
vt 1.520840 0.450219
vn -0.547549 -0.632756 0.547549
vt 1.526551 0.455931
vn -0.547549 -0.632756 0.547549
f 2479/8389/8389 2480/8390/8390 2472/8391/8391 2471/8392/8392
vt -0.180833 0.455833
vn -0.954197 -0.299178 -0.000000
vt -0.180833 0.377500
vn -0.954197 -0.299178 -0.000000
vt -0.187500 0.383114
vn -0.954197 -0.299178 -0.000000
vt -0.187500 0.450219
vn -0.954197 -0.299178 -0.000000
f 2480/8393/8393 2473/8394/8394 2465/8395/8395 2472/8396/8396
vt 0.180833 0.377500
vn -0.707107 0.000000 -0.707107
vt 0.180833 0.370833
vn -0.707107 0.000000 -0.707107
vt -0.180833 0.370833
vn -0.707107 0.000000 -0.707107
vt -0.180833 0.377500
vn -0.707107 0.000000 -0.707107
f 2481/8397/8397 2482/8398/8398 2474/8399/8399 2473/8400/8400
vt 1.525417 0.180833
vn 0.000000 0.000000 -1.000000
vt 1.541250 0.180833
vn 0.000000 0.000000 -1.000000
vt 1.541250 -0.180833
vn 0.000000 0.000000 -1.000000
vt 1.525417 -0.180833
vn 0.000000 0.000000 -1.000000
f 2482/8401/8401 2483/8402/8402 2475/8403/8403 2474/8404/8404
vt 0.180833 0.370833
vn 0.707107 0.000000 -0.707107
vt 0.180833 0.377500
vn 0.707107 0.000000 -0.707107
vt -0.180833 0.377500
vn 0.707107 0.000000 -0.707107
vt -0.180833 0.370833
vn 0.707107 0.000000 -0.707107
f 2483/8405/8405 2484/8406/8406 2476/8407/8407 2475/8408/8408
vt 0.180833 0.377500
vn 1.000000 0.000000 -0.000000
vt 0.180833 0.455833
vn 1.000000 0.000000 -0.000000
vt -0.180833 0.455833
vn 1.000000 0.000000 -0.000000
vt -0.180833 0.377500
vn 1.000000 0.000000 -0.000000
f 2484/8409/8409 2485/8410/8410 2477/8411/8411 2476/8412/8412
vt 0.180833 0.455833
vn 0.707107 0.000000 0.707107
vt 0.180833 0.462500
vn 0.707107 0.000000 0.707107
vt -0.180833 0.462500
vn 0.707107 0.000000 0.707107
vt -0.180833 0.455833
vn 0.707107 0.000000 0.707107
f 2485/8413/8413 2486/8414/8414 2478/8415/8415 2477/8416/8416
vt 1.541250 0.180833
vn 0.000000 0.000000 1.000000
vt 1.525417 0.180833
vn 0.000000 0.000000 1.000000
vt 1.525417 -0.180833
vn 0.000000 0.000000 1.000000
vt 1.541250 -0.180833
vn 0.000000 0.000000 1.000000
f 2486/8417/8417 2487/8418/8418 2479/8419/8419 2478/8420/8420
vt 0.180833 0.462500
vn -0.707107 0.000000 0.707107
vt 0.180833 0.455833
vn -0.707107 0.000000 0.707107
vt -0.180833 0.455833
vn -0.707107 0.000000 0.707107
vt -0.180833 0.462500
vn -0.707107 0.000000 0.707107
f 2487/8421/8421 2488/8422/8422 2480/8423/8423 2479/8424/8424
vt 0.180833 0.455833
vn -1.000000 0.000000 -0.000000
vt 0.180833 0.377500
vn -1.000000 0.000000 -0.000000
vt -0.180833 0.377500
vn -1.000000 0.000000 -0.000000
vt -0.180833 0.455833
vn -1.000000 0.000000 -0.000000
f 2488/8425/8425 2481/8426/8426 2473/8427/8427 2480/8428/8428
vt 1.520840 0.383114
vn -0.547549 0.632756 -0.547549
vt 1.526551 0.377403
vn -0.547549 0.632756 -0.547549
vt 1.525417 0.370833
vn -0.547549 0.632756 -0.547549
vt 1.518750 0.377500
vn -0.547549 0.632756 -0.547549
f 2489/8429/8429 2490/8430/8430 2482/8431/8431 2481/8432/8432
vt 1.526551 0.187500
vn 0.000000 0.701891 -0.712284
vt 1.540115 0.187500
vn 0.000000 0.701891 -0.712284
vt 1.541250 0.180833
vn 0.000000 0.701891 -0.712284
vt 1.525417 0.180833
vn 0.000000 0.701891 -0.712284
f 2490/8433/8433 2491/8434/8434 2483/8435/8435 2482/8436/8436
vt 1.540115 0.377403
vn 0.547549 0.632756 -0.547549
vt 1.545826 0.383114
vn 0.547549 0.632756 -0.547549
vt 1.547917 0.377500
vn 0.547549 0.632756 -0.547549
vt 1.541250 0.370833
vn 0.547549 0.632756 -0.547549
f 2491/8437/8437 2492/8438/8438 2484/8439/8439 2483/8440/8440
vt 0.187500 0.383114
vn 0.954197 0.299178 -0.000000
vt 0.187500 0.450219
vn 0.954197 0.299178 -0.000000
vt 0.180833 0.455833
vn 0.954197 0.299178 -0.000000
vt 0.180833 0.377500
vn 0.954197 0.299178 -0.000000
f 2492/8441/8441 2493/8442/8442 2485/8443/8443 2484/8444/8444
vt 1.545826 0.450219
vn 0.547549 0.632756 0.547549
vt 1.540115 0.455931
vn 0.547549 0.632756 0.547549
vt 1.541250 0.462500
vn 0.547549 0.632756 0.547549
vt 1.547917 0.455833
vn 0.547549 0.632756 0.547549
f 2493/8445/8445 2494/8446/8446 2486/8447/8447 2485/8448/8448
vt 1.540115 0.187500
vn 0.000000 0.701891 0.712284
vt 1.526551 0.187500
vn 0.000000 0.701891 0.712284
vt 1.525417 0.180833
vn 0.000000 0.701891 0.712284
vt 1.541250 0.180833
vn 0.000000 0.701891 0.712284
f 2494/8449/8449 2495/8450/8450 2487/8451/8451 2486/8452/8452
vt 1.526551 0.455931
vn -0.547549 0.632756 0.547549
vt 1.520840 0.450219
vn -0.547549 0.632756 0.547549
vt 1.518750 0.455833
vn -0.547549 0.632756 0.547549
vt 1.525417 0.462500
vn -0.547549 0.632756 0.547549
f 2495/8453/8453 2496/8454/8454 2488/8455/8455 2487/8456/8456
vt 0.187500 0.450219
vn -0.954197 0.299178 0.000000
vt 0.187500 0.383114
vn -0.954197 0.299178 0.000000
vt 0.180833 0.377500
vn -0.954197 0.299178 0.000000
vt 0.180833 0.455833
vn -0.954197 0.299178 0.000000
f 2496/8457/8457 2489/8458/8458 2481/8459/8459 2488/8460/8460
v 19.450083 -2.250000 4.597366
v 19.518617 -2.250000 4.528833
v 19.681383 -2.250000 4.528833
v 19.749917 -2.250000 4.597366
v 19.749917 -2.250000 5.402634
v 19.681383 -2.250000 5.471167
v 19.518617 -2.250000 5.471167
v 19.450083 -2.250000 5.402634
v 19.425000 -2.170000 4.530000
v 19.505000 -2.170000 4.450000
v 19.695000 -2.170000 4.450000
v 19.775000 -2.170000 4.530000
v 19.775000 -2.170000 5.470000
v 19.695000 -2.170000 5.550000
v 19.505000 -2.170000 5.550000
v 19.425000 -2.170000 5.470000
v 19.425000 2.170000 4.530000
v 19.505000 2.170000 4.450000
v 19.695000 2.170000 4.450000
v 19.775000 2.170000 4.530000
v 19.775000 2.170000 5.470000
v 19.695000 2.170000 5.550000
v 19.505000 2.170000 5.550000
v 19.425000 2.170000 5.470000
v 19.450083 2.250000 4.597366
v 19.518617 2.250000 4.528833
v 19.681383 2.250000 4.528833
v 19.749917 2.250000 4.597366
v 19.749917 2.250000 5.402634
v 19.681383 2.250000 5.471167
v 19.518617 2.250000 5.471167
v 19.450083 2.250000 5.402634
vt 1.620840 0.383114
vn 0.000000 -1.000000 0.000000
vt 1.626551 0.377403
vn 0.000000 -1.000000 0.000000
vt 1.640115 0.377403
vn 0.000000 -1.000000 0.000000
vt 1.645826 0.383114
vn 0.000000 -1.000000 0.000000
vt 1.645826 0.450219
vn 0.000000 -1.000000 0.000000
vt 1.640115 0.455931
vn 0.000000 -1.000000 0.000000
vt 1.626551 0.455931
vn 0.000000 -1.000000 0.000000
vt 1.620840 0.450219
vn 0.000000 -1.000000 0.000000
f 2497/8461/8461 2498/8462/8462 2499/8463/8463 2500/8464/8464 2501/8465/8465 2502/8466/8466 2503/8467/8467 2504/8468/8468
vt 1.620840 0.450219
vn 0.000000 1.000000 0.000000
vt 1.626551 0.455931
vn 0.000000 1.000000 0.000000
vt 1.640115 0.455931
vn 0.000000 1.000000 0.000000
vt 1.645826 0.450219
vn 0.000000 1.000000 0.000000
vt 1.645826 0.383114
vn 0.000000 1.000000 0.000000
vt 1.640115 0.377403
vn 0.000000 1.000000 0.000000
vt 1.626551 0.377403
vn 0.000000 1.000000 0.000000
vt 1.620840 0.383114
vn 0.000000 1.000000 0.000000
f 2528/8469/8469 2527/8470/8470 2526/8471/8471 2525/8472/8472 2524/8473/8473 2523/8474/8474 2522/8475/8475 2521/8476/8476
vt 1.618750 0.377500
vn -0.547549 -0.632756 -0.547549
vt 1.625417 0.370833
vn -0.547549 -0.632756 -0.547549
vt 1.626551 0.377403
vn -0.547549 -0.632756 -0.547549
vt 1.620840 0.383114
vn -0.547549 -0.632756 -0.547549
f 2505/8477/8477 2506/8478/8478 2498/8479/8479 2497/8480/8480
vt 1.625417 -0.180833
vn 0.000000 -0.701891 -0.712284
vt 1.641250 -0.180833
vn 0.000000 -0.701891 -0.712284
vt 1.640115 -0.187500
vn 0.000000 -0.701891 -0.712284
vt 1.626551 -0.187500
vn 0.000000 -0.701891 -0.712284
f 2506/8481/8481 2507/8482/8482 2499/8483/8483 2498/8484/8484
vt 1.641250 0.370833
vn 0.547549 -0.632756 -0.547549
vt 1.647917 0.377500
vn 0.547549 -0.632756 -0.547549
vt 1.645826 0.383114
vn 0.547549 -0.632756 -0.547549
vt 1.640115 0.377403
vn 0.547549 -0.632756 -0.547549
f 2507/8485/8485 2508/8486/8486 2500/8487/8487 2499/8488/8488
vt -0.180833 0.377500
vn 0.954197 -0.299178 0.000000
vt -0.180833 0.455833
vn 0.954197 -0.299178 0.000000
vt -0.187500 0.450219
vn 0.954197 -0.299178 0.000000
vt -0.187500 0.383114
vn 0.954197 -0.299178 0.000000
f 2508/8489/8489 2509/8490/8490 2501/8491/8491 2500/8492/8492
vt 1.647917 0.455833
vn 0.547549 -0.632756 0.547549
vt 1.641250 0.462500
vn 0.547549 -0.632756 0.547549
vt 1.640115 0.455931
vn 0.547549 -0.632756 0.547549
vt 1.645826 0.450219
vn 0.547549 -0.632756 0.547549
f 2509/8493/8493 2510/8494/8494 2502/8495/8495 2501/8496/8496
vt 1.641250 -0.180833
vn 0.000000 -0.701891 0.712284
vt 1.625417 -0.180833
vn 0.000000 -0.701891 0.712284
vt 1.626551 -0.187500
vn 0.000000 -0.701891 0.712284
vt 1.640115 -0.187500
vn 0.000000 -0.701891 0.712284
f 2510/8497/8497 2511/8498/8498 2503/8499/8499 2502/8500/8500
vt 1.625417 0.462500
vn -0.547549 -0.632756 0.547549
vt 1.618750 0.455833
vn -0.547549 -0.632756 0.547549
vt 1.620840 0.450219
vn -0.547549 -0.632756 0.547549
vt 1.626551 0.455931
vn -0.547549 -0.632756 0.547549
f 2511/8501/8501 2512/8502/8502 2504/8503/8503 2503/8504/8504
vt -0.180833 0.455833
vn -0.954197 -0.299178 -0.000000
vt -0.180833 0.377500
vn -0.954197 -0.299178 -0.000000
vt -0.187500 0.383114
vn -0.954197 -0.299178 -0.000000
vt -0.187500 0.450219
vn -0.954197 -0.299178 -0.000000
f 2512/8505/8505 2505/8506/8506 2497/8507/8507 2504/8508/8508
vt 0.180833 0.377500
vn -0.707107 0.000000 -0.707107
vt 0.180833 0.370833
vn -0.707107 0.000000 -0.707107
vt -0.180833 0.370833
vn -0.707107 0.000000 -0.707107
vt -0.180833 0.377500
vn -0.707107 0.000000 -0.707107
f 2513/8509/8509 2514/8510/8510 2506/8511/8511 2505/8512/8512
vt 1.625417 0.180833
vn 0.000000 0.000000 -1.000000
vt 1.641250 0.180833
vn 0.000000 0.000000 -1.000000
vt 1.641250 -0.180833
vn 0.000000 0.000000 -1.000000
vt 1.625417 -0.180833
vn 0.000000 0.000000 -1.000000
f 2514/8513/8513 2515/8514/8514 2507/8515/8515 2506/8516/8516
vt 0.180833 0.370833
vn 0.707107 0.000000 -0.707107
vt 0.180833 0.377500
vn 0.707107 0.000000 -0.707107
vt -0.180833 0.377500
vn 0.707107 0.000000 -0.707107
vt -0.180833 0.370833
vn 0.707107 0.000000 -0.707107
f 2515/8517/8517 2516/8518/8518 2508/8519/8519 2507/8520/8520
vt 0.180833 0.377500
vn 1.000000 0.000000 -0.000000
vt 0.180833 0.455833
vn 1.000000 0.000000 -0.000000
vt -0.180833 0.455833
vn 1.000000 0.000000 -0.000000
vt -0.180833 0.377500
vn 1.000000 0.000000 -0.000000
f 2516/8521/8521 2517/8522/8522 2509/8523/8523 2508/8524/8524
vt 0.180833 0.455833
vn 0.707107 0.000000 0.707107
vt 0.180833 0.462500
vn 0.707107 0.000000 0.707107
vt -0.180833 0.462500
vn 0.707107 0.000000 0.707107
vt -0.180833 0.455833
vn 0.707107 0.000000 0.707107
f 2517/8525/8525 2518/8526/8526 2510/8527/8527 2509/8528/8528
vt 1.641250 0.180833
vn 0.000000 0.000000 1.000000
vt 1.625417 0.180833
vn 0.000000 0.000000 1.000000
vt 1.625417 -0.180833
vn 0.000000 0.000000 1.000000
vt 1.641250 -0.180833
vn 0.000000 0.000000 1.000000
f 2518/8529/8529 2519/8530/8530 2511/8531/8531 2510/8532/8532
vt 0.180833 0.462500
vn -0.707107 0.000000 0.707107
vt 0.180833 0.455833
vn -0.707107 0.000000 0.707107
vt -0.180833 0.455833
vn -0.707107 0.000000 0.707107
vt -0.180833 0.462500
vn -0.707107 0.000000 0.707107
f 2519/8533/8533 2520/8534/8534 2512/8535/8535 2511/8536/8536
vt 0.180833 0.455833
vn -1.000000 0.000000 -0.000000
vt 0.180833 0.377500
vn -1.000000 0.000000 -0.000000
vt -0.180833 0.377500
vn -1.000000 0.000000 -0.000000
vt -0.180833 0.455833
vn -1.000000 0.000000 -0.000000
f 2520/8537/8537 2513/8538/8538 2505/8539/8539 2512/8540/8540
vt 1.620840 0.383114
vn -0.547549 0.632756 -0.547549
vt 1.626551 0.377403
vn -0.547549 0.632756 -0.547549
vt 1.625417 0.370833
vn -0.547549 0.632756 -0.547549
vt 1.618750 0.377500
vn -0.547549 0.632756 -0.547549
f 2521/8541/8541 2522/8542/8542 2514/8543/8543 2513/8544/8544
vt 1.626551 0.187500
vn 0.000000 0.701891 -0.712284
vt 1.640115 0.187500
vn 0.000000 0.701891 -0.712284
vt 1.641250 0.180833
vn 0.000000 0.701891 -0.712284
vt 1.625417 0.180833
vn 0.000000 0.701891 -0.712284
f 2522/8545/8545 2523/8546/8546 2515/8547/8547 2514/8548/8548
vt 1.640115 0.377403
vn 0.547549 0.632756 -0.547549
vt 1.645826 0.383114
vn 0.547549 0.632756 -0.547549
vt 1.647917 0.377500
vn 0.547549 0.632756 -0.547549
vt 1.641250 0.370833
vn 0.547549 0.632756 -0.547549
f 2523/8549/8549 2524/8550/8550 2516/8551/8551 2515/8552/8552
vt 0.187500 0.383114
vn 0.954197 0.299178 -0.000000
vt 0.187500 0.450219
vn 0.954197 0.299178 -0.000000
vt 0.180833 0.455833
vn 0.954197 0.299178 -0.000000
vt 0.180833 0.377500
vn 0.954197 0.299178 -0.000000
f 2524/8553/8553 2525/8554/8554 2517/8555/8555 2516/8556/8556
vt 1.645826 0.450219
vn 0.547549 0.632756 0.547549
vt 1.640115 0.455931
vn 0.547549 0.632756 0.547549
vt 1.641250 0.462500
vn 0.547549 0.632756 0.547549
vt 1.647917 0.455833
vn 0.547549 0.632756 0.547549
f 2525/8557/8557 2526/8558/8558 2518/8559/8559 2517/8560/8560
vt 1.640115 0.187500
vn 0.000000 0.701891 0.712284
vt 1.626551 0.187500
vn 0.000000 0.701891 0.712284
vt 1.625417 0.180833
vn 0.000000 0.701891 0.712284
vt 1.641250 0.180833
vn 0.000000 0.701891 0.712284
f 2526/8561/8561 2527/8562/8562 2519/8563/8563 2518/8564/8564
vt 1.626551 0.455931
vn -0.547549 0.632756 0.547549
vt 1.620840 0.450219
vn -0.547549 0.632756 0.547549
vt 1.618750 0.455833
vn -0.547549 0.632756 0.547549
vt 1.625417 0.462500
vn -0.547549 0.632756 0.547549
f 2527/8565/8565 2528/8566/8566 2520/8567/8567 2519/8568/8568
vt 0.187500 0.450219
vn -0.954197 0.299178 0.000000
vt 0.187500 0.383114
vn -0.954197 0.299178 0.000000
vt 0.180833 0.377500
vn -0.954197 0.299178 0.000000
vt 0.180833 0.455833
vn -0.954197 0.299178 0.000000
f 2528/8569/8569 2521/8570/8570 2513/8571/8571 2520/8572/8572
v 20.650083 -2.250000 4.597366
v 20.718617 -2.250000 4.528833
v 20.881383 -2.250000 4.528833
v 20.949917 -2.250000 4.597366
v 20.949917 -2.250000 5.402634
v 20.881383 -2.250000 5.471167
v 20.718617 -2.250000 5.471167
v 20.650083 -2.250000 5.402634
v 20.625000 -2.170000 4.530000
v 20.705000 -2.170000 4.450000
v 20.895000 -2.170000 4.450000
v 20.975000 -2.170000 4.530000
v 20.975000 -2.170000 5.470000
v 20.895000 -2.170000 5.550000
v 20.705000 -2.170000 5.550000
v 20.625000 -2.170000 5.470000
v 20.625000 2.170000 4.530000
v 20.705000 2.170000 4.450000
v 20.895000 2.170000 4.450000
v 20.975000 2.170000 4.530000
v 20.975000 2.170000 5.470000
v 20.895000 2.170000 5.550000
v 20.705000 2.170000 5.550000
v 20.625000 2.170000 5.470000
v 20.650083 2.250000 4.597366
v 20.718617 2.250000 4.528833
v 20.881383 2.250000 4.528833
v 20.949917 2.250000 4.597366
v 20.949917 2.250000 5.402634
v 20.881383 2.250000 5.471167
v 20.718617 2.250000 5.471167
v 20.650083 2.250000 5.402634
vt 1.720840 0.383114
vn 0.000000 -1.000000 0.000000
vt 1.726551 0.377403
vn 0.000000 -1.000000 0.000000
vt 1.740115 0.377403
vn 0.000000 -1.000000 0.000000
vt 1.745826 0.383114
vn 0.000000 -1.000000 0.000000
vt 1.745826 0.450219
vn 0.000000 -1.000000 0.000000
vt 1.740115 0.455931
vn 0.000000 -1.000000 0.000000
vt 1.726551 0.455931
vn 0.000000 -1.000000 0.000000
vt 1.720840 0.450219
vn 0.000000 -1.000000 0.000000
f 2529/8573/8573 2530/8574/8574 2531/8575/8575 2532/8576/8576 2533/8577/8577 2534/8578/8578 2535/8579/8579 2536/8580/8580
vt 1.720840 0.450219
vn 0.000000 1.000000 0.000000
vt 1.726551 0.455931
vn 0.000000 1.000000 0.000000
vt 1.740115 0.455931
vn 0.000000 1.000000 0.000000
vt 1.745826 0.450219
vn 0.000000 1.000000 0.000000
vt 1.745826 0.383114
vn 0.000000 1.000000 0.000000
vt 1.740115 0.377403
vn 0.000000 1.000000 0.000000
vt 1.726551 0.377403
vn 0.000000 1.000000 0.000000
vt 1.720840 0.383114
vn 0.000000 1.000000 0.000000
f 2560/8581/8581 2559/8582/8582 2558/8583/8583 2557/8584/8584 2556/8585/8585 2555/8586/8586 2554/8587/8587 2553/8588/8588
vt 1.718750 0.377500
vn -0.547549 -0.632756 -0.547549
vt 1.725417 0.370833
vn -0.547549 -0.632756 -0.547549
vt 1.726551 0.377403
vn -0.547549 -0.632756 -0.547549
vt 1.720840 0.383114
vn -0.547549 -0.632756 -0.547549
f 2537/8589/8589 2538/8590/8590 2530/8591/8591 2529/8592/8592
vt 1.725417 -0.180833
vn 0.000000 -0.701891 -0.712284
vt 1.741250 -0.180833
vn 0.000000 -0.701891 -0.712284
vt 1.740115 -0.187500
vn 0.000000 -0.701891 -0.712284
vt 1.726551 -0.187500
vn 0.000000 -0.701891 -0.712284
f 2538/8593/8593 2539/8594/8594 2531/8595/8595 2530/8596/8596
vt 1.741250 0.370833
vn 0.547549 -0.632756 -0.547549
vt 1.747917 0.377500
vn 0.547549 -0.632756 -0.547549
vt 1.745826 0.383114
vn 0.547549 -0.632756 -0.547549
vt 1.740115 0.377403
vn 0.547549 -0.632756 -0.547549
f 2539/8597/8597 2540/8598/8598 2532/8599/8599 2531/8600/8600
vt -0.180833 0.377500
vn 0.954197 -0.299178 0.000000
vt -0.180833 0.455833
vn 0.954197 -0.299178 0.000000
vt -0.187500 0.450219
vn 0.954197 -0.299178 0.000000
vt -0.187500 0.383114
vn 0.954197 -0.299178 0.000000
f 2540/8601/8601 2541/8602/8602 2533/8603/8603 2532/8604/8604
vt 1.747917 0.455833
vn 0.547549 -0.632756 0.547549
vt 1.741250 0.462500
vn 0.547549 -0.632756 0.547549
vt 1.740115 0.455931
vn 0.547549 -0.632756 0.547549
vt 1.745826 0.450219
vn 0.547549 -0.632756 0.547549
f 2541/8605/8605 2542/8606/8606 2534/8607/8607 2533/8608/8608
vt 1.741250 -0.180833
vn 0.000000 -0.701891 0.712284
vt 1.725417 -0.180833
vn 0.000000 -0.701891 0.712284
vt 1.726551 -0.187500
vn 0.000000 -0.701891 0.712284
vt 1.740115 -0.187500
vn 0.000000 -0.701891 0.712284
f 2542/8609/8609 2543/8610/8610 2535/8611/8611 2534/8612/8612
vt 1.725417 0.462500
vn -0.547549 -0.632756 0.547549
vt 1.718750 0.455833
vn -0.547549 -0.632756 0.547549
vt 1.720840 0.450219
vn -0.547549 -0.632756 0.547549
vt 1.726551 0.455931
vn -0.547549 -0.632756 0.547549
f 2543/8613/8613 2544/8614/8614 2536/8615/8615 2535/8616/8616
vt -0.180833 0.455833
vn -0.954197 -0.299178 -0.000000
vt -0.180833 0.377500
vn -0.954197 -0.299178 -0.000000
vt -0.187500 0.383114
vn -0.954197 -0.299178 -0.000000
vt -0.187500 0.450219
vn -0.954197 -0.299178 -0.000000
f 2544/8617/8617 2537/8618/8618 2529/8619/8619 2536/8620/8620
vt 0.180833 0.377500
vn -0.707107 0.000000 -0.707107
vt 0.180833 0.370833
vn -0.707107 0.000000 -0.707107
vt -0.180833 0.370833
vn -0.707107 0.000000 -0.707107
vt -0.180833 0.377500
vn -0.707107 0.000000 -0.707107
f 2545/8621/8621 2546/8622/8622 2538/8623/8623 2537/8624/8624
vt 1.725417 0.180833
vn 0.000000 0.000000 -1.000000
vt 1.741250 0.180833
vn 0.000000 0.000000 -1.000000
vt 1.741250 -0.180833
vn 0.000000 0.000000 -1.000000
vt 1.725417 -0.180833
vn 0.000000 0.000000 -1.000000
f 2546/8625/8625 2547/8626/8626 2539/8627/8627 2538/8628/8628
vt 0.180833 0.370833
vn 0.707107 0.000000 -0.707107
vt 0.180833 0.377500
vn 0.707107 0.000000 -0.707107
vt -0.180833 0.377500
vn 0.707107 0.000000 -0.707107
vt -0.180833 0.370833
vn 0.707107 0.000000 -0.707107
f 2547/8629/8629 2548/8630/8630 2540/8631/8631 2539/8632/8632
vt 0.180833 0.377500
vn 1.000000 0.000000 -0.000000
vt 0.180833 0.455833
vn 1.000000 0.000000 -0.000000
vt -0.180833 0.455833
vn 1.000000 0.000000 -0.000000
vt -0.180833 0.377500
vn 1.000000 0.000000 -0.000000
f 2548/8633/8633 2549/8634/8634 2541/8635/8635 2540/8636/8636
vt 0.180833 0.455833
vn 0.707107 0.000000 0.707107
vt 0.180833 0.462500
vn 0.707107 0.000000 0.707107
vt -0.180833 0.462500
vn 0.707107 0.000000 0.707107
vt -0.180833 0.455833
vn 0.707107 0.000000 0.707107
f 2549/8637/8637 2550/8638/8638 2542/8639/8639 2541/8640/8640
vt 1.741250 0.180833
vn 0.000000 0.000000 1.000000
vt 1.725417 0.180833
vn 0.000000 0.000000 1.000000
vt 1.725417 -0.180833
vn 0.000000 0.000000 1.000000
vt 1.741250 -0.180833
vn 0.000000 0.000000 1.000000
f 2550/8641/8641 2551/8642/8642 2543/8643/8643 2542/8644/8644
vt 0.180833 0.462500
vn -0.707107 0.000000 0.707107
vt 0.180833 0.455833
vn -0.707107 0.000000 0.707107
vt -0.180833 0.455833
vn -0.707107 0.000000 0.707107
vt -0.180833 0.462500
vn -0.707107 0.000000 0.707107
f 2551/8645/8645 2552/8646/8646 2544/8647/8647 2543/8648/8648
vt 0.180833 0.455833
vn -1.000000 0.000000 -0.000000
vt 0.180833 0.377500
vn -1.000000 0.000000 -0.000000
vt -0.180833 0.377500
vn -1.000000 0.000000 -0.000000
vt -0.180833 0.455833
vn -1.000000 0.000000 -0.000000
f 2552/8649/8649 2545/8650/8650 2537/8651/8651 2544/8652/8652
vt 1.720840 0.383114
vn -0.547549 0.632756 -0.547549
vt 1.726551 0.377403
vn -0.547549 0.632756 -0.547549
vt 1.725417 0.370833
vn -0.547549 0.632756 -0.547549
vt 1.718750 0.377500
vn -0.547549 0.632756 -0.547549
f 2553/8653/8653 2554/8654/8654 2546/8655/8655 2545/8656/8656
vt 1.726551 0.187500
vn 0.000000 0.701891 -0.712284
vt 1.740115 0.187500
vn 0.000000 0.701891 -0.712284
vt 1.741250 0.180833
vn 0.000000 0.701891 -0.712284
vt 1.725417 0.180833
vn 0.000000 0.701891 -0.712284
f 2554/8657/8657 2555/8658/8658 2547/8659/8659 2546/8660/8660
vt 1.740115 0.377403
vn 0.547549 0.632756 -0.547549
vt 1.745826 0.383114
vn 0.547549 0.632756 -0.547549
vt 1.747917 0.377500
vn 0.547549 0.632756 -0.547549
vt 1.741250 0.370833
vn 0.547549 0.632756 -0.547549
f 2555/8661/8661 2556/8662/8662 2548/8663/8663 2547/8664/8664
vt 0.187500 0.383114
vn 0.954197 0.299178 -0.000000
vt 0.187500 0.450219
vn 0.954197 0.299178 -0.000000
vt 0.180833 0.455833
vn 0.954197 0.299178 -0.000000
vt 0.180833 0.377500
vn 0.954197 0.299178 -0.000000
f 2556/8665/8665 2557/8666/8666 2549/8667/8667 2548/8668/8668
vt 1.745826 0.450219
vn 0.547549 0.632756 0.547549
vt 1.740115 0.455931
vn 0.547549 0.632756 0.547549
vt 1.741250 0.462500
vn 0.547549 0.632756 0.547549
vt 1.747917 0.455833
vn 0.547549 0.632756 0.547549
f 2557/8669/8669 2558/8670/8670 2550/8671/8671 2549/8672/8672
vt 1.740115 0.187500
vn 0.000000 0.701891 0.712284
vt 1.726551 0.187500
vn 0.000000 0.701891 0.712284
vt 1.725417 0.180833
vn 0.000000 0.701891 0.712284
vt 1.741250 0.180833
vn 0.000000 0.701891 0.712284
f 2558/8673/8673 2559/8674/8674 2551/8675/8675 2550/8676/8676
vt 1.726551 0.455931
vn -0.547549 0.632756 0.547549
vt 1.720840 0.450219
vn -0.547549 0.632756 0.547549
vt 1.718750 0.455833
vn -0.547549 0.632756 0.547549
vt 1.725417 0.462500
vn -0.547549 0.632756 0.547549
f 2559/8677/8677 2560/8678/8678 2552/8679/8679 2551/8680/8680
vt 0.187500 0.450219
vn -0.954197 0.299178 0.000000
vt 0.187500 0.383114
vn -0.954197 0.299178 0.000000
vt 0.180833 0.377500
vn -0.954197 0.299178 0.000000
vt 0.180833 0.455833
vn -0.954197 0.299178 0.000000
f 2560/8681/8681 2553/8682/8682 2545/8683/8683 2552/8684/8684
v 21.850083 -2.250000 4.597366
v 21.918617 -2.250000 4.528833
v 22.081383 -2.250000 4.528833
v 22.149917 -2.250000 4.597366
v 22.149917 -2.250000 5.402634
v 22.081383 -2.250000 5.471167
v 21.918617 -2.250000 5.471167
v 21.850083 -2.250000 5.402634
v 21.825000 -2.170000 4.530000
v 21.905000 -2.170000 4.450000
v 22.095000 -2.170000 4.450000
v 22.175000 -2.170000 4.530000
v 22.175000 -2.170000 5.470000
v 22.095000 -2.170000 5.550000
v 21.905000 -2.170000 5.550000
v 21.825000 -2.170000 5.470000
v 21.825000 2.170000 4.530000
v 21.905000 2.170000 4.450000
v 22.095000 2.170000 4.450000
v 22.175000 2.170000 4.530000
v 22.175000 2.170000 5.470000
v 22.095000 2.170000 5.550000
v 21.905000 2.170000 5.550000
v 21.825000 2.170000 5.470000
v 21.850083 2.250000 4.597366
v 21.918617 2.250000 4.528833
v 22.081383 2.250000 4.528833
v 22.149917 2.250000 4.597366
v 22.149917 2.250000 5.402634
v 22.081383 2.250000 5.471167
v 21.918617 2.250000 5.471167
v 21.850083 2.250000 5.402634
vt 1.820840 0.383114
vn 0.000000 -1.000000 0.000000
vt 1.826551 0.377403
vn 0.000000 -1.000000 0.000000
vt 1.840115 0.377403
vn 0.000000 -1.000000 0.000000
vt 1.845826 0.383114
vn 0.000000 -1.000000 0.000000
vt 1.845826 0.450219
vn 0.000000 -1.000000 0.000000
vt 1.840115 0.455931
vn 0.000000 -1.000000 0.000000
vt 1.826551 0.455931
vn 0.000000 -1.000000 0.000000
vt 1.820840 0.450219
vn 0.000000 -1.000000 0.000000
f 2561/8685/8685 2562/8686/8686 2563/8687/8687 2564/8688/8688 2565/8689/8689 2566/8690/8690 2567/8691/8691 2568/8692/8692
vt 1.820840 0.450219
vn 0.000000 1.000000 0.000000
vt 1.826551 0.455931
vn 0.000000 1.000000 0.000000
vt 1.840115 0.455931
vn 0.000000 1.000000 0.000000
vt 1.845826 0.450219
vn 0.000000 1.000000 0.000000
vt 1.845826 0.383114
vn 0.000000 1.000000 0.000000
vt 1.840115 0.377403
vn 0.000000 1.000000 0.000000
vt 1.826551 0.377403
vn 0.000000 1.000000 0.000000
vt 1.820840 0.383114
vn 0.000000 1.000000 0.000000
f 2592/8693/8693 2591/8694/8694 2590/8695/8695 2589/8696/8696 2588/8697/8697 2587/8698/8698 2586/8699/8699 2585/8700/8700
vt 1.818750 0.377500
vn -0.547549 -0.632756 -0.547549
vt 1.825417 0.370833
vn -0.547549 -0.632756 -0.547549
vt 1.826551 0.377403
vn -0.547549 -0.632756 -0.547549
vt 1.820840 0.383114
vn -0.547549 -0.632756 -0.547549
f 2569/8701/8701 2570/8702/8702 2562/8703/8703 2561/8704/8704
vt 1.825417 -0.180833
vn 0.000000 -0.701891 -0.712284
vt 1.841250 -0.180833
vn 0.000000 -0.701891 -0.712284
vt 1.840115 -0.187500
vn 0.000000 -0.701891 -0.712284
vt 1.826551 -0.187500
vn 0.000000 -0.701891 -0.712284
f 2570/8705/8705 2571/8706/8706 2563/8707/8707 2562/8708/8708
vt 1.841250 0.370833
vn 0.547549 -0.632756 -0.547549
vt 1.847917 0.377500
vn 0.547549 -0.632756 -0.547549
vt 1.845826 0.383114
vn 0.547549 -0.632756 -0.547549
vt 1.840115 0.377403
vn 0.547549 -0.632756 -0.547549
f 2571/8709/8709 2572/8710/8710 2564/8711/8711 2563/8712/8712
vt -0.180833 0.377500
vn 0.954197 -0.299178 0.000000
vt -0.180833 0.455833
vn 0.954197 -0.299178 0.000000
vt -0.187500 0.450219
vn 0.954197 -0.299178 0.000000
vt -0.187500 0.383114
vn 0.954197 -0.299178 0.000000
f 2572/8713/8713 2573/8714/8714 2565/8715/8715 2564/8716/8716
vt 1.847917 0.455833
vn 0.547549 -0.632756 0.547549
vt 1.841250 0.462500
vn 0.547549 -0.632756 0.547549
vt 1.840115 0.455931
vn 0.547549 -0.632756 0.547549
vt 1.845826 0.450219
vn 0.547549 -0.632756 0.547549
f 2573/8717/8717 2574/8718/8718 2566/8719/8719 2565/8720/8720
vt 1.841250 -0.180833
vn 0.000000 -0.701891 0.712284
vt 1.825417 -0.180833
vn 0.000000 -0.701891 0.712284
vt 1.826551 -0.187500
vn 0.000000 -0.701891 0.712284
vt 1.840115 -0.187500
vn 0.000000 -0.701891 0.712284
f 2574/8721/8721 2575/8722/8722 2567/8723/8723 2566/8724/8724
vt 1.825417 0.462500
vn -0.547549 -0.632756 0.547549
vt 1.818750 0.455833
vn -0.547549 -0.632756 0.547549
vt 1.820840 0.450219
vn -0.547549 -0.632756 0.547549
vt 1.826551 0.455931
vn -0.547549 -0.632756 0.547549
f 2575/8725/8725 2576/8726/8726 2568/8727/8727 2567/8728/8728
vt -0.180833 0.455833
vn -0.954197 -0.299178 -0.000000
vt -0.180833 0.377500
vn -0.954197 -0.299178 -0.000000
vt -0.187500 0.383114
vn -0.954197 -0.299178 -0.000000
vt -0.187500 0.450219
vn -0.954197 -0.299178 -0.000000
f 2576/8729/8729 2569/8730/8730 2561/8731/8731 2568/8732/8732
vt 0.180833 0.377500
vn -0.707107 0.000000 -0.707107
vt 0.180833 0.370833
vn -0.707107 0.000000 -0.707107
vt -0.180833 0.370833
vn -0.707107 0.000000 -0.707107
vt -0.180833 0.377500
vn -0.707107 0.000000 -0.707107
f 2577/8733/8733 2578/8734/8734 2570/8735/8735 2569/8736/8736
vt 1.825417 0.180833
vn 0.000000 0.000000 -1.000000
vt 1.841250 0.180833
vn 0.000000 0.000000 -1.000000
vt 1.841250 -0.180833
vn 0.000000 0.000000 -1.000000
vt 1.825417 -0.180833
vn 0.000000 0.000000 -1.000000
f 2578/8737/8737 2579/8738/8738 2571/8739/8739 2570/8740/8740
vt 0.180833 0.370833
vn 0.707107 0.000000 -0.707107
vt 0.180833 0.377500
vn 0.707107 0.000000 -0.707107
vt -0.180833 0.377500
vn 0.707107 0.000000 -0.707107
vt -0.180833 0.370833
vn 0.707107 0.000000 -0.707107
f 2579/8741/8741 2580/8742/8742 2572/8743/8743 2571/8744/8744
vt 0.180833 0.377500
vn 1.000000 0.000000 -0.000000
vt 0.180833 0.455833
vn 1.000000 0.000000 -0.000000
vt -0.180833 0.455833
vn 1.000000 0.000000 -0.000000
vt -0.180833 0.377500
vn 1.000000 0.000000 -0.000000
f 2580/8745/8745 2581/8746/8746 2573/8747/8747 2572/8748/8748
vt 0.180833 0.455833
vn 0.707107 0.000000 0.707107
vt 0.180833 0.462500
vn 0.707107 0.000000 0.707107
vt -0.180833 0.462500
vn 0.707107 0.000000 0.707107
vt -0.180833 0.455833
vn 0.707107 0.000000 0.707107
f 2581/8749/8749 2582/8750/8750 2574/8751/8751 2573/8752/8752
vt 1.841250 0.180833
vn 0.000000 0.000000 1.000000
vt 1.825417 0.180833
vn 0.000000 0.000000 1.000000
vt 1.825417 -0.180833
vn 0.000000 0.000000 1.000000
vt 1.841250 -0.180833
vn 0.000000 0.000000 1.000000
f 2582/8753/8753 2583/8754/8754 2575/8755/8755 2574/8756/8756
vt 0.180833 0.462500
vn -0.707107 0.000000 0.707107
vt 0.180833 0.455833
vn -0.707107 0.000000 0.707107
vt -0.180833 0.455833
vn -0.707107 0.000000 0.707107
vt -0.180833 0.462500
vn -0.707107 0.000000 0.707107
f 2583/8757/8757 2584/8758/8758 2576/8759/8759 2575/8760/8760
vt 0.180833 0.455833
vn -1.000000 0.000000 -0.000000
vt 0.180833 0.377500
vn -1.000000 0.000000 -0.000000
vt -0.180833 0.377500
vn -1.000000 0.000000 -0.000000
vt -0.180833 0.455833
vn -1.000000 0.000000 -0.000000
f 2584/8761/8761 2577/8762/8762 2569/8763/8763 2576/8764/8764
vt 1.820840 0.383114
vn -0.547549 0.632756 -0.547549
vt 1.826551 0.377403
vn -0.547549 0.632756 -0.547549
vt 1.825417 0.370833
vn -0.547549 0.632756 -0.547549
vt 1.818750 0.377500
vn -0.547549 0.632756 -0.547549
f 2585/8765/8765 2586/8766/8766 2578/8767/8767 2577/8768/8768
vt 1.826551 0.187500
vn 0.000000 0.701891 -0.712284
vt 1.840115 0.187500
vn 0.000000 0.701891 -0.712284
vt 1.841250 0.180833
vn 0.000000 0.701891 -0.712284
vt 1.825417 0.180833
vn 0.000000 0.701891 -0.712284
f 2586/8769/8769 2587/8770/8770 2579/8771/8771 2578/8772/8772
vt 1.840115 0.377403
vn 0.547549 0.632756 -0.547549
vt 1.845826 0.383114
vn 0.547549 0.632756 -0.547549
vt 1.847917 0.377500
vn 0.547549 0.632756 -0.547549
vt 1.841250 0.370833
vn 0.547549 0.632756 -0.547549
f 2587/8773/8773 2588/8774/8774 2580/8775/8775 2579/8776/8776
vt 0.187500 0.383114
vn 0.954197 0.299178 -0.000000
vt 0.187500 0.450219
vn 0.954197 0.299178 -0.000000
vt 0.180833 0.455833
vn 0.954197 0.299178 -0.000000
vt 0.180833 0.377500
vn 0.954197 0.299178 -0.000000
f 2588/8777/8777 2589/8778/8778 2581/8779/8779 2580/8780/8780
vt 1.845826 0.450219
vn 0.547549 0.632756 0.547549
vt 1.840115 0.455931
vn 0.547549 0.632756 0.547549
vt 1.841250 0.462500
vn 0.547549 0.632756 0.547549
vt 1.847917 0.455833
vn 0.547549 0.632756 0.547549
f 2589/8781/8781 2590/8782/8782 2582/8783/8783 2581/8784/8784
vt 1.840115 0.187500
vn 0.000000 0.701891 0.712284
vt 1.826551 0.187500
vn 0.000000 0.701891 0.712284
vt 1.825417 0.180833
vn 0.000000 0.701891 0.712284
vt 1.841250 0.180833
vn 0.000000 0.701891 0.712284
f 2590/8785/8785 2591/8786/8786 2583/8787/8787 2582/8788/8788
vt 1.826551 0.455931
vn -0.547549 0.632756 0.547549
vt 1.820840 0.450219
vn -0.547549 0.632756 0.547549
vt 1.818750 0.455833
vn -0.547549 0.632756 0.547549
vt 1.825417 0.462500
vn -0.547549 0.632756 0.547549
f 2591/8789/8789 2592/8790/8790 2584/8791/8791 2583/8792/8792
vt 0.187500 0.450219
vn -0.954197 0.299178 0.000000
vt 0.187500 0.383114
vn -0.954197 0.299178 0.000000
vt 0.180833 0.377500
vn -0.954197 0.299178 0.000000
vt 0.180833 0.455833
vn -0.954197 0.299178 0.000000
f 2592/8793/8793 2585/8794/8794 2577/8795/8795 2584/8796/8796
v 23.050083 -2.250000 4.597366
v 23.118617 -2.250000 4.528833
v 23.281383 -2.250000 4.528833
v 23.349917 -2.250000 4.597366
v 23.349917 -2.250000 5.402634
v 23.281383 -2.250000 5.471167
v 23.118617 -2.250000 5.471167
v 23.050083 -2.250000 5.402634
v 23.025000 -2.170000 4.530000
v 23.105000 -2.170000 4.450000
v 23.295000 -2.170000 4.450000
v 23.375000 -2.170000 4.530000
v 23.375000 -2.170000 5.470000
v 23.295000 -2.170000 5.550000
v 23.105000 -2.170000 5.550000
v 23.025000 -2.170000 5.470000
v 23.025000 2.170000 4.530000
v 23.105000 2.170000 4.450000
v 23.295000 2.170000 4.450000
v 23.375000 2.170000 4.530000
v 23.375000 2.170000 5.470000
v 23.295000 2.170000 5.550000
v 23.105000 2.170000 5.550000
v 23.025000 2.170000 5.470000
v 23.050083 2.250000 4.597366
v 23.118617 2.250000 4.528833
v 23.281383 2.250000 4.528833
v 23.349917 2.250000 4.597366
v 23.349917 2.250000 5.402634
v 23.281383 2.250000 5.471167
v 23.118617 2.250000 5.471167
v 23.050083 2.250000 5.402634
vt 1.920840 0.383114
vn 0.000000 -1.000000 0.000000
vt 1.926551 0.377403
vn 0.000000 -1.000000 0.000000
vt 1.940115 0.377403
vn 0.000000 -1.000000 0.000000
vt 1.945826 0.383114
vn 0.000000 -1.000000 0.000000
vt 1.945826 0.450219
vn 0.000000 -1.000000 0.000000
vt 1.940115 0.455931
vn 0.000000 -1.000000 0.000000
vt 1.926551 0.455931
vn 0.000000 -1.000000 0.000000
vt 1.920840 0.450219
vn 0.000000 -1.000000 0.000000
f 2593/8797/8797 2594/8798/8798 2595/8799/8799 2596/8800/8800 2597/8801/8801 2598/8802/8802 2599/8803/8803 2600/8804/8804
vt 1.920840 0.450219
vn 0.000000 1.000000 0.000000
vt 1.926551 0.455931
vn 0.000000 1.000000 0.000000
vt 1.940115 0.455931
vn 0.000000 1.000000 0.000000
vt 1.945826 0.450219
vn 0.000000 1.000000 0.000000
vt 1.945826 0.383114
vn 0.000000 1.000000 0.000000
vt 1.940115 0.377403
vn 0.000000 1.000000 0.000000
vt 1.926551 0.377403
vn 0.000000 1.000000 0.000000
vt 1.920840 0.383114
vn 0.000000 1.000000 0.000000
f 2624/8805/8805 2623/8806/8806 2622/8807/8807 2621/8808/8808 2620/8809/8809 2619/8810/8810 2618/8811/8811 2617/8812/8812
vt 1.918750 0.377500
vn -0.547549 -0.632756 -0.547549
vt 1.925417 0.370833
vn -0.547549 -0.632756 -0.547549
vt 1.926551 0.377403
vn -0.547549 -0.632756 -0.547549
vt 1.920840 0.383114
vn -0.547549 -0.632756 -0.547549
f 2601/8813/8813 2602/8814/8814 2594/8815/8815 2593/8816/8816
vt 1.925417 -0.180833
vn 0.000000 -0.701891 -0.712284
vt 1.941250 -0.180833
vn 0.000000 -0.701891 -0.712284
vt 1.940115 -0.187500
vn 0.000000 -0.701891 -0.712284
vt 1.926551 -0.187500
vn 0.000000 -0.701891 -0.712284
f 2602/8817/8817 2603/8818/8818 2595/8819/8819 2594/8820/8820
vt 1.941250 0.370833
vn 0.547549 -0.632756 -0.547549
vt 1.947917 0.377500
vn 0.547549 -0.632756 -0.547549
vt 1.945826 0.383114
vn 0.547549 -0.632756 -0.547549
vt 1.940115 0.377403
vn 0.547549 -0.632756 -0.547549
f 2603/8821/8821 2604/8822/8822 2596/8823/8823 2595/8824/8824
vt -0.180833 0.377500
vn 0.954197 -0.299178 0.000000
vt -0.180833 0.455833
vn 0.954197 -0.299178 0.000000
vt -0.187500 0.450219
vn 0.954197 -0.299178 0.000000
vt -0.187500 0.383114
vn 0.954197 -0.299178 0.000000
f 2604/8825/8825 2605/8826/8826 2597/8827/8827 2596/8828/8828
vt 1.947917 0.455833
vn 0.547549 -0.632756 0.547549
vt 1.941250 0.462500
vn 0.547549 -0.632756 0.547549
vt 1.940115 0.455931
vn 0.547549 -0.632756 0.547549
vt 1.945826 0.450219
vn 0.547549 -0.632756 0.547549
f 2605/8829/8829 2606/8830/8830 2598/8831/8831 2597/8832/8832
vt 1.941250 -0.180833
vn 0.000000 -0.701891 0.712284
vt 1.925417 -0.180833
vn 0.000000 -0.701891 0.712284
vt 1.926551 -0.187500
vn 0.000000 -0.701891 0.712284
vt 1.940115 -0.187500
vn 0.000000 -0.701891 0.712284
f 2606/8833/8833 2607/8834/8834 2599/8835/8835 2598/8836/8836
vt 1.925417 0.462500
vn -0.547549 -0.632756 0.547549
vt 1.918750 0.455833
vn -0.547549 -0.632756 0.547549
vt 1.920840 0.450219
vn -0.547549 -0.632756 0.547549
vt 1.926551 0.455931
vn -0.547549 -0.632756 0.547549
f 2607/8837/8837 2608/8838/8838 2600/8839/8839 2599/8840/8840
vt -0.180833 0.455833
vn -0.954197 -0.299178 -0.000000
vt -0.180833 0.377500
vn -0.954197 -0.299178 -0.000000
vt -0.187500 0.383114
vn -0.954197 -0.299178 -0.000000
vt -0.187500 0.450219
vn -0.954197 -0.299178 -0.000000
f 2608/8841/8841 2601/8842/8842 2593/8843/8843 2600/8844/8844
vt 0.180833 0.377500
vn -0.707107 0.000000 -0.707107
vt 0.180833 0.370833
vn -0.707107 0.000000 -0.707107
vt -0.180833 0.370833
vn -0.707107 0.000000 -0.707107
vt -0.180833 0.377500
vn -0.707107 0.000000 -0.707107
f 2609/8845/8845 2610/8846/8846 2602/8847/8847 2601/8848/8848
vt 1.925417 0.180833
vn 0.000000 0.000000 -1.000000
vt 1.941250 0.180833
vn 0.000000 0.000000 -1.000000
vt 1.941250 -0.180833
vn 0.000000 0.000000 -1.000000
vt 1.925417 -0.180833
vn 0.000000 0.000000 -1.000000
f 2610/8849/8849 2611/8850/8850 2603/8851/8851 2602/8852/8852
vt 0.180833 0.370833
vn 0.707107 0.000000 -0.707107
vt 0.180833 0.377500
vn 0.707107 0.000000 -0.707107
vt -0.180833 0.377500
vn 0.707107 0.000000 -0.707107
vt -0.180833 0.370833
vn 0.707107 0.000000 -0.707107
f 2611/8853/8853 2612/8854/8854 2604/8855/8855 2603/8856/8856
vt 0.180833 0.377500
vn 1.000000 0.000000 -0.000000
vt 0.180833 0.455833
vn 1.000000 0.000000 -0.000000
vt -0.180833 0.455833
vn 1.000000 0.000000 -0.000000
vt -0.180833 0.377500
vn 1.000000 0.000000 -0.000000
f 2612/8857/8857 2613/8858/8858 2605/8859/8859 2604/8860/8860
vt 0.180833 0.455833
vn 0.707107 0.000000 0.707107
vt 0.180833 0.462500
vn 0.707107 0.000000 0.707107
vt -0.180833 0.462500
vn 0.707107 0.000000 0.707107
vt -0.180833 0.455833
vn 0.707107 0.000000 0.707107
f 2613/8861/8861 2614/8862/8862 2606/8863/8863 2605/8864/8864
vt 1.941250 0.180833
vn 0.000000 0.000000 1.000000
vt 1.925417 0.180833
vn 0.000000 0.000000 1.000000
vt 1.925417 -0.180833
vn 0.000000 0.000000 1.000000
vt 1.941250 -0.180833
vn 0.000000 0.000000 1.000000
f 2614/8865/8865 2615/8866/8866 2607/8867/8867 2606/8868/8868
vt 0.180833 0.462500
vn -0.707107 0.000000 0.707107
vt 0.180833 0.455833
vn -0.707107 0.000000 0.707107
vt -0.180833 0.455833
vn -0.707107 0.000000 0.707107
vt -0.180833 0.462500
vn -0.707107 0.000000 0.707107
f 2615/8869/8869 2616/8870/8870 2608/8871/8871 2607/8872/8872
vt 0.180833 0.455833
vn -1.000000 0.000000 -0.000000
vt 0.180833 0.377500
vn -1.000000 0.000000 -0.000000
vt -0.180833 0.377500
vn -1.000000 0.000000 -0.000000
vt -0.180833 0.455833
vn -1.000000 0.000000 -0.000000
f 2616/8873/8873 2609/8874/8874 2601/8875/8875 2608/8876/8876
vt 1.920840 0.383114
vn -0.547549 0.632756 -0.547549
vt 1.926551 0.377403
vn -0.547549 0.632756 -0.547549
vt 1.925417 0.370833
vn -0.547549 0.632756 -0.547549
vt 1.918750 0.377500
vn -0.547549 0.632756 -0.547549
f 2617/8877/8877 2618/8878/8878 2610/8879/8879 2609/8880/8880
vt 1.926551 0.187500
vn 0.000000 0.701891 -0.712284
vt 1.940115 0.187500
vn 0.000000 0.701891 -0.712284
vt 1.941250 0.180833
vn 0.000000 0.701891 -0.712284
vt 1.925417 0.180833
vn 0.000000 0.701891 -0.712284
f 2618/8881/8881 2619/8882/8882 2611/8883/8883 2610/8884/8884
vt 1.940115 0.377403
vn 0.547549 0.632756 -0.547549
vt 1.945826 0.383114
vn 0.547549 0.632756 -0.547549
vt 1.947917 0.377500
vn 0.547549 0.632756 -0.547549
vt 1.941250 0.370833
vn 0.547549 0.632756 -0.547549
f 2619/8885/8885 2620/8886/8886 2612/8887/8887 2611/8888/8888
vt 0.187500 0.383114
vn 0.954197 0.299178 -0.000000
vt 0.187500 0.450219
vn 0.954197 0.299178 -0.000000
vt 0.180833 0.455833
vn 0.954197 0.299178 -0.000000
vt 0.180833 0.377500
vn 0.954197 0.299178 -0.000000
f 2620/8889/8889 2621/8890/8890 2613/8891/8891 2612/8892/8892
vt 1.945826 0.450219
vn 0.547549 0.632756 0.547549
vt 1.940115 0.455931
vn 0.547549 0.632756 0.547549
vt 1.941250 0.462500
vn 0.547549 0.632756 0.547549
vt 1.947917 0.455833
vn 0.547549 0.632756 0.547549
f 2621/8893/8893 2622/8894/8894 2614/8895/8895 2613/8896/8896
vt 1.940115 0.187500
vn 0.000000 0.701891 0.712284
vt 1.926551 0.187500
vn 0.000000 0.701891 0.712284
vt 1.925417 0.180833
vn 0.000000 0.701891 0.712284
vt 1.941250 0.180833
vn 0.000000 0.701891 0.712284
f 2622/8897/8897 2623/8898/8898 2615/8899/8899 2614/8900/8900
vt 1.926551 0.455931
vn -0.547549 0.632756 0.547549
vt 1.920840 0.450219
vn -0.547549 0.632756 0.547549
vt 1.918750 0.455833
vn -0.547549 0.632756 0.547549
vt 1.925417 0.462500
vn -0.547549 0.632756 0.547549
f 2623/8901/8901 2624/8902/8902 2616/8903/8903 2615/8904/8904
vt 0.187500 0.450219
vn -0.954197 0.299178 0.000000
vt 0.187500 0.383114
vn -0.954197 0.299178 0.000000
vt 0.180833 0.377500
vn -0.954197 0.299178 0.000000
vt 0.180833 0.455833
vn -0.954197 0.299178 0.000000
f 2624/8905/8905 2617/8906/8906 2609/8907/8907 2616/8908/8908
v 24.250083 -2.250000 4.597366
v 24.318617 -2.250000 4.528833
v 24.481383 -2.250000 4.528833
v 24.549917 -2.250000 4.597366
v 24.549917 -2.250000 5.402634
v 24.481383 -2.250000 5.471167
v 24.318617 -2.250000 5.471167
v 24.250083 -2.250000 5.402634
v 24.225000 -2.170000 4.530000
v 24.305000 -2.170000 4.450000
v 24.495000 -2.170000 4.450000
v 24.575000 -2.170000 4.530000
v 24.575000 -2.170000 5.470000
v 24.495000 -2.170000 5.550000
v 24.305000 -2.170000 5.550000
v 24.225000 -2.170000 5.470000
v 24.225000 2.170000 4.530000
v 24.305000 2.170000 4.450000
v 24.495000 2.170000 4.450000
v 24.575000 2.170000 4.530000
v 24.575000 2.170000 5.470000
v 24.495000 2.170000 5.550000
v 24.305000 2.170000 5.550000
v 24.225000 2.170000 5.470000
v 24.250083 2.250000 4.597366
v 24.318617 2.250000 4.528833
v 24.481383 2.250000 4.528833
v 24.549917 2.250000 4.597366
v 24.549917 2.250000 5.402634
v 24.481383 2.250000 5.471167
v 24.318617 2.250000 5.471167
v 24.250083 2.250000 5.402634
vt 2.020840 0.383114
vn 0.000000 -1.000000 0.000000
vt 2.026551 0.377403
vn 0.000000 -1.000000 0.000000
vt 2.040115 0.377403
vn 0.000000 -1.000000 0.000000
vt 2.045826 0.383114
vn 0.000000 -1.000000 0.000000
vt 2.045826 0.450219
vn 0.000000 -1.000000 0.000000
vt 2.040115 0.455931
vn 0.000000 -1.000000 0.000000
vt 2.026551 0.455931
vn 0.000000 -1.000000 0.000000
vt 2.020840 0.450219
vn 0.000000 -1.000000 0.000000
f 2625/8909/8909 2626/8910/8910 2627/8911/8911 2628/8912/8912 2629/8913/8913 2630/8914/8914 2631/8915/8915 2632/8916/8916
vt 2.020840 0.450219
vn 0.000000 1.000000 0.000000
vt 2.026551 0.455931
vn 0.000000 1.000000 0.000000
vt 2.040115 0.455931
vn 0.000000 1.000000 0.000000
vt 2.045826 0.450219
vn 0.000000 1.000000 0.000000
vt 2.045826 0.383114
vn 0.000000 1.000000 0.000000
vt 2.040115 0.377403
vn 0.000000 1.000000 0.000000
vt 2.026551 0.377403
vn 0.000000 1.000000 0.000000
vt 2.020840 0.383114
vn 0.000000 1.000000 0.000000
f 2656/8917/8917 2655/8918/8918 2654/8919/8919 2653/8920/8920 2652/8921/8921 2651/8922/8922 2650/8923/8923 2649/8924/8924
vt 2.018750 0.377500
vn -0.547549 -0.632756 -0.547549
vt 2.025417 0.370833
vn -0.547549 -0.632756 -0.547549
vt 2.026551 0.377403
vn -0.547549 -0.632756 -0.547549
vt 2.020840 0.383114
vn -0.547549 -0.632756 -0.547549
f 2633/8925/8925 2634/8926/8926 2626/8927/8927 2625/8928/8928
vt 2.025417 -0.180833
vn 0.000000 -0.701891 -0.712284
vt 2.041250 -0.180833
vn 0.000000 -0.701891 -0.712284
vt 2.040115 -0.187500
vn 0.000000 -0.701891 -0.712284
vt 2.026551 -0.187500
vn 0.000000 -0.701891 -0.712284
f 2634/8929/8929 2635/8930/8930 2627/8931/8931 2626/8932/8932
vt 2.041250 0.370833
vn 0.547549 -0.632756 -0.547549
vt 2.047917 0.377500
vn 0.547549 -0.632756 -0.547549
vt 2.045826 0.383114
vn 0.547549 -0.632756 -0.547549
vt 2.040115 0.377403
vn 0.547549 -0.632756 -0.547549
f 2635/8933/8933 2636/8934/8934 2628/8935/8935 2627/8936/8936
vt -0.180833 0.377500
vn 0.954197 -0.299178 0.000000
vt -0.180833 0.455833
vn 0.954197 -0.299178 0.000000
vt -0.187500 0.450219
vn 0.954197 -0.299178 0.000000
vt -0.187500 0.383114
vn 0.954197 -0.299178 0.000000
f 2636/8937/8937 2637/8938/8938 2629/8939/8939 2628/8940/8940
vt 2.047917 0.455833
vn 0.547549 -0.632756 0.547549
vt 2.041250 0.462500
vn 0.547549 -0.632756 0.547549
vt 2.040115 0.455931
vn 0.547549 -0.632756 0.547549
vt 2.045826 0.450219
vn 0.547549 -0.632756 0.547549
f 2637/8941/8941 2638/8942/8942 2630/8943/8943 2629/8944/8944
vt 2.041250 -0.180833
vn 0.000000 -0.701891 0.712284
vt 2.025417 -0.180833
vn 0.000000 -0.701891 0.712284
vt 2.026551 -0.187500
vn 0.000000 -0.701891 0.712284
vt 2.040115 -0.187500
vn 0.000000 -0.701891 0.712284
f 2638/8945/8945 2639/8946/8946 2631/8947/8947 2630/8948/8948
vt 2.025417 0.462500
vn -0.547549 -0.632756 0.547549
vt 2.018750 0.455833
vn -0.547549 -0.632756 0.547549
vt 2.020840 0.450219
vn -0.547549 -0.632756 0.547549
vt 2.026551 0.455931
vn -0.547549 -0.632756 0.547549
f 2639/8949/8949 2640/8950/8950 2632/8951/8951 2631/8952/8952
vt -0.180833 0.455833
vn -0.954197 -0.299178 -0.000000
vt -0.180833 0.377500
vn -0.954197 -0.299178 -0.000000
vt -0.187500 0.383114
vn -0.954197 -0.299178 -0.000000
vt -0.187500 0.450219
vn -0.954197 -0.299178 -0.000000
f 2640/8953/8953 2633/8954/8954 2625/8955/8955 2632/8956/8956
vt 0.180833 0.377500
vn -0.707107 0.000000 -0.707107
vt 0.180833 0.370833
vn -0.707107 0.000000 -0.707107
vt -0.180833 0.370833
vn -0.707107 0.000000 -0.707107
vt -0.180833 0.377500
vn -0.707107 0.000000 -0.707107
f 2641/8957/8957 2642/8958/8958 2634/8959/8959 2633/8960/8960
vt 2.025417 0.180833
vn 0.000000 0.000000 -1.000000
vt 2.041250 0.180833
vn 0.000000 0.000000 -1.000000
vt 2.041250 -0.180833
vn 0.000000 0.000000 -1.000000
vt 2.025417 -0.180833
vn 0.000000 0.000000 -1.000000
f 2642/8961/8961 2643/8962/8962 2635/8963/8963 2634/8964/8964
vt 0.180833 0.370833
vn 0.707107 0.000000 -0.707107
vt 0.180833 0.377500
vn 0.707107 0.000000 -0.707107
vt -0.180833 0.377500
vn 0.707107 0.000000 -0.707107
vt -0.180833 0.370833
vn 0.707107 0.000000 -0.707107
f 2643/8965/8965 2644/8966/8966 2636/8967/8967 2635/8968/8968
vt 0.180833 0.377500
vn 1.000000 0.000000 -0.000000
vt 0.180833 0.455833
vn 1.000000 0.000000 -0.000000
vt -0.180833 0.455833
vn 1.000000 0.000000 -0.000000
vt -0.180833 0.377500
vn 1.000000 0.000000 -0.000000
f 2644/8969/8969 2645/8970/8970 2637/8971/8971 2636/8972/8972
vt 0.180833 0.455833
vn 0.707107 0.000000 0.707107
vt 0.180833 0.462500
vn 0.707107 0.000000 0.707107
vt -0.180833 0.462500
vn 0.707107 0.000000 0.707107
vt -0.180833 0.455833
vn 0.707107 0.000000 0.707107
f 2645/8973/8973 2646/8974/8974 2638/8975/8975 2637/8976/8976
vt 2.041250 0.180833
vn 0.000000 0.000000 1.000000
vt 2.025417 0.180833
vn 0.000000 0.000000 1.000000
vt 2.025417 -0.180833
vn 0.000000 0.000000 1.000000
vt 2.041250 -0.180833
vn 0.000000 0.000000 1.000000
f 2646/8977/8977 2647/8978/8978 2639/8979/8979 2638/8980/8980
vt 0.180833 0.462500
vn -0.707107 0.000000 0.707107
vt 0.180833 0.455833
vn -0.707107 0.000000 0.707107
vt -0.180833 0.455833
vn -0.707107 0.000000 0.707107
vt -0.180833 0.462500
vn -0.707107 0.000000 0.707107
f 2647/8981/8981 2648/8982/8982 2640/8983/8983 2639/8984/8984
vt 0.180833 0.455833
vn -1.000000 0.000000 -0.000000
vt 0.180833 0.377500
vn -1.000000 0.000000 -0.000000
vt -0.180833 0.377500
vn -1.000000 0.000000 -0.000000
vt -0.180833 0.455833
vn -1.000000 0.000000 -0.000000
f 2648/8985/8985 2641/8986/8986 2633/8987/8987 2640/8988/8988
vt 2.020840 0.383114
vn -0.547549 0.632756 -0.547549
vt 2.026551 0.377403
vn -0.547549 0.632756 -0.547549
vt 2.025417 0.370833
vn -0.547549 0.632756 -0.547549
vt 2.018750 0.377500
vn -0.547549 0.632756 -0.547549
f 2649/8989/8989 2650/8990/8990 2642/8991/8991 2641/8992/8992
vt 2.026551 0.187500
vn 0.000000 0.701891 -0.712284
vt 2.040115 0.187500
vn 0.000000 0.701891 -0.712284
vt 2.041250 0.180833
vn 0.000000 0.701891 -0.712284
vt 2.025417 0.180833
vn 0.000000 0.701891 -0.712284
f 2650/8993/8993 2651/8994/8994 2643/8995/8995 2642/8996/8996
vt 2.040115 0.377403
vn 0.547549 0.632756 -0.547549
vt 2.045826 0.383114
vn 0.547549 0.632756 -0.547549
vt 2.047917 0.377500
vn 0.547549 0.632756 -0.547549
vt 2.041250 0.370833
vn 0.547549 0.632756 -0.547549
f 2651/8997/8997 2652/8998/8998 2644/8999/8999 2643/9000/9000
vt 0.187500 0.383114
vn 0.954197 0.299178 -0.000000
vt 0.187500 0.450219
vn 0.954197 0.299178 -0.000000
vt 0.180833 0.455833
vn 0.954197 0.299178 -0.000000
vt 0.180833 0.377500
vn 0.954197 0.299178 -0.000000
f 2652/9001/9001 2653/9002/9002 2645/9003/9003 2644/9004/9004
vt 2.045826 0.450219
vn 0.547549 0.632756 0.547549
vt 2.040115 0.455931
vn 0.547549 0.632756 0.547549
vt 2.041250 0.462500
vn 0.547549 0.632756 0.547549
vt 2.047917 0.455833
vn 0.547549 0.632756 0.547549
f 2653/9005/9005 2654/9006/9006 2646/9007/9007 2645/9008/9008
vt 2.040115 0.187500
vn 0.000000 0.701891 0.712284
vt 2.026551 0.187500
vn 0.000000 0.701891 0.712284
vt 2.025417 0.180833
vn 0.000000 0.701891 0.712284
vt 2.041250 0.180833
vn 0.000000 0.701891 0.712284
f 2654/9009/9009 2655/9010/9010 2647/9011/9011 2646/9012/9012
vt 2.026551 0.455931
vn -0.547549 0.632756 0.547549
vt 2.020840 0.450219
vn -0.547549 0.632756 0.547549
vt 2.018750 0.455833
vn -0.547549 0.632756 0.547549
vt 2.025417 0.462500
vn -0.547549 0.632756 0.547549
f 2655/9013/9013 2656/9014/9014 2648/9015/9015 2647/9016/9016
vt 0.187500 0.450219
vn -0.954197 0.299178 0.000000
vt 0.187500 0.383114
vn -0.954197 0.299178 0.000000
vt 0.180833 0.377500
vn -0.954197 0.299178 0.000000
vt 0.180833 0.455833
vn -0.954197 0.299178 0.000000
f 2656/9017/9017 2649/9018/9018 2641/9019/9019 2648/9020/9020
v -27.920716 -2.150000 -1.773474
v -25.022653 -2.150000 -1.773474
v -22.124589 -2.150000 5.954695
v -23.090610 -2.150000 8.852758
v -26.954695 -2.150000 9.818779
v -28.886737 -2.150000 6.920716
v -28.000000 -1.910000 -2.000000
v -25.000000 -1.910000 -2.000000
v -22.000000 -1.910000 6.000000
v -23.000000 -1.910000 9.000000
v -27.000000 -1.910000 10.000000
v -29.000000 -1.910000 7.000000
v -28.000000 1.910000 -2.000000
v -25.000000 1.910000 -2.000000
v -22.000000 1.910000 6.000000
v -23.000000 1.910000 9.000000
v -27.000000 1.910000 10.000000
v -29.000000 1.910000 7.000000
v -27.920716 2.150000 -1.773474
v -25.022653 2.150000 -1.773474
v -22.124589 2.150000 5.954695
v -23.090610 2.150000 8.852758
v -26.954695 2.150000 9.818779
v -28.886737 2.150000 6.920716
vt -2.326726 -0.147789
vn 0.000000 -1.000000 0.000000
vt -2.085221 -0.147789
vn 0.000000 -1.000000 0.000000
vt -1.843716 0.496225
vn 0.000000 -1.000000 0.000000
vt -1.924218 0.737730
vn 0.000000 -1.000000 0.000000
vt -2.246225 0.818232
vn 0.000000 -1.000000 0.000000
vt -2.407228 0.576726
vn 0.000000 -1.000000 0.000000
f 2657/9021/9021 2658/9022/9022 2659/9023/9023 2660/9024/9024 2661/9025/9025 2662/9026/9026
vt -2.407228 0.576726
vn 0.000000 1.000000 0.000000
vt -2.246225 0.818232
vn 0.000000 1.000000 0.000000
vt -1.924218 0.737730
vn 0.000000 1.000000 0.000000
vt -1.843716 0.496225
vn 0.000000 1.000000 0.000000
vt -2.085221 -0.147789
vn 0.000000 1.000000 0.000000
vt -2.326726 -0.147789
vn 0.000000 1.000000 0.000000
f 2680/9027/9027 2679/9028/9028 2678/9029/9029 2677/9030/9030 2676/9031/9031 2675/9032/9032
vt -2.333333 -0.159167
vn 0.000000 -0.686398 -0.727226
vt -2.083333 -0.159167
vn 0.000000 -0.686398 -0.727226
vt -2.085221 -0.179167
vn 0.000000 -0.686398 -0.727226
vt -2.326726 -0.179167
vn 0.000000 -0.686398 -0.727226
f 2663/9033/9033 2664/9034/9034 2658/9035/9035 2657/9036/9036
vt -0.159167 -0.166667
vn 0.863344 -0.387066 -0.323754
vt -0.159167 0.500000
vn 0.863344 -0.387066 -0.323754
vt -0.179167 0.496225
vn 0.863344 -0.387066 -0.323754
vt -0.179167 -0.147789
vn 0.863344 -0.387066 -0.323754
f 2664/9037/9037 2665/9038/9038 2659/9039/9039 2658/9040/9040
vt -0.159167 0.500000
vn 0.830487 -0.483381 0.276829
vt -0.159167 0.750000
vn 0.830487 -0.483381 0.276829
vt -0.179167 0.737730
vn 0.830487 -0.483381 0.276829
vt -0.179167 0.496225
vn 0.830487 -0.483381 0.276829
f 2665/9041/9041 2666/9042/9042 2660/9043/9043 2659/9044/9044
vt -1.916667 -0.159167
vn 0.199929 -0.566113 0.799715
vt -2.250000 -0.159167
vn 0.199929 -0.566113 0.799715
vt -2.246225 -0.179167
vn 0.199929 -0.566113 0.799715
vt -1.924218 -0.179167
vn 0.199929 -0.566113 0.799715
f 2666/9045/9045 2667/9046/9046 2661/9047/9047 2660/9048/9048
vt -0.159167 0.833333
vn -0.721025 -0.499066 0.480683
vt -0.159167 0.583333
vn -0.721025 -0.499066 0.480683
vt -0.179167 0.576726
vn -0.721025 -0.499066 0.480683
vt -0.179167 0.818232
vn -0.721025 -0.499066 0.480683
f 2667/9049/9049 2668/9050/9050 2662/9051/9051 2661/9052/9052
vt -0.159167 0.583333
vn -0.912200 -0.397011 -0.101356
vt -0.159167 -0.166667
vn -0.912200 -0.397011 -0.101356
vt -0.179167 -0.147789
vn -0.912200 -0.397011 -0.101356
vt -0.179167 0.576726
vn -0.912200 -0.397011 -0.101356
f 2668/9053/9053 2663/9054/9054 2657/9055/9055 2662/9056/9056
vt -2.333333 0.159167
vn 0.000000 0.000000 -1.000000
vt -2.083333 0.159167
vn 0.000000 0.000000 -1.000000
vt -2.083333 -0.159167
vn 0.000000 0.000000 -1.000000
vt -2.333333 -0.159167
vn 0.000000 0.000000 -1.000000
f 2669/9057/9057 2670/9058/9058 2664/9059/9059 2663/9060/9060
vt 0.159167 -0.166667
vn 0.936329 0.000000 -0.351123
vt 0.159167 0.500000
vn 0.936329 0.000000 -0.351123
vt -0.159167 0.500000
vn 0.936329 0.000000 -0.351123
vt -0.159167 -0.166667
vn 0.936329 0.000000 -0.351123
f 2670/9061/9061 2671/9062/9062 2665/9063/9063 2664/9064/9064
vt 0.159167 0.500000
vn 0.948683 0.000000 0.316228
vt 0.159167 0.750000
vn 0.948683 0.000000 0.316228
vt -0.159167 0.750000
vn 0.948683 0.000000 0.316228
vt -0.159167 0.500000
vn 0.948683 0.000000 0.316228
f 2671/9065/9065 2672/9066/9066 2666/9067/9067 2665/9068/9068
vt -1.916667 0.159167
vn 0.242536 0.000000 0.970143
vt -2.250000 0.159167
vn 0.242536 0.000000 0.970143
vt -2.250000 -0.159167
vn 0.242536 0.000000 0.970143
vt -1.916667 -0.159167
vn 0.242536 0.000000 0.970143
f 2672/9069/9069 2673/9070/9070 2667/9071/9071 2666/9072/9072
vt 0.159167 0.833333
vn -0.832050 0.000000 0.554700
vt 0.159167 0.583333
vn -0.832050 0.000000 0.554700
vt -0.159167 0.583333
vn -0.832050 0.000000 0.554700
vt -0.159167 0.833333
vn -0.832050 0.000000 0.554700
f 2673/9073/9073 2674/9074/9074 2668/9075/9075 2667/9076/9076
vt 0.159167 0.583333
vn -0.993884 0.000000 -0.110432
vt 0.159167 -0.166667
vn -0.993884 0.000000 -0.110432
vt -0.159167 -0.166667
vn -0.993884 0.000000 -0.110432
vt -0.159167 0.583333
vn -0.993884 0.000000 -0.110432
f 2674/9077/9077 2669/9078/9078 2663/9079/9079 2668/9080/9080
vt -2.326726 0.179167
vn 0.000000 0.686398 -0.727226
vt -2.085221 0.179167
vn 0.000000 0.686398 -0.727226
vt -2.083333 0.159167
vn 0.000000 0.686398 -0.727226
vt -2.333333 0.159167
vn 0.000000 0.686398 -0.727226
f 2675/9081/9081 2676/9082/9082 2670/9083/9083 2669/9084/9084
vt 0.179167 -0.147789
vn 0.863344 0.387066 -0.323754
vt 0.179167 0.496225
vn 0.863344 0.387066 -0.323754
vt 0.159167 0.500000
vn 0.863344 0.387066 -0.323754
vt 0.159167 -0.166667
vn 0.863344 0.387066 -0.323754
f 2676/9085/9085 2677/9086/9086 2671/9087/9087 2670/9088/9088
vt 0.179167 0.496225
vn 0.830487 0.483381 0.276829
vt 0.179167 0.737730
vn 0.830487 0.483381 0.276829
vt 0.159167 0.750000
vn 0.830487 0.483381 0.276829
vt 0.159167 0.500000
vn 0.830487 0.483381 0.276829
f 2677/9089/9089 2678/9090/9090 2672/9091/9091 2671/9092/9092
vt -1.924218 0.179167
vn 0.199929 0.566113 0.799715
vt -2.246225 0.179167
vn 0.199929 0.566113 0.799715
vt -2.250000 0.159167
vn 0.199929 0.566113 0.799715
vt -1.916667 0.159167
vn 0.199929 0.566113 0.799715
f 2678/9093/9093 2679/9094/9094 2673/9095/9095 2672/9096/9096
vt 0.179167 0.818232
vn -0.721025 0.499066 0.480683
vt 0.179167 0.576726
vn -0.721025 0.499066 0.480683
vt 0.159167 0.583333
vn -0.721025 0.499066 0.480683
vt 0.159167 0.833333
vn -0.721025 0.499066 0.480683
f 2679/9097/9097 2680/9098/9098 2674/9099/9099 2673/9100/9100
vt 0.179167 0.576726
vn -0.912200 0.397011 -0.101356
vt 0.179167 -0.147789
vn -0.912200 0.397011 -0.101356
vt 0.159167 -0.166667
vn -0.912200 0.397011 -0.101356
vt 0.159167 0.583333
vn -0.912200 0.397011 -0.101356
f 2680/9101/9101 2675/9102/9102 2669/9103/9103 2674/9104/9104
v 10.925300 -1.400000 -9.960081
v 10.945220 -1.400000 -9.980001
v 11.054780 -1.400000 -9.980001
v 11.074700 -1.400000 -9.960081
v 11.074700 -1.400000 -0.039919
v 11.054780 -1.400000 -0.019999
v 10.945220 -1.400000 -0.019999
v 10.925300 -1.400000 -0.039919
v 10.925000 -1.380000 -9.980000
v 10.945000 -1.380000 -10.000000
v 11.055000 -1.380000 -10.000000
v 11.075000 -1.380000 -9.980000
v 11.075000 -1.380000 -0.020000
v 11.055000 -1.380000 0.000000
v 10.945000 -1.380000 0.000000
v 10.925000 -1.380000 -0.020000
v 10.925000 -1.320000 -9.980000
v 10.945000 -1.320000 -10.000000
v 11.055000 -1.320000 -10.000000
v 11.075000 -1.320000 -9.980000
v 11.075000 -1.320000 -0.020000
v 11.055000 -1.320000 0.000000
v 10.945000 -1.320000 0.000000
v 10.925000 -1.320000 -0.020000
v 10.925300 -1.300000 -9.960081
v 10.945220 -1.300000 -9.980001
v 11.054780 -1.300000 -9.980001
v 11.074700 -1.300000 -9.960081
v 11.074700 -1.300000 -0.039919
v 11.054780 -1.300000 -0.019999
v 10.945220 -1.300000 -0.019999
v 10.925300 -1.300000 -0.039919
vt 0.910442 -0.830007
vn 0.000000 -1.000000 0.000000
vt 0.912102 -0.831667
vn 0.000000 -1.000000 0.000000
vt 0.921232 -0.831667
vn 0.000000 -1.000000 0.000000
vt 0.922892 -0.830007
vn 0.000000 -1.000000 0.000000
vt 0.922892 -0.003327
vn 0.000000 -1.000000 0.000000
vt 0.921232 -0.001667
vn 0.000000 -1.000000 0.000000
vt 0.912102 -0.001667
vn 0.000000 -1.000000 0.000000
vt 0.910442 -0.003327
vn 0.000000 -1.000000 0.000000
f 2681/9105/9105 2682/9106/9106 2683/9107/9107 2684/9108/9108 2685/9109/9109 2686/9110/9110 2687/9111/9111 2688/9112/9112
vt 0.910442 -0.003327
vn 0.000000 1.000000 0.000000
vt 0.912102 -0.001667
vn 0.000000 1.000000 0.000000
vt 0.921232 -0.001667
vn 0.000000 1.000000 0.000000
vt 0.922892 -0.003327
vn 0.000000 1.000000 0.000000
vt 0.922892 -0.830007
vn 0.000000 1.000000 0.000000
vt 0.921232 -0.831667
vn 0.000000 1.000000 0.000000
vt 0.912102 -0.831667
vn 0.000000 1.000000 0.000000
vt 0.910442 -0.830007
vn 0.000000 1.000000 0.000000
f 2712/9113/9113 2711/9114/9114 2710/9115/9115 2709/9116/9116 2708/9117/9117 2707/9118/9118 2706/9119/9119 2705/9120/9120
vt 0.910417 -0.831667
vn -0.575245 -0.581538 -0.575245
vt 0.912083 -0.833333
vn -0.575245 -0.581538 -0.575245
vt 0.912102 -0.831667
vn -0.575245 -0.581538 -0.575245
vt 0.910442 -0.830007
vn -0.575245 -0.581538 -0.575245
f 2689/9121/9121 2690/9122/9122 2682/9123/9123 2681/9124/9124
vt 0.912083 -0.115000
vn 0.000000 -0.707085 -0.707128
vt 0.921250 -0.115000
vn 0.000000 -0.707085 -0.707128
vt 0.921232 -0.116667
vn 0.000000 -0.707085 -0.707128
vt 0.912102 -0.116667
vn 0.000000 -0.707085 -0.707128
f 2690/9125/9125 2691/9126/9126 2683/9127/9127 2682/9128/9128
vt 0.921250 -0.833333
vn 0.575245 -0.581538 -0.575245
vt 0.922917 -0.831667
vn 0.575245 -0.581538 -0.575245
vt 0.922892 -0.830007
vn 0.575245 -0.581538 -0.575245
vt 0.921232 -0.831667
vn 0.575245 -0.581538 -0.575245
f 2691/9129/9129 2692/9130/9130 2684/9131/9131 2683/9132/9132
vt -0.115000 -0.831667
vn 0.999888 -0.014997 0.000000
vt -0.115000 -0.001667
vn 0.999888 -0.014997 0.000000
vt -0.116667 -0.003327
vn 0.999888 -0.014997 0.000000
vt -0.116667 -0.830007
vn 0.999888 -0.014997 0.000000
f 2692/9133/9133 2693/9134/9134 2685/9135/9135 2684/9136/9136
vt 0.922917 -0.001667
vn 0.575245 -0.581538 0.575245
vt 0.921250 0.000000
vn 0.575245 -0.581538 0.575245
vt 0.921232 -0.001667
vn 0.575245 -0.581538 0.575245
vt 0.922892 -0.003327
vn 0.575245 -0.581538 0.575245
f 2693/9137/9137 2694/9138/9138 2686/9139/9139 2685/9140/9140
vt 0.921250 -0.115000
vn 0.000000 -0.707085 0.707128
vt 0.912083 -0.115000
vn 0.000000 -0.707085 0.707128
vt 0.912102 -0.116667
vn 0.000000 -0.707085 0.707128
vt 0.921232 -0.116667
vn 0.000000 -0.707085 0.707128
f 2694/9141/9141 2695/9142/9142 2687/9143/9143 2686/9144/9144
vt 0.912083 0.000000
vn -0.575245 -0.581538 0.575245
vt 0.910417 -0.001667
vn -0.575245 -0.581538 0.575245
vt 0.910442 -0.003327
vn -0.575245 -0.581538 0.575245
vt 0.912102 -0.001667
vn -0.575245 -0.581538 0.575245
f 2695/9145/9145 2696/9146/9146 2688/9147/9147 2687/9148/9148
vt -0.115000 -0.001667
vn -0.999888 -0.014997 -0.000000
vt -0.115000 -0.831667
vn -0.999888 -0.014997 -0.000000
vt -0.116667 -0.830007
vn -0.999888 -0.014997 -0.000000
vt -0.116667 -0.003327
vn -0.999888 -0.014997 -0.000000
f 2696/9149/9149 2689/9150/9150 2681/9151/9151 2688/9152/9152
vt -0.110000 -0.831667
vn -0.707107 0.000000 -0.707107
vt -0.110000 -0.833333
vn -0.707107 0.000000 -0.707107
vt -0.115000 -0.833333
vn -0.707107 0.000000 -0.707107
vt -0.115000 -0.831667
vn -0.707107 0.000000 -0.707107
f 2697/9153/9153 2698/9154/9154 2690/9155/9155 2689/9156/9156
vt 0.912083 -0.110000
vn 0.000000 0.000000 -1.000000
vt 0.921250 -0.110000
vn 0.000000 0.000000 -1.000000
vt 0.921250 -0.115000
vn 0.000000 0.000000 -1.000000
vt 0.912083 -0.115000
vn 0.000000 0.000000 -1.000000
f 2698/9157/9157 2699/9158/9158 2691/9159/9159 2690/9160/9160
vt -0.110000 -0.833333
vn 0.707107 0.000000 -0.707107
vt -0.110000 -0.831667
vn 0.707107 0.000000 -0.707107
vt -0.115000 -0.831667
vn 0.707107 0.000000 -0.707107
vt -0.115000 -0.833333
vn 0.707107 0.000000 -0.707107
f 2699/9161/9161 2700/9162/9162 2692/9163/9163 2691/9164/9164
vt -0.110000 -0.831667
vn 1.000000 0.000000 -0.000000
vt -0.110000 -0.001667
vn 1.000000 0.000000 -0.000000
vt -0.115000 -0.001667
vn 1.000000 0.000000 -0.000000
vt -0.115000 -0.831667
vn 1.000000 0.000000 -0.000000
f 2700/9165/9165 2701/9166/9166 2693/9167/9167 2692/9168/9168
vt -0.110000 -0.001667
vn 0.707107 0.000000 0.707107
vt -0.110000 0.000000
vn 0.707107 0.000000 0.707107
vt -0.115000 0.000000
vn 0.707107 0.000000 0.707107
vt -0.115000 -0.001667
vn 0.707107 0.000000 0.707107
f 2701/9169/9169 2702/9170/9170 2694/9171/9171 2693/9172/9172
vt 0.921250 -0.110000
vn 0.000000 0.000000 1.000000
vt 0.912083 -0.110000
vn 0.000000 0.000000 1.000000
vt 0.912083 -0.115000
vn 0.000000 0.000000 1.000000
vt 0.921250 -0.115000
vn 0.000000 0.000000 1.000000
f 2702/9173/9173 2703/9174/9174 2695/9175/9175 2694/9176/9176
vt -0.110000 0.000000
vn -0.707107 0.000000 0.707107
vt -0.110000 -0.001667
vn -0.707107 0.000000 0.707107
vt -0.115000 -0.001667
vn -0.707107 0.000000 0.707107
vt -0.115000 0.000000
vn -0.707107 0.000000 0.707107
f 2703/9177/9177 2704/9178/9178 2696/9179/9179 2695/9180/9180
vt -0.110000 -0.001667
vn -1.000000 0.000000 -0.000000
vt -0.110000 -0.831667
vn -1.000000 0.000000 -0.000000
vt -0.115000 -0.831667
vn -1.000000 0.000000 -0.000000
vt -0.115000 -0.001667
vn -1.000000 0.000000 -0.000000
f 2704/9181/9181 2697/9182/9182 2689/9183/9183 2696/9184/9184
vt 0.910442 -0.830007
vn -0.575245 0.581538 -0.575245
vt 0.912102 -0.831667
vn -0.575245 0.581538 -0.575245
vt 0.912083 -0.833333
vn -0.575245 0.581538 -0.575245
vt 0.910417 -0.831667
vn -0.575245 0.581538 -0.575245
f 2705/9185/9185 2706/9186/9186 2698/9187/9187 2697/9188/9188
vt 0.912102 -0.108333
vn 0.000000 0.707085 -0.707128
vt 0.921232 -0.108333
vn 0.000000 0.707085 -0.707128
vt 0.921250 -0.110000
vn 0.000000 0.707085 -0.707128
vt 0.912083 -0.110000
vn 0.000000 0.707085 -0.707128
f 2706/9189/9189 2707/9190/9190 2699/9191/9191 2698/9192/9192
vt 0.921232 -0.831667
vn 0.575245 0.581538 -0.575245
vt 0.922892 -0.830007
vn 0.575245 0.581538 -0.575245
vt 0.922917 -0.831667
vn 0.575245 0.581538 -0.575245
vt 0.921250 -0.833333
vn 0.575245 0.581538 -0.575245
f 2707/9193/9193 2708/9194/9194 2700/9195/9195 2699/9196/9196
vt -0.108333 -0.830007
vn 0.999888 0.014997 -0.000000
vt -0.108333 -0.003327
vn 0.999888 0.014997 -0.000000
vt -0.110000 -0.001667
vn 0.999888 0.014997 -0.000000
vt -0.110000 -0.831667
vn 0.999888 0.014997 -0.000000
f 2708/9197/9197 2709/9198/9198 2701/9199/9199 2700/9200/9200
vt 0.922892 -0.003327
vn 0.575245 0.581538 0.575245
vt 0.921232 -0.001667
vn 0.575245 0.581538 0.575245
vt 0.921250 0.000000
vn 0.575245 0.581538 0.575245
vt 0.922917 -0.001667
vn 0.575245 0.581538 0.575245
f 2709/9201/9201 2710/9202/9202 2702/9203/9203 2701/9204/9204
vt 0.921232 -0.108333
vn 0.000000 0.707085 0.707128
vt 0.912102 -0.108333
vn 0.000000 0.707085 0.707128
vt 0.912083 -0.110000
vn 0.000000 0.707085 0.707128
vt 0.921250 -0.110000
vn 0.000000 0.707085 0.707128
f 2710/9205/9205 2711/9206/9206 2703/9207/9207 2702/9208/9208
vt 0.912102 -0.001667
vn -0.575245 0.581538 0.575245
vt 0.910442 -0.003327
vn -0.575245 0.581538 0.575245
vt 0.910417 -0.001667
vn -0.575245 0.581538 0.575245
vt 0.912083 0.000000
vn -0.575245 0.581538 0.575245
f 2711/9209/9209 2712/9210/9210 2704/9211/9211 2703/9212/9212
vt -0.108333 -0.003327
vn -0.999888 0.014997 0.000000
vt -0.108333 -0.830007
vn -0.999888 0.014997 0.000000
vt -0.110000 -0.831667
vn -0.999888 0.014997 0.000000
vt -0.110000 -0.001667
vn -0.999888 0.014997 0.000000
f 2712/9213/9213 2705/9214/9214 2697/9215/9215 2704/9216/9216
v 11.475300 -1.400000 -9.960081
v 11.495220 -1.400000 -9.980001
v 11.604780 -1.400000 -9.980001
v 11.624700 -1.400000 -9.960081
v 11.624700 -1.400000 -0.039919
v 11.604780 -1.400000 -0.019999
v 11.495220 -1.400000 -0.019999
v 11.475300 -1.400000 -0.039919
v 11.475000 -1.380000 -9.980000
v 11.495000 -1.380000 -10.000000
v 11.605000 -1.380000 -10.000000
v 11.625000 -1.380000 -9.980000
v 11.625000 -1.380000 -0.020000
v 11.605000 -1.380000 0.000000
v 11.495000 -1.380000 0.000000
v 11.475000 -1.380000 -0.020000
v 11.475000 -1.320000 -9.980000
v 11.495000 -1.320000 -10.000000
v 11.605000 -1.320000 -10.000000
v 11.625000 -1.320000 -9.980000
v 11.625000 -1.320000 -0.020000
v 11.605000 -1.320000 0.000000
v 11.495000 -1.320000 0.000000
v 11.475000 -1.320000 -0.020000
v 11.475300 -1.300000 -9.960081
v 11.495220 -1.300000 -9.980001
v 11.604780 -1.300000 -9.980001
v 11.624700 -1.300000 -9.960081
v 11.624700 -1.300000 -0.039919
v 11.604780 -1.300000 -0.019999
v 11.495220 -1.300000 -0.019999
v 11.475300 -1.300000 -0.039919
vt 0.956275 -0.830007
vn 0.000000 -1.000000 0.000000
vt 0.957935 -0.831667
vn 0.000000 -1.000000 0.000000
vt 0.967065 -0.831667
vn 0.000000 -1.000000 0.000000
vt 0.968725 -0.830007
vn 0.000000 -1.000000 0.000000
vt 0.968725 -0.003327
vn 0.000000 -1.000000 0.000000
vt 0.967065 -0.001667
vn 0.000000 -1.000000 0.000000
vt 0.957935 -0.001667
vn 0.000000 -1.000000 0.000000
vt 0.956275 -0.003327
vn 0.000000 -1.000000 0.000000
f 2713/9217/9217 2714/9218/9218 2715/9219/9219 2716/9220/9220 2717/9221/9221 2718/9222/9222 2719/9223/9223 2720/9224/9224
vt 0.956275 -0.003327
vn 0.000000 1.000000 0.000000
vt 0.957935 -0.001667
vn 0.000000 1.000000 0.000000
vt 0.967065 -0.001667
vn 0.000000 1.000000 0.000000
vt 0.968725 -0.003327
vn 0.000000 1.000000 0.000000
vt 0.968725 -0.830007
vn 0.000000 1.000000 0.000000
vt 0.967065 -0.831667
vn 0.000000 1.000000 0.000000
vt 0.957935 -0.831667
vn 0.000000 1.000000 0.000000
vt 0.956275 -0.830007
vn 0.000000 1.000000 0.000000
f 2744/9225/9225 2743/9226/9226 2742/9227/9227 2741/9228/9228 2740/9229/9229 2739/9230/9230 2738/9231/9231 2737/9232/9232
vt 0.956250 -0.831667
vn -0.575245 -0.581538 -0.575245
vt 0.957917 -0.833333
vn -0.575245 -0.581538 -0.575245
vt 0.957935 -0.831667
vn -0.575245 -0.581538 -0.575245
vt 0.956275 -0.830007
vn -0.575245 -0.581538 -0.575245
f 2721/9233/9233 2722/9234/9234 2714/9235/9235 2713/9236/9236
vt 0.957917 -0.115000
vn 0.000000 -0.707085 -0.707128
vt 0.967083 -0.115000
vn 0.000000 -0.707085 -0.707128
vt 0.967065 -0.116667
vn 0.000000 -0.707085 -0.707128
vt 0.957935 -0.116667
vn 0.000000 -0.707085 -0.707128
f 2722/9237/9237 2723/9238/9238 2715/9239/9239 2714/9240/9240
vt 0.967083 -0.833333
vn 0.575245 -0.581538 -0.575245
vt 0.968750 -0.831667
vn 0.575245 -0.581538 -0.575245
vt 0.968725 -0.830007
vn 0.575245 -0.581538 -0.575245
vt 0.967065 -0.831667
vn 0.575245 -0.581538 -0.575245
f 2723/9241/9241 2724/9242/9242 2716/9243/9243 2715/9244/9244
vt -0.115000 -0.831667
vn 0.999888 -0.014997 0.000000
vt -0.115000 -0.001667
vn 0.999888 -0.014997 0.000000
vt -0.116667 -0.003327
vn 0.999888 -0.014997 0.000000
vt -0.116667 -0.830007
vn 0.999888 -0.014997 0.000000
f 2724/9245/9245 2725/9246/9246 2717/9247/9247 2716/9248/9248
vt 0.968750 -0.001667
vn 0.575245 -0.581538 0.575245
vt 0.967083 0.000000
vn 0.575245 -0.581538 0.575245
vt 0.967065 -0.001667
vn 0.575245 -0.581538 0.575245
vt 0.968725 -0.003327
vn 0.575245 -0.581538 0.575245
f 2725/9249/9249 2726/9250/9250 2718/9251/9251 2717/9252/9252
vt 0.967083 -0.115000
vn 0.000000 -0.707085 0.707128
vt 0.957917 -0.115000
vn 0.000000 -0.707085 0.707128
vt 0.957935 -0.116667
vn 0.000000 -0.707085 0.707128
vt 0.967065 -0.116667
vn 0.000000 -0.707085 0.707128
f 2726/9253/9253 2727/9254/9254 2719/9255/9255 2718/9256/9256
vt 0.957917 0.000000
vn -0.575245 -0.581538 0.575245
vt 0.956250 -0.001667
vn -0.575245 -0.581538 0.575245
vt 0.956275 -0.003327
vn -0.575245 -0.581538 0.575245
vt 0.957935 -0.001667
vn -0.575245 -0.581538 0.575245
f 2727/9257/9257 2728/9258/9258 2720/9259/9259 2719/9260/9260
vt -0.115000 -0.001667
vn -0.999888 -0.014997 -0.000000
vt -0.115000 -0.831667
vn -0.999888 -0.014997 -0.000000
vt -0.116667 -0.830007
vn -0.999888 -0.014997 -0.000000
vt -0.116667 -0.003327
vn -0.999888 -0.014997 -0.000000
f 2728/9261/9261 2721/9262/9262 2713/9263/9263 2720/9264/9264
vt -0.110000 -0.831667
vn -0.707107 0.000000 -0.707107
vt -0.110000 -0.833333
vn -0.707107 0.000000 -0.707107
vt -0.115000 -0.833333
vn -0.707107 0.000000 -0.707107
vt -0.115000 -0.831667
vn -0.707107 0.000000 -0.707107
f 2729/9265/9265 2730/9266/9266 2722/9267/9267 2721/9268/9268
vt 0.957917 -0.110000
vn 0.000000 0.000000 -1.000000
vt 0.967083 -0.110000
vn 0.000000 0.000000 -1.000000
vt 0.967083 -0.115000
vn 0.000000 0.000000 -1.000000
vt 0.957917 -0.115000
vn 0.000000 0.000000 -1.000000
f 2730/9269/9269 2731/9270/9270 2723/9271/9271 2722/9272/9272
vt -0.110000 -0.833333
vn 0.707107 0.000000 -0.707107
vt -0.110000 -0.831667
vn 0.707107 0.000000 -0.707107
vt -0.115000 -0.831667
vn 0.707107 0.000000 -0.707107
vt -0.115000 -0.833333
vn 0.707107 0.000000 -0.707107
f 2731/9273/9273 2732/9274/9274 2724/9275/9275 2723/9276/9276
vt -0.110000 -0.831667
vn 1.000000 0.000000 -0.000000
vt -0.110000 -0.001667
vn 1.000000 0.000000 -0.000000
vt -0.115000 -0.001667
vn 1.000000 0.000000 -0.000000
vt -0.115000 -0.831667
vn 1.000000 0.000000 -0.000000
f 2732/9277/9277 2733/9278/9278 2725/9279/9279 2724/9280/9280
vt -0.110000 -0.001667
vn 0.707107 0.000000 0.707107
vt -0.110000 0.000000
vn 0.707107 0.000000 0.707107
vt -0.115000 0.000000
vn 0.707107 0.000000 0.707107
vt -0.115000 -0.001667
vn 0.707107 0.000000 0.707107
f 2733/9281/9281 2734/9282/9282 2726/9283/9283 2725/9284/9284
vt 0.967083 -0.110000
vn 0.000000 0.000000 1.000000
vt 0.957917 -0.110000
vn 0.000000 0.000000 1.000000
vt 0.957917 -0.115000
vn 0.000000 0.000000 1.000000
vt 0.967083 -0.115000
vn 0.000000 0.000000 1.000000
f 2734/9285/9285 2735/9286/9286 2727/9287/9287 2726/9288/9288
vt -0.110000 0.000000
vn -0.707107 0.000000 0.707107
vt -0.110000 -0.001667
vn -0.707107 0.000000 0.707107
vt -0.115000 -0.001667
vn -0.707107 0.000000 0.707107
vt -0.115000 0.000000
vn -0.707107 0.000000 0.707107
f 2735/9289/9289 2736/9290/9290 2728/9291/9291 2727/9292/9292
vt -0.110000 -0.001667
vn -1.000000 0.000000 -0.000000
vt -0.110000 -0.831667
vn -1.000000 0.000000 -0.000000
vt -0.115000 -0.831667
vn -1.000000 0.000000 -0.000000
vt -0.115000 -0.001667
vn -1.000000 0.000000 -0.000000
f 2736/9293/9293 2729/9294/9294 2721/9295/9295 2728/9296/9296
vt 0.956275 -0.830007
vn -0.575245 0.581538 -0.575245
vt 0.957935 -0.831667
vn -0.575245 0.581538 -0.575245
vt 0.957917 -0.833333
vn -0.575245 0.581538 -0.575245
vt 0.956250 -0.831667
vn -0.575245 0.581538 -0.575245
f 2737/9297/9297 2738/9298/9298 2730/9299/9299 2729/9300/9300
vt 0.957935 -0.108333
vn 0.000000 0.707085 -0.707128
vt 0.967065 -0.108333
vn 0.000000 0.707085 -0.707128
vt 0.967083 -0.110000
vn 0.000000 0.707085 -0.707128
vt 0.957917 -0.110000
vn 0.000000 0.707085 -0.707128
f 2738/9301/9301 2739/9302/9302 2731/9303/9303 2730/9304/9304
vt 0.967065 -0.831667
vn 0.575245 0.581538 -0.575245
vt 0.968725 -0.830007
vn 0.575245 0.581538 -0.575245
vt 0.968750 -0.831667
vn 0.575245 0.581538 -0.575245
vt 0.967083 -0.833333
vn 0.575245 0.581538 -0.575245
f 2739/9305/9305 2740/9306/9306 2732/9307/9307 2731/9308/9308
vt -0.108333 -0.830007
vn 0.999888 0.014997 -0.000000
vt -0.108333 -0.003327
vn 0.999888 0.014997 -0.000000
vt -0.110000 -0.001667
vn 0.999888 0.014997 -0.000000
vt -0.110000 -0.831667
vn 0.999888 0.014997 -0.000000
f 2740/9309/9309 2741/9310/9310 2733/9311/9311 2732/9312/9312
vt 0.968725 -0.003327
vn 0.575245 0.581538 0.575245
vt 0.967065 -0.001667
vn 0.575245 0.581538 0.575245
vt 0.967083 0.000000
vn 0.575245 0.581538 0.575245
vt 0.968750 -0.001667
vn 0.575245 0.581538 0.575245
f 2741/9313/9313 2742/9314/9314 2734/9315/9315 2733/9316/9316
vt 0.967065 -0.108333
vn 0.000000 0.707085 0.707128
vt 0.957935 -0.108333
vn 0.000000 0.707085 0.707128
vt 0.957917 -0.110000
vn 0.000000 0.707085 0.707128
vt 0.967083 -0.110000
vn 0.000000 0.707085 0.707128
f 2742/9317/9317 2743/9318/9318 2735/9319/9319 2734/9320/9320
vt 0.957935 -0.001667
vn -0.575245 0.581538 0.575245
vt 0.956275 -0.003327
vn -0.575245 0.581538 0.575245
vt 0.956250 -0.001667
vn -0.575245 0.581538 0.575245
vt 0.957917 0.000000
vn -0.575245 0.581538 0.575245
f 2743/9321/9321 2744/9322/9322 2736/9323/9323 2735/9324/9324
vt -0.108333 -0.003327
vn -0.999888 0.014997 0.000000
vt -0.108333 -0.830007
vn -0.999888 0.014997 0.000000
vt -0.110000 -0.831667
vn -0.999888 0.014997 0.000000
vt -0.110000 -0.001667
vn -0.999888 0.014997 0.000000
f 2744/9325/9325 2737/9326/9326 2729/9327/9327 2736/9328/9328
v 12.025300 -1.400000 -9.960081
v 12.045220 -1.400000 -9.980001
v 12.154780 -1.400000 -9.980001
v 12.174700 -1.400000 -9.960081
v 12.174700 -1.400000 -0.039919
v 12.154780 -1.400000 -0.019999
v 12.045220 -1.400000 -0.019999
v 12.025300 -1.400000 -0.039919
v 12.025000 -1.380000 -9.980000
v 12.045000 -1.380000 -10.000000
v 12.155000 -1.380000 -10.000000
v 12.175000 -1.380000 -9.980000
v 12.175000 -1.380000 -0.020000
v 12.155000 -1.380000 0.000000
v 12.045000 -1.380000 0.000000
v 12.025000 -1.380000 -0.020000
v 12.025000 -1.320000 -9.980000
v 12.045000 -1.320000 -10.000000
v 12.155000 -1.320000 -10.000000
v 12.175000 -1.320000 -9.980000
v 12.175000 -1.320000 -0.020000
v 12.155000 -1.320000 0.000000
v 12.045000 -1.320000 0.000000
v 12.025000 -1.320000 -0.020000
v 12.025300 -1.300000 -9.960081
v 12.045220 -1.300000 -9.980001
v 12.154780 -1.300000 -9.980001
v 12.174700 -1.300000 -9.960081
v 12.174700 -1.300000 -0.039919
v 12.154780 -1.300000 -0.019999
v 12.045220 -1.300000 -0.019999
v 12.025300 -1.300000 -0.039919
vt 1.002108 -0.830007
vn 0.000000 -1.000000 0.000000
vt 1.003768 -0.831667
vn 0.000000 -1.000000 0.000000
vt 1.012898 -0.831667
vn 0.000000 -1.000000 0.000000
vt 1.014558 -0.830007
vn 0.000000 -1.000000 0.000000
vt 1.014558 -0.003327
vn 0.000000 -1.000000 0.000000
vt 1.012898 -0.001667
vn 0.000000 -1.000000 0.000000
vt 1.003768 -0.001667
vn 0.000000 -1.000000 0.000000
vt 1.002108 -0.003327
vn 0.000000 -1.000000 0.000000
f 2745/9329/9329 2746/9330/9330 2747/9331/9331 2748/9332/9332 2749/9333/9333 2750/9334/9334 2751/9335/9335 2752/9336/9336
vt 1.002108 -0.003327
vn 0.000000 1.000000 0.000000
vt 1.003768 -0.001667
vn 0.000000 1.000000 0.000000
vt 1.012898 -0.001667
vn 0.000000 1.000000 0.000000
vt 1.014558 -0.003327
vn 0.000000 1.000000 0.000000
vt 1.014558 -0.830007
vn 0.000000 1.000000 0.000000
vt 1.012898 -0.831667
vn 0.000000 1.000000 0.000000
vt 1.003768 -0.831667
vn 0.000000 1.000000 0.000000
vt 1.002108 -0.830007
vn 0.000000 1.000000 0.000000
f 2776/9337/9337 2775/9338/9338 2774/9339/9339 2773/9340/9340 2772/9341/9341 2771/9342/9342 2770/9343/9343 2769/9344/9344
vt 1.002083 -0.831667
vn -0.575245 -0.581538 -0.575245
vt 1.003750 -0.833333
vn -0.575245 -0.581538 -0.575245
vt 1.003768 -0.831667
vn -0.575245 -0.581538 -0.575245
vt 1.002108 -0.830007
vn -0.575245 -0.581538 -0.575245
f 2753/9345/9345 2754/9346/9346 2746/9347/9347 2745/9348/9348
vt 1.003750 -0.115000
vn 0.000000 -0.707085 -0.707128
vt 1.012917 -0.115000
vn 0.000000 -0.707085 -0.707128
vt 1.012898 -0.116667
vn 0.000000 -0.707085 -0.707128
vt 1.003768 -0.116667
vn 0.000000 -0.707085 -0.707128
f 2754/9349/9349 2755/9350/9350 2747/9351/9351 2746/9352/9352
vt 1.012917 -0.833333
vn 0.575245 -0.581538 -0.575245
vt 1.014583 -0.831667
vn 0.575245 -0.581538 -0.575245
vt 1.014558 -0.830007
vn 0.575245 -0.581538 -0.575245
vt 1.012898 -0.831667
vn 0.575245 -0.581538 -0.575245
f 2755/9353/9353 2756/9354/9354 2748/9355/9355 2747/9356/9356
vt -0.115000 -0.831667
vn 0.999888 -0.014997 0.000000
vt -0.115000 -0.001667
vn 0.999888 -0.014997 0.000000
vt -0.116667 -0.003327
vn 0.999888 -0.014997 0.000000
vt -0.116667 -0.830007
vn 0.999888 -0.014997 0.000000
f 2756/9357/9357 2757/9358/9358 2749/9359/9359 2748/9360/9360
vt 1.014583 -0.001667
vn 0.575245 -0.581538 0.575245
vt 1.012917 0.000000
vn 0.575245 -0.581538 0.575245
vt 1.012898 -0.001667
vn 0.575245 -0.581538 0.575245
vt 1.014558 -0.003327
vn 0.575245 -0.581538 0.575245
f 2757/9361/9361 2758/9362/9362 2750/9363/9363 2749/9364/9364
vt 1.012917 -0.115000
vn 0.000000 -0.707085 0.707128
vt 1.003750 -0.115000
vn 0.000000 -0.707085 0.707128
vt 1.003768 -0.116667
vn 0.000000 -0.707085 0.707128
vt 1.012898 -0.116667
vn 0.000000 -0.707085 0.707128
f 2758/9365/9365 2759/9366/9366 2751/9367/9367 2750/9368/9368
vt 1.003750 0.000000
vn -0.575245 -0.581538 0.575245
vt 1.002083 -0.001667
vn -0.575245 -0.581538 0.575245
vt 1.002108 -0.003327
vn -0.575245 -0.581538 0.575245
vt 1.003768 -0.001667
vn -0.575245 -0.581538 0.575245
f 2759/9369/9369 2760/9370/9370 2752/9371/9371 2751/9372/9372
vt -0.115000 -0.001667
vn -0.999888 -0.014997 -0.000000
vt -0.115000 -0.831667
vn -0.999888 -0.014997 -0.000000
vt -0.116667 -0.830007
vn -0.999888 -0.014997 -0.000000
vt -0.116667 -0.003327
vn -0.999888 -0.014997 -0.000000
f 2760/9373/9373 2753/9374/9374 2745/9375/9375 2752/9376/9376
vt -0.110000 -0.831667
vn -0.707107 0.000000 -0.707107
vt -0.110000 -0.833333
vn -0.707107 0.000000 -0.707107
vt -0.115000 -0.833333
vn -0.707107 0.000000 -0.707107
vt -0.115000 -0.831667
vn -0.707107 0.000000 -0.707107
f 2761/9377/9377 2762/9378/9378 2754/9379/9379 2753/9380/9380
vt 1.003750 -0.110000
vn 0.000000 0.000000 -1.000000
vt 1.012917 -0.110000
vn 0.000000 0.000000 -1.000000
vt 1.012917 -0.115000
vn 0.000000 0.000000 -1.000000
vt 1.003750 -0.115000
vn 0.000000 0.000000 -1.000000
f 2762/9381/9381 2763/9382/9382 2755/9383/9383 2754/9384/9384
vt -0.110000 -0.833333
vn 0.707107 0.000000 -0.707107
vt -0.110000 -0.831667
vn 0.707107 0.000000 -0.707107
vt -0.115000 -0.831667
vn 0.707107 0.000000 -0.707107
vt -0.115000 -0.833333
vn 0.707107 0.000000 -0.707107
f 2763/9385/9385 2764/9386/9386 2756/9387/9387 2755/9388/9388
vt -0.110000 -0.831667
vn 1.000000 0.000000 -0.000000
vt -0.110000 -0.001667
vn 1.000000 0.000000 -0.000000
vt -0.115000 -0.001667
vn 1.000000 0.000000 -0.000000
vt -0.115000 -0.831667
vn 1.000000 0.000000 -0.000000
f 2764/9389/9389 2765/9390/9390 2757/9391/9391 2756/9392/9392
vt -0.110000 -0.001667
vn 0.707107 0.000000 0.707107
vt -0.110000 0.000000
vn 0.707107 0.000000 0.707107
vt -0.115000 0.000000
vn 0.707107 0.000000 0.707107
vt -0.115000 -0.001667
vn 0.707107 0.000000 0.707107
f 2765/9393/9393 2766/9394/9394 2758/9395/9395 2757/9396/9396
vt 1.012917 -0.110000
vn 0.000000 0.000000 1.000000
vt 1.003750 -0.110000
vn 0.000000 0.000000 1.000000
vt 1.003750 -0.115000
vn 0.000000 0.000000 1.000000
vt 1.012917 -0.115000
vn 0.000000 0.000000 1.000000
f 2766/9397/9397 2767/9398/9398 2759/9399/9399 2758/9400/9400
vt -0.110000 0.000000
vn -0.707107 0.000000 0.707107
vt -0.110000 -0.001667
vn -0.707107 0.000000 0.707107
vt -0.115000 -0.001667
vn -0.707107 0.000000 0.707107
vt -0.115000 0.000000
vn -0.707107 0.000000 0.707107
f 2767/9401/9401 2768/9402/9402 2760/9403/9403 2759/9404/9404
vt -0.110000 -0.001667
vn -1.000000 0.000000 -0.000000
vt -0.110000 -0.831667
vn -1.000000 0.000000 -0.000000
vt -0.115000 -0.831667
vn -1.000000 0.000000 -0.000000
vt -0.115000 -0.001667
vn -1.000000 0.000000 -0.000000
f 2768/9405/9405 2761/9406/9406 2753/9407/9407 2760/9408/9408
vt 1.002108 -0.830007
vn -0.575245 0.581538 -0.575245
vt 1.003768 -0.831667
vn -0.575245 0.581538 -0.575245
vt 1.003750 -0.833333
vn -0.575245 0.581538 -0.575245
vt 1.002083 -0.831667
vn -0.575245 0.581538 -0.575245
f 2769/9409/9409 2770/9410/9410 2762/9411/9411 2761/9412/9412
vt 1.003768 -0.108333
vn 0.000000 0.707085 -0.707128
vt 1.012898 -0.108333
vn 0.000000 0.707085 -0.707128
vt 1.012917 -0.110000
vn 0.000000 0.707085 -0.707128
vt 1.003750 -0.110000
vn 0.000000 0.707085 -0.707128
f 2770/9413/9413 2771/9414/9414 2763/9415/9415 2762/9416/9416
vt 1.012898 -0.831667
vn 0.575245 0.581538 -0.575245
vt 1.014558 -0.830007
vn 0.575245 0.581538 -0.575245
vt 1.014583 -0.831667
vn 0.575245 0.581538 -0.575245
vt 1.012917 -0.833333
vn 0.575245 0.581538 -0.575245
f 2771/9417/9417 2772/9418/9418 2764/9419/9419 2763/9420/9420
vt -0.108333 -0.830007
vn 0.999888 0.014997 -0.000000
vt -0.108333 -0.003327
vn 0.999888 0.014997 -0.000000
vt -0.110000 -0.001667
vn 0.999888 0.014997 -0.000000
vt -0.110000 -0.831667
vn 0.999888 0.014997 -0.000000
f 2772/9421/9421 2773/9422/9422 2765/9423/9423 2764/9424/9424
vt 1.014558 -0.003327
vn 0.575245 0.581538 0.575245
vt 1.012898 -0.001667
vn 0.575245 0.581538 0.575245
vt 1.012917 0.000000
vn 0.575245 0.581538 0.575245
vt 1.014583 -0.001667
vn 0.575245 0.581538 0.575245
f 2773/9425/9425 2774/9426/9426 2766/9427/9427 2765/9428/9428
vt 1.012898 -0.108333
vn 0.000000 0.707085 0.707128
vt 1.003768 -0.108333
vn 0.000000 0.707085 0.707128
vt 1.003750 -0.110000
vn 0.000000 0.707085 0.707128
vt 1.012917 -0.110000
vn 0.000000 0.707085 0.707128
f 2774/9429/9429 2775/9430/9430 2767/9431/9431 2766/9432/9432
vt 1.003768 -0.001667
vn -0.575245 0.581538 0.575245
vt 1.002108 -0.003327
vn -0.575245 0.581538 0.575245
vt 1.002083 -0.001667
vn -0.575245 0.581538 0.575245
vt 1.003750 0.000000
vn -0.575245 0.581538 0.575245
f 2775/9433/9433 2776/9434/9434 2768/9435/9435 2767/9436/9436
vt -0.108333 -0.003327
vn -0.999888 0.014997 0.000000
vt -0.108333 -0.830007
vn -0.999888 0.014997 0.000000
vt -0.110000 -0.831667
vn -0.999888 0.014997 0.000000
vt -0.110000 -0.001667
vn -0.999888 0.014997 0.000000
f 2776/9437/9437 2769/9438/9438 2761/9439/9439 2768/9440/9440
v 10.925300 1.300000 -9.960081
v 10.945220 1.300000 -9.980001
v 11.054780 1.300000 -9.980001
v 11.074700 1.300000 -9.960081
v 11.074700 1.300000 -0.039919
v 11.054780 1.300000 -0.019999
v 10.945220 1.300000 -0.019999
v 10.925300 1.300000 -0.039919
v 10.925000 1.320000 -9.980000
v 10.945000 1.320000 -10.000000
v 11.055000 1.320000 -10.000000
v 11.075000 1.320000 -9.980000
v 11.075000 1.320000 -0.020000
v 11.055000 1.320000 0.000000
v 10.945000 1.320000 0.000000
v 10.925000 1.320000 -0.020000
v 10.925000 1.380000 -9.980000
v 10.945000 1.380000 -10.000000
v 11.055000 1.380000 -10.000000
v 11.075000 1.380000 -9.980000
v 11.075000 1.380000 -0.020000
v 11.055000 1.380000 0.000000
v 10.945000 1.380000 0.000000
v 10.925000 1.380000 -0.020000
v 10.925300 1.400000 -9.960081
v 10.945220 1.400000 -9.980001
v 11.054780 1.400000 -9.980001
v 11.074700 1.400000 -9.960081
v 11.074700 1.400000 -0.039919
v 11.054780 1.400000 -0.019999
v 10.945220 1.400000 -0.019999
v 10.925300 1.400000 -0.039919
vt 0.910442 -0.830007
vn 0.000000 -1.000000 0.000000
vt 0.912102 -0.831667
vn 0.000000 -1.000000 0.000000
vt 0.921232 -0.831667
vn 0.000000 -1.000000 0.000000
vt 0.922892 -0.830007
vn 0.000000 -1.000000 0.000000
vt 0.922892 -0.003327
vn 0.000000 -1.000000 0.000000
vt 0.921232 -0.001667
vn 0.000000 -1.000000 0.000000
vt 0.912102 -0.001667
vn 0.000000 -1.000000 0.000000
vt 0.910442 -0.003327
vn 0.000000 -1.000000 0.000000
f 2777/9441/9441 2778/9442/9442 2779/9443/9443 2780/9444/9444 2781/9445/9445 2782/9446/9446 2783/9447/9447 2784/9448/9448
vt 0.910442 -0.003327
vn 0.000000 1.000000 0.000000
vt 0.912102 -0.001667
vn 0.000000 1.000000 0.000000
vt 0.921232 -0.001667
vn 0.000000 1.000000 0.000000
vt 0.922892 -0.003327
vn 0.000000 1.000000 0.000000
vt 0.922892 -0.830007
vn 0.000000 1.000000 0.000000
vt 0.921232 -0.831667
vn 0.000000 1.000000 0.000000
vt 0.912102 -0.831667
vn 0.000000 1.000000 0.000000
vt 0.910442 -0.830007
vn 0.000000 1.000000 0.000000
f 2808/9449/9449 2807/9450/9450 2806/9451/9451 2805/9452/9452 2804/9453/9453 2803/9454/9454 2802/9455/9455 2801/9456/9456
vt 0.910417 -0.831667
vn -0.575245 -0.581538 -0.575245
vt 0.912083 -0.833333
vn -0.575245 -0.581538 -0.575245
vt 0.912102 -0.831667
vn -0.575245 -0.581538 -0.575245
vt 0.910442 -0.830007
vn -0.575245 -0.581538 -0.575245
f 2785/9457/9457 2786/9458/9458 2778/9459/9459 2777/9460/9460
vt 0.912083 0.110000
vn 0.000000 -0.707085 -0.707128
vt 0.921250 0.110000
vn 0.000000 -0.707085 -0.707128
vt 0.921232 0.108333
vn 0.000000 -0.707085 -0.707128
vt 0.912102 0.108333
vn 0.000000 -0.707085 -0.707128
f 2786/9461/9461 2787/9462/9462 2779/9463/9463 2778/9464/9464
vt 0.921250 -0.833333
vn 0.575245 -0.581538 -0.575245
vt 0.922917 -0.831667
vn 0.575245 -0.581538 -0.575245
vt 0.922892 -0.830007
vn 0.575245 -0.581538 -0.575245
vt 0.921232 -0.831667
vn 0.575245 -0.581538 -0.575245
f 2787/9465/9465 2788/9466/9466 2780/9467/9467 2779/9468/9468
vt 0.110000 -0.831667
vn 0.999888 -0.014997 0.000000
vt 0.110000 -0.001667
vn 0.999888 -0.014997 0.000000
vt 0.108333 -0.003327
vn 0.999888 -0.014997 0.000000
vt 0.108333 -0.830007
vn 0.999888 -0.014997 0.000000
f 2788/9469/9469 2789/9470/9470 2781/9471/9471 2780/9472/9472
vt 0.922917 -0.001667
vn 0.575245 -0.581538 0.575245
vt 0.921250 0.000000
vn 0.575245 -0.581538 0.575245
vt 0.921232 -0.001667
vn 0.575245 -0.581538 0.575245
vt 0.922892 -0.003327
vn 0.575245 -0.581538 0.575245
f 2789/9473/9473 2790/9474/9474 2782/9475/9475 2781/9476/9476
vt 0.921250 0.110000
vn 0.000000 -0.707085 0.707128
vt 0.912083 0.110000
vn 0.000000 -0.707085 0.707128
vt 0.912102 0.108333
vn 0.000000 -0.707085 0.707128
vt 0.921232 0.108333
vn 0.000000 -0.707085 0.707128
f 2790/9477/9477 2791/9478/9478 2783/9479/9479 2782/9480/9480
vt 0.912083 0.000000
vn -0.575245 -0.581538 0.575245
vt 0.910417 -0.001667
vn -0.575245 -0.581538 0.575245
vt 0.910442 -0.003327
vn -0.575245 -0.581538 0.575245
vt 0.912102 -0.001667
vn -0.575245 -0.581538 0.575245
f 2791/9481/9481 2792/9482/9482 2784/9483/9483 2783/9484/9484
vt 0.110000 -0.001667
vn -0.999888 -0.014997 -0.000000
vt 0.110000 -0.831667
vn -0.999888 -0.014997 -0.000000
vt 0.108333 -0.830007
vn -0.999888 -0.014997 -0.000000
vt 0.108333 -0.003327
vn -0.999888 -0.014997 -0.000000
f 2792/9485/9485 2785/9486/9486 2777/9487/9487 2784/9488/9488
vt 0.115000 -0.831667
vn -0.707107 0.000000 -0.707107
vt 0.115000 -0.833333
vn -0.707107 0.000000 -0.707107
vt 0.110000 -0.833333
vn -0.707107 0.000000 -0.707107
vt 0.110000 -0.831667
vn -0.707107 0.000000 -0.707107
f 2793/9489/9489 2794/9490/9490 2786/9491/9491 2785/9492/9492
vt 0.912083 0.115000
vn 0.000000 0.000000 -1.000000
vt 0.921250 0.115000
vn 0.000000 0.000000 -1.000000
vt 0.921250 0.110000
vn 0.000000 0.000000 -1.000000
vt 0.912083 0.110000
vn 0.000000 0.000000 -1.000000
f 2794/9493/9493 2795/9494/9494 2787/9495/9495 2786/9496/9496
vt 0.115000 -0.833333
vn 0.707107 0.000000 -0.707107
vt 0.115000 -0.831667
vn 0.707107 0.000000 -0.707107
vt 0.110000 -0.831667
vn 0.707107 0.000000 -0.707107
vt 0.110000 -0.833333
vn 0.707107 0.000000 -0.707107
f 2795/9497/9497 2796/9498/9498 2788/9499/9499 2787/9500/9500
vt 0.115000 -0.831667
vn 1.000000 0.000000 -0.000000
vt 0.115000 -0.001667
vn 1.000000 0.000000 -0.000000
vt 0.110000 -0.001667
vn 1.000000 0.000000 -0.000000
vt 0.110000 -0.831667
vn 1.000000 0.000000 -0.000000
f 2796/9501/9501 2797/9502/9502 2789/9503/9503 2788/9504/9504
vt 0.115000 -0.001667
vn 0.707107 0.000000 0.707107
vt 0.115000 0.000000
vn 0.707107 0.000000 0.707107
vt 0.110000 0.000000
vn 0.707107 0.000000 0.707107
vt 0.110000 -0.001667
vn 0.707107 0.000000 0.707107
f 2797/9505/9505 2798/9506/9506 2790/9507/9507 2789/9508/9508
vt 0.921250 0.115000
vn 0.000000 0.000000 1.000000
vt 0.912083 0.115000
vn 0.000000 0.000000 1.000000
vt 0.912083 0.110000
vn 0.000000 0.000000 1.000000
vt 0.921250 0.110000
vn 0.000000 0.000000 1.000000
f 2798/9509/9509 2799/9510/9510 2791/9511/9511 2790/9512/9512
vt 0.115000 0.000000
vn -0.707107 0.000000 0.707107
vt 0.115000 -0.001667
vn -0.707107 0.000000 0.707107
vt 0.110000 -0.001667
vn -0.707107 0.000000 0.707107
vt 0.110000 0.000000
vn -0.707107 0.000000 0.707107
f 2799/9513/9513 2800/9514/9514 2792/9515/9515 2791/9516/9516
vt 0.115000 -0.001667
vn -1.000000 0.000000 -0.000000
vt 0.115000 -0.831667
vn -1.000000 0.000000 -0.000000
vt 0.110000 -0.831667
vn -1.000000 0.000000 -0.000000
vt 0.110000 -0.001667
vn -1.000000 0.000000 -0.000000
f 2800/9517/9517 2793/9518/9518 2785/9519/9519 2792/9520/9520
vt 0.910442 -0.830007
vn -0.575245 0.581538 -0.575245
vt 0.912102 -0.831667
vn -0.575245 0.581538 -0.575245
vt 0.912083 -0.833333
vn -0.575245 0.581538 -0.575245
vt 0.910417 -0.831667
vn -0.575245 0.581538 -0.575245
f 2801/9521/9521 2802/9522/9522 2794/9523/9523 2793/9524/9524
vt 0.912102 0.116667
vn 0.000000 0.707085 -0.707128
vt 0.921232 0.116667
vn 0.000000 0.707085 -0.707128
vt 0.921250 0.115000
vn 0.000000 0.707085 -0.707128
vt 0.912083 0.115000
vn 0.000000 0.707085 -0.707128
f 2802/9525/9525 2803/9526/9526 2795/9527/9527 2794/9528/9528
vt 0.921232 -0.831667
vn 0.575245 0.581538 -0.575245
vt 0.922892 -0.830007
vn 0.575245 0.581538 -0.575245
vt 0.922917 -0.831667
vn 0.575245 0.581538 -0.575245
vt 0.921250 -0.833333
vn 0.575245 0.581538 -0.575245
f 2803/9529/9529 2804/9530/9530 2796/9531/9531 2795/9532/9532
vt 0.116667 -0.830007
vn 0.999888 0.014997 -0.000000
vt 0.116667 -0.003327
vn 0.999888 0.014997 -0.000000
vt 0.115000 -0.001667
vn 0.999888 0.014997 -0.000000
vt 0.115000 -0.831667
vn 0.999888 0.014997 -0.000000
f 2804/9533/9533 2805/9534/9534 2797/9535/9535 2796/9536/9536
vt 0.922892 -0.003327
vn 0.575245 0.581538 0.575245
vt 0.921232 -0.001667
vn 0.575245 0.581538 0.575245
vt 0.921250 0.000000
vn 0.575245 0.581538 0.575245
vt 0.922917 -0.001667
vn 0.575245 0.581538 0.575245
f 2805/9537/9537 2806/9538/9538 2798/9539/9539 2797/9540/9540
vt 0.921232 0.116667
vn 0.000000 0.707085 0.707128
vt 0.912102 0.116667
vn 0.000000 0.707085 0.707128
vt 0.912083 0.115000
vn 0.000000 0.707085 0.707128
vt 0.921250 0.115000
vn 0.000000 0.707085 0.707128
f 2806/9541/9541 2807/9542/9542 2799/9543/9543 2798/9544/9544
vt 0.912102 -0.001667
vn -0.575245 0.581538 0.575245
vt 0.910442 -0.003327
vn -0.575245 0.581538 0.575245
vt 0.910417 -0.001667
vn -0.575245 0.581538 0.575245
vt 0.912083 0.000000
vn -0.575245 0.581538 0.575245
f 2807/9545/9545 2808/9546/9546 2800/9547/9547 2799/9548/9548
vt 0.116667 -0.003327
vn -0.999888 0.014997 0.000000
vt 0.116667 -0.830007
vn -0.999888 0.014997 0.000000
vt 0.115000 -0.831667
vn -0.999888 0.014997 0.000000
vt 0.115000 -0.001667
vn -0.999888 0.014997 0.000000
f 2808/9549/9549 2801/9550/9550 2793/9551/9551 2800/9552/9552
v 11.475300 1.300000 -9.960081
v 11.495220 1.300000 -9.980001
v 11.604780 1.300000 -9.980001
v 11.624700 1.300000 -9.960081
v 11.624700 1.300000 -0.039919
v 11.604780 1.300000 -0.019999
v 11.495220 1.300000 -0.019999
v 11.475300 1.300000 -0.039919
v 11.475000 1.320000 -9.980000
v 11.495000 1.320000 -10.000000
v 11.605000 1.320000 -10.000000
v 11.625000 1.320000 -9.980000
v 11.625000 1.320000 -0.020000
v 11.605000 1.320000 0.000000
v 11.495000 1.320000 0.000000
v 11.475000 1.320000 -0.020000
v 11.475000 1.380000 -9.980000
v 11.495000 1.380000 -10.000000
v 11.605000 1.380000 -10.000000
v 11.625000 1.380000 -9.980000
v 11.625000 1.380000 -0.020000
v 11.605000 1.380000 0.000000
v 11.495000 1.380000 0.000000
v 11.475000 1.380000 -0.020000
v 11.475300 1.400000 -9.960081
v 11.495220 1.400000 -9.980001
v 11.604780 1.400000 -9.980001
v 11.624700 1.400000 -9.960081
v 11.624700 1.400000 -0.039919
v 11.604780 1.400000 -0.019999
v 11.495220 1.400000 -0.019999
v 11.475300 1.400000 -0.039919
vt 0.956275 -0.830007
vn 0.000000 -1.000000 0.000000
vt 0.957935 -0.831667
vn 0.000000 -1.000000 0.000000
vt 0.967065 -0.831667
vn 0.000000 -1.000000 0.000000
vt 0.968725 -0.830007
vn 0.000000 -1.000000 0.000000
vt 0.968725 -0.003327
vn 0.000000 -1.000000 0.000000
vt 0.967065 -0.001667
vn 0.000000 -1.000000 0.000000
vt 0.957935 -0.001667
vn 0.000000 -1.000000 0.000000
vt 0.956275 -0.003327
vn 0.000000 -1.000000 0.000000
f 2809/9553/9553 2810/9554/9554 2811/9555/9555 2812/9556/9556 2813/9557/9557 2814/9558/9558 2815/9559/9559 2816/9560/9560
vt 0.956275 -0.003327
vn 0.000000 1.000000 0.000000
vt 0.957935 -0.001667
vn 0.000000 1.000000 0.000000
vt 0.967065 -0.001667
vn 0.000000 1.000000 0.000000
vt 0.968725 -0.003327
vn 0.000000 1.000000 0.000000
vt 0.968725 -0.830007
vn 0.000000 1.000000 0.000000
vt 0.967065 -0.831667
vn 0.000000 1.000000 0.000000
vt 0.957935 -0.831667
vn 0.000000 1.000000 0.000000
vt 0.956275 -0.830007
vn 0.000000 1.000000 0.000000
f 2840/9561/9561 2839/9562/9562 2838/9563/9563 2837/9564/9564 2836/9565/9565 2835/9566/9566 2834/9567/9567 2833/9568/9568
vt 0.956250 -0.831667
vn -0.575245 -0.581538 -0.575245
vt 0.957917 -0.833333
vn -0.575245 -0.581538 -0.575245
vt 0.957935 -0.831667
vn -0.575245 -0.581538 -0.575245
vt 0.956275 -0.830007
vn -0.575245 -0.581538 -0.575245
f 2817/9569/9569 2818/9570/9570 2810/9571/9571 2809/9572/9572
vt 0.957917 0.110000
vn 0.000000 -0.707085 -0.707128
vt 0.967083 0.110000
vn 0.000000 -0.707085 -0.707128
vt 0.967065 0.108333
vn 0.000000 -0.707085 -0.707128
vt 0.957935 0.108333
vn 0.000000 -0.707085 -0.707128
f 2818/9573/9573 2819/9574/9574 2811/9575/9575 2810/9576/9576
vt 0.967083 -0.833333
vn 0.575245 -0.581538 -0.575245
vt 0.968750 -0.831667
vn 0.575245 -0.581538 -0.575245
vt 0.968725 -0.830007
vn 0.575245 -0.581538 -0.575245
vt 0.967065 -0.831667
vn 0.575245 -0.581538 -0.575245
f 2819/9577/9577 2820/9578/9578 2812/9579/9579 2811/9580/9580
vt 0.110000 -0.831667
vn 0.999888 -0.014997 0.000000
vt 0.110000 -0.001667
vn 0.999888 -0.014997 0.000000
vt 0.108333 -0.003327
vn 0.999888 -0.014997 0.000000
vt 0.108333 -0.830007
vn 0.999888 -0.014997 0.000000
f 2820/9581/9581 2821/9582/9582 2813/9583/9583 2812/9584/9584
vt 0.968750 -0.001667
vn 0.575245 -0.581538 0.575245
vt 0.967083 0.000000
vn 0.575245 -0.581538 0.575245
vt 0.967065 -0.001667
vn 0.575245 -0.581538 0.575245
vt 0.968725 -0.003327
vn 0.575245 -0.581538 0.575245
f 2821/9585/9585 2822/9586/9586 2814/9587/9587 2813/9588/9588
vt 0.967083 0.110000
vn 0.000000 -0.707085 0.707128
vt 0.957917 0.110000
vn 0.000000 -0.707085 0.707128
vt 0.957935 0.108333
vn 0.000000 -0.707085 0.707128
vt 0.967065 0.108333
vn 0.000000 -0.707085 0.707128
f 2822/9589/9589 2823/9590/9590 2815/9591/9591 2814/9592/9592
vt 0.957917 0.000000
vn -0.575245 -0.581538 0.575245
vt 0.956250 -0.001667
vn -0.575245 -0.581538 0.575245
vt 0.956275 -0.003327
vn -0.575245 -0.581538 0.575245
vt 0.957935 -0.001667
vn -0.575245 -0.581538 0.575245
f 2823/9593/9593 2824/9594/9594 2816/9595/9595 2815/9596/9596
vt 0.110000 -0.001667
vn -0.999888 -0.014997 -0.000000
vt 0.110000 -0.831667
vn -0.999888 -0.014997 -0.000000
vt 0.108333 -0.830007
vn -0.999888 -0.014997 -0.000000
vt 0.108333 -0.003327
vn -0.999888 -0.014997 -0.000000
f 2824/9597/9597 2817/9598/9598 2809/9599/9599 2816/9600/9600
vt 0.115000 -0.831667
vn -0.707107 0.000000 -0.707107
vt 0.115000 -0.833333
vn -0.707107 0.000000 -0.707107
vt 0.110000 -0.833333
vn -0.707107 0.000000 -0.707107
vt 0.110000 -0.831667
vn -0.707107 0.000000 -0.707107
f 2825/9601/9601 2826/9602/9602 2818/9603/9603 2817/9604/9604
vt 0.957917 0.115000
vn 0.000000 0.000000 -1.000000
vt 0.967083 0.115000
vn 0.000000 0.000000 -1.000000
vt 0.967083 0.110000
vn 0.000000 0.000000 -1.000000
vt 0.957917 0.110000
vn 0.000000 0.000000 -1.000000
f 2826/9605/9605 2827/9606/9606 2819/9607/9607 2818/9608/9608
vt 0.115000 -0.833333
vn 0.707107 0.000000 -0.707107
vt 0.115000 -0.831667
vn 0.707107 0.000000 -0.707107
vt 0.110000 -0.831667
vn 0.707107 0.000000 -0.707107
vt 0.110000 -0.833333
vn 0.707107 0.000000 -0.707107
f 2827/9609/9609 2828/9610/9610 2820/9611/9611 2819/9612/9612
vt 0.115000 -0.831667
vn 1.000000 0.000000 -0.000000
vt 0.115000 -0.001667
vn 1.000000 0.000000 -0.000000
vt 0.110000 -0.001667
vn 1.000000 0.000000 -0.000000
vt 0.110000 -0.831667
vn 1.000000 0.000000 -0.000000
f 2828/9613/9613 2829/9614/9614 2821/9615/9615 2820/9616/9616
vt 0.115000 -0.001667
vn 0.707107 0.000000 0.707107
vt 0.115000 0.000000
vn 0.707107 0.000000 0.707107
vt 0.110000 0.000000
vn 0.707107 0.000000 0.707107
vt 0.110000 -0.001667
vn 0.707107 0.000000 0.707107
f 2829/9617/9617 2830/9618/9618 2822/9619/9619 2821/9620/9620
vt 0.967083 0.115000
vn 0.000000 0.000000 1.000000
vt 0.957917 0.115000
vn 0.000000 0.000000 1.000000
vt 0.957917 0.110000
vn 0.000000 0.000000 1.000000
vt 0.967083 0.110000
vn 0.000000 0.000000 1.000000
f 2830/9621/9621 2831/9622/9622 2823/9623/9623 2822/9624/9624
vt 0.115000 0.000000
vn -0.707107 0.000000 0.707107
vt 0.115000 -0.001667
vn -0.707107 0.000000 0.707107
vt 0.110000 -0.001667
vn -0.707107 0.000000 0.707107
vt 0.110000 0.000000
vn -0.707107 0.000000 0.707107
f 2831/9625/9625 2832/9626/9626 2824/9627/9627 2823/9628/9628
vt 0.115000 -0.001667
vn -1.000000 0.000000 -0.000000
vt 0.115000 -0.831667
vn -1.000000 0.000000 -0.000000
vt 0.110000 -0.831667
vn -1.000000 0.000000 -0.000000
vt 0.110000 -0.001667
vn -1.000000 0.000000 -0.000000
f 2832/9629/9629 2825/9630/9630 2817/9631/9631 2824/9632/9632
vt 0.956275 -0.830007
vn -0.575245 0.581538 -0.575245
vt 0.957935 -0.831667
vn -0.575245 0.581538 -0.575245
vt 0.957917 -0.833333
vn -0.575245 0.581538 -0.575245
vt 0.956250 -0.831667
vn -0.575245 0.581538 -0.575245
f 2833/9633/9633 2834/9634/9634 2826/9635/9635 2825/9636/9636
vt 0.957935 0.116667
vn 0.000000 0.707085 -0.707128
vt 0.967065 0.116667
vn 0.000000 0.707085 -0.707128
vt 0.967083 0.115000
vn 0.000000 0.707085 -0.707128
vt 0.957917 0.115000
vn 0.000000 0.707085 -0.707128
f 2834/9637/9637 2835/9638/9638 2827/9639/9639 2826/9640/9640
vt 0.967065 -0.831667
vn 0.575245 0.581538 -0.575245
vt 0.968725 -0.830007
vn 0.575245 0.581538 -0.575245
vt 0.968750 -0.831667
vn 0.575245 0.581538 -0.575245
vt 0.967083 -0.833333
vn 0.575245 0.581538 -0.575245
f 2835/9641/9641 2836/9642/9642 2828/9643/9643 2827/9644/9644
vt 0.116667 -0.830007
vn 0.999888 0.014997 -0.000000
vt 0.116667 -0.003327
vn 0.999888 0.014997 -0.000000
vt 0.115000 -0.001667
vn 0.999888 0.014997 -0.000000
vt 0.115000 -0.831667
vn 0.999888 0.014997 -0.000000
f 2836/9645/9645 2837/9646/9646 2829/9647/9647 2828/9648/9648
vt 0.968725 -0.003327
vn 0.575245 0.581538 0.575245
vt 0.967065 -0.001667
vn 0.575245 0.581538 0.575245
vt 0.967083 0.000000
vn 0.575245 0.581538 0.575245
vt 0.968750 -0.001667
vn 0.575245 0.581538 0.575245
f 2837/9649/9649 2838/9650/9650 2830/9651/9651 2829/9652/9652
vt 0.967065 0.116667
vn 0.000000 0.707085 0.707128
vt 0.957935 0.116667
vn 0.000000 0.707085 0.707128
vt 0.957917 0.115000
vn 0.000000 0.707085 0.707128
vt 0.967083 0.115000
vn 0.000000 0.707085 0.707128
f 2838/9653/9653 2839/9654/9654 2831/9655/9655 2830/9656/9656
vt 0.957935 -0.001667
vn -0.575245 0.581538 0.575245
vt 0.956275 -0.003327
vn -0.575245 0.581538 0.575245
vt 0.956250 -0.001667
vn -0.575245 0.581538 0.575245
vt 0.957917 0.000000
vn -0.575245 0.581538 0.575245
f 2839/9657/9657 2840/9658/9658 2832/9659/9659 2831/9660/9660
vt 0.116667 -0.003327
vn -0.999888 0.014997 0.000000
vt 0.116667 -0.830007
vn -0.999888 0.014997 0.000000
vt 0.115000 -0.831667
vn -0.999888 0.014997 0.000000
vt 0.115000 -0.001667
vn -0.999888 0.014997 0.000000
f 2840/9661/9661 2833/9662/9662 2825/9663/9663 2832/9664/9664
v 12.025300 1.300000 -9.960081
v 12.045220 1.300000 -9.980001
v 12.154780 1.300000 -9.980001
v 12.174700 1.300000 -9.960081
v 12.174700 1.300000 -0.039919
v 12.154780 1.300000 -0.019999
v 12.045220 1.300000 -0.019999
v 12.025300 1.300000 -0.039919
v 12.025000 1.320000 -9.980000
v 12.045000 1.320000 -10.000000
v 12.155000 1.320000 -10.000000
v 12.175000 1.320000 -9.980000
v 12.175000 1.320000 -0.020000
v 12.155000 1.320000 0.000000
v 12.045000 1.320000 0.000000
v 12.025000 1.320000 -0.020000
v 12.025000 1.380000 -9.980000
v 12.045000 1.380000 -10.000000
v 12.155000 1.380000 -10.000000
v 12.175000 1.380000 -9.980000
v 12.175000 1.380000 -0.020000
v 12.155000 1.380000 0.000000
v 12.045000 1.380000 0.000000
v 12.025000 1.380000 -0.020000
v 12.025300 1.400000 -9.960081
v 12.045220 1.400000 -9.980001
v 12.154780 1.400000 -9.980001
v 12.174700 1.400000 -9.960081
v 12.174700 1.400000 -0.039919
v 12.154780 1.400000 -0.019999
v 12.045220 1.400000 -0.019999
v 12.025300 1.400000 -0.039919
vt 1.002108 -0.830007
vn 0.000000 -1.000000 0.000000
vt 1.003768 -0.831667
vn 0.000000 -1.000000 0.000000
vt 1.012898 -0.831667
vn 0.000000 -1.000000 0.000000
vt 1.014558 -0.830007
vn 0.000000 -1.000000 0.000000
vt 1.014558 -0.003327
vn 0.000000 -1.000000 0.000000
vt 1.012898 -0.001667
vn 0.000000 -1.000000 0.000000
vt 1.003768 -0.001667
vn 0.000000 -1.000000 0.000000
vt 1.002108 -0.003327
vn 0.000000 -1.000000 0.000000
f 2841/9665/9665 2842/9666/9666 2843/9667/9667 2844/9668/9668 2845/9669/9669 2846/9670/9670 2847/9671/9671 2848/9672/9672
vt 1.002108 -0.003327
vn 0.000000 1.000000 0.000000
vt 1.003768 -0.001667
vn 0.000000 1.000000 0.000000
vt 1.012898 -0.001667
vn 0.000000 1.000000 0.000000
vt 1.014558 -0.003327
vn 0.000000 1.000000 0.000000
vt 1.014558 -0.830007
vn 0.000000 1.000000 0.000000
vt 1.012898 -0.831667
vn 0.000000 1.000000 0.000000
vt 1.003768 -0.831667
vn 0.000000 1.000000 0.000000
vt 1.002108 -0.830007
vn 0.000000 1.000000 0.000000
f 2872/9673/9673 2871/9674/9674 2870/9675/9675 2869/9676/9676 2868/9677/9677 2867/9678/9678 2866/9679/9679 2865/9680/9680
vt 1.002083 -0.831667
vn -0.575245 -0.581538 -0.575245
vt 1.003750 -0.833333
vn -0.575245 -0.581538 -0.575245
vt 1.003768 -0.831667
vn -0.575245 -0.581538 -0.575245
vt 1.002108 -0.830007
vn -0.575245 -0.581538 -0.575245
f 2849/9681/9681 2850/9682/9682 2842/9683/9683 2841/9684/9684
vt 1.003750 0.110000
vn 0.000000 -0.707085 -0.707128
vt 1.012917 0.110000
vn 0.000000 -0.707085 -0.707128
vt 1.012898 0.108333
vn 0.000000 -0.707085 -0.707128
vt 1.003768 0.108333
vn 0.000000 -0.707085 -0.707128
f 2850/9685/9685 2851/9686/9686 2843/9687/9687 2842/9688/9688
vt 1.012917 -0.833333
vn 0.575245 -0.581538 -0.575245
vt 1.014583 -0.831667
vn 0.575245 -0.581538 -0.575245
vt 1.014558 -0.830007
vn 0.575245 -0.581538 -0.575245
vt 1.012898 -0.831667
vn 0.575245 -0.581538 -0.575245
f 2851/9689/9689 2852/9690/9690 2844/9691/9691 2843/9692/9692
vt 0.110000 -0.831667
vn 0.999888 -0.014997 0.000000
vt 0.110000 -0.001667
vn 0.999888 -0.014997 0.000000
vt 0.108333 -0.003327
vn 0.999888 -0.014997 0.000000
vt 0.108333 -0.830007
vn 0.999888 -0.014997 0.000000
f 2852/9693/9693 2853/9694/9694 2845/9695/9695 2844/9696/9696
vt 1.014583 -0.001667
vn 0.575245 -0.581538 0.575245
vt 1.012917 0.000000
vn 0.575245 -0.581538 0.575245
vt 1.012898 -0.001667
vn 0.575245 -0.581538 0.575245
vt 1.014558 -0.003327
vn 0.575245 -0.581538 0.575245
f 2853/9697/9697 2854/9698/9698 2846/9699/9699 2845/9700/9700
vt 1.012917 0.110000
vn 0.000000 -0.707085 0.707128
vt 1.003750 0.110000
vn 0.000000 -0.707085 0.707128
vt 1.003768 0.108333
vn 0.000000 -0.707085 0.707128
vt 1.012898 0.108333
vn 0.000000 -0.707085 0.707128
f 2854/9701/9701 2855/9702/9702 2847/9703/9703 2846/9704/9704
vt 1.003750 0.000000
vn -0.575245 -0.581538 0.575245
vt 1.002083 -0.001667
vn -0.575245 -0.581538 0.575245
vt 1.002108 -0.003327
vn -0.575245 -0.581538 0.575245
vt 1.003768 -0.001667
vn -0.575245 -0.581538 0.575245
f 2855/9705/9705 2856/9706/9706 2848/9707/9707 2847/9708/9708
vt 0.110000 -0.001667
vn -0.999888 -0.014997 -0.000000
vt 0.110000 -0.831667
vn -0.999888 -0.014997 -0.000000
vt 0.108333 -0.830007
vn -0.999888 -0.014997 -0.000000
vt 0.108333 -0.003327
vn -0.999888 -0.014997 -0.000000
f 2856/9709/9709 2849/9710/9710 2841/9711/9711 2848/9712/9712
vt 0.115000 -0.831667
vn -0.707107 0.000000 -0.707107
vt 0.115000 -0.833333
vn -0.707107 0.000000 -0.707107
vt 0.110000 -0.833333
vn -0.707107 0.000000 -0.707107
vt 0.110000 -0.831667
vn -0.707107 0.000000 -0.707107
f 2857/9713/9713 2858/9714/9714 2850/9715/9715 2849/9716/9716
vt 1.003750 0.115000
vn 0.000000 0.000000 -1.000000
vt 1.012917 0.115000
vn 0.000000 0.000000 -1.000000
vt 1.012917 0.110000
vn 0.000000 0.000000 -1.000000
vt 1.003750 0.110000
vn 0.000000 0.000000 -1.000000
f 2858/9717/9717 2859/9718/9718 2851/9719/9719 2850/9720/9720
vt 0.115000 -0.833333
vn 0.707107 0.000000 -0.707107
vt 0.115000 -0.831667
vn 0.707107 0.000000 -0.707107
vt 0.110000 -0.831667
vn 0.707107 0.000000 -0.707107
vt 0.110000 -0.833333
vn 0.707107 0.000000 -0.707107
f 2859/9721/9721 2860/9722/9722 2852/9723/9723 2851/9724/9724
vt 0.115000 -0.831667
vn 1.000000 0.000000 -0.000000
vt 0.115000 -0.001667
vn 1.000000 0.000000 -0.000000
vt 0.110000 -0.001667
vn 1.000000 0.000000 -0.000000
vt 0.110000 -0.831667
vn 1.000000 0.000000 -0.000000
f 2860/9725/9725 2861/9726/9726 2853/9727/9727 2852/9728/9728
vt 0.115000 -0.001667
vn 0.707107 0.000000 0.707107
vt 0.115000 0.000000
vn 0.707107 0.000000 0.707107
vt 0.110000 0.000000
vn 0.707107 0.000000 0.707107
vt 0.110000 -0.001667
vn 0.707107 0.000000 0.707107
f 2861/9729/9729 2862/9730/9730 2854/9731/9731 2853/9732/9732
vt 1.012917 0.115000
vn 0.000000 0.000000 1.000000
vt 1.003750 0.115000
vn 0.000000 0.000000 1.000000
vt 1.003750 0.110000
vn 0.000000 0.000000 1.000000
vt 1.012917 0.110000
vn 0.000000 0.000000 1.000000
f 2862/9733/9733 2863/9734/9734 2855/9735/9735 2854/9736/9736
vt 0.115000 0.000000
vn -0.707107 0.000000 0.707107
vt 0.115000 -0.001667
vn -0.707107 0.000000 0.707107
vt 0.110000 -0.001667
vn -0.707107 0.000000 0.707107
vt 0.110000 0.000000
vn -0.707107 0.000000 0.707107
f 2863/9737/9737 2864/9738/9738 2856/9739/9739 2855/9740/9740
vt 0.115000 -0.001667
vn -1.000000 0.000000 -0.000000
vt 0.115000 -0.831667
vn -1.000000 0.000000 -0.000000
vt 0.110000 -0.831667
vn -1.000000 0.000000 -0.000000
vt 0.110000 -0.001667
vn -1.000000 0.000000 -0.000000
f 2864/9741/9741 2857/9742/9742 2849/9743/9743 2856/9744/9744
vt 1.002108 -0.830007
vn -0.575245 0.581538 -0.575245
vt 1.003768 -0.831667
vn -0.575245 0.581538 -0.575245
vt 1.003750 -0.833333
vn -0.575245 0.581538 -0.575245
vt 1.002083 -0.831667
vn -0.575245 0.581538 -0.575245
f 2865/9745/9745 2866/9746/9746 2858/9747/9747 2857/9748/9748
vt 1.003768 0.116667
vn 0.000000 0.707085 -0.707128
vt 1.012898 0.116667
vn 0.000000 0.707085 -0.707128
vt 1.012917 0.115000
vn 0.000000 0.707085 -0.707128
vt 1.003750 0.115000
vn 0.000000 0.707085 -0.707128
f 2866/9749/9749 2867/9750/9750 2859/9751/9751 2858/9752/9752
vt 1.012898 -0.831667
vn 0.575245 0.581538 -0.575245
vt 1.014558 -0.830007
vn 0.575245 0.581538 -0.575245
vt 1.014583 -0.831667
vn 0.575245 0.581538 -0.575245
vt 1.012917 -0.833333
vn 0.575245 0.581538 -0.575245
f 2867/9753/9753 2868/9754/9754 2860/9755/9755 2859/9756/9756
vt 0.116667 -0.830007
vn 0.999888 0.014997 -0.000000
vt 0.116667 -0.003327
vn 0.999888 0.014997 -0.000000
vt 0.115000 -0.001667
vn 0.999888 0.014997 -0.000000
vt 0.115000 -0.831667
vn 0.999888 0.014997 -0.000000
f 2868/9757/9757 2869/9758/9758 2861/9759/9759 2860/9760/9760
vt 1.014558 -0.003327
vn 0.575245 0.581538 0.575245
vt 1.012898 -0.001667
vn 0.575245 0.581538 0.575245
vt 1.012917 0.000000
vn 0.575245 0.581538 0.575245
vt 1.014583 -0.001667
vn 0.575245 0.581538 0.575245
f 2869/9761/9761 2870/9762/9762 2862/9763/9763 2861/9764/9764
vt 1.012898 0.116667
vn 0.000000 0.707085 0.707128
vt 1.003768 0.116667
vn 0.000000 0.707085 0.707128
vt 1.003750 0.115000
vn 0.000000 0.707085 0.707128
vt 1.012917 0.115000
vn 0.000000 0.707085 0.707128
f 2870/9765/9765 2871/9766/9766 2863/9767/9767 2862/9768/9768
vt 1.003768 -0.001667
vn -0.575245 0.581538 0.575245
vt 1.002108 -0.003327
vn -0.575245 0.581538 0.575245
vt 1.002083 -0.001667
vn -0.575245 0.581538 0.575245
vt 1.003750 0.000000
vn -0.575245 0.581538 0.575245
f 2871/9769/9769 2872/9770/9770 2864/9771/9771 2863/9772/9772
vt 0.116667 -0.003327
vn -0.999888 0.014997 0.000000
vt 0.116667 -0.830007
vn -0.999888 0.014997 0.000000
vt 0.115000 -0.831667
vn -0.999888 0.014997 0.000000
vt 0.115000 -0.001667
vn -0.999888 0.014997 0.000000
f 2872/9773/9773 2865/9774/9774 2857/9775/9775 2864/9776/9776
v 5.097014 2.205000 6.774254
v 5.193780 2.205000 6.677487
v 10.806220 2.205000 6.677487
v 10.902986 2.205000 6.774254
v 10.902986 2.205000 8.225746
v 10.806220 2.205000 8.322513
v 5.193780 2.205000 8.322513
v 5.097014 2.205000 8.225746
v 5.000000 2.305000 6.750000
v 5.100000 2.305000 6.650000
v 10.900000 2.305000 6.650000
v 11.000000 2.305000 6.750000
v 11.000000 2.305000 8.250000
v 10.900000 2.305000 8.350000
v 5.100000 2.305000 8.350000
v 5.000000 2.305000 8.250000
v 5.000000 2.235000 6.750000
v 5.100000 2.235000 6.650000
v 10.900000 2.235000 6.650000
v 11.000000 2.235000 6.750000
v 11.000000 2.235000 8.250000
v 10.900000 2.235000 8.350000
v 5.100000 2.235000 8.350000
v 5.000000 2.235000 8.250000
v 5.097014 2.335000 6.774254
v 5.193780 2.335000 6.677487
v 10.806220 2.335000 6.677487
v 10.902986 2.335000 6.774254
v 10.902986 2.335000 8.225746
v 10.806220 2.335000 8.322513
v 5.193780 2.335000 8.322513
v 5.097014 2.335000 8.225746
vt 0.424751 0.564521
vn 0.000000 -1.000000 0.000000
vt 0.432815 0.556457
vn 0.000000 -1.000000 0.000000
vt 0.900518 0.556457
vn 0.000000 -1.000000 0.000000
vt 0.908582 0.564521
vn 0.000000 -1.000000 0.000000
vt 0.908582 0.685479
vn 0.000000 -1.000000 0.000000
vt 0.900518 0.693543
vn 0.000000 -1.000000 0.000000
vt 0.432815 0.693543
vn 0.000000 -1.000000 0.000000
vt 0.424751 0.685479
vn 0.000000 -1.000000 0.000000
f 2873/9777/9777 2874/9778/9778 2875/9779/9779 2876/9780/9780 2877/9781/9781 2878/9782/9782 2879/9783/9783 2880/9784/9784
vt 0.424751 0.685479
vn 0.000000 1.000000 0.000000
vt 0.432815 0.693543
vn 0.000000 1.000000 0.000000
vt 0.900518 0.693543
vn 0.000000 1.000000 0.000000
vt 0.908582 0.685479
vn 0.000000 1.000000 0.000000
vt 0.908582 0.564521
vn 0.000000 1.000000 0.000000
vt 0.900518 0.556457
vn 0.000000 1.000000 0.000000
vt 0.432815 0.556457
vn 0.000000 1.000000 0.000000
vt 0.424751 0.564521
vn 0.000000 1.000000 0.000000
f 2904/9785/9785 2903/9786/9786 2902/9787/9787 2901/9788/9788 2900/9789/9789 2899/9790/9790 2898/9791/9791 2897/9792/9792
vt 0.416667 0.562500
vn -0.536783 -0.650945 -0.536783
vt 0.425000 0.554167
vn -0.536783 -0.650945 -0.536783
vt 0.432815 0.556457
vn -0.536783 -0.650945 -0.536783
vt 0.424751 0.564521
vn -0.536783 -0.650945 -0.536783
f 2881/9793/9793 2882/9794/9794 2874/9795/9795 2873/9796/9796
vt 0.425000 0.192083
vn 0.000000 -0.265043 -0.964237
vt 0.908333 0.192083
vn 0.000000 -0.265043 -0.964237
vt 0.900518 0.183750
vn 0.000000 -0.265043 -0.964237
vt 0.432815 0.183750
vn 0.000000 -0.265043 -0.964237
f 2882/9797/9797 2883/9798/9798 2875/9799/9799 2874/9800/9800
vt 0.908333 0.554167
vn 0.536783 -0.650945 -0.536783
vt 0.916667 0.562500
vn 0.536783 -0.650945 -0.536783
vt 0.908582 0.564521
vn 0.536783 -0.650945 -0.536783
vt 0.900518 0.556457
vn 0.536783 -0.650945 -0.536783
f 2883/9801/9801 2884/9802/9802 2876/9803/9803 2875/9804/9804
vt 0.192083 0.562500
vn 0.717741 -0.696311 0.000000
vt 0.192083 0.687500
vn 0.717741 -0.696311 0.000000
vt 0.183750 0.685479
vn 0.717741 -0.696311 0.000000
vt 0.183750 0.564521
vn 0.717741 -0.696311 0.000000
f 2884/9805/9805 2885/9806/9806 2877/9807/9807 2876/9808/9808
vt 0.916667 0.687500
vn 0.536783 -0.650945 0.536783
vt 0.908333 0.695833
vn 0.536783 -0.650945 0.536783
vt 0.900518 0.693543
vn 0.536783 -0.650945 0.536783
vt 0.908582 0.685479
vn 0.536783 -0.650945 0.536783
f 2885/9809/9809 2886/9810/9810 2878/9811/9811 2877/9812/9812
vt 0.908333 0.192083
vn 0.000000 -0.265043 0.964237
vt 0.425000 0.192083
vn 0.000000 -0.265043 0.964237
vt 0.432815 0.183750
vn 0.000000 -0.265043 0.964237
vt 0.900518 0.183750
vn 0.000000 -0.265043 0.964237
f 2886/9813/9813 2887/9814/9814 2879/9815/9815 2878/9816/9816
vt 0.425000 0.695833
vn -0.536783 -0.650945 0.536783
vt 0.416667 0.687500
vn -0.536783 -0.650945 0.536783
vt 0.424751 0.685479
vn -0.536783 -0.650945 0.536783
vt 0.432815 0.693543
vn -0.536783 -0.650945 0.536783
f 2887/9817/9817 2888/9818/9818 2880/9819/9819 2879/9820/9820
vt 0.192083 0.687500
vn -0.717741 -0.696311 -0.000000
vt 0.192083 0.562500
vn -0.717741 -0.696311 -0.000000
vt 0.183750 0.564521
vn -0.717741 -0.696311 -0.000000
vt 0.183750 0.685479
vn -0.717741 -0.696311 -0.000000
f 2888/9821/9821 2881/9822/9822 2873/9823/9823 2880/9824/9824
vt 0.186250 0.562500
vn 0.707107 0.000000 0.707107
vt 0.186250 0.554167
vn 0.707107 0.000000 0.707107
vt 0.192083 0.554167
vn 0.707107 0.000000 0.707107
vt 0.192083 0.562500
vn 0.707107 0.000000 0.707107
f 2889/9825/9825 2890/9826/9826 2882/9827/9827 2881/9828/9828
vt 0.425000 0.186250
vn 0.000000 0.000000 1.000000
vt 0.908333 0.186250
vn 0.000000 0.000000 1.000000
vt 0.908333 0.192083
vn 0.000000 0.000000 1.000000
vt 0.425000 0.192083
vn 0.000000 0.000000 1.000000
f 2890/9829/9829 2891/9830/9830 2883/9831/9831 2882/9832/9832
vt 0.186250 0.554167
vn -0.707107 0.000000 0.707107
vt 0.186250 0.562500
vn -0.707107 0.000000 0.707107
vt 0.192083 0.562500
vn -0.707107 0.000000 0.707107
vt 0.192083 0.554167
vn -0.707107 0.000000 0.707107
f 2891/9833/9833 2892/9834/9834 2884/9835/9835 2883/9836/9836
vt 0.186250 0.562500
vn -1.000000 0.000000 0.000000
vt 0.186250 0.687500
vn -1.000000 0.000000 0.000000
vt 0.192083 0.687500
vn -1.000000 0.000000 0.000000
vt 0.192083 0.562500
vn -1.000000 0.000000 0.000000
f 2892/9837/9837 2893/9838/9838 2885/9839/9839 2884/9840/9840
vt 0.186250 0.687500
vn -0.707107 0.000000 -0.707107
vt 0.186250 0.695833
vn -0.707107 0.000000 -0.707107
vt 0.192083 0.695833
vn -0.707107 0.000000 -0.707107
vt 0.192083 0.687500
vn -0.707107 0.000000 -0.707107
f 2893/9841/9841 2894/9842/9842 2886/9843/9843 2885/9844/9844
vt 0.908333 0.186250
vn 0.000000 0.000000 -1.000000
vt 0.425000 0.186250
vn 0.000000 0.000000 -1.000000
vt 0.425000 0.192083
vn 0.000000 0.000000 -1.000000
vt 0.908333 0.192083
vn 0.000000 0.000000 -1.000000
f 2894/9845/9845 2895/9846/9846 2887/9847/9847 2886/9848/9848
vt 0.186250 0.695833
vn 0.707107 0.000000 -0.707107
vt 0.186250 0.687500
vn 0.707107 0.000000 -0.707107
vt 0.192083 0.687500
vn 0.707107 0.000000 -0.707107
vt 0.192083 0.695833
vn 0.707107 0.000000 -0.707107
f 2895/9849/9849 2896/9850/9850 2888/9851/9851 2887/9852/9852
vt 0.186250 0.687500
vn 1.000000 0.000000 0.000000
vt 0.186250 0.562500
vn 1.000000 0.000000 0.000000
vt 0.192083 0.562500
vn 1.000000 0.000000 0.000000
vt 0.192083 0.687500
vn 1.000000 0.000000 0.000000
f 2896/9853/9853 2889/9854/9854 2881/9855/9855 2888/9856/9856
vt 0.424751 0.564521
vn -0.536783 0.650945 -0.536783
vt 0.432815 0.556457
vn -0.536783 0.650945 -0.536783
vt 0.425000 0.554167
vn -0.536783 0.650945 -0.536783
vt 0.416667 0.562500
vn -0.536783 0.650945 -0.536783
f 2897/9857/9857 2898/9858/9858 2890/9859/9859 2889/9860/9860
vt 0.432815 0.194583
vn 0.000000 0.265043 -0.964237
vt 0.900518 0.194583
vn 0.000000 0.265043 -0.964237
vt 0.908333 0.186250
vn 0.000000 0.265043 -0.964237
vt 0.425000 0.186250
vn 0.000000 0.265043 -0.964237
f 2898/9861/9861 2899/9862/9862 2891/9863/9863 2890/9864/9864
vt 0.900518 0.556457
vn 0.536783 0.650945 -0.536783
vt 0.908582 0.564521
vn 0.536783 0.650945 -0.536783
vt 0.916667 0.562500
vn 0.536783 0.650945 -0.536783
vt 0.908333 0.554167
vn 0.536783 0.650945 -0.536783
f 2899/9865/9865 2900/9866/9866 2892/9867/9867 2891/9868/9868
vt 0.194583 0.564521
vn 0.717741 0.696311 -0.000000
vt 0.194583 0.685479
vn 0.717741 0.696311 -0.000000
vt 0.186250 0.687500
vn 0.717741 0.696311 -0.000000
vt 0.186250 0.562500
vn 0.717741 0.696311 -0.000000
f 2900/9869/9869 2901/9870/9870 2893/9871/9871 2892/9872/9872
vt 0.908582 0.685479
vn 0.536783 0.650945 0.536783
vt 0.900518 0.693543
vn 0.536783 0.650945 0.536783
vt 0.908333 0.695833
vn 0.536783 0.650945 0.536783
vt 0.916667 0.687500
vn 0.536783 0.650945 0.536783
f 2901/9873/9873 2902/9874/9874 2894/9875/9875 2893/9876/9876
vt 0.900518 0.194583
vn 0.000000 0.265043 0.964237
vt 0.432815 0.194583
vn 0.000000 0.265043 0.964237
vt 0.425000 0.186250
vn 0.000000 0.265043 0.964237
vt 0.908333 0.186250
vn 0.000000 0.265043 0.964237
f 2902/9877/9877 2903/9878/9878 2895/9879/9879 2894/9880/9880
vt 0.432815 0.693543
vn -0.536783 0.650945 0.536783
vt 0.424751 0.685479
vn -0.536783 0.650945 0.536783
vt 0.416667 0.687500
vn -0.536783 0.650945 0.536783
vt 0.425000 0.695833
vn -0.536783 0.650945 0.536783
f 2903/9881/9881 2904/9882/9882 2896/9883/9883 2895/9884/9884
vt 0.194583 0.685479
vn -0.717741 0.696311 0.000000
vt 0.194583 0.564521
vn -0.717741 0.696311 0.000000
vt 0.186250 0.562500
vn -0.717741 0.696311 0.000000
vt 0.186250 0.687500
vn -0.717741 0.696311 0.000000
f 2904/9885/9885 2897/9886/9886 2889/9887/9887 2896/9888/9888
v -3.180500 -2.510000 3.990500
v -3.156750 -2.510000 3.966750
v -2.843250 -2.510000 3.966750
v -2.819500 -2.510000 3.990500
v -2.819500 -2.510000 4.009500
v -2.843250 -2.510000 4.033250
v -3.156750 -2.510000 4.033250
v -3.180500 -2.510000 4.009500
v -3.190000 -2.485000 3.990000
v -3.165000 -2.485000 3.965000
v -2.835000 -2.485000 3.965000
v -2.810000 -2.485000 3.990000
v -2.810000 -2.485000 4.010000
v -2.835000 -2.485000 4.035000
v -3.165000 -2.485000 4.035000
v -3.190000 -2.485000 4.010000
v -3.190000 -2.475000 3.990000
v -3.165000 -2.475000 3.965000
v -2.835000 -2.475000 3.965000
v -2.810000 -2.475000 3.990000
v -2.810000 -2.475000 4.010000
v -2.835000 -2.475000 4.035000
v -3.165000 -2.475000 4.035000
v -3.190000 -2.475000 4.010000
v -3.180500 -2.450000 3.990500
v -3.156750 -2.450000 3.966750
v -2.843250 -2.450000 3.966750
v -2.819500 -2.450000 3.990500
v -2.819500 -2.450000 4.009500
v -2.843250 -2.450000 4.033250
v -3.156750 -2.450000 4.033250
v -3.180500 -2.450000 4.009500
vt -0.265042 0.332542
vn 0.000000 -1.000000 0.000000
vt -0.263063 0.330562
vn 0.000000 -1.000000 0.000000
vt -0.236937 0.330562
vn 0.000000 -1.000000 0.000000
vt -0.234958 0.332542
vn 0.000000 -1.000000 0.000000
vt -0.234958 0.334125
vn 0.000000 -1.000000 0.000000
vt -0.236937 0.336104
vn 0.000000 -1.000000 0.000000
vt -0.263063 0.336104
vn 0.000000 -1.000000 0.000000
vt -0.265042 0.334125
vn 0.000000 -1.000000 0.000000
f 2905/9889/9889 2906/9890/9890 2907/9891/9891 2908/9892/9892 2909/9893/9893 2910/9894/9894 2911/9895/9895 2912/9896/9896
vt -0.265042 0.334125
vn 0.000000 1.000000 0.000000
vt -0.263063 0.336104
vn 0.000000 1.000000 0.000000
vt -0.236937 0.336104
vn 0.000000 1.000000 0.000000
vt -0.234958 0.334125
vn 0.000000 1.000000 0.000000
vt -0.234958 0.332542
vn 0.000000 1.000000 0.000000
vt -0.236937 0.330562
vn 0.000000 1.000000 0.000000
vt -0.263063 0.330562
vn 0.000000 1.000000 0.000000
vt -0.265042 0.332542
vn 0.000000 1.000000 0.000000
f 2936/9897/9897 2935/9898/9898 2934/9899/9899 2933/9900/9900 2932/9901/9901 2931/9902/9902 2930/9903/9903 2929/9904/9904
vt -0.207083 0.332500
vn -0.680414 -0.272166 -0.680414
vt -0.207083 0.330417
vn -0.680414 -0.272166 -0.680414
vt -0.209167 0.330562
vn -0.680414 -0.272166 -0.680414
vt -0.209167 0.332542
vn -0.680414 -0.272166 -0.680414
f 2913/9905/9905 2914/9906/9906 2906/9907/9907 2905/9908/9908
vt -0.263750 -0.207083
vn 0.000000 -0.069829 -0.997559
vt -0.236250 -0.207083
vn 0.000000 -0.069829 -0.997559
vt -0.236937 -0.209167
vn 0.000000 -0.069829 -0.997559
vt -0.263063 -0.209167
vn 0.000000 -0.069829 -0.997559
f 2914/9909/9909 2915/9910/9910 2907/9911/9911 2906/9912/9912
vt -0.207083 0.330417
vn 0.680414 -0.272166 -0.680414
vt -0.207083 0.332500
vn 0.680414 -0.272166 -0.680414
vt -0.209167 0.332542
vn 0.680414 -0.272166 -0.680414
vt -0.209167 0.330562
vn 0.680414 -0.272166 -0.680414
f 2915/9913/9913 2916/9914/9914 2908/9915/9915 2907/9916/9916
vt -0.207083 0.332500
vn 0.934784 -0.355218 0.000000
vt -0.207083 0.334167
vn 0.934784 -0.355218 0.000000
vt -0.209167 0.334125
vn 0.934784 -0.355218 0.000000
vt -0.209167 0.332542
vn 0.934784 -0.355218 0.000000
f 2916/9917/9917 2917/9918/9918 2909/9919/9919 2908/9920/9920
vt -0.207083 0.334167
vn 0.680414 -0.272166 0.680414
vt -0.207083 0.336250
vn 0.680414 -0.272166 0.680414
vt -0.209167 0.336104
vn 0.680414 -0.272166 0.680414
vt -0.209167 0.334125
vn 0.680414 -0.272166 0.680414
f 2917/9921/9921 2918/9922/9922 2910/9923/9923 2909/9924/9924
vt -0.236250 -0.207083
vn 0.000000 -0.069829 0.997559
vt -0.263750 -0.207083
vn 0.000000 -0.069829 0.997559
vt -0.263063 -0.209167
vn 0.000000 -0.069829 0.997559
vt -0.236937 -0.209167
vn 0.000000 -0.069829 0.997559
f 2918/9925/9925 2919/9926/9926 2911/9927/9927 2910/9928/9928
vt -0.207083 0.336250
vn -0.680414 -0.272166 0.680414
vt -0.207083 0.334167
vn -0.680414 -0.272166 0.680414
vt -0.209167 0.334125
vn -0.680414 -0.272166 0.680414
vt -0.209167 0.336104
vn -0.680414 -0.272166 0.680414
f 2919/9929/9929 2920/9930/9930 2912/9931/9931 2911/9932/9932
vt -0.207083 0.334167
vn -0.934784 -0.355218 -0.000000
vt -0.207083 0.332500
vn -0.934784 -0.355218 -0.000000
vt -0.209167 0.332542
vn -0.934784 -0.355218 -0.000000
vt -0.209167 0.334125
vn -0.934784 -0.355218 -0.000000
f 2920/9933/9933 2913/9934/9934 2905/9935/9935 2912/9936/9936
vt -0.206250 0.332500
vn -0.707107 0.000000 -0.707107
vt -0.206250 0.330417
vn -0.707107 0.000000 -0.707107
vt -0.207083 0.330417
vn -0.707107 0.000000 -0.707107
vt -0.207083 0.332500
vn -0.707107 0.000000 -0.707107
f 2921/9937/9937 2922/9938/9938 2914/9939/9939 2913/9940/9940
vt -0.263750 -0.206250
vn 0.000000 0.000000 -1.000000
vt -0.236250 -0.206250
vn 0.000000 0.000000 -1.000000
vt -0.236250 -0.207083
vn 0.000000 0.000000 -1.000000
vt -0.263750 -0.207083
vn 0.000000 0.000000 -1.000000
f 2922/9941/9941 2923/9942/9942 2915/9943/9943 2914/9944/9944
vt -0.206250 0.330417
vn 0.707107 0.000000 -0.707107
vt -0.206250 0.332500
vn 0.707107 0.000000 -0.707107
vt -0.207083 0.332500
vn 0.707107 0.000000 -0.707107
vt -0.207083 0.330417
vn 0.707107 0.000000 -0.707107
f 2923/9945/9945 2924/9946/9946 2916/9947/9947 2915/9948/9948
vt -0.206250 0.332500
vn 1.000000 0.000000 -0.000000
vt -0.206250 0.334167
vn 1.000000 0.000000 -0.000000
vt -0.207083 0.334167
vn 1.000000 0.000000 -0.000000
vt -0.207083 0.332500
vn 1.000000 0.000000 -0.000000
f 2924/9949/9949 2925/9950/9950 2917/9951/9951 2916/9952/9952
vt -0.206250 0.334167
vn 0.707107 0.000000 0.707107
vt -0.206250 0.336250
vn 0.707107 0.000000 0.707107
vt -0.207083 0.336250
vn 0.707107 0.000000 0.707107
vt -0.207083 0.334167
vn 0.707107 0.000000 0.707107
f 2925/9953/9953 2926/9954/9954 2918/9955/9955 2917/9956/9956
vt -0.236250 -0.206250
vn 0.000000 0.000000 1.000000
vt -0.263750 -0.206250
vn 0.000000 0.000000 1.000000
vt -0.263750 -0.207083
vn 0.000000 0.000000 1.000000
vt -0.236250 -0.207083
vn 0.000000 0.000000 1.000000
f 2926/9957/9957 2927/9958/9958 2919/9959/9959 2918/9960/9960
vt -0.206250 0.336250
vn -0.707107 0.000000 0.707107
vt -0.206250 0.334167
vn -0.707107 0.000000 0.707107
vt -0.207083 0.334167
vn -0.707107 0.000000 0.707107
vt -0.207083 0.336250
vn -0.707107 0.000000 0.707107
f 2927/9961/9961 2928/9962/9962 2920/9963/9963 2919/9964/9964
vt -0.206250 0.334167
vn -1.000000 0.000000 -0.000000
vt -0.206250 0.332500
vn -1.000000 0.000000 -0.000000
vt -0.207083 0.332500
vn -1.000000 0.000000 -0.000000
vt -0.207083 0.334167
vn -1.000000 0.000000 -0.000000
f 2928/9965/9965 2921/9966/9966 2913/9967/9967 2920/9968/9968
vt -0.204167 0.332542
vn -0.680414 0.272166 -0.680414
vt -0.204167 0.330562
vn -0.680414 0.272166 -0.680414
vt -0.206250 0.330417
vn -0.680414 0.272166 -0.680414
vt -0.206250 0.332500
vn -0.680414 0.272166 -0.680414
f 2929/9969/9969 2930/9970/9970 2922/9971/9971 2921/9972/9972
vt -0.263063 -0.204167
vn 0.000000 0.069829 -0.997559
vt -0.236937 -0.204167
vn 0.000000 0.069829 -0.997559
vt -0.236250 -0.206250
vn 0.000000 0.069829 -0.997559
vt -0.263750 -0.206250
vn 0.000000 0.069829 -0.997559
f 2930/9973/9973 2931/9974/9974 2923/9975/9975 2922/9976/9976
vt -0.204167 0.330562
vn 0.680414 0.272166 -0.680414
vt -0.204167 0.332542
vn 0.680414 0.272166 -0.680414
vt -0.206250 0.332500
vn 0.680414 0.272166 -0.680414
vt -0.206250 0.330417
vn 0.680414 0.272166 -0.680414
f 2931/9977/9977 2932/9978/9978 2924/9979/9979 2923/9980/9980
vt -0.204167 0.332542
vn 0.934784 0.355218 -0.000000
vt -0.204167 0.334125
vn 0.934784 0.355218 -0.000000
vt -0.206250 0.334167
vn 0.934784 0.355218 -0.000000
vt -0.206250 0.332500
vn 0.934784 0.355218 -0.000000
f 2932/9981/9981 2933/9982/9982 2925/9983/9983 2924/9984/9984
vt -0.204167 0.334125
vn 0.680414 0.272166 0.680414
vt -0.204167 0.336104
vn 0.680414 0.272166 0.680414
vt -0.206250 0.336250
vn 0.680414 0.272166 0.680414
vt -0.206250 0.334167
vn 0.680414 0.272166 0.680414
f 2933/9985/9985 2934/9986/9986 2926/9987/9987 2925/9988/9988
vt -0.236937 -0.204167
vn 0.000000 0.069829 0.997559
vt -0.263063 -0.204167
vn 0.000000 0.069829 0.997559
vt -0.263750 -0.206250
vn 0.000000 0.069829 0.997559
vt -0.236250 -0.206250
vn 0.000000 0.069829 0.997559
f 2934/9989/9989 2935/9990/9990 2927/9991/9991 2926/9992/9992
vt -0.204167 0.336104
vn -0.680414 0.272166 0.680414
vt -0.204167 0.334125
vn -0.680414 0.272166 0.680414
vt -0.206250 0.334167
vn -0.680414 0.272166 0.680414
vt -0.206250 0.336250
vn -0.680414 0.272166 0.680414
f 2935/9993/9993 2936/9994/9994 2928/9995/9995 2927/9996/9996
vt -0.204167 0.334125
vn -0.934784 0.355218 0.000000
vt -0.204167 0.332542
vn -0.934784 0.355218 0.000000
vt -0.206250 0.332500
vn -0.934784 0.355218 0.000000
vt -0.206250 0.334167
vn -0.934784 0.355218 0.000000
f 2936/9997/9997 2929/9998/9998 2921/9999/9999 2928/10000/10000
v -3.180500 2.450000 3.990500
v -3.156750 2.450000 3.966750
v -2.843250 2.450000 3.966750
v -2.819500 2.450000 3.990500
v -2.819500 2.450000 4.009500
v -2.843250 2.450000 4.033250
v -3.156750 2.450000 4.033250
v -3.180500 2.450000 4.009500
v -3.190000 2.475000 3.990000
v -3.165000 2.475000 3.965000
v -2.835000 2.475000 3.965000
v -2.810000 2.475000 3.990000
v -2.810000 2.475000 4.010000
v -2.835000 2.475000 4.035000
v -3.165000 2.475000 4.035000
v -3.190000 2.475000 4.010000
v -3.190000 2.485000 3.990000
v -3.165000 2.485000 3.965000
v -2.835000 2.485000 3.965000
v -2.810000 2.485000 3.990000
v -2.810000 2.485000 4.010000
v -2.835000 2.485000 4.035000
v -3.165000 2.485000 4.035000
v -3.190000 2.485000 4.010000
v -3.180500 2.510000 3.990500
v -3.156750 2.510000 3.966750
v -2.843250 2.510000 3.966750
v -2.819500 2.510000 3.990500
v -2.819500 2.510000 4.009500
v -2.843250 2.510000 4.033250
v -3.156750 2.510000 4.033250
v -3.180500 2.510000 4.009500
vt -0.265042 0.332542
vn 0.000000 -1.000000 0.000000
vt -0.263063 0.330562
vn 0.000000 -1.000000 0.000000
vt -0.236937 0.330562
vn 0.000000 -1.000000 0.000000
vt -0.234958 0.332542
vn 0.000000 -1.000000 0.000000
vt -0.234958 0.334125
vn 0.000000 -1.000000 0.000000
vt -0.236937 0.336104
vn 0.000000 -1.000000 0.000000
vt -0.263063 0.336104
vn 0.000000 -1.000000 0.000000
vt -0.265042 0.334125
vn 0.000000 -1.000000 0.000000
f 2937/10001/10001 2938/10002/10002 2939/10003/10003 2940/10004/10004 2941/10005/10005 2942/10006/10006 2943/10007/10007 2944/10008/10008
vt -0.265042 0.334125
vn 0.000000 1.000000 0.000000
vt -0.263063 0.336104
vn 0.000000 1.000000 0.000000
vt -0.236937 0.336104
vn 0.000000 1.000000 0.000000
vt -0.234958 0.334125
vn 0.000000 1.000000 0.000000
vt -0.234958 0.332542
vn 0.000000 1.000000 0.000000
vt -0.236937 0.330562
vn 0.000000 1.000000 0.000000
vt -0.263063 0.330562
vn 0.000000 1.000000 0.000000
vt -0.265042 0.332542
vn 0.000000 1.000000 0.000000
f 2968/10009/10009 2967/10010/10010 2966/10011/10011 2965/10012/10012 2964/10013/10013 2963/10014/10014 2962/10015/10015 2961/10016/10016
vt 0.206250 0.332500
vn -0.680414 -0.272166 -0.680414
vt 0.206250 0.330417
vn -0.680414 -0.272166 -0.680414
vt 0.204167 0.330562
vn -0.680414 -0.272166 -0.680414
vt 0.204167 0.332542
vn -0.680414 -0.272166 -0.680414
f 2945/10017/10017 2946/10018/10018 2938/10019/10019 2937/10020/10020
vt -0.263750 0.206250
vn 0.000000 -0.069829 -0.997559
vt -0.236250 0.206250
vn 0.000000 -0.069829 -0.997559
vt -0.236937 0.204167
vn 0.000000 -0.069829 -0.997559
vt -0.263063 0.204167
vn 0.000000 -0.069829 -0.997559
f 2946/10021/10021 2947/10022/10022 2939/10023/10023 2938/10024/10024
vt 0.206250 0.330417
vn 0.680414 -0.272166 -0.680414
vt 0.206250 0.332500
vn 0.680414 -0.272166 -0.680414
vt 0.204167 0.332542
vn 0.680414 -0.272166 -0.680414
vt 0.204167 0.330562
vn 0.680414 -0.272166 -0.680414
f 2947/10025/10025 2948/10026/10026 2940/10027/10027 2939/10028/10028
vt 0.206250 0.332500
vn 0.934784 -0.355218 0.000000
vt 0.206250 0.334167
vn 0.934784 -0.355218 0.000000
vt 0.204167 0.334125
vn 0.934784 -0.355218 0.000000
vt 0.204167 0.332542
vn 0.934784 -0.355218 0.000000
f 2948/10029/10029 2949/10030/10030 2941/10031/10031 2940/10032/10032
vt 0.206250 0.334167
vn 0.680414 -0.272166 0.680414
vt 0.206250 0.336250
vn 0.680414 -0.272166 0.680414
vt 0.204167 0.336104
vn 0.680414 -0.272166 0.680414
vt 0.204167 0.334125
vn 0.680414 -0.272166 0.680414
f 2949/10033/10033 2950/10034/10034 2942/10035/10035 2941/10036/10036
vt -0.236250 0.206250
vn 0.000000 -0.069829 0.997559
vt -0.263750 0.206250
vn 0.000000 -0.069829 0.997559
vt -0.263063 0.204167
vn 0.000000 -0.069829 0.997559
vt -0.236937 0.204167
vn 0.000000 -0.069829 0.997559
f 2950/10037/10037 2951/10038/10038 2943/10039/10039 2942/10040/10040
vt 0.206250 0.336250
vn -0.680414 -0.272166 0.680414
vt 0.206250 0.334167
vn -0.680414 -0.272166 0.680414
vt 0.204167 0.334125
vn -0.680414 -0.272166 0.680414
vt 0.204167 0.336104
vn -0.680414 -0.272166 0.680414
f 2951/10041/10041 2952/10042/10042 2944/10043/10043 2943/10044/10044
vt 0.206250 0.334167
vn -0.934784 -0.355218 -0.000000
vt 0.206250 0.332500
vn -0.934784 -0.355218 -0.000000
vt 0.204167 0.332542
vn -0.934784 -0.355218 -0.000000
vt 0.204167 0.334125
vn -0.934784 -0.355218 -0.000000
f 2952/10045/10045 2945/10046/10046 2937/10047/10047 2944/10048/10048
vt 0.207083 0.332500
vn -0.707107 0.000000 -0.707107
vt 0.207083 0.330417
vn -0.707107 0.000000 -0.707107
vt 0.206250 0.330417
vn -0.707107 0.000000 -0.707107
vt 0.206250 0.332500
vn -0.707107 0.000000 -0.707107
f 2953/10049/10049 2954/10050/10050 2946/10051/10051 2945/10052/10052
vt -0.263750 0.207083
vn 0.000000 0.000000 -1.000000
vt -0.236250 0.207083
vn 0.000000 0.000000 -1.000000
vt -0.236250 0.206250
vn 0.000000 0.000000 -1.000000
vt -0.263750 0.206250
vn 0.000000 0.000000 -1.000000
f 2954/10053/10053 2955/10054/10054 2947/10055/10055 2946/10056/10056
vt 0.207083 0.330417
vn 0.707107 0.000000 -0.707107
vt 0.207083 0.332500
vn 0.707107 0.000000 -0.707107
vt 0.206250 0.332500
vn 0.707107 0.000000 -0.707107
vt 0.206250 0.330417
vn 0.707107 0.000000 -0.707107
f 2955/10057/10057 2956/10058/10058 2948/10059/10059 2947/10060/10060
vt 0.207083 0.332500
vn 1.000000 0.000000 -0.000000
vt 0.207083 0.334167
vn 1.000000 0.000000 -0.000000
vt 0.206250 0.334167
vn 1.000000 0.000000 -0.000000
vt 0.206250 0.332500
vn 1.000000 0.000000 -0.000000
f 2956/10061/10061 2957/10062/10062 2949/10063/10063 2948/10064/10064
vt 0.207083 0.334167
vn 0.707107 0.000000 0.707107
vt 0.207083 0.336250
vn 0.707107 0.000000 0.707107
vt 0.206250 0.336250
vn 0.707107 0.000000 0.707107
vt 0.206250 0.334167
vn 0.707107 0.000000 0.707107
f 2957/10065/10065 2958/10066/10066 2950/10067/10067 2949/10068/10068
vt -0.236250 0.207083
vn 0.000000 0.000000 1.000000
vt -0.263750 0.207083
vn 0.000000 0.000000 1.000000
vt -0.263750 0.206250
vn 0.000000 0.000000 1.000000
vt -0.236250 0.206250
vn 0.000000 0.000000 1.000000
f 2958/10069/10069 2959/10070/10070 2951/10071/10071 2950/10072/10072
vt 0.207083 0.336250
vn -0.707107 0.000000 0.707107
vt 0.207083 0.334167
vn -0.707107 0.000000 0.707107
vt 0.206250 0.334167
vn -0.707107 0.000000 0.707107
vt 0.206250 0.336250
vn -0.707107 0.000000 0.707107
f 2959/10073/10073 2960/10074/10074 2952/10075/10075 2951/10076/10076
vt 0.207083 0.334167
vn -1.000000 0.000000 -0.000000
vt 0.207083 0.332500
vn -1.000000 0.000000 -0.000000
vt 0.206250 0.332500
vn -1.000000 0.000000 -0.000000
vt 0.206250 0.334167
vn -1.000000 0.000000 -0.000000
f 2960/10077/10077 2953/10078/10078 2945/10079/10079 2952/10080/10080
vt 0.209167 0.332542
vn -0.680414 0.272166 -0.680414
vt 0.209167 0.330562
vn -0.680414 0.272166 -0.680414
vt 0.207083 0.330417
vn -0.680414 0.272166 -0.680414
vt 0.207083 0.332500
vn -0.680414 0.272166 -0.680414
f 2961/10081/10081 2962/10082/10082 2954/10083/10083 2953/10084/10084
vt -0.263063 0.209167
vn 0.000000 0.069829 -0.997559
vt -0.236937 0.209167
vn 0.000000 0.069829 -0.997559
vt -0.236250 0.207083
vn 0.000000 0.069829 -0.997559
vt -0.263750 0.207083
vn 0.000000 0.069829 -0.997559
f 2962/10085/10085 2963/10086/10086 2955/10087/10087 2954/10088/10088
vt 0.209167 0.330562
vn 0.680414 0.272166 -0.680414
vt 0.209167 0.332542
vn 0.680414 0.272166 -0.680414
vt 0.207083 0.332500
vn 0.680414 0.272166 -0.680414
vt 0.207083 0.330417
vn 0.680414 0.272166 -0.680414
f 2963/10089/10089 2964/10090/10090 2956/10091/10091 2955/10092/10092
vt 0.209167 0.332542
vn 0.934784 0.355218 -0.000000
vt 0.209167 0.334125
vn 0.934784 0.355218 -0.000000
vt 0.207083 0.334167
vn 0.934784 0.355218 -0.000000
vt 0.207083 0.332500
vn 0.934784 0.355218 -0.000000
f 2964/10093/10093 2965/10094/10094 2957/10095/10095 2956/10096/10096
vt 0.209167 0.334125
vn 0.680414 0.272166 0.680414
vt 0.209167 0.336104
vn 0.680414 0.272166 0.680414
vt 0.207083 0.336250
vn 0.680414 0.272166 0.680414
vt 0.207083 0.334167
vn 0.680414 0.272166 0.680414
f 2965/10097/10097 2966/10098/10098 2958/10099/10099 2957/10100/10100
vt -0.236937 0.209167
vn 0.000000 0.069829 0.997559
vt -0.263063 0.209167
vn 0.000000 0.069829 0.997559
vt -0.263750 0.207083
vn 0.000000 0.069829 0.997559
vt -0.236250 0.207083
vn 0.000000 0.069829 0.997559
f 2966/10101/10101 2967/10102/10102 2959/10103/10103 2958/10104/10104
vt 0.209167 0.336104
vn -0.680414 0.272166 0.680414
vt 0.209167 0.334125
vn -0.680414 0.272166 0.680414
vt 0.207083 0.334167
vn -0.680414 0.272166 0.680414
vt 0.207083 0.336250
vn -0.680414 0.272166 0.680414
f 2967/10105/10105 2968/10106/10106 2960/10107/10107 2959/10108/10108
vt 0.209167 0.334125
vn -0.934784 0.355218 0.000000
vt 0.209167 0.332542
vn -0.934784 0.355218 0.000000
vt 0.207083 0.332500
vn -0.934784 0.355218 0.000000
vt 0.207083 0.334167
vn -0.934784 0.355218 0.000000
f 2968/10109/10109 2961/10110/10110 2953/10111/10111 2960/10112/10112
v 12.819500 -2.510000 3.990500
v 12.843250 -2.510000 3.966750
v 13.156750 -2.510000 3.966750
v 13.180500 -2.510000 3.990500
v 13.180500 -2.510000 4.009500
v 13.156750 -2.510000 4.033250
v 12.843250 -2.510000 4.033250
v 12.819500 -2.510000 4.009500
v 12.810000 -2.485000 3.990000
v 12.835000 -2.485000 3.965000
v 13.165000 -2.485000 3.965000
v 13.190000 -2.485000 3.990000
v 13.190000 -2.485000 4.010000
v 13.165000 -2.485000 4.035000
v 12.835000 -2.485000 4.035000
v 12.810000 -2.485000 4.010000
v 12.810000 -2.475000 3.990000
v 12.835000 -2.475000 3.965000
v 13.165000 -2.475000 3.965000
v 13.190000 -2.475000 3.990000
v 13.190000 -2.475000 4.010000
v 13.165000 -2.475000 4.035000
v 12.835000 -2.475000 4.035000
v 12.810000 -2.475000 4.010000
v 12.819500 -2.450000 3.990500
v 12.843250 -2.450000 3.966750
v 13.156750 -2.450000 3.966750
v 13.180500 -2.450000 3.990500
v 13.180500 -2.450000 4.009500
v 13.156750 -2.450000 4.033250
v 12.843250 -2.450000 4.033250
v 12.819500 -2.450000 4.009500
vt 1.068292 0.332542
vn 0.000000 -1.000000 0.000000
vt 1.070271 0.330562
vn 0.000000 -1.000000 0.000000
vt 1.096396 0.330562
vn 0.000000 -1.000000 0.000000
vt 1.098375 0.332542
vn 0.000000 -1.000000 0.000000
vt 1.098375 0.334125
vn 0.000000 -1.000000 0.000000
vt 1.096396 0.336104
vn 0.000000 -1.000000 0.000000
vt 1.070271 0.336104
vn 0.000000 -1.000000 0.000000
vt 1.068292 0.334125
vn 0.000000 -1.000000 0.000000
f 2969/10113/10113 2970/10114/10114 2971/10115/10115 2972/10116/10116 2973/10117/10117 2974/10118/10118 2975/10119/10119 2976/10120/10120
vt 1.068292 0.334125
vn 0.000000 1.000000 0.000000
vt 1.070271 0.336104
vn 0.000000 1.000000 0.000000
vt 1.096396 0.336104
vn 0.000000 1.000000 0.000000
vt 1.098375 0.334125
vn 0.000000 1.000000 0.000000
vt 1.098375 0.332542
vn 0.000000 1.000000 0.000000
vt 1.096396 0.330562
vn 0.000000 1.000000 0.000000
vt 1.070271 0.330562
vn 0.000000 1.000000 0.000000
vt 1.068292 0.332542
vn 0.000000 1.000000 0.000000
f 3000/10121/10121 2999/10122/10122 2998/10123/10123 2997/10124/10124 2996/10125/10125 2995/10126/10126 2994/10127/10127 2993/10128/10128
vt 1.067500 -0.207083
vn -0.680414 -0.272166 -0.680414
vt 1.069583 -0.207083
vn -0.680414 -0.272166 -0.680414
vt 1.070271 -0.209167
vn -0.680414 -0.272166 -0.680414
vt 1.068292 -0.209167
vn -0.680414 -0.272166 -0.680414
f 2977/10129/10129 2978/10130/10130 2970/10131/10131 2969/10132/10132
vt 1.069583 -0.207083
vn 0.000000 -0.069829 -0.997559
vt 1.097083 -0.207083
vn 0.000000 -0.069829 -0.997559
vt 1.096396 -0.209167
vn 0.000000 -0.069829 -0.997559
vt 1.070271 -0.209167
vn 0.000000 -0.069829 -0.997559
f 2978/10133/10133 2979/10134/10134 2971/10135/10135 2970/10136/10136
vt 1.097083 -0.207083
vn 0.680414 -0.272166 -0.680414
vt 1.099167 -0.207083
vn 0.680414 -0.272166 -0.680414
vt 1.098375 -0.209167
vn 0.680414 -0.272166 -0.680414
vt 1.096396 -0.209167
vn 0.680414 -0.272166 -0.680414
f 2979/10137/10137 2980/10138/10138 2972/10139/10139 2971/10140/10140
vt -0.207083 0.332500
vn 0.934784 -0.355218 0.000000
vt -0.207083 0.334167
vn 0.934784 -0.355218 0.000000
vt -0.209167 0.334125
vn 0.934784 -0.355218 0.000000
vt -0.209167 0.332542
vn 0.934784 -0.355218 0.000000
f 2980/10141/10141 2981/10142/10142 2973/10143/10143 2972/10144/10144
vt -0.207083 0.334167
vn 0.680414 -0.272166 0.680414
vt -0.207083 0.336250
vn 0.680414 -0.272166 0.680414
vt -0.209167 0.336104
vn 0.680414 -0.272166 0.680414
vt -0.209167 0.334125
vn 0.680414 -0.272166 0.680414
f 2981/10145/10145 2982/10146/10146 2974/10147/10147 2973/10148/10148
vt 1.097083 -0.207083
vn 0.000000 -0.069829 0.997559
vt 1.069583 -0.207083
vn 0.000000 -0.069829 0.997559
vt 1.070271 -0.209167
vn 0.000000 -0.069829 0.997559
vt 1.096396 -0.209167
vn 0.000000 -0.069829 0.997559
f 2982/10149/10149 2983/10150/10150 2975/10151/10151 2974/10152/10152
vt -0.207083 0.336250
vn -0.680414 -0.272166 0.680414
vt -0.207083 0.334167
vn -0.680414 -0.272166 0.680414
vt -0.209167 0.334125
vn -0.680414 -0.272166 0.680414
vt -0.209167 0.336104
vn -0.680414 -0.272166 0.680414
f 2983/10153/10153 2984/10154/10154 2976/10155/10155 2975/10156/10156
vt -0.207083 0.334167
vn -0.934784 -0.355218 -0.000000
vt -0.207083 0.332500
vn -0.934784 -0.355218 -0.000000
vt -0.209167 0.332542
vn -0.934784 -0.355218 -0.000000
vt -0.209167 0.334125
vn -0.934784 -0.355218 -0.000000
f 2984/10157/10157 2977/10158/10158 2969/10159/10159 2976/10160/10160
vt 1.067500 -0.206250
vn -0.707107 0.000000 -0.707107
vt 1.069583 -0.206250
vn -0.707107 0.000000 -0.707107
vt 1.069583 -0.207083
vn -0.707107 0.000000 -0.707107
vt 1.067500 -0.207083
vn -0.707107 0.000000 -0.707107
f 2985/10161/10161 2986/10162/10162 2978/10163/10163 2977/10164/10164
vt 1.069583 -0.206250
vn 0.000000 0.000000 -1.000000
vt 1.097083 -0.206250
vn 0.000000 0.000000 -1.000000
vt 1.097083 -0.207083
vn 0.000000 0.000000 -1.000000
vt 1.069583 -0.207083
vn 0.000000 0.000000 -1.000000
f 2986/10165/10165 2987/10166/10166 2979/10167/10167 2978/10168/10168
vt 1.097083 -0.206250
vn 0.707107 0.000000 -0.707107
vt 1.099167 -0.206250
vn 0.707107 0.000000 -0.707107
vt 1.099167 -0.207083
vn 0.707107 0.000000 -0.707107
vt 1.097083 -0.207083
vn 0.707107 0.000000 -0.707107
f 2987/10169/10169 2988/10170/10170 2980/10171/10171 2979/10172/10172
vt -0.206250 0.332500
vn 1.000000 0.000000 -0.000000
vt -0.206250 0.334167
vn 1.000000 0.000000 -0.000000
vt -0.207083 0.334167
vn 1.000000 0.000000 -0.000000
vt -0.207083 0.332500
vn 1.000000 0.000000 -0.000000
f 2988/10173/10173 2989/10174/10174 2981/10175/10175 2980/10176/10176
vt -0.206250 0.334167
vn 0.707107 0.000000 0.707107
vt -0.206250 0.336250
vn 0.707107 0.000000 0.707107
vt -0.207083 0.336250
vn 0.707107 0.000000 0.707107
vt -0.207083 0.334167
vn 0.707107 0.000000 0.707107
f 2989/10177/10177 2990/10178/10178 2982/10179/10179 2981/10180/10180
vt 1.097083 -0.206250
vn 0.000000 0.000000 1.000000
vt 1.069583 -0.206250
vn 0.000000 0.000000 1.000000
vt 1.069583 -0.207083
vn 0.000000 0.000000 1.000000
vt 1.097083 -0.207083
vn 0.000000 0.000000 1.000000
f 2990/10181/10181 2991/10182/10182 2983/10183/10183 2982/10184/10184
vt -0.206250 0.336250
vn -0.707107 0.000000 0.707107
vt -0.206250 0.334167
vn -0.707107 0.000000 0.707107
vt -0.207083 0.334167
vn -0.707107 0.000000 0.707107
vt -0.207083 0.336250
vn -0.707107 0.000000 0.707107
f 2991/10185/10185 2992/10186/10186 2984/10187/10187 2983/10188/10188
vt -0.206250 0.334167
vn -1.000000 0.000000 -0.000000
vt -0.206250 0.332500
vn -1.000000 0.000000 -0.000000
vt -0.207083 0.332500
vn -1.000000 0.000000 -0.000000
vt -0.207083 0.334167
vn -1.000000 0.000000 -0.000000
f 2992/10189/10189 2985/10190/10190 2977/10191/10191 2984/10192/10192
vt 1.068292 -0.204167
vn -0.680414 0.272166 -0.680414
vt 1.070271 -0.204167
vn -0.680414 0.272166 -0.680414
vt 1.069583 -0.206250
vn -0.680414 0.272166 -0.680414
vt 1.067500 -0.206250
vn -0.680414 0.272166 -0.680414
f 2993/10193/10193 2994/10194/10194 2986/10195/10195 2985/10196/10196
vt 1.070271 -0.204167
vn 0.000000 0.069829 -0.997559
vt 1.096396 -0.204167
vn 0.000000 0.069829 -0.997559
vt 1.097083 -0.206250
vn 0.000000 0.069829 -0.997559
vt 1.069583 -0.206250
vn 0.000000 0.069829 -0.997559
f 2994/10197/10197 2995/10198/10198 2987/10199/10199 2986/10200/10200
vt 1.096396 -0.204167
vn 0.680414 0.272166 -0.680414
vt 1.098375 -0.204167
vn 0.680414 0.272166 -0.680414
vt 1.099167 -0.206250
vn 0.680414 0.272166 -0.680414
vt 1.097083 -0.206250
vn 0.680414 0.272166 -0.680414
f 2995/10201/10201 2996/10202/10202 2988/10203/10203 2987/10204/10204
vt -0.204167 0.332542
vn 0.934784 0.355218 -0.000000
vt -0.204167 0.334125
vn 0.934784 0.355218 -0.000000
vt -0.206250 0.334167
vn 0.934784 0.355218 -0.000000
vt -0.206250 0.332500
vn 0.934784 0.355218 -0.000000
f 2996/10205/10205 2997/10206/10206 2989/10207/10207 2988/10208/10208
vt 1.098375 -0.204167
vn 0.680414 0.272166 0.680414
vt 1.096396 -0.204167
vn 0.680414 0.272166 0.680414
vt 1.097083 -0.206250
vn 0.680414 0.272166 0.680414
vt 1.099167 -0.206250
vn 0.680414 0.272166 0.680414
f 2997/10209/10209 2998/10210/10210 2990/10211/10211 2989/10212/10212
vt 1.096396 -0.204167
vn 0.000000 0.069829 0.997559
vt 1.070271 -0.204167
vn 0.000000 0.069829 0.997559
vt 1.069583 -0.206250
vn 0.000000 0.069829 0.997559
vt 1.097083 -0.206250
vn 0.000000 0.069829 0.997559
f 2998/10213/10213 2999/10214/10214 2991/10215/10215 2990/10216/10216
vt 1.070271 -0.204167
vn -0.680414 0.272166 0.680414
vt 1.068292 -0.204167
vn -0.680414 0.272166 0.680414
vt 1.067500 -0.206250
vn -0.680414 0.272166 0.680414
vt 1.069583 -0.206250
vn -0.680414 0.272166 0.680414
f 2999/10217/10217 3000/10218/10218 2992/10219/10219 2991/10220/10220
vt -0.204167 0.334125
vn -0.934784 0.355218 0.000000
vt -0.204167 0.332542
vn -0.934784 0.355218 0.000000
vt -0.206250 0.332500
vn -0.934784 0.355218 0.000000
vt -0.206250 0.334167
vn -0.934784 0.355218 0.000000
f 3000/10221/10221 2993/10222/10222 2985/10223/10223 2992/10224/10224
v 12.819500 2.450000 3.990500
v 12.843250 2.450000 3.966750
v 13.156750 2.450000 3.966750
v 13.180500 2.450000 3.990500
v 13.180500 2.450000 4.009500
v 13.156750 2.450000 4.033250
v 12.843250 2.450000 4.033250
v 12.819500 2.450000 4.009500
v 12.810000 2.475000 3.990000
v 12.835000 2.475000 3.965000
v 13.165000 2.475000 3.965000
v 13.190000 2.475000 3.990000
v 13.190000 2.475000 4.010000
v 13.165000 2.475000 4.035000
v 12.835000 2.475000 4.035000
v 12.810000 2.475000 4.010000
v 12.810000 2.485000 3.990000
v 12.835000 2.485000 3.965000
v 13.165000 2.485000 3.965000
v 13.190000 2.485000 3.990000
v 13.190000 2.485000 4.010000
v 13.165000 2.485000 4.035000
v 12.835000 2.485000 4.035000
v 12.810000 2.485000 4.010000
v 12.819500 2.510000 3.990500
v 12.843250 2.510000 3.966750
v 13.156750 2.510000 3.966750
v 13.180500 2.510000 3.990500
v 13.180500 2.510000 4.009500
v 13.156750 2.510000 4.033250
v 12.843250 2.510000 4.033250
v 12.819500 2.510000 4.009500
vt 1.068292 0.332542
vn 0.000000 -1.000000 0.000000
vt 1.070271 0.330562
vn 0.000000 -1.000000 0.000000
vt 1.096396 0.330562
vn 0.000000 -1.000000 0.000000
vt 1.098375 0.332542
vn 0.000000 -1.000000 0.000000
vt 1.098375 0.334125
vn 0.000000 -1.000000 0.000000
vt 1.096396 0.336104
vn 0.000000 -1.000000 0.000000
vt 1.070271 0.336104
vn 0.000000 -1.000000 0.000000
vt 1.068292 0.334125
vn 0.000000 -1.000000 0.000000
f 3001/10225/10225 3002/10226/10226 3003/10227/10227 3004/10228/10228 3005/10229/10229 3006/10230/10230 3007/10231/10231 3008/10232/10232
vt 1.068292 0.334125
vn 0.000000 1.000000 0.000000
vt 1.070271 0.336104
vn 0.000000 1.000000 0.000000
vt 1.096396 0.336104
vn 0.000000 1.000000 0.000000
vt 1.098375 0.334125
vn 0.000000 1.000000 0.000000
vt 1.098375 0.332542
vn 0.000000 1.000000 0.000000
vt 1.096396 0.330562
vn 0.000000 1.000000 0.000000
vt 1.070271 0.330562
vn 0.000000 1.000000 0.000000
vt 1.068292 0.332542
vn 0.000000 1.000000 0.000000
f 3032/10233/10233 3031/10234/10234 3030/10235/10235 3029/10236/10236 3028/10237/10237 3027/10238/10238 3026/10239/10239 3025/10240/10240
vt 1.067500 0.206250
vn -0.680414 -0.272166 -0.680414
vt 1.069583 0.206250
vn -0.680414 -0.272166 -0.680414
vt 1.070271 0.204167
vn -0.680414 -0.272166 -0.680414
vt 1.068292 0.204167
vn -0.680414 -0.272166 -0.680414
f 3009/10241/10241 3010/10242/10242 3002/10243/10243 3001/10244/10244
vt 1.069583 0.206250
vn 0.000000 -0.069829 -0.997559
vt 1.097083 0.206250
vn 0.000000 -0.069829 -0.997559
vt 1.096396 0.204167
vn 0.000000 -0.069829 -0.997559
vt 1.070271 0.204167
vn 0.000000 -0.069829 -0.997559
f 3010/10245/10245 3011/10246/10246 3003/10247/10247 3002/10248/10248
vt 1.097083 0.206250
vn 0.680414 -0.272166 -0.680414
vt 1.099167 0.206250
vn 0.680414 -0.272166 -0.680414
vt 1.098375 0.204167
vn 0.680414 -0.272166 -0.680414
vt 1.096396 0.204167
vn 0.680414 -0.272166 -0.680414
f 3011/10249/10249 3012/10250/10250 3004/10251/10251 3003/10252/10252
vt 0.206250 0.332500
vn 0.934784 -0.355218 0.000000
vt 0.206250 0.334167
vn 0.934784 -0.355218 0.000000
vt 0.204167 0.334125
vn 0.934784 -0.355218 0.000000
vt 0.204167 0.332542
vn 0.934784 -0.355218 0.000000
f 3012/10253/10253 3013/10254/10254 3005/10255/10255 3004/10256/10256
vt 0.206250 0.334167
vn 0.680414 -0.272166 0.680414
vt 0.206250 0.336250
vn 0.680414 -0.272166 0.680414
vt 0.204167 0.336104
vn 0.680414 -0.272166 0.680414
vt 0.204167 0.334125
vn 0.680414 -0.272166 0.680414
f 3013/10257/10257 3014/10258/10258 3006/10259/10259 3005/10260/10260
vt 1.097083 0.206250
vn 0.000000 -0.069829 0.997559
vt 1.069583 0.206250
vn 0.000000 -0.069829 0.997559
vt 1.070271 0.204167
vn 0.000000 -0.069829 0.997559
vt 1.096396 0.204167
vn 0.000000 -0.069829 0.997559
f 3014/10261/10261 3015/10262/10262 3007/10263/10263 3006/10264/10264
vt 0.206250 0.336250
vn -0.680414 -0.272166 0.680414
vt 0.206250 0.334167
vn -0.680414 -0.272166 0.680414
vt 0.204167 0.334125
vn -0.680414 -0.272166 0.680414
vt 0.204167 0.336104
vn -0.680414 -0.272166 0.680414
f 3015/10265/10265 3016/10266/10266 3008/10267/10267 3007/10268/10268
vt 0.206250 0.334167
vn -0.934784 -0.355218 -0.000000
vt 0.206250 0.332500
vn -0.934784 -0.355218 -0.000000
vt 0.204167 0.332542
vn -0.934784 -0.355218 -0.000000
vt 0.204167 0.334125
vn -0.934784 -0.355218 -0.000000
f 3016/10269/10269 3009/10270/10270 3001/10271/10271 3008/10272/10272
vt 1.067500 0.207083
vn -0.707107 0.000000 -0.707107
vt 1.069583 0.207083
vn -0.707107 0.000000 -0.707107
vt 1.069583 0.206250
vn -0.707107 0.000000 -0.707107
vt 1.067500 0.206250
vn -0.707107 0.000000 -0.707107
f 3017/10273/10273 3018/10274/10274 3010/10275/10275 3009/10276/10276
vt 1.069583 0.207083
vn 0.000000 0.000000 -1.000000
vt 1.097083 0.207083
vn 0.000000 0.000000 -1.000000
vt 1.097083 0.206250
vn 0.000000 0.000000 -1.000000
vt 1.069583 0.206250
vn 0.000000 0.000000 -1.000000
f 3018/10277/10277 3019/10278/10278 3011/10279/10279 3010/10280/10280
vt 1.097083 0.207083
vn 0.707107 0.000000 -0.707107
vt 1.099167 0.207083
vn 0.707107 0.000000 -0.707107
vt 1.099167 0.206250
vn 0.707107 0.000000 -0.707107
vt 1.097083 0.206250
vn 0.707107 0.000000 -0.707107
f 3019/10281/10281 3020/10282/10282 3012/10283/10283 3011/10284/10284
vt 0.207083 0.332500
vn 1.000000 0.000000 -0.000000
vt 0.207083 0.334167
vn 1.000000 0.000000 -0.000000
vt 0.206250 0.334167
vn 1.000000 0.000000 -0.000000
vt 0.206250 0.332500
vn 1.000000 0.000000 -0.000000
f 3020/10285/10285 3021/10286/10286 3013/10287/10287 3012/10288/10288
vt 0.207083 0.334167
vn 0.707107 0.000000 0.707107
vt 0.207083 0.336250
vn 0.707107 0.000000 0.707107
vt 0.206250 0.336250
vn 0.707107 0.000000 0.707107
vt 0.206250 0.334167
vn 0.707107 0.000000 0.707107
f 3021/10289/10289 3022/10290/10290 3014/10291/10291 3013/10292/10292
vt 1.097083 0.207083
vn 0.000000 0.000000 1.000000
vt 1.069583 0.207083
vn 0.000000 0.000000 1.000000
vt 1.069583 0.206250
vn 0.000000 0.000000 1.000000
vt 1.097083 0.206250
vn 0.000000 0.000000 1.000000
f 3022/10293/10293 3023/10294/10294 3015/10295/10295 3014/10296/10296
vt 0.207083 0.336250
vn -0.707107 0.000000 0.707107
vt 0.207083 0.334167
vn -0.707107 0.000000 0.707107
vt 0.206250 0.334167
vn -0.707107 0.000000 0.707107
vt 0.206250 0.336250
vn -0.707107 0.000000 0.707107
f 3023/10297/10297 3024/10298/10298 3016/10299/10299 3015/10300/10300
vt 0.207083 0.334167
vn -1.000000 0.000000 -0.000000
vt 0.207083 0.332500
vn -1.000000 0.000000 -0.000000
vt 0.206250 0.332500
vn -1.000000 0.000000 -0.000000
vt 0.206250 0.334167
vn -1.000000 0.000000 -0.000000
f 3024/10301/10301 3017/10302/10302 3009/10303/10303 3016/10304/10304
vt 1.068292 0.209167
vn -0.680414 0.272166 -0.680414
vt 1.070271 0.209167
vn -0.680414 0.272166 -0.680414
vt 1.069583 0.207083
vn -0.680414 0.272166 -0.680414
vt 1.067500 0.207083
vn -0.680414 0.272166 -0.680414
f 3025/10305/10305 3026/10306/10306 3018/10307/10307 3017/10308/10308
vt 1.070271 0.209167
vn 0.000000 0.069829 -0.997559
vt 1.096396 0.209167
vn 0.000000 0.069829 -0.997559
vt 1.097083 0.207083
vn 0.000000 0.069829 -0.997559
vt 1.069583 0.207083
vn 0.000000 0.069829 -0.997559
f 3026/10309/10309 3027/10310/10310 3019/10311/10311 3018/10312/10312
vt 1.096396 0.209167
vn 0.680414 0.272166 -0.680414
vt 1.098375 0.209167
vn 0.680414 0.272166 -0.680414
vt 1.099167 0.207083
vn 0.680414 0.272166 -0.680414
vt 1.097083 0.207083
vn 0.680414 0.272166 -0.680414
f 3027/10313/10313 3028/10314/10314 3020/10315/10315 3019/10316/10316
vt 0.209167 0.332542
vn 0.934784 0.355218 -0.000000
vt 0.209167 0.334125
vn 0.934784 0.355218 -0.000000
vt 0.207083 0.334167
vn 0.934784 0.355218 -0.000000
vt 0.207083 0.332500
vn 0.934784 0.355218 -0.000000
f 3028/10317/10317 3029/10318/10318 3021/10319/10319 3020/10320/10320
vt 1.098375 0.209167
vn 0.680414 0.272166 0.680414
vt 1.096396 0.209167
vn 0.680414 0.272166 0.680414
vt 1.097083 0.207083
vn 0.680414 0.272166 0.680414
vt 1.099167 0.207083
vn 0.680414 0.272166 0.680414
f 3029/10321/10321 3030/10322/10322 3022/10323/10323 3021/10324/10324
vt 1.096396 0.209167
vn 0.000000 0.069829 0.997559
vt 1.070271 0.209167
vn 0.000000 0.069829 0.997559
vt 1.069583 0.207083
vn 0.000000 0.069829 0.997559
vt 1.097083 0.207083
vn 0.000000 0.069829 0.997559
f 3030/10325/10325 3031/10326/10326 3023/10327/10327 3022/10328/10328
vt 1.070271 0.209167
vn -0.680414 0.272166 0.680414
vt 1.068292 0.209167
vn -0.680414 0.272166 0.680414
vt 1.067500 0.207083
vn -0.680414 0.272166 0.680414
vt 1.069583 0.207083
vn -0.680414 0.272166 0.680414
f 3031/10329/10329 3032/10330/10330 3024/10331/10331 3023/10332/10332
vt 0.209167 0.334125
vn -0.934784 0.355218 0.000000
vt 0.209167 0.332542
vn -0.934784 0.355218 0.000000
vt 0.207083 0.332500
vn -0.934784 0.355218 0.000000
vt 0.207083 0.334167
vn -0.934784 0.355218 0.000000
f 3032/10333/10333 3025/10334/10334 3017/10335/10335 3024/10336/10336
v 16.313983 -2.320000 8.416846
v 16.430398 -2.320000 8.300431
v 17.569602 -2.320000 8.300431
v 17.686017 -2.320000 8.416846
v 17.686017 -2.320000 8.583154
v 17.569602 -2.320000 8.699569
v 16.430398 -2.320000 8.699569
v 16.313983 -2.320000 8.583154
v 16.175000 -2.180000 8.400000
v 16.315000 -2.180000 8.260000
v 17.685000 -2.180000 8.260000
v 17.825000 -2.180000 8.400000
v 17.825000 -2.180000 8.600000
v 17.685000 -2.180000 8.740000
v 16.315000 -2.180000 8.740000
v 16.175000 -2.180000 8.600000
v 16.175000 -2.300000 8.400000
v 16.315000 -2.300000 8.260000
v 17.685000 -2.300000 8.260000
v 17.825000 -2.300000 8.400000
v 17.825000 -2.300000 8.600000
v 17.685000 -2.300000 8.740000
v 16.315000 -2.300000 8.740000
v 16.175000 -2.300000 8.600000
v 16.313983 -2.160000 8.416846
v 16.430398 -2.160000 8.300431
v 17.569602 -2.160000 8.300431
v 17.686017 -2.160000 8.416846
v 17.686017 -2.160000 8.583154
v 17.569602 -2.160000 8.699569
v 16.430398 -2.160000 8.699569
v 16.313983 -2.160000 8.583154
vt 1.359499 0.701404
vn 0.000000 -1.000000 0.000000
vt 1.369200 0.691703
vn 0.000000 -1.000000 0.000000
vt 1.464134 0.691703
vn 0.000000 -1.000000 0.000000
vt 1.473835 0.701404
vn 0.000000 -1.000000 0.000000
vt 1.473835 0.715263
vn 0.000000 -1.000000 0.000000
vt 1.464134 0.724964
vn 0.000000 -1.000000 0.000000
vt 1.369200 0.724964
vn 0.000000 -1.000000 0.000000
vt 1.359499 0.715263
vn 0.000000 -1.000000 0.000000
f 3033/10337/10337 3034/10338/10338 3035/10339/10339 3036/10340/10340 3037/10341/10341 3038/10342/10342 3039/10343/10343 3040/10344/10344
vt 1.359499 0.715263
vn 0.000000 1.000000 0.000000
vt 1.369200 0.724964
vn 0.000000 1.000000 0.000000
vt 1.464134 0.724964
vn 0.000000 1.000000 0.000000
vt 1.473835 0.715263
vn 0.000000 1.000000 0.000000
vt 1.473835 0.701404
vn 0.000000 1.000000 0.000000
vt 1.464134 0.691703
vn 0.000000 1.000000 0.000000
vt 1.369200 0.691703
vn 0.000000 1.000000 0.000000
vt 1.359499 0.701404
vn 0.000000 1.000000 0.000000
f 3064/10345/10345 3063/10346/10346 3062/10347/10347 3061/10348/10348 3060/10349/10349 3059/10350/10350 3058/10351/10351 3057/10352/10352
vt 1.347917 0.700000
vn -0.555649 -0.618473 -0.555649
vt 1.359583 0.688333
vn -0.555649 -0.618473 -0.555649
vt 1.369200 0.691703
vn -0.555649 -0.618473 -0.555649
vt 1.359499 0.701404
vn -0.555649 -0.618473 -0.555649
f 3041/10353/10353 3042/10354/10354 3034/10355/10355 3033/10356/10356
vt 1.359583 -0.181667
vn 0.000000 -0.277457 -0.960738
vt 1.473750 -0.181667
vn 0.000000 -0.277457 -0.960738
vt 1.464134 -0.193333
vn 0.000000 -0.277457 -0.960738
vt 1.369200 -0.193333
vn 0.000000 -0.277457 -0.960738
f 3042/10357/10357 3043/10358/10358 3035/10359/10359 3034/10360/10360
vt 1.473750 0.688333
vn 0.555649 -0.618473 -0.555649
vt 1.485417 0.700000
vn 0.555649 -0.618473 -0.555649
vt 1.473835 0.701404
vn 0.555649 -0.618473 -0.555649
vt 1.464134 0.691703
vn 0.555649 -0.618473 -0.555649
f 3043/10361/10361 3044/10362/10362 3036/10363/10363 3035/10364/10364
vt -0.181667 0.700000
vn 0.709680 -0.704524 0.000000
vt -0.181667 0.716667
vn 0.709680 -0.704524 0.000000
vt -0.193333 0.715263
vn 0.709680 -0.704524 0.000000
vt -0.193333 0.701404
vn 0.709680 -0.704524 0.000000
f 3044/10365/10365 3045/10366/10366 3037/10367/10367 3036/10368/10368
vt 1.485417 0.716667
vn 0.555649 -0.618473 0.555649
vt 1.473750 0.728333
vn 0.555649 -0.618473 0.555649
vt 1.464134 0.724964
vn 0.555649 -0.618473 0.555649
vt 1.473835 0.715263
vn 0.555649 -0.618473 0.555649
f 3045/10369/10369 3046/10370/10370 3038/10371/10371 3037/10372/10372
vt 1.473750 -0.181667
vn 0.000000 -0.277457 0.960738
vt 1.359583 -0.181667
vn 0.000000 -0.277457 0.960738
vt 1.369200 -0.193333
vn 0.000000 -0.277457 0.960738
vt 1.464134 -0.193333
vn 0.000000 -0.277457 0.960738
f 3046/10373/10373 3047/10374/10374 3039/10375/10375 3038/10376/10376
vt 1.359583 0.728333
vn -0.555649 -0.618473 0.555649
vt 1.347917 0.716667
vn -0.555649 -0.618473 0.555649
vt 1.359499 0.715263
vn -0.555649 -0.618473 0.555649
vt 1.369200 0.724964
vn -0.555649 -0.618473 0.555649
f 3047/10377/10377 3048/10378/10378 3040/10379/10379 3039/10380/10380
vt -0.181667 0.716667
vn -0.709680 -0.704524 -0.000000
vt -0.181667 0.700000
vn -0.709680 -0.704524 -0.000000
vt -0.193333 0.701404
vn -0.709680 -0.704524 -0.000000
vt -0.193333 0.715263
vn -0.709680 -0.704524 -0.000000
f 3048/10381/10381 3041/10382/10382 3033/10383/10383 3040/10384/10384
vt -0.191667 0.700000
vn 0.707107 0.000000 0.707107
vt -0.191667 0.688333
vn 0.707107 0.000000 0.707107
vt -0.181667 0.688333
vn 0.707107 0.000000 0.707107
vt -0.181667 0.700000
vn 0.707107 0.000000 0.707107
f 3049/10385/10385 3050/10386/10386 3042/10387/10387 3041/10388/10388
vt 1.359583 -0.191667
vn 0.000000 0.000000 1.000000
vt 1.473750 -0.191667
vn 0.000000 0.000000 1.000000
vt 1.473750 -0.181667
vn 0.000000 0.000000 1.000000
vt 1.359583 -0.181667
vn 0.000000 0.000000 1.000000
f 3050/10389/10389 3051/10390/10390 3043/10391/10391 3042/10392/10392
vt -0.191667 0.688333
vn -0.707107 0.000000 0.707107
vt -0.191667 0.700000
vn -0.707107 0.000000 0.707107
vt -0.181667 0.700000
vn -0.707107 0.000000 0.707107
vt -0.181667 0.688333
vn -0.707107 0.000000 0.707107
f 3051/10393/10393 3052/10394/10394 3044/10395/10395 3043/10396/10396
vt -0.191667 0.700000
vn -1.000000 0.000000 0.000000
vt -0.191667 0.716667
vn -1.000000 0.000000 0.000000
vt -0.181667 0.716667
vn -1.000000 0.000000 0.000000
vt -0.181667 0.700000
vn -1.000000 0.000000 0.000000
f 3052/10397/10397 3053/10398/10398 3045/10399/10399 3044/10400/10400
vt -0.191667 0.716667
vn -0.707107 0.000000 -0.707107
vt -0.191667 0.728333
vn -0.707107 0.000000 -0.707107
vt -0.181667 0.728333
vn -0.707107 0.000000 -0.707107
vt -0.181667 0.716667
vn -0.707107 0.000000 -0.707107
f 3053/10401/10401 3054/10402/10402 3046/10403/10403 3045/10404/10404
vt 1.473750 -0.191667
vn 0.000000 0.000000 -1.000000
vt 1.359583 -0.191667
vn 0.000000 0.000000 -1.000000
vt 1.359583 -0.181667
vn 0.000000 0.000000 -1.000000
vt 1.473750 -0.181667
vn 0.000000 0.000000 -1.000000
f 3054/10405/10405 3055/10406/10406 3047/10407/10407 3046/10408/10408
vt -0.191667 0.728333
vn 0.707107 0.000000 -0.707107
vt -0.191667 0.716667
vn 0.707107 0.000000 -0.707107
vt -0.181667 0.716667
vn 0.707107 0.000000 -0.707107
vt -0.181667 0.728333
vn 0.707107 0.000000 -0.707107
f 3055/10409/10409 3056/10410/10410 3048/10411/10411 3047/10412/10412
vt -0.191667 0.716667
vn 1.000000 0.000000 0.000000
vt -0.191667 0.700000
vn 1.000000 0.000000 0.000000
vt -0.181667 0.700000
vn 1.000000 0.000000 0.000000
vt -0.181667 0.716667
vn 1.000000 0.000000 0.000000
f 3056/10413/10413 3049/10414/10414 3041/10415/10415 3048/10416/10416
vt 1.359499 0.701404
vn -0.555649 0.618473 -0.555649
vt 1.369200 0.691703
vn -0.555649 0.618473 -0.555649
vt 1.359583 0.688333
vn -0.555649 0.618473 -0.555649
vt 1.347917 0.700000
vn -0.555649 0.618473 -0.555649
f 3057/10417/10417 3058/10418/10418 3050/10419/10419 3049/10420/10420
vt 1.369200 -0.180000
vn 0.000000 0.277457 -0.960738
vt 1.464134 -0.180000
vn 0.000000 0.277457 -0.960738
vt 1.473750 -0.191667
vn 0.000000 0.277457 -0.960738
vt 1.359583 -0.191667
vn 0.000000 0.277457 -0.960738
f 3058/10421/10421 3059/10422/10422 3051/10423/10423 3050/10424/10424
vt 1.464134 0.691703
vn 0.555649 0.618473 -0.555649
vt 1.473835 0.701404
vn 0.555649 0.618473 -0.555649
vt 1.485417 0.700000
vn 0.555649 0.618473 -0.555649
vt 1.473750 0.688333
vn 0.555649 0.618473 -0.555649
f 3059/10425/10425 3060/10426/10426 3052/10427/10427 3051/10428/10428
vt -0.180000 0.701404
vn 0.709680 0.704524 -0.000000
vt -0.180000 0.715263
vn 0.709680 0.704524 -0.000000
vt -0.191667 0.716667
vn 0.709680 0.704524 -0.000000
vt -0.191667 0.700000
vn 0.709680 0.704524 -0.000000
f 3060/10429/10429 3061/10430/10430 3053/10431/10431 3052/10432/10432
vt 1.473835 0.715263
vn 0.555649 0.618473 0.555649
vt 1.464134 0.724964
vn 0.555649 0.618473 0.555649
vt 1.473750 0.728333
vn 0.555649 0.618473 0.555649
vt 1.485417 0.716667
vn 0.555649 0.618473 0.555649
f 3061/10433/10433 3062/10434/10434 3054/10435/10435 3053/10436/10436
vt 1.464134 -0.180000
vn 0.000000 0.277457 0.960738
vt 1.369200 -0.180000
vn 0.000000 0.277457 0.960738
vt 1.359583 -0.191667
vn 0.000000 0.277457 0.960738
vt 1.473750 -0.191667
vn 0.000000 0.277457 0.960738
f 3062/10437/10437 3063/10438/10438 3055/10439/10439 3054/10440/10440
vt 1.369200 0.724964
vn -0.555649 0.618473 0.555649
vt 1.359499 0.715263
vn -0.555649 0.618473 0.555649
vt 1.347917 0.716667
vn -0.555649 0.618473 0.555649
vt 1.359583 0.728333
vn -0.555649 0.618473 0.555649
f 3063/10441/10441 3064/10442/10442 3056/10443/10443 3055/10444/10444
vt -0.180000 0.715263
vn -0.709680 0.704524 0.000000
vt -0.180000 0.701404
vn -0.709680 0.704524 0.000000
vt -0.191667 0.700000
vn -0.709680 0.704524 0.000000
vt -0.191667 0.716667
vn -0.709680 0.704524 0.000000
f 3064/10445/10445 3057/10446/10446 3049/10447/10447 3056/10448/10448
v 18.813983 -2.320000 8.416846
v 18.930398 -2.320000 8.300431
v 20.069602 -2.320000 8.300431
v 20.186017 -2.320000 8.416846
v 20.186017 -2.320000 8.583154
v 20.069602 -2.320000 8.699569
v 18.930398 -2.320000 8.699569
v 18.813983 -2.320000 8.583154
v 18.675000 -2.180000 8.400000
v 18.815000 -2.180000 8.260000
v 20.185000 -2.180000 8.260000
v 20.325000 -2.180000 8.400000
v 20.325000 -2.180000 8.600000
v 20.185000 -2.180000 8.740000
v 18.815000 -2.180000 8.740000
v 18.675000 -2.180000 8.600000
v 18.675000 -2.300000 8.400000
v 18.815000 -2.300000 8.260000
v 20.185000 -2.300000 8.260000
v 20.325000 -2.300000 8.400000
v 20.325000 -2.300000 8.600000
v 20.185000 -2.300000 8.740000
v 18.815000 -2.300000 8.740000
v 18.675000 -2.300000 8.600000
v 18.813983 -2.160000 8.416846
v 18.930398 -2.160000 8.300431
v 20.069602 -2.160000 8.300431
v 20.186017 -2.160000 8.416846
v 20.186017 -2.160000 8.583154
v 20.069602 -2.160000 8.699569
v 18.930398 -2.160000 8.699569
v 18.813983 -2.160000 8.583154
vt 1.567832 0.701404
vn 0.000000 -1.000000 0.000000
vt 1.577533 0.691703
vn 0.000000 -1.000000 0.000000
vt 1.672467 0.691703
vn 0.000000 -1.000000 0.000000
vt 1.682168 0.701404
vn 0.000000 -1.000000 0.000000
vt 1.682168 0.715263
vn 0.000000 -1.000000 0.000000
vt 1.672467 0.724964
vn 0.000000 -1.000000 0.000000
vt 1.577533 0.724964
vn 0.000000 -1.000000 0.000000
vt 1.567832 0.715263
vn 0.000000 -1.000000 0.000000
f 3065/10449/10449 3066/10450/10450 3067/10451/10451 3068/10452/10452 3069/10453/10453 3070/10454/10454 3071/10455/10455 3072/10456/10456
vt 1.567832 0.715263
vn 0.000000 1.000000 0.000000
vt 1.577533 0.724964
vn 0.000000 1.000000 0.000000
vt 1.672467 0.724964
vn 0.000000 1.000000 0.000000
vt 1.682168 0.715263
vn 0.000000 1.000000 0.000000
vt 1.682168 0.701404
vn 0.000000 1.000000 0.000000
vt 1.672467 0.691703
vn 0.000000 1.000000 0.000000
vt 1.577533 0.691703
vn 0.000000 1.000000 0.000000
vt 1.567832 0.701404
vn 0.000000 1.000000 0.000000
f 3096/10457/10457 3095/10458/10458 3094/10459/10459 3093/10460/10460 3092/10461/10461 3091/10462/10462 3090/10463/10463 3089/10464/10464
vt 1.556250 0.700000
vn -0.555649 -0.618473 -0.555649
vt 1.567917 0.688333
vn -0.555649 -0.618473 -0.555649
vt 1.577533 0.691703
vn -0.555649 -0.618473 -0.555649
vt 1.567832 0.701404
vn -0.555649 -0.618473 -0.555649
f 3073/10465/10465 3074/10466/10466 3066/10467/10467 3065/10468/10468
vt 1.567917 -0.181667
vn 0.000000 -0.277457 -0.960738
vt 1.682083 -0.181667
vn 0.000000 -0.277457 -0.960738
vt 1.672467 -0.193333
vn 0.000000 -0.277457 -0.960738
vt 1.577533 -0.193333
vn 0.000000 -0.277457 -0.960738
f 3074/10469/10469 3075/10470/10470 3067/10471/10471 3066/10472/10472
vt 1.682083 0.688333
vn 0.555649 -0.618473 -0.555649
vt 1.693750 0.700000
vn 0.555649 -0.618473 -0.555649
vt 1.682168 0.701404
vn 0.555649 -0.618473 -0.555649
vt 1.672467 0.691703
vn 0.555649 -0.618473 -0.555649
f 3075/10473/10473 3076/10474/10474 3068/10475/10475 3067/10476/10476
vt -0.181667 0.700000
vn 0.709680 -0.704524 0.000000
vt -0.181667 0.716667
vn 0.709680 -0.704524 0.000000
vt -0.193333 0.715263
vn 0.709680 -0.704524 0.000000
vt -0.193333 0.701404
vn 0.709680 -0.704524 0.000000
f 3076/10477/10477 3077/10478/10478 3069/10479/10479 3068/10480/10480
vt 1.693750 0.716667
vn 0.555649 -0.618473 0.555649
vt 1.682083 0.728333
vn 0.555649 -0.618473 0.555649
vt 1.672467 0.724964
vn 0.555649 -0.618473 0.555649
vt 1.682168 0.715263
vn 0.555649 -0.618473 0.555649
f 3077/10481/10481 3078/10482/10482 3070/10483/10483 3069/10484/10484
vt 1.682083 -0.181667
vn 0.000000 -0.277457 0.960738
vt 1.567917 -0.181667
vn 0.000000 -0.277457 0.960738
vt 1.577533 -0.193333
vn 0.000000 -0.277457 0.960738
vt 1.672467 -0.193333
vn 0.000000 -0.277457 0.960738
f 3078/10485/10485 3079/10486/10486 3071/10487/10487 3070/10488/10488
vt 1.567917 0.728333
vn -0.555649 -0.618473 0.555649
vt 1.556250 0.716667
vn -0.555649 -0.618473 0.555649
vt 1.567832 0.715263
vn -0.555649 -0.618473 0.555649
vt 1.577533 0.724964
vn -0.555649 -0.618473 0.555649
f 3079/10489/10489 3080/10490/10490 3072/10491/10491 3071/10492/10492
vt -0.181667 0.716667
vn -0.709680 -0.704524 -0.000000
vt -0.181667 0.700000
vn -0.709680 -0.704524 -0.000000
vt -0.193333 0.701404
vn -0.709680 -0.704524 -0.000000
vt -0.193333 0.715263
vn -0.709680 -0.704524 -0.000000
f 3080/10493/10493 3073/10494/10494 3065/10495/10495 3072/10496/10496
vt -0.191667 0.700000
vn 0.707107 0.000000 0.707107
vt -0.191667 0.688333
vn 0.707107 0.000000 0.707107
vt -0.181667 0.688333
vn 0.707107 0.000000 0.707107
vt -0.181667 0.700000
vn 0.707107 0.000000 0.707107
f 3081/10497/10497 3082/10498/10498 3074/10499/10499 3073/10500/10500
vt 1.567917 -0.191667
vn 0.000000 0.000000 1.000000
vt 1.682083 -0.191667
vn 0.000000 0.000000 1.000000
vt 1.682083 -0.181667
vn 0.000000 0.000000 1.000000
vt 1.567917 -0.181667
vn 0.000000 0.000000 1.000000
f 3082/10501/10501 3083/10502/10502 3075/10503/10503 3074/10504/10504
vt -0.191667 0.688333
vn -0.707107 0.000000 0.707107
vt -0.191667 0.700000
vn -0.707107 0.000000 0.707107
vt -0.181667 0.700000
vn -0.707107 0.000000 0.707107
vt -0.181667 0.688333
vn -0.707107 0.000000 0.707107
f 3083/10505/10505 3084/10506/10506 3076/10507/10507 3075/10508/10508
vt -0.191667 0.700000
vn -1.000000 0.000000 0.000000
vt -0.191667 0.716667
vn -1.000000 0.000000 0.000000
vt -0.181667 0.716667
vn -1.000000 0.000000 0.000000
vt -0.181667 0.700000
vn -1.000000 0.000000 0.000000
f 3084/10509/10509 3085/10510/10510 3077/10511/10511 3076/10512/10512
vt -0.191667 0.716667
vn -0.707107 0.000000 -0.707107
vt -0.191667 0.728333
vn -0.707107 0.000000 -0.707107
vt -0.181667 0.728333
vn -0.707107 0.000000 -0.707107
vt -0.181667 0.716667
vn -0.707107 0.000000 -0.707107
f 3085/10513/10513 3086/10514/10514 3078/10515/10515 3077/10516/10516
vt 1.682083 -0.191667
vn 0.000000 0.000000 -1.000000
vt 1.567917 -0.191667
vn 0.000000 0.000000 -1.000000
vt 1.567917 -0.181667
vn 0.000000 0.000000 -1.000000
vt 1.682083 -0.181667
vn 0.000000 0.000000 -1.000000
f 3086/10517/10517 3087/10518/10518 3079/10519/10519 3078/10520/10520
vt -0.191667 0.728333
vn 0.707107 0.000000 -0.707107
vt -0.191667 0.716667
vn 0.707107 0.000000 -0.707107
vt -0.181667 0.716667
vn 0.707107 0.000000 -0.707107
vt -0.181667 0.728333
vn 0.707107 0.000000 -0.707107
f 3087/10521/10521 3088/10522/10522 3080/10523/10523 3079/10524/10524
vt -0.191667 0.716667
vn 1.000000 0.000000 0.000000
vt -0.191667 0.700000
vn 1.000000 0.000000 0.000000
vt -0.181667 0.700000
vn 1.000000 0.000000 0.000000
vt -0.181667 0.716667
vn 1.000000 0.000000 0.000000
f 3088/10525/10525 3081/10526/10526 3073/10527/10527 3080/10528/10528
vt 1.567832 0.701404
vn -0.555649 0.618473 -0.555649
vt 1.577533 0.691703
vn -0.555649 0.618473 -0.555649
vt 1.567917 0.688333
vn -0.555649 0.618473 -0.555649
vt 1.556250 0.700000
vn -0.555649 0.618473 -0.555649
f 3089/10529/10529 3090/10530/10530 3082/10531/10531 3081/10532/10532
vt 1.577533 -0.180000
vn 0.000000 0.277457 -0.960738
vt 1.672467 -0.180000
vn 0.000000 0.277457 -0.960738
vt 1.682083 -0.191667
vn 0.000000 0.277457 -0.960738
vt 1.567917 -0.191667
vn 0.000000 0.277457 -0.960738
f 3090/10533/10533 3091/10534/10534 3083/10535/10535 3082/10536/10536
vt 1.672467 0.691703
vn 0.555649 0.618473 -0.555649
vt 1.682168 0.701404
vn 0.555649 0.618473 -0.555649
vt 1.693750 0.700000
vn 0.555649 0.618473 -0.555649
vt 1.682083 0.688333
vn 0.555649 0.618473 -0.555649
f 3091/10537/10537 3092/10538/10538 3084/10539/10539 3083/10540/10540
vt -0.180000 0.701404
vn 0.709680 0.704524 -0.000000
vt -0.180000 0.715263
vn 0.709680 0.704524 -0.000000
vt -0.191667 0.716667
vn 0.709680 0.704524 -0.000000
vt -0.191667 0.700000
vn 0.709680 0.704524 -0.000000
f 3092/10541/10541 3093/10542/10542 3085/10543/10543 3084/10544/10544
vt 1.682168 0.715263
vn 0.555649 0.618473 0.555649
vt 1.672467 0.724964
vn 0.555649 0.618473 0.555649
vt 1.682083 0.728333
vn 0.555649 0.618473 0.555649
vt 1.693750 0.716667
vn 0.555649 0.618473 0.555649
f 3093/10545/10545 3094/10546/10546 3086/10547/10547 3085/10548/10548
vt 1.672467 -0.180000
vn 0.000000 0.277457 0.960738
vt 1.577533 -0.180000
vn 0.000000 0.277457 0.960738
vt 1.567917 -0.191667
vn 0.000000 0.277457 0.960738
vt 1.682083 -0.191667
vn 0.000000 0.277457 0.960738
f 3094/10549/10549 3095/10550/10550 3087/10551/10551 3086/10552/10552
vt 1.577533 0.724964
vn -0.555649 0.618473 0.555649
vt 1.567832 0.715263
vn -0.555649 0.618473 0.555649
vt 1.556250 0.716667
vn -0.555649 0.618473 0.555649
vt 1.567917 0.728333
vn -0.555649 0.618473 0.555649
f 3095/10553/10553 3096/10554/10554 3088/10555/10555 3087/10556/10556
vt -0.180000 0.715263
vn -0.709680 0.704524 0.000000
vt -0.180000 0.701404
vn -0.709680 0.704524 0.000000
vt -0.191667 0.700000
vn -0.709680 0.704524 0.000000
vt -0.191667 0.716667
vn -0.709680 0.704524 0.000000
f 3096/10557/10557 3089/10558/10558 3081/10559/10559 3088/10560/10560
v 21.313983 -2.320000 8.416846
v 21.430398 -2.320000 8.300431
v 22.569602 -2.320000 8.300431
v 22.686017 -2.320000 8.416846
v 22.686017 -2.320000 8.583154
v 22.569602 -2.320000 8.699569
v 21.430398 -2.320000 8.699569
v 21.313983 -2.320000 8.583154
v 21.175000 -2.180000 8.400000
v 21.315000 -2.180000 8.260000
v 22.685000 -2.180000 8.260000
v 22.825000 -2.180000 8.400000
v 22.825000 -2.180000 8.600000
v 22.685000 -2.180000 8.740000
v 21.315000 -2.180000 8.740000
v 21.175000 -2.180000 8.600000
v 21.175000 -2.300000 8.400000
v 21.315000 -2.300000 8.260000
v 22.685000 -2.300000 8.260000
v 22.825000 -2.300000 8.400000
v 22.825000 -2.300000 8.600000
v 22.685000 -2.300000 8.740000
v 21.315000 -2.300000 8.740000
v 21.175000 -2.300000 8.600000
v 21.313983 -2.160000 8.416846
v 21.430398 -2.160000 8.300431
v 22.569602 -2.160000 8.300431
v 22.686017 -2.160000 8.416846
v 22.686017 -2.160000 8.583154
v 22.569602 -2.160000 8.699569
v 21.430398 -2.160000 8.699569
v 21.313983 -2.160000 8.583154
vt 1.776165 0.701404
vn 0.000000 -1.000000 0.000000
vt 1.785866 0.691703
vn 0.000000 -1.000000 0.000000
vt 1.880800 0.691703
vn 0.000000 -1.000000 0.000000
vt 1.890501 0.701404
vn 0.000000 -1.000000 0.000000
vt 1.890501 0.715263
vn 0.000000 -1.000000 0.000000
vt 1.880800 0.724964
vn 0.000000 -1.000000 0.000000
vt 1.785866 0.724964
vn 0.000000 -1.000000 0.000000
vt 1.776165 0.715263
vn 0.000000 -1.000000 0.000000
f 3097/10561/10561 3098/10562/10562 3099/10563/10563 3100/10564/10564 3101/10565/10565 3102/10566/10566 3103/10567/10567 3104/10568/10568
vt 1.776165 0.715263
vn 0.000000 1.000000 0.000000
vt 1.785866 0.724964
vn 0.000000 1.000000 0.000000
vt 1.880800 0.724964
vn 0.000000 1.000000 0.000000
vt 1.890501 0.715263
vn 0.000000 1.000000 0.000000
vt 1.890501 0.701404
vn 0.000000 1.000000 0.000000
vt 1.880800 0.691703
vn 0.000000 1.000000 0.000000
vt 1.785866 0.691703
vn 0.000000 1.000000 0.000000
vt 1.776165 0.701404
vn 0.000000 1.000000 0.000000
f 3128/10569/10569 3127/10570/10570 3126/10571/10571 3125/10572/10572 3124/10573/10573 3123/10574/10574 3122/10575/10575 3121/10576/10576
vt 1.764583 0.700000
vn -0.555649 -0.618473 -0.555649
vt 1.776250 0.688333
vn -0.555649 -0.618473 -0.555649
vt 1.785866 0.691703
vn -0.555649 -0.618473 -0.555649
vt 1.776165 0.701404
vn -0.555649 -0.618473 -0.555649
f 3105/10577/10577 3106/10578/10578 3098/10579/10579 3097/10580/10580
vt 1.776250 -0.181667
vn 0.000000 -0.277457 -0.960738
vt 1.890417 -0.181667
vn 0.000000 -0.277457 -0.960738
vt 1.880800 -0.193333
vn 0.000000 -0.277457 -0.960738
vt 1.785866 -0.193333
vn 0.000000 -0.277457 -0.960738
f 3106/10581/10581 3107/10582/10582 3099/10583/10583 3098/10584/10584
vt 1.890417 0.688333
vn 0.555649 -0.618473 -0.555649
vt 1.902083 0.700000
vn 0.555649 -0.618473 -0.555649
vt 1.890501 0.701404
vn 0.555649 -0.618473 -0.555649
vt 1.880800 0.691703
vn 0.555649 -0.618473 -0.555649
f 3107/10585/10585 3108/10586/10586 3100/10587/10587 3099/10588/10588
vt -0.181667 0.700000
vn 0.709680 -0.704524 0.000000
vt -0.181667 0.716667
vn 0.709680 -0.704524 0.000000
vt -0.193333 0.715263
vn 0.709680 -0.704524 0.000000
vt -0.193333 0.701404
vn 0.709680 -0.704524 0.000000
f 3108/10589/10589 3109/10590/10590 3101/10591/10591 3100/10592/10592
vt 1.902083 0.716667
vn 0.555649 -0.618473 0.555649
vt 1.890417 0.728333
vn 0.555649 -0.618473 0.555649
vt 1.880800 0.724964
vn 0.555649 -0.618473 0.555649
vt 1.890501 0.715263
vn 0.555649 -0.618473 0.555649
f 3109/10593/10593 3110/10594/10594 3102/10595/10595 3101/10596/10596
vt 1.890417 -0.181667
vn 0.000000 -0.277457 0.960738
vt 1.776250 -0.181667
vn 0.000000 -0.277457 0.960738
vt 1.785866 -0.193333
vn 0.000000 -0.277457 0.960738
vt 1.880800 -0.193333
vn 0.000000 -0.277457 0.960738
f 3110/10597/10597 3111/10598/10598 3103/10599/10599 3102/10600/10600
vt 1.776250 0.728333
vn -0.555649 -0.618473 0.555649
vt 1.764583 0.716667
vn -0.555649 -0.618473 0.555649
vt 1.776165 0.715263
vn -0.555649 -0.618473 0.555649
vt 1.785866 0.724964
vn -0.555649 -0.618473 0.555649
f 3111/10601/10601 3112/10602/10602 3104/10603/10603 3103/10604/10604
vt -0.181667 0.716667
vn -0.709680 -0.704524 -0.000000
vt -0.181667 0.700000
vn -0.709680 -0.704524 -0.000000
vt -0.193333 0.701404
vn -0.709680 -0.704524 -0.000000
vt -0.193333 0.715263
vn -0.709680 -0.704524 -0.000000
f 3112/10605/10605 3105/10606/10606 3097/10607/10607 3104/10608/10608
vt -0.191667 0.700000
vn 0.707107 0.000000 0.707107
vt -0.191667 0.688333
vn 0.707107 0.000000 0.707107
vt -0.181667 0.688333
vn 0.707107 0.000000 0.707107
vt -0.181667 0.700000
vn 0.707107 0.000000 0.707107
f 3113/10609/10609 3114/10610/10610 3106/10611/10611 3105/10612/10612
vt 1.776250 -0.191667
vn 0.000000 0.000000 1.000000
vt 1.890417 -0.191667
vn 0.000000 0.000000 1.000000
vt 1.890417 -0.181667
vn 0.000000 0.000000 1.000000
vt 1.776250 -0.181667
vn 0.000000 0.000000 1.000000
f 3114/10613/10613 3115/10614/10614 3107/10615/10615 3106/10616/10616
vt -0.191667 0.688333
vn -0.707107 0.000000 0.707107
vt -0.191667 0.700000
vn -0.707107 0.000000 0.707107
vt -0.181667 0.700000
vn -0.707107 0.000000 0.707107
vt -0.181667 0.688333
vn -0.707107 0.000000 0.707107
f 3115/10617/10617 3116/10618/10618 3108/10619/10619 3107/10620/10620
vt -0.191667 0.700000
vn -1.000000 0.000000 0.000000
vt -0.191667 0.716667
vn -1.000000 0.000000 0.000000
vt -0.181667 0.716667
vn -1.000000 0.000000 0.000000
vt -0.181667 0.700000
vn -1.000000 0.000000 0.000000
f 3116/10621/10621 3117/10622/10622 3109/10623/10623 3108/10624/10624
vt -0.191667 0.716667
vn -0.707107 0.000000 -0.707107
vt -0.191667 0.728333
vn -0.707107 0.000000 -0.707107
vt -0.181667 0.728333
vn -0.707107 0.000000 -0.707107
vt -0.181667 0.716667
vn -0.707107 0.000000 -0.707107
f 3117/10625/10625 3118/10626/10626 3110/10627/10627 3109/10628/10628
vt 1.890417 -0.191667
vn 0.000000 0.000000 -1.000000
vt 1.776250 -0.191667
vn 0.000000 0.000000 -1.000000
vt 1.776250 -0.181667
vn 0.000000 0.000000 -1.000000
vt 1.890417 -0.181667
vn 0.000000 0.000000 -1.000000
f 3118/10629/10629 3119/10630/10630 3111/10631/10631 3110/10632/10632
vt -0.191667 0.728333
vn 0.707107 0.000000 -0.707107
vt -0.191667 0.716667
vn 0.707107 0.000000 -0.707107
vt -0.181667 0.716667
vn 0.707107 0.000000 -0.707107
vt -0.181667 0.728333
vn 0.707107 0.000000 -0.707107
f 3119/10633/10633 3120/10634/10634 3112/10635/10635 3111/10636/10636
vt -0.191667 0.716667
vn 1.000000 0.000000 0.000000
vt -0.191667 0.700000
vn 1.000000 0.000000 0.000000
vt -0.181667 0.700000
vn 1.000000 0.000000 0.000000
vt -0.181667 0.716667
vn 1.000000 0.000000 0.000000
f 3120/10637/10637 3113/10638/10638 3105/10639/10639 3112/10640/10640
vt 1.776165 0.701404
vn -0.555649 0.618473 -0.555649
vt 1.785866 0.691703
vn -0.555649 0.618473 -0.555649
vt 1.776250 0.688333
vn -0.555649 0.618473 -0.555649
vt 1.764583 0.700000
vn -0.555649 0.618473 -0.555649
f 3121/10641/10641 3122/10642/10642 3114/10643/10643 3113/10644/10644
vt 1.785866 -0.180000
vn 0.000000 0.277457 -0.960738
vt 1.880800 -0.180000
vn 0.000000 0.277457 -0.960738
vt 1.890417 -0.191667
vn 0.000000 0.277457 -0.960738
vt 1.776250 -0.191667
vn 0.000000 0.277457 -0.960738
f 3122/10645/10645 3123/10646/10646 3115/10647/10647 3114/10648/10648
vt 1.880800 0.691703
vn 0.555649 0.618473 -0.555649
vt 1.890501 0.701404
vn 0.555649 0.618473 -0.555649
vt 1.902083 0.700000
vn 0.555649 0.618473 -0.555649
vt 1.890417 0.688333
vn 0.555649 0.618473 -0.555649
f 3123/10649/10649 3124/10650/10650 3116/10651/10651 3115/10652/10652
vt -0.180000 0.701404
vn 0.709680 0.704524 -0.000000
vt -0.180000 0.715263
vn 0.709680 0.704524 -0.000000
vt -0.191667 0.716667
vn 0.709680 0.704524 -0.000000
vt -0.191667 0.700000
vn 0.709680 0.704524 -0.000000
f 3124/10653/10653 3125/10654/10654 3117/10655/10655 3116/10656/10656
vt 1.890501 0.715263
vn 0.555649 0.618473 0.555649
vt 1.880800 0.724964
vn 0.555649 0.618473 0.555649
vt 1.890417 0.728333
vn 0.555649 0.618473 0.555649
vt 1.902083 0.716667
vn 0.555649 0.618473 0.555649
f 3125/10657/10657 3126/10658/10658 3118/10659/10659 3117/10660/10660
vt 1.880800 -0.180000
vn 0.000000 0.277457 0.960738
vt 1.785866 -0.180000
vn 0.000000 0.277457 0.960738
vt 1.776250 -0.191667
vn 0.000000 0.277457 0.960738
vt 1.890417 -0.191667
vn 0.000000 0.277457 0.960738
f 3126/10661/10661 3127/10662/10662 3119/10663/10663 3118/10664/10664
vt 1.785866 0.724964
vn -0.555649 0.618473 0.555649
vt 1.776165 0.715263
vn -0.555649 0.618473 0.555649
vt 1.764583 0.716667
vn -0.555649 0.618473 0.555649
vt 1.776250 0.728333
vn -0.555649 0.618473 0.555649
f 3127/10665/10665 3128/10666/10666 3120/10667/10667 3119/10668/10668
vt -0.180000 0.715263
vn -0.709680 0.704524 0.000000
vt -0.180000 0.701404
vn -0.709680 0.704524 0.000000
vt -0.191667 0.700000
vn -0.709680 0.704524 0.000000
vt -0.191667 0.716667
vn -0.709680 0.704524 0.000000
f 3128/10669/10669 3121/10670/10670 3113/10671/10671 3120/10672/10672
v 23.813983 -2.320000 8.416846
v 23.930398 -2.320000 8.300431
v 25.069602 -2.320000 8.300431
v 25.186017 -2.320000 8.416846
v 25.186017 -2.320000 8.583154
v 25.069602 -2.320000 8.699569
v 23.930398 -2.320000 8.699569
v 23.813983 -2.320000 8.583154
v 23.675000 -2.180000 8.400000
v 23.815000 -2.180000 8.260000
v 25.185000 -2.180000 8.260000
v 25.325000 -2.180000 8.400000
v 25.325000 -2.180000 8.600000
v 25.185000 -2.180000 8.740000
v 23.815000 -2.180000 8.740000
v 23.675000 -2.180000 8.600000
v 23.675000 -2.300000 8.400000
v 23.815000 -2.300000 8.260000
v 25.185000 -2.300000 8.260000
v 25.325000 -2.300000 8.400000
v 25.325000 -2.300000 8.600000
v 25.185000 -2.300000 8.740000
v 23.815000 -2.300000 8.740000
v 23.675000 -2.300000 8.600000
v 23.813983 -2.160000 8.416846
v 23.930398 -2.160000 8.300431
v 25.069602 -2.160000 8.300431
v 25.186017 -2.160000 8.416846
v 25.186017 -2.160000 8.583154
v 25.069602 -2.160000 8.699569
v 23.930398 -2.160000 8.699569
v 23.813983 -2.160000 8.583154
vt 1.984499 0.701404
vn 0.000000 -1.000000 0.000000
vt 1.994200 0.691703
vn 0.000000 -1.000000 0.000000
vt 2.089134 0.691703
vn 0.000000 -1.000000 0.000000
vt 2.098835 0.701404
vn 0.000000 -1.000000 0.000000
vt 2.098835 0.715263
vn 0.000000 -1.000000 0.000000
vt 2.089134 0.724964
vn 0.000000 -1.000000 0.000000
vt 1.994200 0.724964
vn 0.000000 -1.000000 0.000000
vt 1.984499 0.715263
vn 0.000000 -1.000000 0.000000
f 3129/10673/10673 3130/10674/10674 3131/10675/10675 3132/10676/10676 3133/10677/10677 3134/10678/10678 3135/10679/10679 3136/10680/10680
vt 1.984499 0.715263
vn 0.000000 1.000000 0.000000
vt 1.994200 0.724964
vn 0.000000 1.000000 0.000000
vt 2.089134 0.724964
vn 0.000000 1.000000 0.000000
vt 2.098835 0.715263
vn 0.000000 1.000000 0.000000
vt 2.098835 0.701404
vn 0.000000 1.000000 0.000000
vt 2.089134 0.691703
vn 0.000000 1.000000 0.000000
vt 1.994200 0.691703
vn 0.000000 1.000000 0.000000
vt 1.984499 0.701404
vn 0.000000 1.000000 0.000000
f 3160/10681/10681 3159/10682/10682 3158/10683/10683 3157/10684/10684 3156/10685/10685 3155/10686/10686 3154/10687/10687 3153/10688/10688
vt 1.972917 0.700000
vn -0.555649 -0.618473 -0.555649
vt 1.984583 0.688333
vn -0.555649 -0.618473 -0.555649
vt 1.994200 0.691703
vn -0.555649 -0.618473 -0.555649
vt 1.984499 0.701404
vn -0.555649 -0.618473 -0.555649
f 3137/10689/10689 3138/10690/10690 3130/10691/10691 3129/10692/10692
vt 1.984583 -0.181667
vn 0.000000 -0.277457 -0.960738
vt 2.098750 -0.181667
vn 0.000000 -0.277457 -0.960738
vt 2.089134 -0.193333
vn 0.000000 -0.277457 -0.960738
vt 1.994200 -0.193333
vn 0.000000 -0.277457 -0.960738
f 3138/10693/10693 3139/10694/10694 3131/10695/10695 3130/10696/10696
vt 2.098750 0.688333
vn 0.555649 -0.618473 -0.555649
vt 2.110417 0.700000
vn 0.555649 -0.618473 -0.555649
vt 2.098835 0.701404
vn 0.555649 -0.618473 -0.555649
vt 2.089134 0.691703
vn 0.555649 -0.618473 -0.555649
f 3139/10697/10697 3140/10698/10698 3132/10699/10699 3131/10700/10700
vt -0.181667 0.700000
vn 0.709680 -0.704524 0.000000
vt -0.181667 0.716667
vn 0.709680 -0.704524 0.000000
vt -0.193333 0.715263
vn 0.709680 -0.704524 0.000000
vt -0.193333 0.701404
vn 0.709680 -0.704524 0.000000
f 3140/10701/10701 3141/10702/10702 3133/10703/10703 3132/10704/10704
vt 2.110417 0.716667
vn 0.555649 -0.618473 0.555649
vt 2.098750 0.728333
vn 0.555649 -0.618473 0.555649
vt 2.089134 0.724964
vn 0.555649 -0.618473 0.555649
vt 2.098835 0.715263
vn 0.555649 -0.618473 0.555649
f 3141/10705/10705 3142/10706/10706 3134/10707/10707 3133/10708/10708
vt 2.098750 -0.181667
vn 0.000000 -0.277457 0.960738
vt 1.984583 -0.181667
vn 0.000000 -0.277457 0.960738
vt 1.994200 -0.193333
vn 0.000000 -0.277457 0.960738
vt 2.089134 -0.193333
vn 0.000000 -0.277457 0.960738
f 3142/10709/10709 3143/10710/10710 3135/10711/10711 3134/10712/10712
vt 1.984583 0.728333
vn -0.555649 -0.618473 0.555649
vt 1.972917 0.716667
vn -0.555649 -0.618473 0.555649
vt 1.984499 0.715263
vn -0.555649 -0.618473 0.555649
vt 1.994200 0.724964
vn -0.555649 -0.618473 0.555649
f 3143/10713/10713 3144/10714/10714 3136/10715/10715 3135/10716/10716
vt -0.181667 0.716667
vn -0.709680 -0.704524 -0.000000
vt -0.181667 0.700000
vn -0.709680 -0.704524 -0.000000
vt -0.193333 0.701404
vn -0.709680 -0.704524 -0.000000
vt -0.193333 0.715263
vn -0.709680 -0.704524 -0.000000
f 3144/10717/10717 3137/10718/10718 3129/10719/10719 3136/10720/10720
vt -0.191667 0.700000
vn 0.707107 0.000000 0.707107
vt -0.191667 0.688333
vn 0.707107 0.000000 0.707107
vt -0.181667 0.688333
vn 0.707107 0.000000 0.707107
vt -0.181667 0.700000
vn 0.707107 0.000000 0.707107
f 3145/10721/10721 3146/10722/10722 3138/10723/10723 3137/10724/10724
vt 1.984583 -0.191667
vn 0.000000 0.000000 1.000000
vt 2.098750 -0.191667
vn 0.000000 0.000000 1.000000
vt 2.098750 -0.181667
vn 0.000000 0.000000 1.000000
vt 1.984583 -0.181667
vn 0.000000 0.000000 1.000000
f 3146/10725/10725 3147/10726/10726 3139/10727/10727 3138/10728/10728
vt -0.191667 0.688333
vn -0.707107 0.000000 0.707107
vt -0.191667 0.700000
vn -0.707107 0.000000 0.707107
vt -0.181667 0.700000
vn -0.707107 0.000000 0.707107
vt -0.181667 0.688333
vn -0.707107 0.000000 0.707107
f 3147/10729/10729 3148/10730/10730 3140/10731/10731 3139/10732/10732
vt -0.191667 0.700000
vn -1.000000 0.000000 0.000000
vt -0.191667 0.716667
vn -1.000000 0.000000 0.000000
vt -0.181667 0.716667
vn -1.000000 0.000000 0.000000
vt -0.181667 0.700000
vn -1.000000 0.000000 0.000000
f 3148/10733/10733 3149/10734/10734 3141/10735/10735 3140/10736/10736
vt -0.191667 0.716667
vn -0.707107 0.000000 -0.707107
vt -0.191667 0.728333
vn -0.707107 0.000000 -0.707107
vt -0.181667 0.728333
vn -0.707107 0.000000 -0.707107
vt -0.181667 0.716667
vn -0.707107 0.000000 -0.707107
f 3149/10737/10737 3150/10738/10738 3142/10739/10739 3141/10740/10740
vt 2.098750 -0.191667
vn 0.000000 0.000000 -1.000000
vt 1.984583 -0.191667
vn 0.000000 0.000000 -1.000000
vt 1.984583 -0.181667
vn 0.000000 0.000000 -1.000000
vt 2.098750 -0.181667
vn 0.000000 0.000000 -1.000000
f 3150/10741/10741 3151/10742/10742 3143/10743/10743 3142/10744/10744
vt -0.191667 0.728333
vn 0.707107 0.000000 -0.707107
vt -0.191667 0.716667
vn 0.707107 0.000000 -0.707107
vt -0.181667 0.716667
vn 0.707107 0.000000 -0.707107
vt -0.181667 0.728333
vn 0.707107 0.000000 -0.707107
f 3151/10745/10745 3152/10746/10746 3144/10747/10747 3143/10748/10748
vt -0.191667 0.716667
vn 1.000000 0.000000 0.000000
vt -0.191667 0.700000
vn 1.000000 0.000000 0.000000
vt -0.181667 0.700000
vn 1.000000 0.000000 0.000000
vt -0.181667 0.716667
vn 1.000000 0.000000 0.000000
f 3152/10749/10749 3145/10750/10750 3137/10751/10751 3144/10752/10752
vt 1.984499 0.701404
vn -0.555649 0.618473 -0.555649
vt 1.994200 0.691703
vn -0.555649 0.618473 -0.555649
vt 1.984583 0.688333
vn -0.555649 0.618473 -0.555649
vt 1.972917 0.700000
vn -0.555649 0.618473 -0.555649
f 3153/10753/10753 3154/10754/10754 3146/10755/10755 3145/10756/10756
vt 1.994200 -0.180000
vn 0.000000 0.277457 -0.960738
vt 2.089134 -0.180000
vn 0.000000 0.277457 -0.960738
vt 2.098750 -0.191667
vn 0.000000 0.277457 -0.960738
vt 1.984583 -0.191667
vn 0.000000 0.277457 -0.960738
f 3154/10757/10757 3155/10758/10758 3147/10759/10759 3146/10760/10760
vt 2.089134 0.691703
vn 0.555649 0.618473 -0.555649
vt 2.098835 0.701404
vn 0.555649 0.618473 -0.555649
vt 2.110417 0.700000
vn 0.555649 0.618473 -0.555649
vt 2.098750 0.688333
vn 0.555649 0.618473 -0.555649
f 3155/10761/10761 3156/10762/10762 3148/10763/10763 3147/10764/10764
vt -0.180000 0.701404
vn 0.709680 0.704524 -0.000000
vt -0.180000 0.715263
vn 0.709680 0.704524 -0.000000
vt -0.191667 0.716667
vn 0.709680 0.704524 -0.000000
vt -0.191667 0.700000
vn 0.709680 0.704524 -0.000000
f 3156/10765/10765 3157/10766/10766 3149/10767/10767 3148/10768/10768
vt 2.098835 0.715263
vn 0.555649 0.618473 0.555649
vt 2.089134 0.724964
vn 0.555649 0.618473 0.555649
vt 2.098750 0.728333
vn 0.555649 0.618473 0.555649
vt 2.110417 0.716667
vn 0.555649 0.618473 0.555649
f 3157/10769/10769 3158/10770/10770 3150/10771/10771 3149/10772/10772
vt 2.089134 -0.180000
vn 0.000000 0.277457 0.960738
vt 1.994200 -0.180000
vn 0.000000 0.277457 0.960738
vt 1.984583 -0.191667
vn 0.000000 0.277457 0.960738
vt 2.098750 -0.191667
vn 0.000000 0.277457 0.960738
f 3158/10773/10773 3159/10774/10774 3151/10775/10775 3150/10776/10776
vt 1.994200 0.724964
vn -0.555649 0.618473 0.555649
vt 1.984499 0.715263
vn -0.555649 0.618473 0.555649
vt 1.972917 0.716667
vn -0.555649 0.618473 0.555649
vt 1.984583 0.728333
vn -0.555649 0.618473 0.555649
f 3159/10777/10777 3160/10778/10778 3152/10779/10779 3151/10780/10780
vt -0.180000 0.715263
vn -0.709680 0.704524 0.000000
vt -0.180000 0.701404
vn -0.709680 0.704524 0.000000
vt -0.191667 0.700000
vn -0.709680 0.704524 0.000000
vt -0.191667 0.716667
vn -0.709680 0.704524 0.000000
f 3160/10781/10781 3153/10782/10782 3145/10783/10783 3152/10784/10784
v 16.313983 2.160000 8.416846
v 16.430398 2.160000 8.300431
v 17.569602 2.160000 8.300431
v 17.686017 2.160000 8.416846
v 17.686017 2.160000 8.583154
v 17.569602 2.160000 8.699569
v 16.430398 2.160000 8.699569
v 16.313983 2.160000 8.583154
v 16.175000 2.300000 8.400000
v 16.315000 2.300000 8.260000
v 17.685000 2.300000 8.260000
v 17.825000 2.300000 8.400000
v 17.825000 2.300000 8.600000
v 17.685000 2.300000 8.740000
v 16.315000 2.300000 8.740000
v 16.175000 2.300000 8.600000
v 16.175000 2.180000 8.400000
v 16.315000 2.180000 8.260000
v 17.685000 2.180000 8.260000
v 17.825000 2.180000 8.400000
v 17.825000 2.180000 8.600000
v 17.685000 2.180000 8.740000
v 16.315000 2.180000 8.740000
v 16.175000 2.180000 8.600000
v 16.313983 2.320000 8.416846
v 16.430398 2.320000 8.300431
v 17.569602 2.320000 8.300431
v 17.686017 2.320000 8.416846
v 17.686017 2.320000 8.583154
v 17.569602 2.320000 8.699569
v 16.430398 2.320000 8.699569
v 16.313983 2.320000 8.583154
vt 1.359499 0.701404
vn 0.000000 -1.000000 0.000000
vt 1.369200 0.691703
vn 0.000000 -1.000000 0.000000
vt 1.464134 0.691703
vn 0.000000 -1.000000 0.000000
vt 1.473835 0.701404
vn 0.000000 -1.000000 0.000000
vt 1.473835 0.715263
vn 0.000000 -1.000000 0.000000
vt 1.464134 0.724964
vn 0.000000 -1.000000 0.000000
vt 1.369200 0.724964
vn 0.000000 -1.000000 0.000000
vt 1.359499 0.715263
vn 0.000000 -1.000000 0.000000
f 3161/10785/10785 3162/10786/10786 3163/10787/10787 3164/10788/10788 3165/10789/10789 3166/10790/10790 3167/10791/10791 3168/10792/10792
vt 1.359499 0.715263
vn 0.000000 1.000000 0.000000
vt 1.369200 0.724964
vn 0.000000 1.000000 0.000000
vt 1.464134 0.724964
vn 0.000000 1.000000 0.000000
vt 1.473835 0.715263
vn 0.000000 1.000000 0.000000
vt 1.473835 0.701404
vn 0.000000 1.000000 0.000000
vt 1.464134 0.691703
vn 0.000000 1.000000 0.000000
vt 1.369200 0.691703
vn 0.000000 1.000000 0.000000
vt 1.359499 0.701404
vn 0.000000 1.000000 0.000000
f 3192/10793/10793 3191/10794/10794 3190/10795/10795 3189/10796/10796 3188/10797/10797 3187/10798/10798 3186/10799/10799 3185/10800/10800
vt 1.347917 0.700000
vn -0.555649 -0.618473 -0.555649
vt 1.359583 0.688333
vn -0.555649 -0.618473 -0.555649
vt 1.369200 0.691703
vn -0.555649 -0.618473 -0.555649
vt 1.359499 0.701404
vn -0.555649 -0.618473 -0.555649
f 3169/10801/10801 3170/10802/10802 3162/10803/10803 3161/10804/10804
vt 1.359583 0.191667
vn 0.000000 -0.277457 -0.960738
vt 1.473750 0.191667
vn 0.000000 -0.277457 -0.960738
vt 1.464134 0.180000
vn 0.000000 -0.277457 -0.960738
vt 1.369200 0.180000
vn 0.000000 -0.277457 -0.960738
f 3170/10805/10805 3171/10806/10806 3163/10807/10807 3162/10808/10808
vt 1.473750 0.688333
vn 0.555649 -0.618473 -0.555649
vt 1.485417 0.700000
vn 0.555649 -0.618473 -0.555649
vt 1.473835 0.701404
vn 0.555649 -0.618473 -0.555649
vt 1.464134 0.691703
vn 0.555649 -0.618473 -0.555649
f 3171/10809/10809 3172/10810/10810 3164/10811/10811 3163/10812/10812
vt 0.191667 0.700000
vn 0.709680 -0.704524 0.000000
vt 0.191667 0.716667
vn 0.709680 -0.704524 0.000000
vt 0.180000 0.715263
vn 0.709680 -0.704524 0.000000
vt 0.180000 0.701404
vn 0.709680 -0.704524 0.000000
f 3172/10813/10813 3173/10814/10814 3165/10815/10815 3164/10816/10816
vt 1.485417 0.716667
vn 0.555649 -0.618473 0.555649
vt 1.473750 0.728333
vn 0.555649 -0.618473 0.555649
vt 1.464134 0.724964
vn 0.555649 -0.618473 0.555649
vt 1.473835 0.715263
vn 0.555649 -0.618473 0.555649
f 3173/10817/10817 3174/10818/10818 3166/10819/10819 3165/10820/10820
vt 1.473750 0.191667
vn 0.000000 -0.277457 0.960738
vt 1.359583 0.191667
vn 0.000000 -0.277457 0.960738
vt 1.369200 0.180000
vn 0.000000 -0.277457 0.960738
vt 1.464134 0.180000
vn 0.000000 -0.277457 0.960738
f 3174/10821/10821 3175/10822/10822 3167/10823/10823 3166/10824/10824
vt 1.359583 0.728333
vn -0.555649 -0.618473 0.555649
vt 1.347917 0.716667
vn -0.555649 -0.618473 0.555649
vt 1.359499 0.715263
vn -0.555649 -0.618473 0.555649
vt 1.369200 0.724964
vn -0.555649 -0.618473 0.555649
f 3175/10825/10825 3176/10826/10826 3168/10827/10827 3167/10828/10828
vt 0.191667 0.716667
vn -0.709680 -0.704524 -0.000000
vt 0.191667 0.700000
vn -0.709680 -0.704524 -0.000000
vt 0.180000 0.701404
vn -0.709680 -0.704524 -0.000000
vt 0.180000 0.715263
vn -0.709680 -0.704524 -0.000000
f 3176/10829/10829 3169/10830/10830 3161/10831/10831 3168/10832/10832
vt 0.181667 0.700000
vn 0.707107 0.000000 0.707107
vt 0.181667 0.688333
vn 0.707107 0.000000 0.707107
vt 0.191667 0.688333
vn 0.707107 0.000000 0.707107
vt 0.191667 0.700000
vn 0.707107 0.000000 0.707107
f 3177/10833/10833 3178/10834/10834 3170/10835/10835 3169/10836/10836
vt 1.359583 0.181667
vn 0.000000 0.000000 1.000000
vt 1.473750 0.181667
vn 0.000000 0.000000 1.000000
vt 1.473750 0.191667
vn 0.000000 0.000000 1.000000
vt 1.359583 0.191667
vn 0.000000 0.000000 1.000000
f 3178/10837/10837 3179/10838/10838 3171/10839/10839 3170/10840/10840
vt 0.181667 0.688333
vn -0.707107 0.000000 0.707107
vt 0.181667 0.700000
vn -0.707107 0.000000 0.707107
vt 0.191667 0.700000
vn -0.707107 0.000000 0.707107
vt 0.191667 0.688333
vn -0.707107 0.000000 0.707107
f 3179/10841/10841 3180/10842/10842 3172/10843/10843 3171/10844/10844
vt 0.181667 0.700000
vn -1.000000 0.000000 0.000000
vt 0.181667 0.716667
vn -1.000000 0.000000 0.000000
vt 0.191667 0.716667
vn -1.000000 0.000000 0.000000
vt 0.191667 0.700000
vn -1.000000 0.000000 0.000000
f 3180/10845/10845 3181/10846/10846 3173/10847/10847 3172/10848/10848
vt 0.181667 0.716667
vn -0.707107 0.000000 -0.707107
vt 0.181667 0.728333
vn -0.707107 0.000000 -0.707107
vt 0.191667 0.728333
vn -0.707107 0.000000 -0.707107
vt 0.191667 0.716667
vn -0.707107 0.000000 -0.707107
f 3181/10849/10849 3182/10850/10850 3174/10851/10851 3173/10852/10852
vt 1.473750 0.181667
vn 0.000000 0.000000 -1.000000
vt 1.359583 0.181667
vn 0.000000 0.000000 -1.000000
vt 1.359583 0.191667
vn 0.000000 0.000000 -1.000000
vt 1.473750 0.191667
vn 0.000000 0.000000 -1.000000
f 3182/10853/10853 3183/10854/10854 3175/10855/10855 3174/10856/10856
vt 0.181667 0.728333
vn 0.707107 0.000000 -0.707107
vt 0.181667 0.716667
vn 0.707107 0.000000 -0.707107
vt 0.191667 0.716667
vn 0.707107 0.000000 -0.707107
vt 0.191667 0.728333
vn 0.707107 0.000000 -0.707107
f 3183/10857/10857 3184/10858/10858 3176/10859/10859 3175/10860/10860
vt 0.181667 0.716667
vn 1.000000 0.000000 0.000000
vt 0.181667 0.700000
vn 1.000000 0.000000 0.000000
vt 0.191667 0.700000
vn 1.000000 0.000000 0.000000
vt 0.191667 0.716667
vn 1.000000 0.000000 0.000000
f 3184/10861/10861 3177/10862/10862 3169/10863/10863 3176/10864/10864
vt 1.359499 0.701404
vn -0.555649 0.618473 -0.555649
vt 1.369200 0.691703
vn -0.555649 0.618473 -0.555649
vt 1.359583 0.688333
vn -0.555649 0.618473 -0.555649
vt 1.347917 0.700000
vn -0.555649 0.618473 -0.555649
f 3185/10865/10865 3186/10866/10866 3178/10867/10867 3177/10868/10868
vt 1.369200 0.193333
vn 0.000000 0.277457 -0.960738
vt 1.464134 0.193333
vn 0.000000 0.277457 -0.960738
vt 1.473750 0.181667
vn 0.000000 0.277457 -0.960738
vt 1.359583 0.181667
vn 0.000000 0.277457 -0.960738
f 3186/10869/10869 3187/10870/10870 3179/10871/10871 3178/10872/10872
vt 1.464134 0.691703
vn 0.555649 0.618473 -0.555649
vt 1.473835 0.701404
vn 0.555649 0.618473 -0.555649
vt 1.485417 0.700000
vn 0.555649 0.618473 -0.555649
vt 1.473750 0.688333
vn 0.555649 0.618473 -0.555649
f 3187/10873/10873 3188/10874/10874 3180/10875/10875 3179/10876/10876
vt 0.193333 0.701404
vn 0.709680 0.704524 -0.000000
vt 0.193333 0.715263
vn 0.709680 0.704524 -0.000000
vt 0.181667 0.716667
vn 0.709680 0.704524 -0.000000
vt 0.181667 0.700000
vn 0.709680 0.704524 -0.000000
f 3188/10877/10877 3189/10878/10878 3181/10879/10879 3180/10880/10880
vt 1.473835 0.715263
vn 0.555649 0.618473 0.555649
vt 1.464134 0.724964
vn 0.555649 0.618473 0.555649
vt 1.473750 0.728333
vn 0.555649 0.618473 0.555649
vt 1.485417 0.716667
vn 0.555649 0.618473 0.555649
f 3189/10881/10881 3190/10882/10882 3182/10883/10883 3181/10884/10884
vt 1.464134 0.193333
vn 0.000000 0.277457 0.960738
vt 1.369200 0.193333
vn 0.000000 0.277457 0.960738
vt 1.359583 0.181667
vn 0.000000 0.277457 0.960738
vt 1.473750 0.181667
vn 0.000000 0.277457 0.960738
f 3190/10885/10885 3191/10886/10886 3183/10887/10887 3182/10888/10888
vt 1.369200 0.724964
vn -0.555649 0.618473 0.555649
vt 1.359499 0.715263
vn -0.555649 0.618473 0.555649
vt 1.347917 0.716667
vn -0.555649 0.618473 0.555649
vt 1.359583 0.728333
vn -0.555649 0.618473 0.555649
f 3191/10889/10889 3192/10890/10890 3184/10891/10891 3183/10892/10892
vt 0.193333 0.715263
vn -0.709680 0.704524 0.000000
vt 0.193333 0.701404
vn -0.709680 0.704524 0.000000
vt 0.181667 0.700000
vn -0.709680 0.704524 0.000000
vt 0.181667 0.716667
vn -0.709680 0.704524 0.000000
f 3192/10893/10893 3185/10894/10894 3177/10895/10895 3184/10896/10896
v 18.813983 2.160000 8.416846
v 18.930398 2.160000 8.300431
v 20.069602 2.160000 8.300431
v 20.186017 2.160000 8.416846
v 20.186017 2.160000 8.583154
v 20.069602 2.160000 8.699569
v 18.930398 2.160000 8.699569
v 18.813983 2.160000 8.583154
v 18.675000 2.300000 8.400000
v 18.815000 2.300000 8.260000
v 20.185000 2.300000 8.260000
v 20.325000 2.300000 8.400000
v 20.325000 2.300000 8.600000
v 20.185000 2.300000 8.740000
v 18.815000 2.300000 8.740000
v 18.675000 2.300000 8.600000
v 18.675000 2.180000 8.400000
v 18.815000 2.180000 8.260000
v 20.185000 2.180000 8.260000
v 20.325000 2.180000 8.400000
v 20.325000 2.180000 8.600000
v 20.185000 2.180000 8.740000
v 18.815000 2.180000 8.740000
v 18.675000 2.180000 8.600000
v 18.813983 2.320000 8.416846
v 18.930398 2.320000 8.300431
v 20.069602 2.320000 8.300431
v 20.186017 2.320000 8.416846
v 20.186017 2.320000 8.583154
v 20.069602 2.320000 8.699569
v 18.930398 2.320000 8.699569
v 18.813983 2.320000 8.583154
vt 1.567832 0.701404
vn 0.000000 -1.000000 0.000000
vt 1.577533 0.691703
vn 0.000000 -1.000000 0.000000
vt 1.672467 0.691703
vn 0.000000 -1.000000 0.000000
vt 1.682168 0.701404
vn 0.000000 -1.000000 0.000000
vt 1.682168 0.715263
vn 0.000000 -1.000000 0.000000
vt 1.672467 0.724964
vn 0.000000 -1.000000 0.000000
vt 1.577533 0.724964
vn 0.000000 -1.000000 0.000000
vt 1.567832 0.715263
vn 0.000000 -1.000000 0.000000
f 3193/10897/10897 3194/10898/10898 3195/10899/10899 3196/10900/10900 3197/10901/10901 3198/10902/10902 3199/10903/10903 3200/10904/10904
vt 1.567832 0.715263
vn 0.000000 1.000000 0.000000
vt 1.577533 0.724964
vn 0.000000 1.000000 0.000000
vt 1.672467 0.724964
vn 0.000000 1.000000 0.000000
vt 1.682168 0.715263
vn 0.000000 1.000000 0.000000
vt 1.682168 0.701404
vn 0.000000 1.000000 0.000000
vt 1.672467 0.691703
vn 0.000000 1.000000 0.000000
vt 1.577533 0.691703
vn 0.000000 1.000000 0.000000
vt 1.567832 0.701404
vn 0.000000 1.000000 0.000000
f 3224/10905/10905 3223/10906/10906 3222/10907/10907 3221/10908/10908 3220/10909/10909 3219/10910/10910 3218/10911/10911 3217/10912/10912
vt 1.556250 0.700000
vn -0.555649 -0.618473 -0.555649
vt 1.567917 0.688333
vn -0.555649 -0.618473 -0.555649
vt 1.577533 0.691703
vn -0.555649 -0.618473 -0.555649
vt 1.567832 0.701404
vn -0.555649 -0.618473 -0.555649
f 3201/10913/10913 3202/10914/10914 3194/10915/10915 3193/10916/10916
vt 1.567917 0.191667
vn 0.000000 -0.277457 -0.960738
vt 1.682083 0.191667
vn 0.000000 -0.277457 -0.960738
vt 1.672467 0.180000
vn 0.000000 -0.277457 -0.960738
vt 1.577533 0.180000
vn 0.000000 -0.277457 -0.960738
f 3202/10917/10917 3203/10918/10918 3195/10919/10919 3194/10920/10920
vt 1.682083 0.688333
vn 0.555649 -0.618473 -0.555649
vt 1.693750 0.700000
vn 0.555649 -0.618473 -0.555649
vt 1.682168 0.701404
vn 0.555649 -0.618473 -0.555649
vt 1.672467 0.691703
vn 0.555649 -0.618473 -0.555649
f 3203/10921/10921 3204/10922/10922 3196/10923/10923 3195/10924/10924
vt 0.191667 0.700000
vn 0.709680 -0.704524 0.000000
vt 0.191667 0.716667
vn 0.709680 -0.704524 0.000000
vt 0.180000 0.715263
vn 0.709680 -0.704524 0.000000
vt 0.180000 0.701404
vn 0.709680 -0.704524 0.000000
f 3204/10925/10925 3205/10926/10926 3197/10927/10927 3196/10928/10928
vt 1.693750 0.716667
vn 0.555649 -0.618473 0.555649
vt 1.682083 0.728333
vn 0.555649 -0.618473 0.555649
vt 1.672467 0.724964
vn 0.555649 -0.618473 0.555649
vt 1.682168 0.715263
vn 0.555649 -0.618473 0.555649
f 3205/10929/10929 3206/10930/10930 3198/10931/10931 3197/10932/10932
vt 1.682083 0.191667
vn 0.000000 -0.277457 0.960738
vt 1.567917 0.191667
vn 0.000000 -0.277457 0.960738
vt 1.577533 0.180000
vn 0.000000 -0.277457 0.960738
vt 1.672467 0.180000
vn 0.000000 -0.277457 0.960738
f 3206/10933/10933 3207/10934/10934 3199/10935/10935 3198/10936/10936
vt 1.567917 0.728333
vn -0.555649 -0.618473 0.555649
vt 1.556250 0.716667
vn -0.555649 -0.618473 0.555649
vt 1.567832 0.715263
vn -0.555649 -0.618473 0.555649
vt 1.577533 0.724964
vn -0.555649 -0.618473 0.555649
f 3207/10937/10937 3208/10938/10938 3200/10939/10939 3199/10940/10940
vt 0.191667 0.716667
vn -0.709680 -0.704524 -0.000000
vt 0.191667 0.700000
vn -0.709680 -0.704524 -0.000000
vt 0.180000 0.701404
vn -0.709680 -0.704524 -0.000000
vt 0.180000 0.715263
vn -0.709680 -0.704524 -0.000000
f 3208/10941/10941 3201/10942/10942 3193/10943/10943 3200/10944/10944
vt 0.181667 0.700000
vn 0.707107 0.000000 0.707107
vt 0.181667 0.688333
vn 0.707107 0.000000 0.707107
vt 0.191667 0.688333
vn 0.707107 0.000000 0.707107
vt 0.191667 0.700000
vn 0.707107 0.000000 0.707107
f 3209/10945/10945 3210/10946/10946 3202/10947/10947 3201/10948/10948
vt 1.567917 0.181667
vn 0.000000 0.000000 1.000000
vt 1.682083 0.181667
vn 0.000000 0.000000 1.000000
vt 1.682083 0.191667
vn 0.000000 0.000000 1.000000
vt 1.567917 0.191667
vn 0.000000 0.000000 1.000000
f 3210/10949/10949 3211/10950/10950 3203/10951/10951 3202/10952/10952
vt 0.181667 0.688333
vn -0.707107 0.000000 0.707107
vt 0.181667 0.700000
vn -0.707107 0.000000 0.707107
vt 0.191667 0.700000
vn -0.707107 0.000000 0.707107
vt 0.191667 0.688333
vn -0.707107 0.000000 0.707107
f 3211/10953/10953 3212/10954/10954 3204/10955/10955 3203/10956/10956
vt 0.181667 0.700000
vn -1.000000 0.000000 0.000000
vt 0.181667 0.716667
vn -1.000000 0.000000 0.000000
vt 0.191667 0.716667
vn -1.000000 0.000000 0.000000
vt 0.191667 0.700000
vn -1.000000 0.000000 0.000000
f 3212/10957/10957 3213/10958/10958 3205/10959/10959 3204/10960/10960
vt 0.181667 0.716667
vn -0.707107 0.000000 -0.707107
vt 0.181667 0.728333
vn -0.707107 0.000000 -0.707107
vt 0.191667 0.728333
vn -0.707107 0.000000 -0.707107
vt 0.191667 0.716667
vn -0.707107 0.000000 -0.707107
f 3213/10961/10961 3214/10962/10962 3206/10963/10963 3205/10964/10964
vt 1.682083 0.181667
vn 0.000000 0.000000 -1.000000
vt 1.567917 0.181667
vn 0.000000 0.000000 -1.000000
vt 1.567917 0.191667
vn 0.000000 0.000000 -1.000000
vt 1.682083 0.191667
vn 0.000000 0.000000 -1.000000
f 3214/10965/10965 3215/10966/10966 3207/10967/10967 3206/10968/10968
vt 0.181667 0.728333
vn 0.707107 0.000000 -0.707107
vt 0.181667 0.716667
vn 0.707107 0.000000 -0.707107
vt 0.191667 0.716667
vn 0.707107 0.000000 -0.707107
vt 0.191667 0.728333
vn 0.707107 0.000000 -0.707107
f 3215/10969/10969 3216/10970/10970 3208/10971/10971 3207/10972/10972
vt 0.181667 0.716667
vn 1.000000 0.000000 0.000000
vt 0.181667 0.700000
vn 1.000000 0.000000 0.000000
vt 0.191667 0.700000
vn 1.000000 0.000000 0.000000
vt 0.191667 0.716667
vn 1.000000 0.000000 0.000000
f 3216/10973/10973 3209/10974/10974 3201/10975/10975 3208/10976/10976
vt 1.567832 0.701404
vn -0.555649 0.618473 -0.555649
vt 1.577533 0.691703
vn -0.555649 0.618473 -0.555649
vt 1.567917 0.688333
vn -0.555649 0.618473 -0.555649
vt 1.556250 0.700000
vn -0.555649 0.618473 -0.555649
f 3217/10977/10977 3218/10978/10978 3210/10979/10979 3209/10980/10980
vt 1.577533 0.193333
vn 0.000000 0.277457 -0.960738
vt 1.672467 0.193333
vn 0.000000 0.277457 -0.960738
vt 1.682083 0.181667
vn 0.000000 0.277457 -0.960738
vt 1.567917 0.181667
vn 0.000000 0.277457 -0.960738
f 3218/10981/10981 3219/10982/10982 3211/10983/10983 3210/10984/10984
vt 1.672467 0.691703
vn 0.555649 0.618473 -0.555649
vt 1.682168 0.701404
vn 0.555649 0.618473 -0.555649
vt 1.693750 0.700000
vn 0.555649 0.618473 -0.555649
vt 1.682083 0.688333
vn 0.555649 0.618473 -0.555649
f 3219/10985/10985 3220/10986/10986 3212/10987/10987 3211/10988/10988
vt 0.193333 0.701404
vn 0.709680 0.704524 -0.000000
vt 0.193333 0.715263
vn 0.709680 0.704524 -0.000000
vt 0.181667 0.716667
vn 0.709680 0.704524 -0.000000
vt 0.181667 0.700000
vn 0.709680 0.704524 -0.000000
f 3220/10989/10989 3221/10990/10990 3213/10991/10991 3212/10992/10992
vt 1.682168 0.715263
vn 0.555649 0.618473 0.555649
vt 1.672467 0.724964
vn 0.555649 0.618473 0.555649
vt 1.682083 0.728333
vn 0.555649 0.618473 0.555649
vt 1.693750 0.716667
vn 0.555649 0.618473 0.555649
f 3221/10993/10993 3222/10994/10994 3214/10995/10995 3213/10996/10996
vt 1.672467 0.193333
vn 0.000000 0.277457 0.960738
vt 1.577533 0.193333
vn 0.000000 0.277457 0.960738
vt 1.567917 0.181667
vn 0.000000 0.277457 0.960738
vt 1.682083 0.181667
vn 0.000000 0.277457 0.960738
f 3222/10997/10997 3223/10998/10998 3215/10999/10999 3214/11000/11000
vt 1.577533 0.724964
vn -0.555649 0.618473 0.555649
vt 1.567832 0.715263
vn -0.555649 0.618473 0.555649
vt 1.556250 0.716667
vn -0.555649 0.618473 0.555649
vt 1.567917 0.728333
vn -0.555649 0.618473 0.555649
f 3223/11001/11001 3224/11002/11002 3216/11003/11003 3215/11004/11004
vt 0.193333 0.715263
vn -0.709680 0.704524 0.000000
vt 0.193333 0.701404
vn -0.709680 0.704524 0.000000
vt 0.181667 0.700000
vn -0.709680 0.704524 0.000000
vt 0.181667 0.716667
vn -0.709680 0.704524 0.000000
f 3224/11005/11005 3217/11006/11006 3209/11007/11007 3216/11008/11008
v 21.313983 2.160000 8.416846
v 21.430398 2.160000 8.300431
v 22.569602 2.160000 8.300431
v 22.686017 2.160000 8.416846
v 22.686017 2.160000 8.583154
v 22.569602 2.160000 8.699569
v 21.430398 2.160000 8.699569
v 21.313983 2.160000 8.583154
v 21.175000 2.300000 8.400000
v 21.315000 2.300000 8.260000
v 22.685000 2.300000 8.260000
v 22.825000 2.300000 8.400000
v 22.825000 2.300000 8.600000
v 22.685000 2.300000 8.740000
v 21.315000 2.300000 8.740000
v 21.175000 2.300000 8.600000
v 21.175000 2.180000 8.400000
v 21.315000 2.180000 8.260000
v 22.685000 2.180000 8.260000
v 22.825000 2.180000 8.400000
v 22.825000 2.180000 8.600000
v 22.685000 2.180000 8.740000
v 21.315000 2.180000 8.740000
v 21.175000 2.180000 8.600000
v 21.313983 2.320000 8.416846
v 21.430398 2.320000 8.300431
v 22.569602 2.320000 8.300431
v 22.686017 2.320000 8.416846
v 22.686017 2.320000 8.583154
v 22.569602 2.320000 8.699569
v 21.430398 2.320000 8.699569
v 21.313983 2.320000 8.583154
vt 1.776165 0.701404
vn 0.000000 -1.000000 0.000000
vt 1.785866 0.691703
vn 0.000000 -1.000000 0.000000
vt 1.880800 0.691703
vn 0.000000 -1.000000 0.000000
vt 1.890501 0.701404
vn 0.000000 -1.000000 0.000000
vt 1.890501 0.715263
vn 0.000000 -1.000000 0.000000
vt 1.880800 0.724964
vn 0.000000 -1.000000 0.000000
vt 1.785866 0.724964
vn 0.000000 -1.000000 0.000000
vt 1.776165 0.715263
vn 0.000000 -1.000000 0.000000
f 3225/11009/11009 3226/11010/11010 3227/11011/11011 3228/11012/11012 3229/11013/11013 3230/11014/11014 3231/11015/11015 3232/11016/11016
vt 1.776165 0.715263
vn 0.000000 1.000000 0.000000
vt 1.785866 0.724964
vn 0.000000 1.000000 0.000000
vt 1.880800 0.724964
vn 0.000000 1.000000 0.000000
vt 1.890501 0.715263
vn 0.000000 1.000000 0.000000
vt 1.890501 0.701404
vn 0.000000 1.000000 0.000000
vt 1.880800 0.691703
vn 0.000000 1.000000 0.000000
vt 1.785866 0.691703
vn 0.000000 1.000000 0.000000
vt 1.776165 0.701404
vn 0.000000 1.000000 0.000000
f 3256/11017/11017 3255/11018/11018 3254/11019/11019 3253/11020/11020 3252/11021/11021 3251/11022/11022 3250/11023/11023 3249/11024/11024
vt 1.764583 0.700000
vn -0.555649 -0.618473 -0.555649
vt 1.776250 0.688333
vn -0.555649 -0.618473 -0.555649
vt 1.785866 0.691703
vn -0.555649 -0.618473 -0.555649
vt 1.776165 0.701404
vn -0.555649 -0.618473 -0.555649
f 3233/11025/11025 3234/11026/11026 3226/11027/11027 3225/11028/11028
vt 1.776250 0.191667
vn 0.000000 -0.277457 -0.960738
vt 1.890417 0.191667
vn 0.000000 -0.277457 -0.960738
vt 1.880800 0.180000
vn 0.000000 -0.277457 -0.960738
vt 1.785866 0.180000
vn 0.000000 -0.277457 -0.960738
f 3234/11029/11029 3235/11030/11030 3227/11031/11031 3226/11032/11032
vt 1.890417 0.688333
vn 0.555649 -0.618473 -0.555649
vt 1.902083 0.700000
vn 0.555649 -0.618473 -0.555649
vt 1.890501 0.701404
vn 0.555649 -0.618473 -0.555649
vt 1.880800 0.691703
vn 0.555649 -0.618473 -0.555649
f 3235/11033/11033 3236/11034/11034 3228/11035/11035 3227/11036/11036
vt 0.191667 0.700000
vn 0.709680 -0.704524 0.000000
vt 0.191667 0.716667
vn 0.709680 -0.704524 0.000000
vt 0.180000 0.715263
vn 0.709680 -0.704524 0.000000
vt 0.180000 0.701404
vn 0.709680 -0.704524 0.000000
f 3236/11037/11037 3237/11038/11038 3229/11039/11039 3228/11040/11040
vt 1.902083 0.716667
vn 0.555649 -0.618473 0.555649
vt 1.890417 0.728333
vn 0.555649 -0.618473 0.555649
vt 1.880800 0.724964
vn 0.555649 -0.618473 0.555649
vt 1.890501 0.715263
vn 0.555649 -0.618473 0.555649
f 3237/11041/11041 3238/11042/11042 3230/11043/11043 3229/11044/11044
vt 1.890417 0.191667
vn 0.000000 -0.277457 0.960738
vt 1.776250 0.191667
vn 0.000000 -0.277457 0.960738
vt 1.785866 0.180000
vn 0.000000 -0.277457 0.960738
vt 1.880800 0.180000
vn 0.000000 -0.277457 0.960738
f 3238/11045/11045 3239/11046/11046 3231/11047/11047 3230/11048/11048
vt 1.776250 0.728333
vn -0.555649 -0.618473 0.555649
vt 1.764583 0.716667
vn -0.555649 -0.618473 0.555649
vt 1.776165 0.715263
vn -0.555649 -0.618473 0.555649
vt 1.785866 0.724964
vn -0.555649 -0.618473 0.555649
f 3239/11049/11049 3240/11050/11050 3232/11051/11051 3231/11052/11052
vt 0.191667 0.716667
vn -0.709680 -0.704524 -0.000000
vt 0.191667 0.700000
vn -0.709680 -0.704524 -0.000000
vt 0.180000 0.701404
vn -0.709680 -0.704524 -0.000000
vt 0.180000 0.715263
vn -0.709680 -0.704524 -0.000000
f 3240/11053/11053 3233/11054/11054 3225/11055/11055 3232/11056/11056
vt 0.181667 0.700000
vn 0.707107 0.000000 0.707107
vt 0.181667 0.688333
vn 0.707107 0.000000 0.707107
vt 0.191667 0.688333
vn 0.707107 0.000000 0.707107
vt 0.191667 0.700000
vn 0.707107 0.000000 0.707107
f 3241/11057/11057 3242/11058/11058 3234/11059/11059 3233/11060/11060
vt 1.776250 0.181667
vn 0.000000 0.000000 1.000000
vt 1.890417 0.181667
vn 0.000000 0.000000 1.000000
vt 1.890417 0.191667
vn 0.000000 0.000000 1.000000
vt 1.776250 0.191667
vn 0.000000 0.000000 1.000000
f 3242/11061/11061 3243/11062/11062 3235/11063/11063 3234/11064/11064
vt 0.181667 0.688333
vn -0.707107 0.000000 0.707107
vt 0.181667 0.700000
vn -0.707107 0.000000 0.707107
vt 0.191667 0.700000
vn -0.707107 0.000000 0.707107
vt 0.191667 0.688333
vn -0.707107 0.000000 0.707107
f 3243/11065/11065 3244/11066/11066 3236/11067/11067 3235/11068/11068
vt 0.181667 0.700000
vn -1.000000 0.000000 0.000000
vt 0.181667 0.716667
vn -1.000000 0.000000 0.000000
vt 0.191667 0.716667
vn -1.000000 0.000000 0.000000
vt 0.191667 0.700000
vn -1.000000 0.000000 0.000000
f 3244/11069/11069 3245/11070/11070 3237/11071/11071 3236/11072/11072
vt 0.181667 0.716667
vn -0.707107 0.000000 -0.707107
vt 0.181667 0.728333
vn -0.707107 0.000000 -0.707107
vt 0.191667 0.728333
vn -0.707107 0.000000 -0.707107
vt 0.191667 0.716667
vn -0.707107 0.000000 -0.707107
f 3245/11073/11073 3246/11074/11074 3238/11075/11075 3237/11076/11076
vt 1.890417 0.181667
vn 0.000000 0.000000 -1.000000
vt 1.776250 0.181667
vn 0.000000 0.000000 -1.000000
vt 1.776250 0.191667
vn 0.000000 0.000000 -1.000000
vt 1.890417 0.191667
vn 0.000000 0.000000 -1.000000
f 3246/11077/11077 3247/11078/11078 3239/11079/11079 3238/11080/11080
vt 0.181667 0.728333
vn 0.707107 0.000000 -0.707107
vt 0.181667 0.716667
vn 0.707107 0.000000 -0.707107
vt 0.191667 0.716667
vn 0.707107 0.000000 -0.707107
vt 0.191667 0.728333
vn 0.707107 0.000000 -0.707107
f 3247/11081/11081 3248/11082/11082 3240/11083/11083 3239/11084/11084
vt 0.181667 0.716667
vn 1.000000 0.000000 0.000000
vt 0.181667 0.700000
vn 1.000000 0.000000 0.000000
vt 0.191667 0.700000
vn 1.000000 0.000000 0.000000
vt 0.191667 0.716667
vn 1.000000 0.000000 0.000000
f 3248/11085/11085 3241/11086/11086 3233/11087/11087 3240/11088/11088
vt 1.776165 0.701404
vn -0.555649 0.618473 -0.555649
vt 1.785866 0.691703
vn -0.555649 0.618473 -0.555649
vt 1.776250 0.688333
vn -0.555649 0.618473 -0.555649
vt 1.764583 0.700000
vn -0.555649 0.618473 -0.555649
f 3249/11089/11089 3250/11090/11090 3242/11091/11091 3241/11092/11092
vt 1.785866 0.193333
vn 0.000000 0.277457 -0.960738
vt 1.880800 0.193333
vn 0.000000 0.277457 -0.960738
vt 1.890417 0.181667
vn 0.000000 0.277457 -0.960738
vt 1.776250 0.181667
vn 0.000000 0.277457 -0.960738
f 3250/11093/11093 3251/11094/11094 3243/11095/11095 3242/11096/11096
vt 1.880800 0.691703
vn 0.555649 0.618473 -0.555649
vt 1.890501 0.701404
vn 0.555649 0.618473 -0.555649
vt 1.902083 0.700000
vn 0.555649 0.618473 -0.555649
vt 1.890417 0.688333
vn 0.555649 0.618473 -0.555649
f 3251/11097/11097 3252/11098/11098 3244/11099/11099 3243/11100/11100
vt 0.193333 0.701404
vn 0.709680 0.704524 -0.000000
vt 0.193333 0.715263
vn 0.709680 0.704524 -0.000000
vt 0.181667 0.716667
vn 0.709680 0.704524 -0.000000
vt 0.181667 0.700000
vn 0.709680 0.704524 -0.000000
f 3252/11101/11101 3253/11102/11102 3245/11103/11103 3244/11104/11104
vt 1.890501 0.715263
vn 0.555649 0.618473 0.555649
vt 1.880800 0.724964
vn 0.555649 0.618473 0.555649
vt 1.890417 0.728333
vn 0.555649 0.618473 0.555649
vt 1.902083 0.716667
vn 0.555649 0.618473 0.555649
f 3253/11105/11105 3254/11106/11106 3246/11107/11107 3245/11108/11108
vt 1.880800 0.193333
vn 0.000000 0.277457 0.960738
vt 1.785866 0.193333
vn 0.000000 0.277457 0.960738
vt 1.776250 0.181667
vn 0.000000 0.277457 0.960738
vt 1.890417 0.181667
vn 0.000000 0.277457 0.960738
f 3254/11109/11109 3255/11110/11110 3247/11111/11111 3246/11112/11112
vt 1.785866 0.724964
vn -0.555649 0.618473 0.555649
vt 1.776165 0.715263
vn -0.555649 0.618473 0.555649
vt 1.764583 0.716667
vn -0.555649 0.618473 0.555649
vt 1.776250 0.728333
vn -0.555649 0.618473 0.555649
f 3255/11113/11113 3256/11114/11114 3248/11115/11115 3247/11116/11116
vt 0.193333 0.715263
vn -0.709680 0.704524 0.000000
vt 0.193333 0.701404
vn -0.709680 0.704524 0.000000
vt 0.181667 0.700000
vn -0.709680 0.704524 0.000000
vt 0.181667 0.716667
vn -0.709680 0.704524 0.000000
f 3256/11117/11117 3249/11118/11118 3241/11119/11119 3248/11120/11120
v 23.813983 2.160000 8.416846
v 23.930398 2.160000 8.300431
v 25.069602 2.160000 8.300431
v 25.186017 2.160000 8.416846
v 25.186017 2.160000 8.583154
v 25.069602 2.160000 8.699569
v 23.930398 2.160000 8.699569
v 23.813983 2.160000 8.583154
v 23.675000 2.300000 8.400000
v 23.815000 2.300000 8.260000
v 25.185000 2.300000 8.260000
v 25.325000 2.300000 8.400000
v 25.325000 2.300000 8.600000
v 25.185000 2.300000 8.740000
v 23.815000 2.300000 8.740000
v 23.675000 2.300000 8.600000
v 23.675000 2.180000 8.400000
v 23.815000 2.180000 8.260000
v 25.185000 2.180000 8.260000
v 25.325000 2.180000 8.400000
v 25.325000 2.180000 8.600000
v 25.185000 2.180000 8.740000
v 23.815000 2.180000 8.740000
v 23.675000 2.180000 8.600000
v 23.813983 2.320000 8.416846
v 23.930398 2.320000 8.300431
v 25.069602 2.320000 8.300431
v 25.186017 2.320000 8.416846
v 25.186017 2.320000 8.583154
v 25.069602 2.320000 8.699569
v 23.930398 2.320000 8.699569
v 23.813983 2.320000 8.583154
vt 1.984499 0.701404
vn 0.000000 -1.000000 0.000000
vt 1.994200 0.691703
vn 0.000000 -1.000000 0.000000
vt 2.089134 0.691703
vn 0.000000 -1.000000 0.000000
vt 2.098835 0.701404
vn 0.000000 -1.000000 0.000000
vt 2.098835 0.715263
vn 0.000000 -1.000000 0.000000
vt 2.089134 0.724964
vn 0.000000 -1.000000 0.000000
vt 1.994200 0.724964
vn 0.000000 -1.000000 0.000000
vt 1.984499 0.715263
vn 0.000000 -1.000000 0.000000
f 3257/11121/11121 3258/11122/11122 3259/11123/11123 3260/11124/11124 3261/11125/11125 3262/11126/11126 3263/11127/11127 3264/11128/11128
vt 1.984499 0.715263
vn 0.000000 1.000000 0.000000
vt 1.994200 0.724964
vn 0.000000 1.000000 0.000000
vt 2.089134 0.724964
vn 0.000000 1.000000 0.000000
vt 2.098835 0.715263
vn 0.000000 1.000000 0.000000
vt 2.098835 0.701404
vn 0.000000 1.000000 0.000000
vt 2.089134 0.691703
vn 0.000000 1.000000 0.000000
vt 1.994200 0.691703
vn 0.000000 1.000000 0.000000
vt 1.984499 0.701404
vn 0.000000 1.000000 0.000000
f 3288/11129/11129 3287/11130/11130 3286/11131/11131 3285/11132/11132 3284/11133/11133 3283/11134/11134 3282/11135/11135 3281/11136/11136
vt 1.972917 0.700000
vn -0.555649 -0.618473 -0.555649
vt 1.984583 0.688333
vn -0.555649 -0.618473 -0.555649
vt 1.994200 0.691703
vn -0.555649 -0.618473 -0.555649
vt 1.984499 0.701404
vn -0.555649 -0.618473 -0.555649
f 3265/11137/11137 3266/11138/11138 3258/11139/11139 3257/11140/11140
vt 1.984583 0.191667
vn 0.000000 -0.277457 -0.960738
vt 2.098750 0.191667
vn 0.000000 -0.277457 -0.960738
vt 2.089134 0.180000
vn 0.000000 -0.277457 -0.960738
vt 1.994200 0.180000
vn 0.000000 -0.277457 -0.960738
f 3266/11141/11141 3267/11142/11142 3259/11143/11143 3258/11144/11144
vt 2.098750 0.688333
vn 0.555649 -0.618473 -0.555649
vt 2.110417 0.700000
vn 0.555649 -0.618473 -0.555649
vt 2.098835 0.701404
vn 0.555649 -0.618473 -0.555649
vt 2.089134 0.691703
vn 0.555649 -0.618473 -0.555649
f 3267/11145/11145 3268/11146/11146 3260/11147/11147 3259/11148/11148
vt 0.191667 0.700000
vn 0.709680 -0.704524 0.000000
vt 0.191667 0.716667
vn 0.709680 -0.704524 0.000000
vt 0.180000 0.715263
vn 0.709680 -0.704524 0.000000
vt 0.180000 0.701404
vn 0.709680 -0.704524 0.000000
f 3268/11149/11149 3269/11150/11150 3261/11151/11151 3260/11152/11152
vt 2.110417 0.716667
vn 0.555649 -0.618473 0.555649
vt 2.098750 0.728333
vn 0.555649 -0.618473 0.555649
vt 2.089134 0.724964
vn 0.555649 -0.618473 0.555649
vt 2.098835 0.715263
vn 0.555649 -0.618473 0.555649
f 3269/11153/11153 3270/11154/11154 3262/11155/11155 3261/11156/11156
vt 2.098750 0.191667
vn 0.000000 -0.277457 0.960738
vt 1.984583 0.191667
vn 0.000000 -0.277457 0.960738
vt 1.994200 0.180000
vn 0.000000 -0.277457 0.960738
vt 2.089134 0.180000
vn 0.000000 -0.277457 0.960738
f 3270/11157/11157 3271/11158/11158 3263/11159/11159 3262/11160/11160
vt 1.984583 0.728333
vn -0.555649 -0.618473 0.555649
vt 1.972917 0.716667
vn -0.555649 -0.618473 0.555649
vt 1.984499 0.715263
vn -0.555649 -0.618473 0.555649
vt 1.994200 0.724964
vn -0.555649 -0.618473 0.555649
f 3271/11161/11161 3272/11162/11162 3264/11163/11163 3263/11164/11164
vt 0.191667 0.716667
vn -0.709680 -0.704524 -0.000000
vt 0.191667 0.700000
vn -0.709680 -0.704524 -0.000000
vt 0.180000 0.701404
vn -0.709680 -0.704524 -0.000000
vt 0.180000 0.715263
vn -0.709680 -0.704524 -0.000000
f 3272/11165/11165 3265/11166/11166 3257/11167/11167 3264/11168/11168
vt 0.181667 0.700000
vn 0.707107 0.000000 0.707107
vt 0.181667 0.688333
vn 0.707107 0.000000 0.707107
vt 0.191667 0.688333
vn 0.707107 0.000000 0.707107
vt 0.191667 0.700000
vn 0.707107 0.000000 0.707107
f 3273/11169/11169 3274/11170/11170 3266/11171/11171 3265/11172/11172
vt 1.984583 0.181667
vn 0.000000 0.000000 1.000000
vt 2.098750 0.181667
vn 0.000000 0.000000 1.000000
vt 2.098750 0.191667
vn 0.000000 0.000000 1.000000
vt 1.984583 0.191667
vn 0.000000 0.000000 1.000000
f 3274/11173/11173 3275/11174/11174 3267/11175/11175 3266/11176/11176
vt 0.181667 0.688333
vn -0.707107 0.000000 0.707107
vt 0.181667 0.700000
vn -0.707107 0.000000 0.707107
vt 0.191667 0.700000
vn -0.707107 0.000000 0.707107
vt 0.191667 0.688333
vn -0.707107 0.000000 0.707107
f 3275/11177/11177 3276/11178/11178 3268/11179/11179 3267/11180/11180
vt 0.181667 0.700000
vn -1.000000 0.000000 0.000000
vt 0.181667 0.716667
vn -1.000000 0.000000 0.000000
vt 0.191667 0.716667
vn -1.000000 0.000000 0.000000
vt 0.191667 0.700000
vn -1.000000 0.000000 0.000000
f 3276/11181/11181 3277/11182/11182 3269/11183/11183 3268/11184/11184
vt 0.181667 0.716667
vn -0.707107 0.000000 -0.707107
vt 0.181667 0.728333
vn -0.707107 0.000000 -0.707107
vt 0.191667 0.728333
vn -0.707107 0.000000 -0.707107
vt 0.191667 0.716667
vn -0.707107 0.000000 -0.707107
f 3277/11185/11185 3278/11186/11186 3270/11187/11187 3269/11188/11188
vt 2.098750 0.181667
vn 0.000000 0.000000 -1.000000
vt 1.984583 0.181667
vn 0.000000 0.000000 -1.000000
vt 1.984583 0.191667
vn 0.000000 0.000000 -1.000000
vt 2.098750 0.191667
vn 0.000000 0.000000 -1.000000
f 3278/11189/11189 3279/11190/11190 3271/11191/11191 3270/11192/11192
vt 0.181667 0.728333
vn 0.707107 0.000000 -0.707107
vt 0.181667 0.716667
vn 0.707107 0.000000 -0.707107
vt 0.191667 0.716667
vn 0.707107 0.000000 -0.707107
vt 0.191667 0.728333
vn 0.707107 0.000000 -0.707107
f 3279/11193/11193 3280/11194/11194 3272/11195/11195 3271/11196/11196
vt 0.181667 0.716667
vn 1.000000 0.000000 0.000000
vt 0.181667 0.700000
vn 1.000000 0.000000 0.000000
vt 0.191667 0.700000
vn 1.000000 0.000000 0.000000
vt 0.191667 0.716667
vn 1.000000 0.000000 0.000000
f 3280/11197/11197 3273/11198/11198 3265/11199/11199 3272/11200/11200
vt 1.984499 0.701404
vn -0.555649 0.618473 -0.555649
vt 1.994200 0.691703
vn -0.555649 0.618473 -0.555649
vt 1.984583 0.688333
vn -0.555649 0.618473 -0.555649
vt 1.972917 0.700000
vn -0.555649 0.618473 -0.555649
f 3281/11201/11201 3282/11202/11202 3274/11203/11203 3273/11204/11204
vt 1.994200 0.193333
vn 0.000000 0.277457 -0.960738
vt 2.089134 0.193333
vn 0.000000 0.277457 -0.960738
vt 2.098750 0.181667
vn 0.000000 0.277457 -0.960738
vt 1.984583 0.181667
vn 0.000000 0.277457 -0.960738
f 3282/11205/11205 3283/11206/11206 3275/11207/11207 3274/11208/11208
vt 2.089134 0.691703
vn 0.555649 0.618473 -0.555649
vt 2.098835 0.701404
vn 0.555649 0.618473 -0.555649
vt 2.110417 0.700000
vn 0.555649 0.618473 -0.555649
vt 2.098750 0.688333
vn 0.555649 0.618473 -0.555649
f 3283/11209/11209 3284/11210/11210 3276/11211/11211 3275/11212/11212
vt 0.193333 0.701404
vn 0.709680 0.704524 -0.000000
vt 0.193333 0.715263
vn 0.709680 0.704524 -0.000000
vt 0.181667 0.716667
vn 0.709680 0.704524 -0.000000
vt 0.181667 0.700000
vn 0.709680 0.704524 -0.000000
f 3284/11213/11213 3285/11214/11214 3277/11215/11215 3276/11216/11216
vt 2.098835 0.715263
vn 0.555649 0.618473 0.555649
vt 2.089134 0.724964
vn 0.555649 0.618473 0.555649
vt 2.098750 0.728333
vn 0.555649 0.618473 0.555649
vt 2.110417 0.716667
vn 0.555649 0.618473 0.555649
f 3285/11217/11217 3286/11218/11218 3278/11219/11219 3277/11220/11220
vt 2.089134 0.193333
vn 0.000000 0.277457 0.960738
vt 1.994200 0.193333
vn 0.000000 0.277457 0.960738
vt 1.984583 0.181667
vn 0.000000 0.277457 0.960738
vt 2.098750 0.181667
vn 0.000000 0.277457 0.960738
f 3286/11221/11221 3287/11222/11222 3279/11223/11223 3278/11224/11224
vt 1.994200 0.724964
vn -0.555649 0.618473 0.555649
vt 1.984499 0.715263
vn -0.555649 0.618473 0.555649
vt 1.972917 0.716667
vn -0.555649 0.618473 0.555649
vt 1.984583 0.728333
vn -0.555649 0.618473 0.555649
f 3287/11225/11225 3288/11226/11226 3280/11227/11227 3279/11228/11228
vt 0.193333 0.715263
vn -0.709680 0.704524 0.000000
vt 0.193333 0.701404
vn -0.709680 0.704524 0.000000
vt 0.181667 0.700000
vn -0.709680 0.704524 0.000000
vt 0.181667 0.716667
vn -0.709680 0.704524 0.000000
f 3288/11229/11229 3281/11230/11230 3273/11231/11231 3280/11232/11232
v 12.649634 -1.625000 -14.864526
v 12.790656 -1.625000 -15.005548
v 17.209344 -1.625000 -15.005548
v 17.350366 -1.625000 -14.864526
v 17.350366 -1.625000 -14.535474
v 17.209344 -1.625000 -14.394452
v 12.790656 -1.625000 -14.394452
v 12.649634 -1.625000 -14.535474
v 12.500000 -1.475000 -14.875000
v 12.650000 -1.475000 -15.025000
v 17.350000 -1.475000 -15.025000
v 17.500000 -1.475000 -14.875000
v 17.500000 -1.475000 -14.525000
v 17.350000 -1.475000 -14.375000
v 12.650000 -1.475000 -14.375000
v 12.500000 -1.475000 -14.525000
v 12.500000 1.475000 -14.875000
v 12.650000 1.475000 -15.025000
v 17.350000 1.475000 -15.025000
v 17.500000 1.475000 -14.875000
v 17.500000 1.475000 -14.525000
v 17.350000 1.475000 -14.375000
v 12.650000 1.475000 -14.375000
v 12.500000 1.475000 -14.525000
v 12.649634 1.625000 -14.864526
v 12.790656 1.625000 -15.005548
v 17.209344 1.625000 -15.005548
v 17.350366 1.625000 -14.864526
v 17.350366 1.625000 -14.535474
v 17.209344 1.625000 -14.394452
v 12.790656 1.625000 -14.394452
v 12.649634 1.625000 -14.535474
vt 1.054136 -1.238710
vn 0.000000 -1.000000 0.000000
vt 1.065888 -1.250462
vn 0.000000 -1.000000 0.000000
vt 1.434112 -1.250462
vn 0.000000 -1.000000 0.000000
vt 1.445864 -1.238710
vn 0.000000 -1.000000 0.000000
vt 1.445864 -1.211290
vn 0.000000 -1.000000 0.000000
vt 1.434112 -1.199538
vn 0.000000 -1.000000 0.000000
vt 1.065888 -1.199538
vn 0.000000 -1.000000 0.000000
vt 1.054136 -1.211290
vn 0.000000 -1.000000 0.000000
f 3289/11233/11233 3290/11234/11234 3291/11235/11235 3292/11236/11236 3293/11237/11237 3294/11238/11238 3295/11239/11239 3296/11240/11240
vt 1.054136 -1.211290
vn 0.000000 1.000000 0.000000
vt 1.065888 -1.199538
vn 0.000000 1.000000 0.000000
vt 1.434112 -1.199538
vn 0.000000 1.000000 0.000000
vt 1.445864 -1.211290
vn 0.000000 1.000000 0.000000
vt 1.445864 -1.238710
vn 0.000000 1.000000 0.000000
vt 1.434112 -1.250462
vn 0.000000 1.000000 0.000000
vt 1.065888 -1.250462
vn 0.000000 1.000000 0.000000
vt 1.054136 -1.238710
vn 0.000000 1.000000 0.000000
f 3320/11241/11241 3319/11242/11242 3318/11243/11243 3317/11244/11244 3316/11245/11245 3315/11246/11246 3314/11247/11247 3313/11248/11248
vt 1.041667 -1.239583
vn -0.564394 -0.602427 -0.564394
vt 1.054167 -1.252083
vn -0.564394 -0.602427 -0.564394
vt 1.065888 -1.250462
vn -0.564394 -0.602427 -0.564394
vt 1.054136 -1.238710
vn -0.564394 -0.602427 -0.564394
f 3297/11249/11249 3298/11250/11250 3290/11251/11251 3289/11252/11252
vt 1.054167 -0.122917
vn 0.000000 -0.128606 -0.991696
vt 1.445833 -0.122917
vn 0.000000 -0.128606 -0.991696
vt 1.434112 -0.135417
vn 0.000000 -0.128606 -0.991696
vt 1.065888 -0.135417
vn 0.000000 -0.128606 -0.991696
f 3298/11253/11253 3299/11254/11254 3291/11255/11255 3290/11256/11256
vt 1.445833 -1.252083
vn 0.564394 -0.602427 -0.564394
vt 1.458333 -1.239583
vn 0.564394 -0.602427 -0.564394
vt 1.445864 -1.238710
vn 0.564394 -0.602427 -0.564394
vt 1.434112 -1.250462
vn 0.564394 -0.602427 -0.564394
f 3299/11257/11257 3300/11258/11258 3292/11259/11259 3291/11260/11260
vt -0.122917 -1.239583
vn 0.707970 -0.706242 0.000000
vt -0.122917 -1.210417
vn 0.707970 -0.706242 0.000000
vt -0.135417 -1.211290
vn 0.707970 -0.706242 0.000000
vt -0.135417 -1.238710
vn 0.707970 -0.706242 0.000000
f 3300/11261/11261 3301/11262/11262 3293/11263/11263 3292/11264/11264
vt 1.458333 -1.210417
vn 0.564394 -0.602427 0.564394
vt 1.445833 -1.197917
vn 0.564394 -0.602427 0.564394
vt 1.434112 -1.199538
vn 0.564394 -0.602427 0.564394
vt 1.445864 -1.211290
vn 0.564394 -0.602427 0.564394
f 3301/11265/11265 3302/11266/11266 3294/11267/11267 3293/11268/11268
vt 1.445833 -0.122917
vn 0.000000 -0.128606 0.991696
vt 1.054167 -0.122917
vn 0.000000 -0.128606 0.991696
vt 1.065888 -0.135417
vn 0.000000 -0.128606 0.991696
vt 1.434112 -0.135417
vn 0.000000 -0.128606 0.991696
f 3302/11269/11269 3303/11270/11270 3295/11271/11271 3294/11272/11272
vt 1.054167 -1.197917
vn -0.564394 -0.602427 0.564394
vt 1.041667 -1.210417
vn -0.564394 -0.602427 0.564394
vt 1.054136 -1.211290
vn -0.564394 -0.602427 0.564394
vt 1.065888 -1.199538
vn -0.564394 -0.602427 0.564394
f 3303/11273/11273 3304/11274/11274 3296/11275/11275 3295/11276/11276
vt -0.122917 -1.210417
vn -0.707970 -0.706242 -0.000000
vt -0.122917 -1.239583
vn -0.707970 -0.706242 -0.000000
vt -0.135417 -1.238710
vn -0.707970 -0.706242 -0.000000
vt -0.135417 -1.211290
vn -0.707970 -0.706242 -0.000000
f 3304/11277/11277 3297/11278/11278 3289/11279/11279 3296/11280/11280
vt 0.122917 -1.239583
vn -0.707107 0.000000 -0.707107
vt 0.122917 -1.252083
vn -0.707107 0.000000 -0.707107
vt -0.122917 -1.252083
vn -0.707107 0.000000 -0.707107
vt -0.122917 -1.239583
vn -0.707107 0.000000 -0.707107
f 3305/11281/11281 3306/11282/11282 3298/11283/11283 3297/11284/11284
vt 1.054167 0.122917
vn 0.000000 0.000000 -1.000000
vt 1.445833 0.122917
vn 0.000000 0.000000 -1.000000
vt 1.445833 -0.122917
vn 0.000000 0.000000 -1.000000
vt 1.054167 -0.122917
vn 0.000000 0.000000 -1.000000
f 3306/11285/11285 3307/11286/11286 3299/11287/11287 3298/11288/11288
vt 0.122917 -1.252083
vn 0.707107 0.000000 -0.707107
vt 0.122917 -1.239583
vn 0.707107 0.000000 -0.707107
vt -0.122917 -1.239583
vn 0.707107 0.000000 -0.707107
vt -0.122917 -1.252083
vn 0.707107 0.000000 -0.707107
f 3307/11289/11289 3308/11290/11290 3300/11291/11291 3299/11292/11292
vt 0.122917 -1.239583
vn 1.000000 0.000000 -0.000000
vt 0.122917 -1.210417
vn 1.000000 0.000000 -0.000000
vt -0.122917 -1.210417
vn 1.000000 0.000000 -0.000000
vt -0.122917 -1.239583
vn 1.000000 0.000000 -0.000000
f 3308/11293/11293 3309/11294/11294 3301/11295/11295 3300/11296/11296
vt 0.122917 -1.210417
vn 0.707107 0.000000 0.707107
vt 0.122917 -1.197917
vn 0.707107 0.000000 0.707107
vt -0.122917 -1.197917
vn 0.707107 0.000000 0.707107
vt -0.122917 -1.210417
vn 0.707107 0.000000 0.707107
f 3309/11297/11297 3310/11298/11298 3302/11299/11299 3301/11300/11300
vt 1.445833 0.122917
vn 0.000000 0.000000 1.000000
vt 1.054167 0.122917
vn 0.000000 0.000000 1.000000
vt 1.054167 -0.122917
vn 0.000000 0.000000 1.000000
vt 1.445833 -0.122917
vn 0.000000 0.000000 1.000000
f 3310/11301/11301 3311/11302/11302 3303/11303/11303 3302/11304/11304
vt 0.122917 -1.197917
vn -0.707107 0.000000 0.707107
vt 0.122917 -1.210417
vn -0.707107 0.000000 0.707107
vt -0.122917 -1.210417
vn -0.707107 0.000000 0.707107
vt -0.122917 -1.197917
vn -0.707107 0.000000 0.707107
f 3311/11305/11305 3312/11306/11306 3304/11307/11307 3303/11308/11308
vt 0.122917 -1.210417
vn -1.000000 0.000000 -0.000000
vt 0.122917 -1.239583
vn -1.000000 0.000000 -0.000000
vt -0.122917 -1.239583
vn -1.000000 0.000000 -0.000000
vt -0.122917 -1.210417
vn -1.000000 0.000000 -0.000000
f 3312/11309/11309 3305/11310/11310 3297/11311/11311 3304/11312/11312
vt 1.054136 -1.238710
vn -0.564394 0.602427 -0.564394
vt 1.065888 -1.250462
vn -0.564394 0.602427 -0.564394
vt 1.054167 -1.252083
vn -0.564394 0.602427 -0.564394
vt 1.041667 -1.239583
vn -0.564394 0.602427 -0.564394
f 3313/11313/11313 3314/11314/11314 3306/11315/11315 3305/11316/11316
vt 1.065888 0.135417
vn 0.000000 0.128606 -0.991696
vt 1.434112 0.135417
vn 0.000000 0.128606 -0.991696
vt 1.445833 0.122917
vn 0.000000 0.128606 -0.991696
vt 1.054167 0.122917
vn 0.000000 0.128606 -0.991696
f 3314/11317/11317 3315/11318/11318 3307/11319/11319 3306/11320/11320
vt 1.434112 -1.250462
vn 0.564394 0.602427 -0.564394
vt 1.445864 -1.238710
vn 0.564394 0.602427 -0.564394
vt 1.458333 -1.239583
vn 0.564394 0.602427 -0.564394
vt 1.445833 -1.252083
vn 0.564394 0.602427 -0.564394
f 3315/11321/11321 3316/11322/11322 3308/11323/11323 3307/11324/11324
vt 0.135417 -1.238710
vn 0.707970 0.706242 -0.000000
vt 0.135417 -1.211290
vn 0.707970 0.706242 -0.000000
vt 0.122917 -1.210417
vn 0.707970 0.706242 -0.000000
vt 0.122917 -1.239583
vn 0.707970 0.706242 -0.000000
f 3316/11325/11325 3317/11326/11326 3309/11327/11327 3308/11328/11328
vt 1.445864 -1.211290
vn 0.564394 0.602427 0.564394
vt 1.434112 -1.199538
vn 0.564394 0.602427 0.564394
vt 1.445833 -1.197917
vn 0.564394 0.602427 0.564394
vt 1.458333 -1.210417
vn 0.564394 0.602427 0.564394
f 3317/11329/11329 3318/11330/11330 3310/11331/11331 3309/11332/11332
vt 1.434112 0.135417
vn 0.000000 0.128606 0.991696
vt 1.065888 0.135417
vn 0.000000 0.128606 0.991696
vt 1.054167 0.122917
vn 0.000000 0.128606 0.991696
vt 1.445833 0.122917
vn 0.000000 0.128606 0.991696
f 3318/11333/11333 3319/11334/11334 3311/11335/11335 3310/11336/11336
vt 1.065888 -1.199538
vn -0.564394 0.602427 0.564394
vt 1.054136 -1.211290
vn -0.564394 0.602427 0.564394
vt 1.041667 -1.210417
vn -0.564394 0.602427 0.564394
vt 1.054167 -1.197917
vn -0.564394 0.602427 0.564394
f 3319/11337/11337 3320/11338/11338 3312/11339/11339 3311/11340/11340
vt 0.135417 -1.211290
vn -0.707970 0.706242 0.000000
vt 0.135417 -1.238710
vn -0.707970 0.706242 0.000000
vt 0.122917 -1.239583
vn -0.707970 0.706242 0.000000
vt 0.122917 -1.210417
vn -0.707970 0.706242 0.000000
f 3320/11341/11341 3313/11342/11342 3305/11343/11343 3312/11344/11344
usemtl Glass
